<COLLADA xmlns="http://www.collada.org/2005/11/COLLADASchema" version="1.4.1">
  <asset>
    <contributor/>
    <created>2026-02-17T18:01:14.901735</created>
    <modified>2026-02-17T18:01:14.901739</modified>
    <unit name="meter" meter="1.0"/>
    <up_axis>Z_UP</up_axis>
  </asset>
  <library_effects>
    <effect id="effect_link_1_s_stl" name="effect_link_1_s_stl">
      <profile_COMMON>
        <technique sid="common">
          <phong>
            <emission>
              <color>0.0 0.0 0.0 1.0</color>
            </emission>
            <ambient>
              <color>0.0 0.0 0.0 1.0</color>
            </ambient>
            <diffuse>
              <color>0.6784313917160034 0.7098039388656616 0.7411764860153198 1.0</color>
            </diffuse>
            <specular>
              <color>1 1 1 1.0</color>
            </specular>
            <shininess>
              <float>0.0</float>
            </shininess>
            <reflective>
              <color>0.0 0.0 0.0 1.0</color>
            </reflective>
            <reflectivity>
              <float>0.0</float>
            </reflectivity>
            <transparent>
              <color>0.0 0.0 0.0 1.0</color>
            </transparent>
            <transparency>
              <float>1.0</float>
            </transparency>
          </phong>
        </technique>
        <extra>
          <technique profile="GOOGLEEARTH">
            <double_sided>0</double_sided>
          </technique>
        </extra>
      </profile_COMMON>
    </effect>
  </library_effects>
  <library_geometries>
    <geometry id="geometry0" name="link_1_s_stl">
      <mesh>
        <source id="cubeverts-array0">
          <float_array count="3546" id="cubeverts-array0-array">-0.0575 -3.72529e-09 -0.06624999 -0.05707432 -0.003695879 -0.06346007 -0.05702078 0.004935477 -0.06346007 -0.05575714 -0.01404957 -0.06624999 -0.05575714 0.01404957 -0.06624999 -0.05532471 -0.01465964 -0.06346007 -0.05532471 0.01465964 -0.06346007 -0.0552922 -3.72529e-09 -0.06388379 -0.05501049 -0.007355004 -0.06624999 -0.05501049 0.007354997 -0.06624999 -0.05472754 0.008830256 -0.06411833 -0.05404806 0.01064236 -0.06138906 -0.05399901 -0.009418421 -0.0613427 -0.05373481 -0.01201342 -0.06388379 -0.05237717 -0.0124932 -0.06324998 -0.05158542 -0.02474485 -0.06346007 -0.05158542 0.02474484 -0.06346007 -0.05133852 0.02052401 -0.06388379 -0.05114607 -0.02154832 -0.06624999 -0.05114607 0.02154832 -0.06624999 -0.0510771 0.01731512 -0.06326543 -0.05063425 -0.02724745 -0.06624999 -0.05063425 0.02724745 -0.06624999 -0.04910712 -0.0251717 -0.06406689 -0.0480714 -0.02739913 -0.06143541 -0.0480714 0.02739912 -0.06143541 -0.04709509 -0.03252354 -0.06346007 -0.04709509 0.03252353 -0.06346007 -0.04681089 0.02942731 -0.06388379 -0.04368868 -0.0342279 -0.06624999 -0.04368868 0.03422789 -0.06624999 -0.04304045 -0.03304329 -0.06324998 -0.04301487 -0.03255087 -0.06124999 -0.04244184 -0.03879356 -0.06624999 -0.04244184 0.03879355 -0.06624999 -0.04135117 -0.03680724 -0.06406689 -0.04127502 0.03673654 -0.06388379 -0.04122884 0.03407793 -0.06124999 -0.04091298 0.03950008 -0.06315138 -0.03998347 -0.03932264 -0.06178204 -0.03994068 0.03708089 -0.06324999 -0.03737498 -0.04331757 -0.0639904 -0.03316222 0.044503 -0.06624999 -0.03316222 -0.04450299 -0.06624999 -0.03291688 0.04451832 -0.06395779 -0.03287294 -0.04445876 -0.06388379 -0.03234745 0.04386221 -0.06324999 -0.03234745 -0.0438622 -0.06324999 -0.03171294 -0.04432312 -0.06124999 -0.03169995 0.04720245 -0.06288696 -0.03167658 0.04798796 -0.06624999 -0.03167657 -0.04798796 -0.06624999 -0.03050001 0 -0.09974999 -0.03050001 0 -0.08574999 -0.03021688 -0.0472831 -0.06181407 -0.02866063 -0.01043161 -0.09974999 -0.02866063 -0.01043161 -0.08574999 -0.02866063 0.01043161 -0.09974999 -0.02866063 0.01043161 -0.08574999 -0.02850536 -0.046451 -0.06324999 -0.02850536 -0.046451 -0.06124999 -0.02850536 0.04645099 -0.06324999 -0.02850536 0.04645099 -0.06124999 -0.02729263 -0.04812423 -0.0636991 -0.02711358 0.04805354 -0.06360679 -0.02649822 0.0375 -0.06099411 -0.02649821 -0.0425 -0.06099411 -0.02599643 0.0375 -0.06293014 -0.02599643 -0.0425 -0.06293014 -0.02572282 0.0375 -0.06059718 -0.02557307 -0.0425 -0.06044287 -0.0251897 -0.0425 -0.05990828 -0.0251897 0.0375 -0.05990828 -0.025 0.0375 -0.05905809 -0.025 0.0375 -0.05349265 -0.025 -0.0425 -0.05905809 -0.025 -0.0425 -0.05349265 -0.02477164 0.0375 -0.0523446 -0.02477164 -0.0425 -0.0523446 -0.02473795 0.05169293 -0.06290819 -0.02444563 -0.0425 -0.06213625 -0.02444563 0.0375 -0.06213625 -0.0243675 0.04490012 -0.06034573 -0.02404505 -0.05188463 -0.06245687 -0.024 0.0375 -0.05125001 -0.024 -0.0425 -0.05125001 -0.02388683 -0.0440085 -0.05260334 -0.02384666 -0.0425 -0.06151907 -0.02363409 -0.04539559 -0.05938858 -0.02363194 0.03910063 -0.05367258 -0.02347764 0.04030632 -0.05978429 -0.0233794 -0.0425 -0.06075846 -0.0233794 0.0375 -0.06075846 -0.02336436 -0.01960503 -0.09974999 -0.02336436 -0.01960503 -0.08574999 -0.02336436 0.01960502 -0.09974999 -0.02336436 0.01960502 -0.08574999 -0.02322837 0.0375 -0.05015541 -0.02322836 -0.0425 -0.05015541 -0.02302036 0.0408659 -0.06204037 -0.02300001 0.0375 -0.05905809 -0.02300001 0.0375 -0.05349265 -0.02300001 0.0375 -0.04900737 -0.023 0.0375 0.0007499965 -0.023 -0.0425 -0.05905809 -0.023 -0.0425 -0.05349265 -0.023 -0.0425 -0.04900737 -0.023 -0.0425 0.0007499965 -0.02292714 -0.0430162 -0.001240288 -0.02284548 0.03836529 -0.04900737 -0.0227122 0.0384771 -0.001535934 -0.02270979 -0.04732544 -0.06195582 -0.02263998 0.0375 -0.05274533 -0.02263998 -0.0425 -0.05274533 -0.02263847 0.03843031 -0.06007669 -0.02255662 -0.04381653 -0.04900737 -0.02239132 0.04007612 -0.05809575 -0.02237175 0.038 0.008073564 -0.02237175 -0.043 0.008073564 -0.02236911 -0.04314723 -0.05887411 -0.02229467 -0.04425096 -0.002367129 -0.02220389 0.03791119 -0.05446585 -0.02209046 -0.04452284 -0.06098484 -0.02207446 -0.045 -0.05496138 -0.02202545 -0.043 0.009852822 -0.02202545 0.038 0.009852822 -0.02199632 -0.042913 -0.05243903 -0.02181653 0.03955662 -0.04900737 -0.02157355 0.03982042 -0.06085646 -0.02155266 -0.04446481 0.007931995 -0.02152176 0.03976739 -0.004919291 -0.02138061 0.0375 -0.05092078 -0.0213806 -0.0425 -0.05092078 -0.02136529 -0.04484548 -0.04900737 -0.02107648 0.04 -0.05060414 -0.0210013 -0.0375 -0.06424998 -0.02100001 -0.04270984 0.0007428514 -0.021 -0.0425 -0.04900737 -0.021 0.009999998 -0.06424998 -0.021 0.009999998 -0.05725 -0.021 0.0375 -0.04900737 -0.02099999 0.03769915 0.0007953966 -0.02098315 -0.0005976111 -0.05745303 -0.0209663 -0.028 -0.05725 -0.02086632 -0.0375 -0.05644067 -0.02086632 -0.028 -0.05644067 -0.0208662 0.03779219 -0.04900737 -0.0208662 -0.04279219 -0.04900737 -0.02085006 -0.04493298 -0.004540359 -0.02075862 0.04 0.005192357 -0.02075862 -0.045 0.005192357 -0.02068479 0.04 -0.003564661 -0.0205411 -0.004366145 -0.08574999 -0.0205411 0.004366145 -0.08574999 -0.0205411 -0.004366145 -0.06424998 -0.0205411 0.004366145 -0.06424998 -0.0205 -0.045 -0.04900737 -0.0205 -0.043 -0.04900737 -0.0205 0.038 -0.04900737 -0.02040542 0.04045675 0.007717307 -0.02040097 -0.045 0.007732938 -0.02030878 0.038 -0.006746796 -0.02030878 -0.043 -0.006746796 -0.02030615 -0.05165181 -0.06624999 -0.02030615 0.05165182 -0.06624999 -0.02013148 0.05146233 -0.06167069 -0.01987635 0.038 0.01683965 -0.01987634 -0.043 0.01683965 -0.01912642 -0.0494789 -0.05881543 -0.0191055 0.0394648 0.01652862 -0.01910549 -0.04446481 0.01652862 -0.01899105 0.05427329 -0.06624999 -0.01899104 -0.05427329 -0.06624999 -0.01876523 -0.00835482 -0.05825 -0.01876523 -0.00835482 -0.05725 -0.01876523 0.008354816 -0.05825 -0.01876523 0.008354816 -0.05725 -0.01804492 0.038 0.02078955 -0.01804492 -0.043 0.02078955 -0.01802163 -0.045 0.01609129 -0.01802163 0.04 0.01609129 -0.01774735 -0.045 0.01675428 -0.01774735 0.04 0.01675428 -0.01698936 -0.01234349 -0.08574999 -0.01698936 0.01234349 -0.08574999 -0.01698936 -0.01234349 -0.06424998 -0.01698936 0.01234349 -0.06424998 -0.01663078 -0.05283706 -0.06111636 -0.01643604 0.038 -0.01804935 -0.01643604 0.04 -0.01804935 -0.01643603 -0.045 -0.01804935 -0.01643603 -0.043 -0.01804935 -0.0155894 0.038 0.02488285 -0.01558939 -0.043 0.02488285 -0.01532694 -0.05419662 -0.05853254 -0.01525 0.02641377 -0.09974999 -0.01525 -0.02641378 -0.09974999 -0.01525 -0.02641378 -0.08574999 -0.01525 0.02641377 -0.08574999 -0.01393148 -0.0455134 0.0237652 -0.01393051 0.04058351 0.02376723 -0.01284501 0.0539931 -0.06001522 -0.01276229 0.05475914 -0.05786098 -0.0125 0 -0.06424998 -0.01214333 -0.053235 -0.05897327 -0.01213678 -0.002991445 -0.06424998 -0.01213678 -0.002991445 -0.05825 -0.01213678 0.002991445 -0.06424998 -0.01153069 0.04 0.02695716 -0.01153068 -0.045 0.02695716 -0.01139289 0.05610565 -0.05947725 -0.01127725 -0.043 0.03025819 -0.01127725 0.038 0.03025819 -0.011 0.0335 -0.06424998 -0.011 0.0335 -0.05725 -0.011 0.025 -0.06424998 -0.011 0.025 -0.05725 -0.01074658 -0.005640239 -0.06074999 -0.01074658 0.005640239 -0.06074999 -0.01074658 0.005640239 -0.05825 -0.01058559 -0.028 0.005801881 -0.01058559 -0.0375 0.005801881 -0.01052904 -0.0375 -0.004633096 -0.01052904 -0.0375 0.00613309 -0.01052904 -0.0615 -0.004633096 -0.01052904 -0.0615 0.00613309 -0.0105 0.01818653 -0.08574999 -0.0105 0.01818653 -0.06424998 -0.0105 -0.01818653 -0.08574999 -0.0105 -0.01818653 -0.06424998 -0.01043805 -0.05643183 -0.05920933 -0.01017378 0.05335335 -0.05616354 -0.01 0.036 -0.07424999 -0.01 0.038 -0.07424999 -0.01 0.036 -0.04425001 -0.01 0.038 -0.05402617 -0.01 0.038 -0.04425001 -0.01 -0.043 -0.07424999 -0.01 -0.041 -0.07424999 -0.009999998 -0.043 -0.05402617 -0.009999998 -0.043 -0.04425001 -0.009999998 -0.041 -0.04425001 -0.009703498 0.038 0.03184183 -0.009703495 -0.043 0.03184183 -0.009522252 0.05322239 -0.05805643 -0.009469241 0.038 -0.02775551 -0.009469241 0.04 -0.02775551 -0.009469237 -0.045 -0.02775551 -0.009469237 -0.043 -0.02775551 -0.009356385 -0.008289032 -0.06424998 -0.009356385 -0.008289032 -0.05825 -0.009356385 0.008289032 -0.06424998 -0.008700002 0 -0.09974999 -0.0087 0 -0.06074999 -0.00838703 0.05428326 -0.0579976 -0.008325536 0.04048882 0.0303929 -0.008322843 -0.04553021 0.03039548 -0.00770347 -0.004043091 -0.09974999 -0.00770347 0.004043091 -0.09974999 -0.007703468 -0.004043091 -0.06074999 -0.007703468 0.004043091 -0.06074999 -0.007159326 -0.028 0.01569559 -0.007159324 -0.0375 0.01569559 -0.006930649 -0.05506556 -0.0582948 -0.006846784 -0.0615 -0.01475 -0.006846784 -0.0375 -0.01475 -0.006846782 -0.0615 0.01624999 -0.006846782 -0.0375 0.01624999 -0.006770959 0.03821559 -0.07047517 -0.006461533 -0.043 -0.07024999 -0.006461533 -0.041 -0.07024999 -0.006426713 -0.01948912 -0.05725 -0.00634755 0.01953575 -0.05825 -0.00634755 0.01953575 -0.05725 -0.006347548 -0.01953574 -0.05825 -0.006291006 0.05514227 -0.05810875 -0.006246861 0.038 -0.07004437 -0.006023597 0.05517216 -0.06624999 -0.006023593 -0.05517215 -0.06624999 -0.005978413 -0.03525 -0.07082949 -0.00594857 -0.04329721 -0.07057651 -0.005830249 0.036 -0.06904716 -0.005296273 0.03003664 -0.09974999 -0.005296271 -0.03003664 -0.09974999 -0.005296271 0.03003664 -0.08574999 -0.005296269 -0.03003664 -0.08574999 -0.005265929 0.03021875 -0.07049834 -0.005154263 0.05726852 -0.06624999 -0.00515426 -0.05726852 -0.06624999 -0.004942166 -0.007159959 -0.09974999 -0.004942166 0.007159959 -0.09974999 -0.004942164 -0.007159959 -0.06074999 -0.004942164 0.007159959 -0.06074999 -0.004849997 -0.0477 0.0007499965 -0.004749997 -0.0355 0.0007499965 -0.004749997 -0.035 0.0007499965 -0.004749995 -0.0375 0.0007499965 -0.004581492 0.037 -0.07137079 -0.004546329 -0.0351875 -0.06980602 -0.004481731 -0.042 -0.07161655 -0.004432563 0.0116877 -0.06424998 -0.004432563 0.0116877 -0.05825 -0.004432561 -0.0116877 -0.06424998 -0.004432561 -0.0116877 -0.06074999 -0.004432561 -0.0116877 -0.05825 -0.004304849 0.03839819 -0.06907006 -0.004212696 0.03828076 -0.07208755 -0.004203059 -0.043 -0.06926926 -0.004006993 -0.041 -0.06929308 -0.003906028 0.038 -0.06928081 -0.003764769 -0.04329423 -0.070281 -0.00376451 0.036 -0.06915543 -0.003101649 -0.05635451 -0.05522791 -0.002999995 -0.04740001 0.0007499965 -0.002999995 -0.042 0.0007499965 -0.002958402 -0.0477 -0.008759682 -0.002958402 -0.0477 0.01025968 -0.002866015 -0.0375 -0.008721419 -0.002866015 -0.0375 0.01022141 -0.002866015 -0.0355 -0.008721419 -0.002866015 -0.0355 0.01022141 -0.002866015 -0.035 -0.008721419 -0.002866015 -0.035 0.01022141 -0.00263652 0.04 0.0349346 -0.002636517 -0.045 0.0349346 -0.002483092 0.038 0.03740392 -0.002483088 -0.043 0.03740392 -0.002324732 -0.05115571 0.001313145 -0.002293628 0.02088607 -0.08574857 -0.002218224 0.038 0.03756507 -0.00221822 -0.043 0.03756507 -0.002203258 0.03916876 0.0369477 -0.002195097 -0.02088496 -0.08574999 -0.002195097 -0.02088496 -0.06424998 -0.002183644 0.02088277 -0.06425017 -0.002048468 -0.04446481 0.03669537 -0.001462927 0.01204828 -0.06074999 -0.001437368 0.04 0.03569909 -0.001437364 -0.045 0.03569909 -0.001431942 -0.056 0.003002586 -0.001431942 -0.048 0.003002586 -0.001249226 -0.042 -0.008051721 -0.001249224 -0.04740001 -0.008051721 -0.001249224 -0.04740001 0.009551714 -0.001249224 -0.042 0.009551714 -0.001245433 -0.04159358 0.0008713552 -0.001048671 -0.008636568 -0.09974999 -0.001048671 0.008636568 -0.09974999 -0.001048669 -0.008636568 -0.06074999 -0.001048669 0.008636568 -0.06074999 -0.0009182971 -0.04332639 -0.002402929 -0.0007589459 -0.05496 -0.004244489 -0.0007256325 -0.04286968 0.003164778 -0.0006744806 -0.05118192 -0.007664417 -0.0006348975 -0.028 0.0238844 -0.0006348956 -0.0375 0.0238844 -0.0004441775 -0.043225 -0.001126026 -0.0004147999 -0.05455578 0.002392399 -0.0003799293 -0.0481 -0.001392019 -0.000216376 -0.05119129 0.01019333 -0.0002133958 0.05557915 -0.05385498 -1.901202e-05 0.05519072 -0.05587819 -1.862645e-09 0.036 -0.07424999 -1.862645e-09 0.038 -0.07424999 -1.862645e-09 0.038 -0.05106403 -1.862645e-09 0.038 -0.04425001 -1.862645e-09 0.03830448 -0.05266051 -1.862645e-09 0.03917157 -0.05401394 -1.862645e-09 0.04 -0.05106403 -1.862645e-09 0.04015224 -0.05186227 -1.862645e-09 0.04046926 -0.05491827 -1.862645e-09 0.04058578 -0.05253898 -1.862645e-09 0.04123463 -0.05299115 -1.862645e-09 0.042 -0.05523583 -1.862645e-09 0.042 -0.05314993 -1.862645e-09 0.04824666 -0.05314993 -1.862645e-09 0.054797 -0.05538733 -1.862645e-09 0.0555 -0.06624999 -1.862645e-09 0.0555 -0.06076438 -1.862645e-09 0.05635032 -0.05408035 -1.862645e-09 0.0575 -0.06624999 -1.862645e-09 0.0575 -0.06524998 -1.862645e-09 0.0575 -0.05627878 0 0.036 -0.04425001 0 0.038 -0.03504178 0 0.038 -0.03504107 0 0.04 -0.03504173 0 0.04 -0.03504107 1.862645e-09 -0.0575 -0.06624999 1.862645e-09 -0.0575 -0.06524998 1.862645e-09 -0.0575 -0.05627879 1.862645e-09 -0.0555 -0.06624999 1.862645e-09 -0.0555 -0.06524998 1.862645e-09 -0.0555 -0.05627878 1.862645e-09 -0.05483961 -0.05542346 1.862645e-09 -0.0508985 -0.05531158 1.862645e-09 -0.05074667 -0.05314993 1.862645e-09 -0.04849065 -0.05307055 1.862645e-09 -0.04623463 -0.05507705 1.862645e-09 -0.04558579 -0.05253898 1.862645e-09 -0.04515224 -0.05186227 1.862645e-09 -0.045 -0.05106403 1.862645e-09 -0.04417157 -0.05401394 1.862645e-09 -0.04330448 -0.05266051 1.862645e-09 -0.043 -0.07424999 1.862645e-09 -0.043 -0.05106403 1.862645e-09 -0.043 -0.04425001 1.862645e-09 -0.041 -0.07424999 1.862645e-09 -0.041 -0.04425001 3.72529e-09 -0.045 -0.03504107 3.72529e-09 -0.04461671 -0.03504129 3.72529e-09 -0.043 -0.03504107 6.542169e-05 -0.05028 -0.004582164 7.358752e-05 -0.0615 -0.02299739 7.358752e-05 -0.0375 -0.02299739 7.358938e-05 -0.0375 0.02449737 7.359125e-05 -0.0615 0.02449737 7.537007e-05 -0.05451 -0.005723909 0.0002560709 -0.0399 -0.005665195 0.0003895909 -0.04340255 -0.007114706 0.0005342811 -0.043225 0.007359827 0.0007646754 -0.0355 -0.00364034 0.0007646773 -0.04229999 -0.00364034 0.0007646773 -0.04229999 0.005140329 0.0007646773 -0.0355 0.005140329 0.0009850711 -0.04646782 0.000534861 0.001126653 -0.05218052 -0.0015811 0.001263263 -0.05496 0.01070157 0.001337158 -0.048 0.011525 0.001476375 -0.0615 0.0007499965 0.001506709 -0.01240886 -0.06424998 0.001506709 -0.01240886 -0.05825 0.001506709 0.01240886 -0.06424998 0.001506709 0.01240886 -0.05825 0.001744986 -0.048 -0.009789542 0.001797145 -0.0512337 0.00866882 0.001856774 -0.05451 0.011225 0.002028657 -0.04308497 0.01197166 0.002102736 -0.05565237 -0.003028047 0.002209678 -0.043225 -0.009521255 0.002428401 -0.0477 -0.01682161 0.002428401 -0.0477 0.0183216 0.002499111 -0.0375 -0.0167509 0.002499111 -0.0355 -0.0167509 0.002499111 -0.035 -0.0167509 0.002499113 -0.0375 0.01825089 0.002499113 -0.0355 0.01825089 0.002499113 -0.035 0.01825089 0.002621401 -0.04300003 -0.03627197 0.00308506 0.008134641 -0.09974999 0.003085062 -0.008134641 -0.09974999 0.003085062 0.008134641 -0.06074999 0.003085064 -0.008134641 -0.06074999 0.003167963 -0.05595103 -0.05297396 0.00331079 -0.062 -0.007287105 0.003310792 -0.062 0.008787098 0.003386157 0.038 -0.06985809 0.00338616 -0.043 -0.06985809 0.00338616 -0.041 -0.06985809 0.003692534 -0.05496 -0.01310275 0.00370444 0.036 -0.06935854 0.003716087 -0.04318615 -0.06949518 0.003736548 -0.04740001 -0.01551346 0.003736548 -0.042 -0.01551346 0.00373655 -0.04740001 0.01701345 0.00373655 -0.042 0.01701345 0.003967278 0.03025 -0.07072601 0.00413448 -0.05115758 -0.01497484 0.004157541 -0.045 -0.03695562 0.004160609 0.03845164 -0.07058328 0.004303759 -0.01134808 -0.06074999 0.004321316 -0.04209194 -0.01348689 0.004431121 -0.05451 -0.01326829 0.004499152 -0.0351875 -0.06953439 0.004574468 -0.0355 -0.01155146 0.004574469 -0.04229999 -0.01155146 0.00457447 -0.04229999 0.01305145 0.00457447 -0.0355 0.01305145 0.004696203 0.05718605 -0.05440724 0.004771339 -0.0481 0.01446194 0.004830184 -0.05518766 -0.05487371 0.004866926 -0.04635016 0.01458258 0.004971482 -0.05122241 0.01722847 0.005154258 0.05726852 -0.06524998 0.005154263 -0.05726852 -0.06524998 0.005296267 0.03003664 -0.09974999 0.005296268 0.03003664 -0.08574999 0.005296269 -0.03003664 -0.09974999 0.00529627 -0.03003664 -0.08574999 0.005354807 -0.03525 -0.07107739 0.005376184 0.037 -0.07205476 0.005376188 -0.042 -0.07205476 0.005448238 0.0301875 -0.06991608 0.005521699 -0.043 -0.0690914 0.00557414 -0.0399625 0.01519113 0.005675807 -0.04321297 -0.07070203 0.005715904 0.038 -0.06906537 0.005715908 -0.041 -0.06906537 0.005747428 -0.043 0.04131924 0.005759751 0.03895836 0.04132489 0.005809829 0.036 -0.06902863 0.005924822 -0.04416876 0.0408143 0.006023592 0.05517216 -0.06524998 0.006023597 -0.05517215 -0.06524998 0.006058513 -0.05028 0.01623359 0.006188892 0.0382137 -0.06981056 0.006256094 -0.05547532 0.01233247 0.006319521 -0.05702113 -0.05420631 0.006383773 0.0200271 -0.06425216 0.006410334 0.04 0.03943229 0.006410338 -0.045 0.03943229 0.006477908 -0.05121115 -0.01395286 0.006489355 0.01997219 -0.08574999 0.006489357 -0.01997218 -0.08574999 0.006489357 0.01997219 -0.05725 0.006489359 -0.01997218 -0.06424998 0.006489359 -0.01997218 -0.05825 0.006512042 -0.005769167 -0.09974999 0.006512042 0.005769167 -0.09974999 0.006512044 -0.005769167 -0.06074999 0.006512044 0.005769167 -0.06074999 0.006806044 -0.0463 -0.01492451 0.00710081 -0.0102873 -0.06424998 0.00710081 -0.0102873 -0.05825 0.00710081 0.0102873 -0.06424998 0.00710081 0.0102873 -0.06074999 0.00710081 0.0102873 -0.05825 0.007128114 0.05486734 -0.05390976 0.007199407 -0.04716407 0.004685486 0.007333234 -0.048 0.01818431 0.007685905 -0.05451 0.0176989 0.007747706 -0.0473286 -0.00441213 0.007954996 -0.0481 -0.01582854 0.008090097 -0.04657187 -0.0035332 0.008130335 -0.05564589 -0.01354084 0.008179876 0.04 0.04000919 0.00817988 -0.045 0.04000919 0.008179938 -0.04366112 0.01842545 0.00824343 -0.028 0.02943419 0.008243431 -0.0375 0.02943419 0.00843822 -0.05496 0.01880314 0.008447192 -0.002082046 -0.09974999 0.008447192 0.002082046 -0.09974999 0.008447194 -0.002082046 -0.06074999 0.008447194 0.002082046 -0.06074999 0.008450711 -0.0615 -0.01373236 0.008450712 -0.0615 0.01523235 0.008468494 0.038 0.04217491 0.008468498 -0.043 0.04217491 0.008573902 -0.04654399 -0.01470349 0.008699998 0 -0.09974999 0.0087 0 -0.06074999 0.009067535 -0.0481 -0.003396143 0.009090265 0.04 -0.03810758 0.009288965 0.0535 -0.02629592 0.009288968 -0.029 -0.02629592 0.009397379 -0.0375 -0.02838048 0.00939738 -0.0615 -0.02838048 0.009397381 -0.0375 0.02988047 0.009397382 -0.0615 0.02988047 0.009719481 -0.040025 -0.01707155 0.009872469 0.05556245 -0.05151922 0.009999998 0.036 -0.07424999 0.009999998 0.038 -0.07424999 0.01 0.036 -0.04425001 0.01 0.038 -0.0481019 0.01 0.038 -0.04425001 0.01 -0.043 -0.07424999 0.01 -0.041 -0.07424999 0.01 -0.043 -0.04425001 0.01 -0.041 -0.04425001 0.01000019 -0.04299986 -0.04807615 0.01027055 0.01778911 -0.05825 0.01049032 -0.0477 -0.02220841 0.01049032 -0.0477 0.0237084 0.01052859 -0.0375 -0.02211603 0.01052859 -0.0355 -0.02211603 0.01052859 -0.035 -0.02211603 0.01052859 -0.0375 0.02361602 0.01052859 -0.0355 0.02361602 0.01052859 -0.035 0.02361602 0.01060265 -0.04366112 -0.01832421 0.011 0.0335 -0.06424999 0.011 0.0335 -0.05725 0.01102102 0.0535 -0.02929593 0.01102102 0.0535 -0.02329593 0.01102102 -0.02899982 -0.02929593 0.01102102 -0.029 -0.02329593 0.0110682 -0.005809039 -0.06424999 0.0110682 -0.005809039 -0.06074999 0.0110682 -0.005809039 -0.05825 0.0110682 0.005809039 -0.06424999 0.0110682 0.005809039 -0.05825 0.01113532 -0.05116526 -0.019806 0.0111357 -0.043225 0.01932813 0.01119829 -0.04740001 -0.02049924 0.01119829 -0.042 -0.02049924 0.01119829 -0.04740001 0.02199923 0.01119829 -0.042 0.02199923 0.01123483 -0.048 -0.01893691 0.01135238 -0.01729607 -0.05725 0.01136442 -0.05496 -0.01899258 0.01143948 -0.04229999 -0.01702612 0.01143948 -0.0355 -0.01702612 0.01143948 -0.04229999 0.01852611 0.01143948 -0.0355 0.01852611 0.01147887 -0.05451 -0.01838878 0.01153341 0.05633142 -0.0530407 0.0117841 0.00290452 -0.06074999 0.01201616 0.0535 -0.02585711 0.01220649 -0.05121473 0.02165405 0.01232991 0.05269928 -0.05158354 0.01234057 -0.03111061 -0.02655501 0.01244768 -0.05121262 0.01914375 0.0125 0 -0.06424999 0.0125 0 -0.05825 0.01278077 0.04340611 -0.02636898 0.01329403 0.0535 -0.0273128 0.01340465 0.038 -0.03929869 0.01353132 0.05382521 -0.05234249 0.01364508 -0.062 -0.001660106 0.01370463 0.0535 -0.02579651 0.01405174 0.01560604 -0.08574999 0.01405174 0.01560604 -0.06424999 0.01405174 -0.01560604 -0.08574999 0.01405174 -0.01560604 -0.06424999 0.01408718 -0.028 3.205118e-05 0.01430556 -0.057 0.003779406 0.01440652 -0.062 0.004610906 0.01448512 0.0535 -0.02929593 0.01448512 0.0535 -0.02329593 0.01448512 -0.029 -0.02929593 0.01448512 -0.02899992 -0.02329593 0.014508 -0.035 0.001385706 0.01459729 -0.0473611 0.01241913 0.01461828 -0.043 0.04341187 0.0146194 0.03844933 0.04341201 0.01486859 0.04 0.0414276 0.01486859 -0.045 0.0414276 0.01499603 -0.04744591 -0.0114997 0.01512737 -0.05339862 -0.05187841 0.01525 0.02641377 -0.09974999 0.01525 0.02641377 -0.08574999 0.01525 -0.02641378 -0.09974999 0.01525 -0.02641378 -0.08574999 0.01527708 -0.0531 0.001323464 0.01527708 -0.04229999 0.001323464 0.01535754 -0.043 -0.0398287 0.01549303 -0.057 -0.004337323 0.01550984 -0.04209194 0.02144659 0.01551951 -0.048 0.02182907 0.01551951 -0.056 0.02182907 0.01558718 -0.04635016 -0.01927192 0.01564426 -0.05451 0.02124219 0.01587811 -0.062 -0.01730921 0.01587811 -0.062 0.01880919 0.016 -0.009999998 0.03974999 0.016 0.005000003 0.03974999 0.016 0.0055 0.03974999 0.016 0.0055 0.0415544 0.016 0.0155 0.03974999 0.016 0.0155 0.0415544 0.01618511 -0.04657199 0.0118644 0.01621717 0.0535 -0.02629592 0.01621717 -0.02900012 -0.02629592 0.01622703 -0.05120919 -0.01877194 0.01635701 -0.028 0.004908706 0.01651135 -0.005898472 0.0415917 0.0166181 -0.01207376 -0.05825 0.0166181 0.01207376 -0.05725 0.01669066 -0.028 -0.004044418 0.01684512 -0.0531 -0.002811127 0.01684512 -0.04229999 -0.002811127 0.01736116 -0.04431678 0.04290098 0.01737793 -0.05478506 -0.05139987 0.01751134 0.005000003 0.04164064 0.01778903 -0.04229999 0.004962648 0.01785696 -0.040025 -0.01971226 0.01810917 -0.05045261 -0.04987165 0.01814002 0.05456362 -0.05118579 0.0183201 -0.05140108 -0.0502084 0.01837347 -0.062 -0.005849098 0.01837536 -0.0531 0.004962648 0.01846287 -0.0375 0.03171186 0.01846287 -0.028 0.03171186 0.01855906 -0.0481 0.01319853 0.01868842 -0.05560021 -0.01778613 0.01870694 -0.035 -0.004625336 0.0189227 0.05162331 -0.05006242 0.01898392 -0.05302067 0.02298811 0.01899104 0.05427329 -0.06524998 0.01899105 -0.05427329 -0.06524998 0.01918445 -0.008541469 -0.08574999 0.01918445 0.008541472 -0.08574999 0.01918457 -0.008541283 -0.06424999 0.01925427 -0.04645141 0.02018808 0.01926908 0.008407425 -0.0642608 0.0192978 -0.035 0.006533171 0.01931584 -0.05264107 -0.04863767 0.01931755 -0.042966 -0.02037275 0.01940126 -0.04952622 -0.0473945 0.01999286 0.0517728 -0.0504632 0.01999976 0.02452366 0.04175006 0.01999976 -0.01835068 0.04175001 0.01999976 -0.005898472 0.04174988 0.01999982 -0.04367649 0.04175013 0.01999988 -0.009999998 0.04175017 0.01999989 0 0.0417501 0.02 0.038 0.04374999 0.02 0.04 0.04174998 0.02000001 -0.0615 -0.03025001 0.02000001 -0.057 0.0007499965 0.02000001 -0.05496 -0.0208 0.02000001 -0.05451 -0.0202 0.02000001 -0.0531 0.0007499965 0.02000001 -0.048 -0.0208 0.02000001 -0.0477 -0.0241 0.02000001 -0.04740001 -0.02225 0.02000001 -0.04229999 -0.01898 0.02000001 -0.042 -0.02225 0.02000001 -0.0375 -0.03025001 0.02000001 -0.0375 -0.024 0.02000001 -0.0355 -0.024 0.02000001 -0.0355 -0.01898 0.02000001 -0.035 -0.024 0.02000001 0.000500001 0.04174998 0.02000001 0.002500001 0.03974999 0.02000001 0.003000002 0.03974999 0.02000001 0.0055 0.04174998 0.02000001 0.0155 0.04174998 0.02000001 -0.0615 0.03174999 0.02000001 -0.0481 0.02124219 0.02000001 -0.0477 0.0256 0.02000001 -0.04740001 0.02374999 0.02000001 -0.045 0.04174998 0.02000001 -0.043225 0.02129249 0.02000001 -0.04300049 0.04374999 0.02000001 -0.04229999 0.02048 0.02000001 -0.042 0.02374999 0.02000001 -0.0375 0.02549999 0.02000001 -0.0375 0.03174999 0.02000001 -0.0355 0.02048 0.02000001 -0.0355 0.02549999 0.02000001 -0.035 0.02549999 0.02000003 0.03800013 0.04374999 0.02000009 -0.043 0.04374999 0.02004073 -0.02907584 0.04174892 0.02009223 -0.004270732 -0.05725001 0.02009223 0.004270736 -0.05825 0.02010404 -0.05117933 -0.02160585 0.02030615 0.05165182 -0.06524998 0.02030615 -0.05165181 -0.06524998 0.02072322 -0.028 -0.005206254 0.02074167 -0.062 0.007157336 0.0209627 2.272427e-06 -0.08574435 0.02108888 -0.0006558262 -0.06426583 0.02108914 -0.05133008 -0.05014462 0.02113858 -0.04229999 -0.00386937 0.02157745 -0.0531 -0.003480566 0.02162654 -0.057 -0.005849098 0.02192461 0.05187751 -0.04794922 0.02206581 -0.028 0.006197075 0.02213077 -0.045 -0.03978213 0.02224026 -0.05028 0.02206453 0.02231381 0.03974602 0.04204433 0.02232094 -0.057 0.006768087 0.02249261 0.038 0.04367768 0.02254405 -0.04229999 0.004480118 0.02261229 -0.043 0.04367057 0.02264455 -0.05285332 -0.04992125 0.02280842 -0.04632508 -0.01940305 0.0229903 -0.05120839 0.02041774 0.02299418 -0.04340255 0.02166546 0.02336435 -0.01960502 -0.09974999 0.02336435 -0.01960502 -0.08574999 0.02336435 0.01960502 -0.09974999 0.02336435 0.01960502 -0.08574999 0.02348665 -0.04657199 -0.0115043 0.02355739 0.02308905 0.04158886 0.02382471 -0.01821528 0.04155534 0.02398612 -0.0531 0.002870584 0.024 -0.009999998 0.03974999 0.024 -0.009999998 0.04155451 0.024 0 0.03974999 0.024 0.000500001 0.03974999 0.024 0.000500001 0.0415544 0.024 0.0155 0.03974999 0.024 0.0155 0.0415544 0.0241219 -0.0615 -0.01730921 0.0241219 -0.0615 0.01880919 0.02426057 -0.0481 -0.01929439 0.0242861 -0.04015 -0.01941452 0.02431625 -0.0399 0.02105634 0.02435576 -0.05451 0.02124219 0.02436057 -0.035 -0.003113122 0.02436057 -0.028 -0.003113122 0.02444845 -0.04229999 -0.0009370718 0.02448619 0.05202571 -0.04940405 0.02450698 -0.062 -0.004337323 0.02453238 -0.035 0.003916035 0.02471141 -0.04339748 0.04168533 0.02473417 -0.05562521 0.01868487 0.02476468 -0.04744753 -0.0114889 0.02482629 0.002711177 0.04146196 0.02491351 -0.05202092 -0.01773937 0.02511602 0.04949177 -0.04897315 0.02565637 -0.028 0.002144168 0.02576766 0.04621387 -0.04550952 0.02625397 -0.057 -0.0008286062 0.02658114 -0.04730499 0.01228907 0.02660462 -0.04578432 -0.04477687 0.02674704 -0.062 0.001569236 0.02717635 -0.0481 -0.009523393 0.02772864 -0.04332639 0.02044223 0.02779353 -0.05298526 0.02165405 0.02820852 -0.04779675 -0.04807372 0.02827156 -0.04286968 -0.01840633 0.02835539 -0.043225 0.01951651 0.02851025 -0.0450539 -0.04277697 0.02852114 -0.05451 -0.01838878 0.02856053 -0.04229999 -0.01702612 0.02856053 -0.0355 -0.01702612 0.02856053 -0.04229999 0.01852611 0.02856053 -0.0355 0.01852611 0.02857364 -0.056 0.0200067 0.02857364 -0.048 0.0200067 0.02863559 -0.05496 -0.01899258 0.02866063 -0.01043161 -0.09974999 0.02866063 -0.01043161 -0.08574999 0.02866063 0.01043161 -0.09974999 0.02866063 0.01043161 -0.08574999 0.02875361 0.038 -0.03914662 0.02876518 -0.048 -0.01893691 0.02880172 -0.04740001 -0.02049924 0.02880172 -0.042 -0.02049924 0.02880173 -0.04740001 0.02199923 0.02880173 -0.042 0.02199923 0.02885766 -0.0375 0.0304576 0.02885766 -0.028 0.0304576 0.02886469 -0.05121473 -0.019806 0.02908235 -0.04306243 -0.03907497 0.02937628 -0.05028 -0.0176322 0.02947142 -0.0375 -0.02211603 0.02947142 -0.0355 -0.02211603 0.02947142 -0.035 -0.02211603 0.02947142 -0.0375 0.02361602 0.02947142 -0.0355 0.02361602 0.02947142 -0.035 0.02361602 0.02950969 -0.0477 -0.02220841 0.02950969 -0.0477 0.0237084 0.02959688 -0.01216257 0.0405705 0.02973998 -0.04655291 -0.0147154 0.03029275 -0.03589936 0.04029942 0.03037404 0.04481815 -0.04623863 0.03046252 -0.04874676 -0.04772621 0.0305 0 -0.09974999 0.0305 0 -0.08574999 0.03060263 -0.0615 -0.02838048 0.03060263 -0.0375 -0.02838048 0.03060263 -0.0615 0.02988047 0.03060263 -0.0375 0.02988047 0.03070395 0.04 -0.03839815 0.03072782 -0.04159358 0.0190884 0.03086039 0.04 0.04028531 0.03091515 -0.04101199 -0.01745866 0.03102273 0.03869653 0.04231314 0.03124193 0.02303859 0.04025574 0.03148387 -0.046253 -0.04466753 0.03154188 -0.043 0.04217202 0.0315493 -0.062 -0.01373236 0.0315493 -0.062 0.01523235 0.03166275 0.04800102 -0.06520842 0.03167658 -0.04798796 -0.06524998 0.0317613 0.04500655 -0.04631959 0.03177977 -0.05583544 -0.01359497 0.03208387 0.0452674 -0.04694634 0.03217914 -0.04730499 -0.00456987 0.0321841 -0.0481 0.003680939 0.03231411 -0.05451 0.0176989 0.03231411 -0.0481 0.0176989 0.03237149 -0.05168709 0.01605968 0.03243292 0.04608511 -0.04508077 0.03245409 -0.04286968 0.01749153 0.03258549 -0.04503576 -0.04523256 0.03259408 -0.04302923 -0.01578416 0.03270961 -0.04745085 0.004089849 0.03316222 0.044503 -0.06524998 0.03316222 -0.04450299 -0.06524998 0.03345891 -0.04635016 -0.01443631 0.03361971 -0.04473518 0.03993097 0.03370366 -0.05028 0.01658926 0.03375177 0.04084579 -0.04268479 0.03380483 -0.0003645644 0.03933364 0.03423376 0.04005165 -0.04141792 0.03437421 0.04073258 -0.04478612 0.03439194 0.03811196 -0.04174797 0.03477199 -0.02980294 0.03891602 0.0348637 -0.04317947 -0.04232309 0.03495605 -0.04655378 0.003229501 0.03502853 -0.05297758 0.01722847 0.0351671 -0.0521015 -0.01034523 0.03525747 -0.04641766 0.01384396 0.03531993 -0.04015 0.01454412 0.03542554 -0.04229999 -0.01155146 0.03542554 -0.04229999 0.01305145 0.03542554 -0.0355 -0.01155146 0.03542554 -0.0355 0.01305145 0.03542769 -0.0399 -0.01314115 0.0355689 -0.05451 -0.01326829 0.03563041 0.03926664 -0.04374442 0.03582063 -0.05496 -0.01387436 0.03595955 0.04486824 -0.04618331 0.03598372 -0.04484505 -0.04484079 0.03626346 -0.042 -0.01551346 0.03626346 -0.042 0.01701345 0.03626346 -0.04740001 -0.01551346 0.03626346 -0.04740001 0.01701345 0.03635239 -0.05114742 -0.01420322 0.03646188 -0.04583936 -0.01217897 0.03668922 -0.0615 -0.007287105 0.03668922 -0.0615 0.008787098 0.03673911 -0.05112911 0.01155087 0.03685004 -0.04116895 -0.01249408 0.03716218 -0.04412424 -0.04041584 0.03727674 -0.05582619 0.0111571 0.03735369 0.04 0.03787889 0.03741855 -0.01790085 0.03778044 0.03748193 -0.04399163 -0.03672059 0.0375009 -0.0375 -0.0167509 0.0375009 -0.0375 0.01825089 0.0375009 -0.0355 -0.0167509 0.0375009 -0.0355 0.01825089 0.0375009 -0.035 -0.0167509 0.0375009 -0.035 0.01825089 0.03757161 -0.0477 -0.01682161 0.03757161 -0.0477 0.0183216 0.03774677 -0.0481 -0.009496098 0.03775167 0.04062663 -0.04529771 0.03779034 -0.043225 -0.009521255 0.03784378 0.02306347 0.03778148 0.03797869 -0.0399 0.01112999 0.03814324 -0.05451 0.011225 0.03824202 -0.0375 0.02581448 0.03824202 -0.028 0.02581448 0.03825503 -0.048 -0.009789542 0.03833282 -0.0556263 -0.0007643413 0.0383346 0.038 0.03964526 0.03836234 -0.0438041 0.03963498 0.03839036 -0.05028 -0.008610275 0.03842457 -0.04158706 0.01196115 0.03852364 -0.062 0.0007499965 0.03873811 0.03947033 0.03851616 0.03888581 -0.04159587 0.03706423 0.03898328 -0.04458288 0.009444463 0.039 -0.0375 -0.06424999 0.039 -0.0375 -0.0237449 0.039 -0.028 -0.05725001 0.039 -0.028 -0.0237449 0.039 0 -0.06424999 0.039 0 -0.05725001 0.0391118 0.038 0.03926932 0.03923534 -0.04229999 -0.00364034 0.03923534 -0.04229999 0.005140329 0.03923534 -0.0355 -0.00364034 0.03923534 -0.0355 0.005140329 0.03927367 0.04036641 -0.04050796 0.03948924 -0.0481 0.007082428 0.03954592 -0.04635016 0.006939339 0.03972596 -0.0002873838 0.03659398 0.03992464 -0.05451 -0.005723909 0.03992642 -0.0375 -0.02299739 0.03992642 -0.0615 -0.02299739 0.03992642 -0.0375 0.02449737 0.03992643 -0.0615 0.02449737 0.03995972 -0.043 0.03883685 0.03997927 -0.05333236 0.002379338 0.04004741 -0.048 0.00726379 0.04012616 -0.040025 0.005020196 0.04016886 -0.04209194 -0.005709698 0.04017151 -0.0463 -0.002839056 0.04034887 -0.05496 -0.006306195 0.04036821 0.03808662 -0.04025431 0.04037994 -0.05028 0.00398695 0.04044589 0.038 -0.03494243 0.04050208 -0.04015 -0.001404857 0.04051973 -0.05258104 0.01050053 0.04092208 -0.04583936 0.001847281 0.04099894 -0.03759037 -0.03620055 0.04114655 -0.0521026 -0.008625758 0.04116975 0.04013469 -0.04395364 0.04124923 -0.042 -0.008051721 0.04124923 -0.042 0.009551714 0.04124924 -0.04740001 -0.008051721 0.04124924 -0.04740001 0.009551714 0.04146147 -0.05496 0.002439434 0.04151277 -0.04148287 0.002450215 0.04191252 0.0535 0.01258331 0.04191252 -0.029 0.01258331 0.04200261 -0.05122429 0.001230008 0.04242134 -0.03558405 0.03487587 0.04244184 -0.03879356 -0.06524998 0.04244184 0.03879355 -0.06524998 0.04246174 0.03880854 -0.03664273 0.04286602 -0.03749999 -0.008721423 0.04286602 -0.03749999 0.01022141 0.04286602 -0.0355 -0.008721423 0.04286602 -0.0355 0.01022141 0.04286602 -0.03499999 -0.008721423 0.04286602 -0.03499999 0.01022141 0.04295841 -0.0477 -0.008759686 0.04295841 -0.0477 0.01025968 0.043 -0.042 0.0007499927 0.04300001 -0.0474 0.0007499927 0.04305296 -0.03810341 -0.036956 0.0431751 0.03489825 -0.03543518 0.04333584 0.04 0.03446105 0.04342313 0.02316927 0.0344507 0.04364457 0.05350001 0.009583304 0.04364457 0.05350001 0.01558331 0.04364457 -0.029 0.01558331 0.04364457 -0.02899982 0.009583304 0.04368869 -0.03422789 -0.06524998 0.04368869 0.0342279 -0.06524998 0.0436963 -0.03421819 -0.03536531 0.04412285 -0.02373516 0.03356854 0.04420833 -0.03795658 -0.03491712 0.04438905 -0.03749999 -0.01838568 0.04438905 -0.028 -0.01838568 0.04460802 0.05350001 0.01172545 0.04465167 -0.04473518 0.03414505 0.04468901 -0.0001981705 0.03321591 0.04475 -0.03749999 0.0007499927 0.04475 -0.0355 0.0007499927 0.04475 -0.03499999 0.0007499927 0.04485001 -0.0477 0.0007499927 0.04487027 -0.03104898 0.01263722 0.04520974 0.05350001 0.01335531 0.04548246 0.04340612 0.01255875 0.04572058 -0.04408699 -0.03275388 0.04590043 0.0326895 -0.03147232 0.04632818 0.05350001 0.01193432 0.04642709 0.038 0.03467063 0.04671342 -0.045 -0.03033213 0.04684679 -0.03749999 -0.01475 0.04684679 -0.03749999 0.01624999 0.04684679 -0.06149999 -0.01475 0.04684679 -0.06149999 0.01624999 0.04698686 -0.03182097 -0.03035685 0.04710867 0.05350001 0.009583304 0.04710867 0.05350001 0.01558331 0.04710868 -0.02899986 0.009583304 0.04710868 -0.02899992 0.01558331 0.04737369 0.03271118 -0.0326248 0.04749257 -0.04299999 0.03381296 0.04769982 -0.03210884 -0.03335357 0.0479571 0.02793506 -0.03147103 0.04804482 0.02335576 0.03053891 0.0482527 -0.04322643 0.030363 0.04831215 -0.03749999 -0.01187626 0.04831215 -0.028 -0.01187626 0.04835566 -0.02372496 0.0297762 0.04846721 0.0397163 -0.0293412 0.04866471 0.04 0.03004224 0.04874661 -0.0265143 -0.03061488 0.04877187 -8.934736e-05 0.02944035 0.04884072 0.05350001 0.01258331 0.04884073 -0.029 0.01258331 0.04886135 0.038 0.03262511 0.04886135 -0.04299999 0.03262511 0.04919541 -0.03755089 -0.03081384 0.04973326 0.03616571 -0.02743046 0.04974597 -0.03789962 -0.02743604 0.05052905 -0.03749999 -0.0046331 0.05052905 -0.03749999 0.00613309 0.05052905 -0.06149999 -0.0046331 0.05052905 -0.06149999 0.00613309 0.05053348 -0.03749999 -0.004607921 0.05053348 -0.028 -0.004607921 0.0506325 0.02725057 -0.06522801 0.05063425 -0.02724744 -0.06524998 0.05066774 0.02718512 -0.03044793 0.05078393 -0.02744985 -0.02935994 0.05090205 -0.02673764 -0.03019112 0.05112798 -0.02159121 -0.02776427 0.05113031 0.02158569 -0.02776122 0.05114607 -0.02154832 -0.06524998 0.05114607 0.02154832 -0.06524998 0.05163235 0.01185871 0.02626959 0.05177457 -0.02374268 0.0257608 0.05189076 -0.02243561 -0.02513046 0.05205952 0.02095507 -0.02502139 0.05265647 0.03908621 0.02872419 0.05283317 0.01699724 -0.02537355 0.052891 -0.01673714 -0.02527038 0.05301578 -0.01183043 0.02395562 0.05317733 0.04 0.02483879 0.05328329 0.02274284 -0.02651771 0.05337231 -0.02136637 -0.02724158 0.05339571 0.02132734 -0.02721636 0.05348191 0.02966174 0.02387919 0.05352395 -0.045 -0.02258432 0.05385881 -0.04422351 0.02725671 0.05387533 -0.03749999 0.01443651 0.05387533 -0.028 0.01443651 0.05406243 -0.04326669 0.0232098 0.05431233 0.02986068 -0.02153864 0.0544478 0.038 -0.02498617 0.05448221 -0.03817028 -0.02125551 0.05452875 -0.02624571 -0.02124732 0.05476767 0.008926734 -0.02218561 0.05477577 -0.008817546 -0.0221683 0.05499442 -0.03142162 -0.02422269 0.05501049 -0.007354997 -0.06524998 0.05501049 0.007355004 -0.06524998 0.05505234 -0.04417405 -0.02320955 0.05509334 0.01795768 -0.0240987 0.05518119 0.008520678 -0.02037956 0.05525114 -0.007393952 -0.02027961 0.05529605 -0.02975095 0.02041976 0.05540437 0.003255501 -0.02099503 0.05544015 -0.001376472 -0.02092502 0.05560384 0.01463277 -0.02406545 0.05575715 -0.01404957 -0.06524998 0.05575715 0.01404957 -0.06524998 0.05580521 -0.01390532 -0.02364182 0.0562205 -0.002780892 -0.01843841 0.05643942 0.04 -0.01770337 0.05659221 0.01035744 -0.02217542 0.05662743 0.0003919974 0.01767101 0.05664442 -0.01075586 -0.02174639 0.05673215 -0.00936551 -0.02220383 0.05674257 0.04 0.01890763 0.05686876 0.03947033 0.02119736 0.05687626 0.02430722 0.0177009 0.05688914 0.038 0.02284504 0.05688915 -0.04299999 0.02284504 0.05699696 0.03947033 -0.0194645 0.05715123 0.006204247 -0.02145501 0.05720801 -0.005718235 -0.02135186 0.05749862 0.0002906509 -0.02081037 0.0575 3.72529e-09 -0.06524998 0.05760403 0.038 0.02160514 0.05760867 0.02634729 -0.01554906 0.05773478 0.038 -0.01986763 0.05773555 0.0009732842 -0.01986622 0.05799615 -0.02375854 0.01418165 0.05806073 -0.03267431 -0.01437478 0.05814021 -0.04334536 0.01540665 0.05862129 -0.04299999 0.01965493 0.05905507 -0.003270641 -0.01145911 0.0593319 0.01293844 0.01047457 0.05975473 -0.04473517 -0.01084543 0.05979215 -0.02355065 0.007960337 0.05979345 -0.04299999 -0.01554364 0.05982453 -0.04187425 0.009684431 0.05994221 0.02594427 -0.008551252 0.05997996 0.04 0.009111236 0.06003153 0.04 -0.008034286 0.06008053 -0.0334549 -0.007657041 0.06041497 -0.003767956 -0.005437781 0.06044699 0.038 -0.01384593 0.060447 -0.04299999 -0.01384593 0.06048329 0.01345376 0.004784832 0.06058486 -0.02307405 0.00300249 0.0607574 -0.02235148 -0.001654794 0.06078347 0.02587368 -0.003428665 0.06079854 -0.04152311 0.002145494 0.06085716 -0.04458702 0.008972431 0.06085724 0.01681742 0.0003847095 0.06095514 0.04 -0.001174891 0.06101437 0.038 0.01366594 0.061095 0.038 -0.01190708 0.06127421 0.03932217 -0.007521168 0.0615875 -0.04458702 -0.000344151 0.06172291 0.038 0.01115189 0.06172333 -0.04299999 0.01115024 0.0623231 -0.04299999 -0.006849726 0.06276535 0.03910966 0.005240994 0.06279582 0.038 -0.003435445 0.0629441 -0.04299999 -0.001441916 0.0629441 0.038 -0.001441916 0.06297618 -0.04299999 0.002181152</float_array>
          <technique_common>
            <accessor count="1182" source="#cubeverts-array0-array" stride="3">
              <param type="float" name="X"/>
              <param type="float" name="Y"/>
              <param type="float" name="Z"/>
            </accessor>
          </technique_common>
        </source>
        <source id="cubenormals-array0">
          <float_array count="7386" id="cubenormals-array0-array">0 -1 0 0 -1 0 5.823201e-07 -1 5.610798e-07 4.092464e-07 -1 -1.000345e-08 3.659641e-07 -1 -7.279471e-08 3.894962e-07 -1 7.747551e-08 0 -1 0 0 -1 0 0 -1 0 0 -1 0 0 -1 -0 -0 -1 0 6.041045e-07 -1 -5.465239e-07 0 -1 -0 0 -1 0 0 -1 0 0 -1 0 0 -1 0 0 -1 0 0 -1 0 0 -1 0 0.8328699 0.1529324 0.5319206 0.9062732 -0.02708912 -0.4218237 0.7240399 0.147828 -0.6737307 0.2181977 -0.1327035 -0.96684 -0.4432371 0.1327039 -0.8865272 -0.7476619 -0.04760988 -0.6623707 -0.9860929 0.164438 0.02410365 -0.9709418 0 0.2393159 -0.2583933 0 0.9660398 -0.4875659 0.2107521 0.847268 0.2768516 6.898636e-08 0.9609127 0.8055909 0.1853425 0.5627357 -0.9807853 0 -0.1950901 -0.9807853 -0 -0.1950901 -0.8314697 0 -0.5555702 -0.8314697 -0 -0.5555702 -0.5555708 0 -0.8314693 -0.5555708 -0 -0.8314693 -0.1950898 0 -0.9807854 -0.1950898 -0 -0.9807854 0.1950897 0 -0.9807854 0.1950897 0 -0.9807854 0.5555708 0 -0.8314693 0.5555708 0 -0.8314693 0.8314694 0 -0.5555705 0.8314694 0 -0.5555705 0.9807853 0 -0.1950904 0.9807853 7.482787e-07 -0.1950902 0.9807853 7.482786e-07 0.1950903 0.9807853 0 0.1950901 0.8314696 -0 0.5555703 0.8314696 0 0.5555703 0.5555704 -0 0.8314694 0.5555704 0 0.8314694 0.1950897 -0 0.9807854 0.1950897 0 0.9807854 -0.1950898 0 0.9807854 -0.1950898 0 0.9807854 -0.5555704 0 0.8314695 -0.5555704 0 0.8314695 -0.8314695 0 0.5555703 -0.8314695 0 0.5555703 -0.9807853 0 0.1950901 -0.9807853 0 0.1950901 0 1 0 0 1 0 0 1 0 0 1 0 0 1 0 0 1 0 -0 1 0 0 1 0 0 1 0 0 1 0 0 1 0 0 1 0 0 1 0 0 1 0 0 1 -0 0 1 0 0 1 0 0 1 0 -0 1 0 0 1 0 0 1 0 0 1 -0 0.9563351 0 -0.2922722 0.9563351 0 -0.2922722 0.8564787 0 -0.5161822 0.8564787 0 -0.5161822 0.7051412 0 -0.7090669 0.7051412 0 -0.7090669 0.9849506 0 -0.1728359 0.9849506 0 -0.1728359 0.5884523 -0 0.8085319 0.5884523 0 0.8085319 -0.9449412 -1.917574e-07 0.3272401 -0.9449412 -1.917574e-07 0.3272401 -0.7821076 -1.534058e-07 0.6231434 -0.7821076 -1.534058e-07 0.6231434 -0.5300562 -1.150544e-07 0.8479626 -0.5300561 -3.835145e-08 0.8479626 -0.2175387 -1.917573e-08 0.9760517 -0.2175386 0 0.9760517 0.1197939 0 0.9927988 0.1197939 0 0.9927988 0.4434606 0 0.8962939 0.4434606 0 0.8962939 -0.986632 0 0.1629641 -0.986632 -2.036827e-07 0.162964 1.07666e-06 -1 2.307721e-07 0 -1 0 -0 -1 -0 0 -1 0 0 -1 -0 0 -1 0 0 -1 0 1.223908e-06 -1 1.928805e-07 0 -1 0 0 -1 0 0 -1 0 0 -1 0 0 -1 0 2.896824e-07 -1 -7.566139e-07 4.555356e-07 -1 -4.46359e-08 0 -1 0 0 -1 0 0 -1 -0 0 -1 0 0 -1 -0 0 -1 0 0 -1 -0 0 -1 0 0 -1 -0 0 -1 0 0 -1 0 0 -1 0 0 -1 0 -0 -1 0 0 -1 -0 0 -1 0 -0.9999831 -0.0005720798 0.005777128 -0.9887484 -0.08635685 0.1221436 -0.9998506 0 0.01728257 -0.9999987 -0.001590294 0 -0.9999968 2.742598e-05 0.002522294 1 -0 0 1 0 0 1 0 0 1 0 0 0.3381662 0 0.9410864 0.9614725 0.2749014 -0 0.6699492 0.742407 0 0.669018 0.7430204 0.01831883 0.03394661 0.9984605 -0.04386599 -0.05344842 0.4333074 -0.8996599 -0.4616135 0.5919613 0.6606776 -0.4686261 0.3144424 -0.8255396 -0.4799361 0.1020136 0.8713522 -0.4799374 -0.1020135 -0.8713514 -0.396953 -0.2884033 0.8713507 -0.5264492 -0.6751047 -0.5168026 -0.05128799 -0.4879729 0.8713507 0.03397932 -0.9994226 0 0.6691306 -0.7431449 0 0.6691306 -0.7431449 0 0.9706553 -0.2404749 0 -0.8320503 0.5547002 0 -0.8320503 0.5547002 0 0 -0 1 -0 0 1 0 0 1 -0.06562226 0.007352396 0.9978175 0 0 1 0 -0 1 -0.01411567 -0.01917436 0.9997166 0 0 1 0 0 1 0 0 1 3.970317e-07 1.041043e-07 1 1.00604e-07 -4.454029e-07 1 3.990561e-07 3.179728e-07 1 6.667619e-08 -5.405451e-07 1 1.27228e-07 -2.173504e-07 1 -1 -2.24394e-07 0 -1 -2.24394e-07 0 0 1 -0 0 1 0 0.7672817 0.6413102 0 0.7672817 0.6413102 0 4.343377e-07 2.088441e-06 -1 -3.964788e-07 -4.87782e-07 -1 -2.621382e-07 -2.191006e-07 -1 -3.467906e-07 -1.556355e-13 -1 -1.413785e-07 -2.048221e-07 -1 -3.329398e-08 -2.742009e-07 -1 -2.543076e-07 -7.594056e-08 -1 -7.360495e-08 1.940806e-07 -1 -9.639837e-07 -8.496365e-07 -1 0 0 -1 -0 0 -1 0 0 -1 0 0 -1 -0 0 -1 0 0 -1 0 0 -1 0 0 -1 0 0 -1 -1.889571e-07 -1.606137e-07 -1 -5.844229e-07 -7.096102e-08 -1 -2.828212e-07 -1.484361e-07 -1 0 0 1 0 0 1 0 -0 1 0 0 1 0 0 1 0 0 1 -0 0 1 0 0 1 0 0 1 0 0 1 0 -0 1 0 0 1 0 0 1 0 0 1 -0 0 1 0 0 1 0 0 1 -0 0 1 0 0 1 0 0 1 0.8854558 0.4647236 0 0.9927091 0.1205353 0 0.9778697 -0.1574932 -0.1377199 0.9775487 -0.1186946 -0.1740985 0.8854558 -0.4647235 -2.058926e-07 0.6831646 -0.7132762 -0.1565988 0.568065 -0.8229837 0 0.1205365 -0.9927089 0 0.1205365 -0.9927089 0 -0.3546045 -0.9350163 0 -0.3546045 -0.9350163 -0 -0.7485109 -0.6631225 0 -0.7485109 -0.6631225 -0 -0.9709418 -0.2393156 0 -0.9709418 -0.2393156 -0 -0.9709418 0.2393156 0 -0.9709418 0.2393156 0 -0.7485109 0.6631225 0 -0.7485109 0.6631225 0 -0.3546045 0.9350163 0 -0.3546045 0.9350163 0 0.1205365 0.9927089 -0 0.1205365 0.9927089 0 0.5680648 0.8229838 -0 0.5680648 0.8229838 0 0.8854558 0.4647236 -0 -0 -1 0 0 -1 -0 0 -1 0 0 -1 0 -0 -1 0 -0.2364668 0.1538483 0.9593822 -0.718329 -0.213635 0.6620904 -0.9321955 0.07761618 0.3535355 -0.8486822 -0.2944094 -0.4393877 -0.6728504 0.1562299 -0.7230937 0.3436467 -0.1802909 -0.9216301 0.3689988 -0.1452151 -0.9180155 0.9927089 -1.245485e-07 -0.1205366 0.9507726 -0.2769174 0.1390976 0.655228 0.1538479 0.7395992 0.2364668 -0.1538483 0.9593822 0 -1 -0 0 -1 0 0 -1 0 -0 -1 0 0 -1 0 0 -1 0 0 -1 0 0 -1 -0 0 -1 0 0 -1 0 0 -1 0 0 -1 0 0 -1 0 0.05851738 -0.9648028 -0.2563812 0.1639622 0.9648026 -0.2056022 0.2369322 -0.9648027 -0.1141006 0.2629743 0.9648028 0 0.2369323 -0.9648026 0.1141006 0.1639619 0.9648028 0.2056018 0.05851737 -0.9648027 0.2563815 -0.05851737 0.9648027 0.2563815 -0.1639621 -0.9648027 0.2056021 -0.236932 0.9648027 0.1141005 -0.2629747 -0.9648027 3.120432e-08 -0.2369318 0.9648028 -0.1141004 -0.1639623 -0.9648026 -0.2056023 -0.05851738 0.9648029 -0.2563812 0 -1 0 0 -1 0 0 -1 0 0 -1 -0 0 -1 0 4.425507e-07 -1 9.119034e-08 2.963136e-07 -1 -1.078495e-07 2.756318e-07 -1 0 2.756318e-07 -1 0 2.963137e-07 -1 1.078495e-07 4.425509e-07 -1 -9.119053e-08 0 -1 0 0 -1 0 0 -1 0 0 -1 0 0 -1 0 -0 -1 0 0 -1 0 -0 -1 0 0 -1 0 0 -1 -0 0 -1 0 0 -1 0 0 -1 -0 -0 -1 0 0.1736486 0 -0.9848077 0.5000002 0 -0.8660253 0.5000001 7.38171e-08 -0.8660254 0.7660445 1.181073e-07 -0.6427875 0.7660445 1.181073e-07 -0.6427875 0.9396924 1.476342e-07 -0.3420206 0.9396924 1.476342e-07 -0.3420206 1 1.589457e-07 0 1 1.589457e-07 -0 0.9396924 1.623976e-07 0.3420206 0.9396924 1.623976e-07 0.3420206 0.7660445 1.181074e-07 0.6427875 0.7660445 1.181074e-07 0.6427875 0.5000003 7.38171e-08 0.8660252 0.5000002 0 0.8660254 0.1736481 0 0.9848077 0.1736481 0 0.9848077 -0.1736481 0 0.9848078 -0.1736481 -7.381709e-09 0.9848077 -0.5000002 -1.476342e-08 0.8660253 -0.5000003 -4.429026e-08 0.8660253 -0.7660444 -5.905369e-08 0.6427877 -0.7660443 0 0.6427878 -0.9396926 0 0.3420204 -0.9396926 -7.381711e-08 0.3420203 -1 -7.947287e-08 0 -1 -7.947287e-08 -0 -0.9396926 -7.381711e-08 -0.3420203 -0.9396927 0 -0.3420201 -0.7660447 0 -0.6427873 -0.7660447 0 -0.6427873 -0.5000001 0 -0.8660254 -0.5000001 -1.476342e-08 -0.8660253 -0.1736486 -7.381708e-09 -0.9848077 -0.1736486 0 -0.9848077 0.1736486 0 -0.9848077 0 1 0 -0 1 0 -7.152261e-07 1 -4.722749e-07 -7.536814e-07 1 -2.926553e-07 0 1 0 0 1 0 0 1 0 0 1 0 0 1 -0 0 1 0 0 1 -0 0 1 0 0 1 -0 0 1 0 0 1 0 0 1 0 0 1 0 -0 1 0 0 1 0 -0 1 0 0 1 0 0 1 0 0 1 0 0 1 0 0 1 -0 0 1 0 0 1 -0 0 1 0 0 1 -0 -8.993763e-07 1 3.492295e-07 -6.169536e-07 1 4.073839e-07 0 1 0 0 1 0 0 1 -0 0.1950898 0 0.9807854 0.5555707 0 0.8314692 0.5555707 0 0.8314692 0.8314696 0 0.5555702 0.8314695 0 0.5555702 0.9807853 0 0.1950901 0.9807853 0 0.1950901 0.9807853 0 -0.1950901 0.9807853 0 -0.1950901 0.8314695 0 -0.5555702 0.8314695 0 -0.5555703 0.5555704 0 -0.8314695 0.5555704 0 -0.8314695 0.1950898 0 -0.9807854 0.1950898 0 -0.9807854 -0.1950897 0 -0.9807854 -0.1950897 0 -0.9807854 -0.5555705 0 -0.8314695 -0.5555705 0 -0.8314695 -0.8314695 0 -0.5555702 -0.8314695 0 -0.5555702 -0.9807854 0 -0.1950901 -0.9807853 -8.887934e-07 -0.1950903 -0.9807854 -8.887936e-07 0.1950902 -0.9807853 0 0.1950904 -0.8314694 0 0.5555705 -0.8314694 0 0.5555705 -0.5555707 0 0.8314692 -0.5555707 0 0.8314692 -0.1950897 0 0.9807854 -0.1950897 0 0.9807854 0.1950898 0 0.9807854 -0 1 0 0 1 0 -0 1 0 0 1 0 -0 1 0 0 1 0 0 1 0 0 1 -0 0 1 0 0 1 -0 0 1 0 0 1 -0 0 1 0 0 1 -0 0 1 0 0 1 0 -0 1 0 0 1 0 -0 1 0 0 1 0 -0 1 0 0 1 0 0 1 0 0 1 -0 0 1 0 0 1 -0 0 1 0 0 1 -0 0 1 0 0 1 0 -0.222521 0 0.9749279 -0.222521 0 0.9749279 -0.6234897 0 0.7818316 -0.6234897 0 0.7818316 -0.9009687 0 0.433884 -0.9009687 0 0.433884 -1 0 0 -1 -0 0 -0.9009688 0 -0.433884 -0.9009688 -0 -0.433884 -0.6234899 0 -0.7818314 -0.6234899 -0 -0.7818314 -0.2225218 0 -0.9749277 -0.2225218 -0 -0.9749277 0.2225217 0 -0.9749277 0.2225217 0 -0.9749277 0.6234899 0 -0.7818314 0.6234899 0 -0.7818314 0.9009688 0 -0.4338838 0.9009688 0 -0.4338838 1 0 -2.104332e-07 1 2.717272e-07 0 0.9009688 2.448178e-07 0.4338838 0.9009688 1.263576e-07 0.4338836 0.6234897 8.744213e-08 0.7818315 0.6234898 0 0.7818315 0.2225209 -0 0.974928 0.2225209 0 0.974928 0 1 0 0 1 0 0 1 0 0 1 -0 0 1 0 0 1 0 0 1 0 -0 1 0 0 1 0 0 1 0 0 1 0 0 1 0 0 1 -0 0 1 0 0 1 0 0 1 0 0 1 0 0 1 0 0 1 0 0 1 0 -0.6631233 -1.447772e-07 0.7485102 -0.9225357 0.1628432 0.3498714 -0.9406507 -0.07631823 -0.3306838 -0.3478691 0.09259057 -0.9329599 -0.100958 -0.005480936 -0.9948756 0.822163 0.04463465 -0.5674994 0.7614258 0 -0.648252 0.9350164 -0 0.3546045 0.9350164 0 0.3546045 0.239316 -0 0.9709417 0.1399467 0.04130201 0.9892972 0 1 0 -0 1 0 0 1 -0 0 1 0 0 1 0 -0.6819363 -0.0002517609 0.7314116 -0.8633651 -0.06936612 0.499789 -0.8186421 -0.1480967 0.5548807 -0.9958761 -0.02341714 0.08764973 -0.992857 -0.1053302 -0.05604065 -0.9688419 0.002528418 -0.2476671 -0.9406679 -0.08340565 -0.3289185 -0.7897614 0.05061416 -0.6113225 -0.7606619 0.1078069 -0.6401337 0.04875689 -0.9959102 -0.07606348 -0.6551059 -0.5619062 -0.505072 -0.248343 -0.07422496 -0.9658242 0.1085837 -0.2099651 -0.9716606 -0.132679 -0.6298676 0.7652863 -0.03625565 -0.8481602 0.5284976 0.3200758 -0.4857682 -0.8133762 0.7157531 -0.1001092 -0.6911408 0.7508545 -0.6211637 -0.2244399 -0.9351931 0.1926037 0.2971833 -0.007775967 -0.9966004 0.08201808 0.8107418 -0.5248137 -0.2593614 0.9605995 -0.07422581 0.2678416 0.7871911 -0.2099656 0.5798661 -0.5964214 -0.6298628 -0.4975483 0.5833487 -0.1342765 0.8010457 0.2992587 -0.2450097 0.9221792 0.235245 -0.1002838 0.9667487 -0.0495831 -0.2422329 0.9689503 -0.2147475 0.04694108 0.9755409 -0.1537404 -0.7036043 0.6937615 -0.4157496 -0.9082148 0.04793788 -0.9330136 -0.2061468 -0.2949393 0.2842365 -0.9511625 -0.1204135 -0.4817473 -0.4210675 0.7685192 -0.2465642 -0.8761051 0.4143018 0.7584109 -0.1512965 -0.6339734 0.2132107 -0.9723927 0.09483378 -0.3505316 -0.4933572 -0.7960693 0.2038569 -0.1965138 0.9590749 -0.01790046 -0.06304342 -0.9978502 -0.4411877 0.09620485 -0.8922432 -0.3036707 -0.1791907 -0.935775 -0.7270358 0.1054175 -0.6784586 -0.8482862 0.0436413 0.5277365 -0.6004677 -0.009695449 0.7995903 0.605714 -0.0942964 0.7900751 0.8478586 -0.06720322 0.5259464 0.891124 0.0549174 0.4504244 0.9953858 -0.07210261 0.06331186 0.9959435 -0.06742735 0.05958224 0.9452739 0.02505525 -0.3253143 0.7673323 -0.05931734 -0.6385002 0.4087576 -0.2498152 -0.8777867 0.3721766 -0.09077655 -0.9237121 0.0460084 -0.01286459 -0.9988582 -0.2081145 -0.2733642 0.9391274 0.1941655 -0.3575665 0.9134802 0.8001285 -0.3832035 -0.4614644 0.2818994 -0.6478909 0.7076511 -0.7418825 -0.6065111 -0.2859277 -0.8267249 -0.4982241 -0.26134 -0.9288853 -0.3545429 0.1071048 -0.0115423 -0.9998665 0.01156418 0.03477364 -0.9993252 0.01182822 0.05564451 -0.9983189 -0.01622284 0.06461072 -0.9875339 -0.1435352 0.03206385 -0.9993844 -0.01423672 0.0460755 -0.9989356 -0.002176003 -0.3041845 -0.5600173 0.7706182 -0.7861956 -0.5766938 0.2220825 -0.1291887 -0.98984 -0.05938892 -0.1082515 -0.9722409 -0.2074353 0.00277779 -0.9992688 -0.03813412 -0.0004476436 -0.9988528 -0.04788429 0.006780104 -0.9998972 0.01263051 0.00684985 -0.999905 0.01195915 -0.001329567 -0.9999958 -0.002553285 -0.0004249887 -0.999977 -0.006769736 -0.02432659 -0.999429 0.02344781 -0.01125912 -0.9999192 0.005911601 -0.01648043 -0.999859 -0.003209153 -0.4517374 0.7555093 -0.4744882 -0.100541 0.9757932 -0.1942142 0.001103203 -0.01598623 -0.9998717 0.4829545 0.6956097 -0.5318666 -0.03108244 -0.997305 -0.06645659 0.8045951 -0.5458186 -0.233899 0.35812 -0.9329161 -0.03765109 0.4615243 -0.8110687 0.3593927 0.06389842 0.987947 0.1409884 0.006289582 0.566584 0.82398 -0.324006 0.8856983 0.3325036 -0.1126962 0.991861 0.05925566 -0.8805538 0.4699302 -0.06156798 -0.0360653 -0.9936488 -0.1065894 -0.3028507 -0.9063236 -0.2947188 -0.4963729 -0.867993 -0.01421857 -0.2042549 -0.9719216 0.116826 -0.1176688 -0.9892029 0.08735893 0.1158569 -0.9793205 0.1658565 0.003908315 0.7355495 0.6774598 0.5529738 -0.7160284 0.4260555 0.2455415 -0.9649029 -0.0931217 0.7936916 -0.6054701 -0.05881797 0.650649 0.2867779 -0.703146 0.0001908143 -0.9490035 -0.3152658 0 1 0 -0 1 0 0 1 -0 0 1 0 0 1 0 0 1 0 0 1 0 0 1 -0 0 1 0 0 1 -0 0 1 0 -0 1 0 -0.4207408 -0.3134801 -0.8512974 -0.8220658 0.04824917 -0.5673444 -0.7572963 0.4851149 -0.4372252 -0.936971 -0.3352892 0.09831791 -0.9027784 0.3145603 0.2933307 -0.8609422 -0.1035905 0.4980439 -0.3019984 0.4874731 0.8192478 -0.3813382 0.3478368 0.8564992 -0.1120573 -0.354064 0.9284837 0.2765054 0.01112584 0.960948 0.373559 -0.3805958 0.8459318 0.7058541 -0.2850465 0.6484739 0.8262746 0.07361045 0.5584369 0.8898138 -0.210981 0.4046212 0.8696601 0.4851149 -0.09140477 0.9629967 0.2224967 -0.1520942 0.7052526 -0.07811721 -0.7046393 0.4674143 0.6063305 -0.6433407 0.1080744 -0.429869 -0.8963998 -0.1948116 0.3493496 -0.916517 -0.2547542 -0.9311457 0.2608984 -0.9252264 -0.3674669 0.09446716 -0.5502803 -0.7795714 -0.2990986 0.09818277 -0.1915714 -0.9765554 0.3309294 -0.8195211 -0.4678364 0.6123077 -0.50081 -0.611775 0.5853772 -0.755403 -0.2944486 0.9866441 -0.04744164 -0.155829 0.8683908 -0.3154862 0.3825779 0.208518 0.1924328 -0.9589003 -0.9560757 -0.2875887 0.05667427 -0.942185 0.1524837 0.2983892 0.5271185 -0.2875881 0.7996493 0.6794398 0.0009572722 0.7337306 0.6671618 -0.4022647 0.6269595 0.9485928 -0.1659192 0.2695224 0.9818158 -0.1118987 -0.1533499 0.887745 -0.1040372 -0.4484253 0.6364833 -0.1044588 -0.7641842 0.6361719 -0.1050165 -0.764367 0.4908436 -0.2771305 -0.8259971 -0.2044228 0.1824201 -0.961735 -0.5767223 0.193104 -0.7937897 -0.3910442 0.4707025 -0.7909005 -0.8739526 0.4834268 -0.05005381 -0.5331518 0.7880348 -0.3078154 -0.83237 0.4490366 -0.3248482 -0.5859764 0.615023 0.5276157 -0.6166833 0.4772306 0.6260611 -0.9540353 0.1733654 0.2444609 -0.8357987 0.5490217 0.003958521 0 0.2422703 0.9702088 -0.1068252 0.4580492 0.8824847 -0.3998012 0.183883 0.8979678 0.4061142 0.3759433 0.8329093 0.3605363 0.4628967 0.8097779 0.6961828 0.3498483 0.6268457 0.6872248 0.2186414 0.6927612 0.6923888 0.600664 -0.3997506 0.5417339 0.8312843 -0.1244619 0.9054736 0.3534062 0.2349926 0.3993622 0.7337351 -0.549675 0.1487841 0.530983 -0.8342184 0.1816706 0.4863061 -0.8546942 0.4038757 0.7294217 -0.5521127 0.9482483 -0.08106278 0.3070081 0.2325552 0.3161067 0.9197797 -0.9128289 0.3161097 -0.2584918 0.0938386 0.6603075 0.7451096 -0.6922027 0.6603078 -0.2912884 -0.2721629 -0.960727 0.05413743 -0.4090429 -0.9088805 -0.08136445 -0.2096523 -0.9745995 -0.07875068 -0.3146621 -0.9256254 -0.2102504 -0.1218994 -0.9836533 -0.1325394 -0.1601365 -0.9575588 -0.2396611 -0.03156118 -0.9868272 -0.1586691 0.0298825 -0.9993848 -0.01836233 -0.01293896 -0.9977982 0.0650487 0.03162863 -0.9163191 0.3991979 -0.4382074 -0.6147107 0.6558238 -0.4199841 -0.8474792 0.3246418 -0.513668 -0.7863485 0.3432219 -0.2838351 -0.957818 -0.04496979 0.2284107 -0.9725042 -0.04543372 0.2225343 -0.9739195 0.04426479 0.02788476 -0.9985764 0.04547057 -0.04734128 -0.9983778 -0.03163244 -0.2268525 -0.9736965 0.02128546 -0.415114 -0.6646161 -0.6212615 -0.08325677 -0.780847 -0.6191496 -0.09603932 -0.8704355 -0.4828234 0.2443442 -0.8955038 -0.3719797 -0.07000932 -0.9333927 0.3519613 -0.4825613 -0.6771943 0.5554661 -0.1975343 -0.9346564 0.2956307 -0.7743954 -0.5552782 0.3032787 0.03472536 -0.9991275 -0.02320275 0.1788342 -0.9828988 0.04391177 -0.1950899 0 0.9807853 -0.1950899 0 0.9807853 -0.5555707 0 0.8314694 -0.5555704 -3.92469e-07 0.8314695 -0.8314696 -5.873711e-07 0.5555704 -0.8314696 -5.873711e-07 0.5555704 -0.9807853 -6.928514e-07 0.1950904 -0.9807853 -6.928514e-07 0.1950904 -0.9807853 -6.928515e-07 -0.1950902 -0.9807853 -6.928515e-07 -0.1950902 -0.8314697 -5.873711e-07 -0.5555702 -0.8314697 -5.873711e-07 -0.5555702 -0.5555704 -3.92469e-07 -0.8314695 -0.5555702 -0 -0.8314696 -0.1950899 0 -0.9807853 -0.1950899 -0 -0.9807853 0.1950899 0 -0.9807854 0.1950899 0 -0.9807854 0.5555702 0 -0.8314697 0.5555702 0 -0.8314697 0.8314697 0 -0.5555701 0.8314697 0 -0.5555701 0.9807853 0 -0.1950904 0.9807853 0 -0.1950904 0.9807853 -0 0.1950902 0.9807853 3.464257e-07 0.1950904 0.8314696 2.936855e-07 0.5555702 0.8314697 0 0.5555701 0.5555705 -0 0.8314695 0.5555705 0 0.8314695 0.1950899 -0 0.9807854 0.1950899 0 0.9807854 0.1356294 -0.9866062 -0.09062467 0.1356294 -0.9866062 -0.09062465 0.1599857 -0.9866062 -0.03182314 0.1599856 -0.9866062 -0.03182314 0.1599856 -0.9866062 0.03182313 0.1599857 -0.9866062 0.03182317 0.1356294 -0.9866062 0.09062465 0.1356294 -0.9866062 0.09062463 0.09062469 -0.9866062 0.1356294 0.09062466 -0.9866062 0.1356293 0.03182307 -0.9866062 0.1599857 0.03182307 -0.9866062 0.1599855 -0.03182304 -0.9866062 0.1599855 -0.03182311 -0.9866062 0.1599857 -0.09062464 -0.9866062 0.1356293 -0.09062454 -0.9866062 0.1356292 -0.1356291 -0.9866062 0.09062449 -0.1356295 -0.9866062 0.09062465 -0.1599856 -0.9866062 0.03182398 -0.1599898 -0.9866056 0.03182398 -0.1599898 -0.9866055 -0.03182479 -0.1599859 -0.9866062 -0.03182319 -0.1356296 -0.9866062 -0.09062476 -0.1356293 -0.9866062 -0.09062453 -0.09062469 -0.9866062 -0.1356294 -0.09062483 -0.9866062 -0.1356298 -0.03182321 -0.9866062 -0.1599864 -0.0318232 -0.9866062 -0.1599855 0.03182303 -0.9866062 -0.1599855 0.03182335 -0.9866062 -0.1599863 0.09062489 -0.9866061 -0.1356297 0.09062473 -0.9866062 -0.1356296 0.03816654 0.9976375 -0.05712031 0.02060657 0.994406 -0.1035959 -0.009503612 0.9976348 -0.0680768 -0.01530152 0.9969194 -0.07692571 -0.04616487 0.9965417 -0.06909067 -0.04004533 0.9985471 -0.03605698 -0.06090171 0.9973139 -0.04069318 -0.08522241 0.9962177 -0.0169518 -0.05459056 0.9984924 0.005737712 -0.06653545 0.9976962 0.01323473 -0.07441594 0.9959868 0.0497231 -0.04527631 0.9978696 0.04697148 -0.05294375 0.9954489 0.0792359 -0.01851854 0.9960254 0.08712307 -0.0180059 0.9957317 0.09052185 0.01924051 0.9957088 0.09051976 0.01738128 0.9960232 0.08738169 0.07209857 0.9945889 0.07479793 0.03043984 0.9984979 0.0455564 0.07441594 0.9959868 0.04972311 0.06729014 0.9975935 0.01671152 0.07735617 0.9968848 0.01538712 0.1109232 0.9931753 -0.03604112 0.07397577 0.9971515 -0.01471471 0.09428223 0.9919195 -0.08489216 0.05988594 0.9974029 -0.04001449 0.05697954 0.9901388 -0.1279784 -0.2006792 -0.2614536 0.9441239 -0.5818715 -0.2289856 0.7803788 -0.5976871 -0.508222 0.6200649 -0.9355397 0.08464459 0.3429296 -0.7770888 -0.624069 0.0816755 -0.807845 0.3694734 -0.4592122 -0.6176285 -0.5561211 -0.5561153 -0.4025115 0.3574873 -0.8427261 -0.1231759 -0.4542063 -0.8823402 0.03960956 0.01357544 -0.999123 0.3815324 -0.3465424 -0.8569372 0.5175875 -0.1284228 -0.8459378 0.7022552 -0.3271342 -0.6323139 0.7963361 -0.1423538 -0.5878641 0.9020626 -0.3168229 -0.2930978 0.9618776 -0.1495456 -0.2289707 0.899979 -0.3742739 0.22351 0.8334946 -0.530411 0.1547612 0.8071747 -0.2597096 0.530113 0.579974 -0.5491825 0.6016882 0.5516242 -0.2369277 0.799735 0.2004634 -0.2652544 0.943109 0.1908783 -0.2353062 0.9529935 -0.1959684 -0.2469541 0.9490048 0.07438614 -0.3967021 -0.9149285 -0.1473287 -0.1541872 -0.9769957 -0.3451567 -0.5988759 -0.722644 -0.4740437 -0.4166251 -0.7756972 -0.6716756 -0.4662963 -0.5756905 -0.4697092 -0.8596482 -0.2009434 -0.317334 -0.9417376 0.1114877 0.5177172 0.1235286 -0.8465871 0.6914318 0.3833402 -0.6123499 0.7837596 0.2299076 -0.5769432 0.9182999 0.3313119 -0.2166975 0.8483468 0.5168492 -0.1147817 0.9739203 0.1399111 0.1786171 0.833446 0.3604893 0.418826 0.8228568 0.1711437 0.5418638 0.5381278 0.3211319 0.7792899 0.5963392 0.2025069 0.7767693 0.1924064 0.2167697 0.957074 0.2007651 0.1989359 0.9592277 -0.1959618 0.2095816 0.9579533 -0.1998584 0.2196158 0.9548956 -0.5874583 0.2059095 0.7826199 -0.5736724 0.149478 0.80533 -0.7350031 0.1593641 0.6590703 -0.7174001 0.5487168 0.4292399 -0.9492987 0.3095501 0.0548693 -0.9755301 0.1814903 0.1241051 -0.9849653 0.09623102 -0.143468 0.2767923 0.3900143 -0.8782226 -0.7073378 0.6512606 -0.2748326 -0.6593542 0.5566723 -0.5053396 -0.5350841 0.6711712 -0.513044 -0.4956254 0.3142011 -0.8097118 -0.1356318 0.4478257 -0.8837738 -0.1213474 0.4792623 -0.8692425 0.3809662 -0.08482178 -0.92069 0.5310304 -0.8443012 -0.07184866 0.1425647 0.9816995 -0.126259 0.2045678 0.9678925 -0.146069 -0.01632867 0.9973404 0.07103056 0.02759631 0.9798782 0.1976794 0.06746798 0.9940189 0.08587441 -0.2064504 0.9784552 -0.001882577 -0.2377306 0.9708602 0.03024362 -0.1539498 0.9860966 0.06255376 -0.2021842 0.9718473 0.1209723 -0.1869475 0.9466658 0.2624397 -0.04099876 0.9822223 0.1831897 -0.03996529 0.9807861 0.1909486 0.04757755 0.9726574 0.2273189 0.05986402 0.9853836 0.1594848 0.1702872 0.9601056 0.2218097 0.161036 0.982563 0.09293745 0.1945766 0.9760016 0.09777929 0.1694117 0.9732173 0.1553951 -0.08049168 0.9967023 0.0102754 0.1611989 0.9689813 -0.1873242 -0.2505063 -0.964898 0.07885712 -0.2954201 -0.86452 -0.4066106 -0.3007361 -0.9378839 -0.1730081 -0.2991392 -0.9384496 -0.1727082 -0.4573583 -0.8886836 -0.0326344 0.7608742 -0.6448842 0.07207481 0.7458652 -0.6598696 0.09087025 0.2406878 -0.9606035 -0.1389611 -0.2292276 -0.9712674 0.06398752 -0.2650741 -0.9342219 0.2386738 -0.08868111 -0.975942 0.1991809 0.3381353 -0.9278119 -0.1575738 0.3289325 -0.8287538 -0.4527369 0.08512071 -0.9439715 -0.3188607 0.07951754 -0.9239725 -0.3741012 -0.09621412 -0.886481 -0.4526524 -0.1176937 -0.9457331 -0.3028812 -0.0697858 -0.9812169 0.1798425 0 -0.9166328 0.3997303 0.1850848 -0.8904668 0.4157072 0.1626056 -0.975768 0.1464107 0.4768218 -0.3553819 0.8039557 0.8319805 -0.5510473 0.06446223 0.9804317 0.1968593 0.0002720573 0.1034919 0.9946283 -0.002032242 0.09938028 0.9950495 -0.000355693 -0.3084046 0.9512537 0.001723765 0.9789948 0.2038689 -0.002583603 0.9789505 -0.2037451 -0.01199371 -0.3124829 0.9499233 0 -0.6691305 0.7431449 0 -0.6691307 0.7431448 1.219115e-07 -0.9135455 0.4067365 1.523893e-07 -0.9135455 0.4067365 1.523893e-07 -1 0 1.774277e-07 -1 0 1.774277e-07 -0.9135456 -0.4067363 1.625486e-07 -0.9135456 -0.4067363 1.625486e-07 -0.6691302 -0.7431453 1.219115e-07 -0.6691303 -0.7431452 6.095575e-08 -0.3090173 -0.9510565 3.047786e-08 -0.3090173 -0.9510564 0 0.1045289 -0.9945219 0 0.1045289 -0.9945219 -7.619465e-09 0.5 -0.8660254 -6.095573e-08 0.5000001 -0.8660253 -2.031859e-08 0.8090169 -0.5877853 -2.031859e-08 0.809018 -0.5877839 7.111328e-07 0.9720563 -0.2347478 -3.231571e-06 0.8090168 0.5877854 0.0004806136 0.8096991 0.5868452 -3.991409e-08 0.5 0.8660254 -2.031858e-08 0.4994873 0.8663211 0.0002403512 -2.491931e-06 2.052292e-05 1 1.690159e-05 1.577968e-05 1 0 0 1 0 0 1 0 0 1 0 0 1 0 0 1 0 0 1 -0 0 1 0 0 1 0 0 1 0 0 1 0 0 1 0 0 1 0 0 1 0 -0 1 1.047026e-06 -6.61035e-08 1 1.431088e-06 4.358184e-07 1 0 0 1 0 0 1 0.001961284 0.001534938 0.9999969 0.001879454 0.0004632436 0.9999982 0.001404658 -0.0002727027 0.9999989 0.001029746 0.000910572 0.999999 0.0007399074 -0.0009655323 0.9999993 3.637321e-07 9.590836e-07 1 -8.619547e-05 0.0003405982 0.9999999 0.0002452491 0.0001284131 1 0.6956453 0.6162871 0.3691445 0.8444296 0.5356666 0 0.3546045 0.9350164 0 0.1943661 0.9452115 0.2622918 -0.1205365 0.9927089 0 -0.5279433 0.7648575 0.369146 -0.5279433 0.7648579 0.3691456 -0.8854558 0.4647236 3.415727e-07 -0.9293713 0 0.3691462 -0.9293713 0 0.3691462 -0.8854558 -0.4647236 3.643442e-07 -0.5279433 -0.7648578 0.3691455 -0.6916984 -0.7221864 0 -0.1205366 -0.9927089 0 0.0374855 -0.9642602 0.2622919 0.3546045 -0.9350164 1.366291e-07 0.6956449 -0.6162867 0.3691463 0.6335459 -0.7737051 0 0.9709419 -0.2393156 0 0.9617482 -0.07901652 0.2622914 0.9709419 0.2393156 0 0 0 1 0 0 1 -0.0001265524 -0.0006344656 0.9999998 0.0005919404 -0.000104375 0.9999998 0.0005921519 0.0007844692 0.9999995 -0 0 1 0 0 1 -0 0 1 0 0 1 -0 0 1 0 0 1 -0 0 1 0 0 1 0 0 1 0 0 1 0 0 1 0 0 1 0 0 1 0 0 1 0 0 1 0 0 1 0 0 1 -0 0 1 0 -0 1 0.0001635879 1.939249e-05 1 0 0.0001550797 1 -0.0002021196 8.875669e-05 1 0 -0 1 0 0 1 0 -0 1 0 0 1 0 0 1 0 0 1 0.9848077 0.1736481 0 0.8660253 0.5000002 0 0.8660253 0.5000002 0 0.6427875 0.7660445 0 0.6427875 0.7660444 -2.572362e-08 0.3420203 0.9396926 -2.572361e-08 0.3420203 0.9396926 -2.572361e-08 0 1 0 0 1 0 -0.3420203 0.9396926 5.144722e-08 -0.3420203 0.9396926 1.028945e-07 -0.6427876 0.7660444 1.800654e-07 -0.6427875 0.7660446 0 -0.8660253 0.5000002 0 -0.8660253 0.5000002 0 -0.9848077 0.1736483 0 -0.9848077 0.1736483 0 -0.9848077 -0.1736483 0 -0.9848077 -0.1736483 0 -0.8660253 -0.5 0 -0.8660253 -0.5 0 -0.6427875 -0.7660446 0 -0.6427875 -0.7660446 0 -0.34202 -0.9396927 0 -0.34202 -0.9396927 2.572362e-08 0 -1 0 0 -1 0 0.34202 -0.9396927 0 0.34202 -0.9396927 0 0.642788 -0.7660441 -5.144722e-08 0.6427881 -0.7660441 0 0.8660252 -0.5000003 0 0.8660252 -0.5000003 0 0.9848077 -0.1736481 0 0.9848077 -0.1736481 0 0.9848077 0.1736481 0 -0 0 -1 0 0 -1 0 0 -1 -0 0 -1 0 0 -1 0 0 -1 0 -0 -1 0 0 -1 0 0 -1 0 0 -1 0 0 -1 0 0 -1 0 0 -1 0 0 -1 0 0 -1 0 0 -1 0 0 -1 0 0 -1 -0 0 -1 0 0 -1 0 0 -1 0 0 -1 0 0 -1 0 0 -1 0 0 -1 -0 0 -1 0 -0 -1 0 0 -1 0 0 -1 0 0 -1 0 0 -1 -0 0 -1 0.9709419 -0.2393155 -4.748525e-08 0.9709419 -0.2393155 -4.748525e-08 0.7485107 -0.6631227 -3.660694e-08 0.7485107 -0.6631227 -3.660694e-08 0.3546051 -0.9350162 -1.734245e-08 0.3546051 -0.9350162 -1.734245e-08 -0.1205371 -0.9927089 5.89503e-09 -0.1205371 -0.9927089 5.89503e-09 -0.5680646 -0.822984 2.778198e-08 -0.5680646 -0.822984 2.778198e-08 -0.885456 -0.4647231 4.330445e-08 -0.885456 -0.4647231 4.330445e-08 -0.9927089 -0.1205365 4.854979e-08 -0.9927089 -0.1205365 4.854979e-08 -0.9927089 0.1205365 4.854979e-08 -0.9927089 0.1205365 4.854979e-08 -0.885456 0.4647231 4.330445e-08 -0.885456 0.4647231 4.330445e-08 -0.5680647 0.8229839 2.778199e-08 -0.5680648 0.8229839 2.430924e-08 -0.120537 0.9927089 5.158149e-09 -0.120537 0.9927089 5.895027e-09 0.3546051 0.9350162 -1.734245e-08 0.3546051 0.9350162 -1.734245e-08 0.7485107 0.6631227 -3.660694e-08 0.7485107 0.6631227 -3.660694e-08 0.9709419 0.2393155 -4.748525e-08 0.9709419 0.2393155 -4.748525e-08 0 0 1 0 0 1 0 0 1 0 -0 1 0 0 1 0 0 1 0 -0 1 0 0 1 -0 0 1 0 0 1 0 0 1 0 0 1 -0 0 1 0 -0 1 0 0 1 0 0 1 0 -0 1 0 0 1 -0 0 1 0 0 1 0 0 1 -0 0 1 0.293014 -0.01131835 -0.9560411 0.2840153 4.032743e-07 -0.9588197 -0.2510489 -0.5320234 -0.8086566 0.1020637 -0.583999 -0.8053124 -0.0965653 -0.8202513 -0.5637932 -0.140939 -0.7435436 -0.6536658 -0.04685484 -0.5591374 -0.8277499 -0.3358223 -0.7957375 -0.5040091 -0.4403897 -0.7256562 -0.5286588 0.03663154 -0.9908962 -0.1295491 0.002151707 -0.4081264 -0.9129229 0.01287191 -0.4732701 -0.8808233 0.183235 -0.2288662 -0.9560571 0.06935696 -0.6476855 -0.7587445 0.1824076 -0.4818995 -0.8570299 0.1664316 -0.8432844 -0.5110496 0.1078894 -0.8881333 -0.4467427 0.6549087 0.7213314 0.2253347 0.05540763 -0.9807859 -0.1870535 0.2884388 -0.05739092 -0.9557769 0.2786757 -0.1950873 -0.940362 0.2390715 -0.5551616 -0.7966433 0.2540914 -0.4060446 -0.8778185 0.1558032 -0.8317339 -0.532864 0.132517 -0.8914215 -0.433367 0.05043735 -0.9830433 -0.1763012 0 -1 0 0 -1 0 0.005893375 -0.9998483 -0.01638919 0.004224217 -0.9994177 -0.03385732 0.0100963 -0.9997255 -0.02114305 0 -1 -0 0 -1 0 -0.7507375 -0.6606006 0.0002081427 0 -0 1 0 0 1 1 0 -6.357833e-08 1 -1.404863e-07 -7.294409e-08 1 -0 0 0 0 -1 0 0 -1 -0.724867 -0.001752063 0.6888865 -0.7335192 -0.6665383 0.1329519 -0.8079873 0.4095135 0.4236216 -0.9218851 0.3165699 0.2234081 -0.7967803 0.2899975 0.5301344 -0.7147881 0.6410061 -0.2796231 -0.930311 0.1712594 0.3243327 -0.8964388 0.2747672 0.3477075 -0.9754162 0.174517 0.1345621 -0.9760621 0.1930657 0.1001423 -0.9770995 0.05280016 0.2061281 -0.9424802 -0.006241393 -0.3342036 -0.9671463 -0.01130874 -0.2539685 -0.9757804 -0.06575 0.2086371 -0.9675792 -0.1748874 0.1822217 -0.9759908 -0.1987148 0.08918783 -0.9398959 -0.2078305 0.2709286 -0.9127443 -0.3948046 0.1050111 -0.9081137 -0.3518527 0.2270003 -0.849245 -0.3672615 0.3793442 -0.8037909 0.4063211 0.4345382 -0.06452862 0.9979159 0 -0.054346 0.9985108 -0.004757944 -0.06922738 -0.9973991 -0.02006672 -0.1579674 -0.9873813 -0.0111543 -0.2391445 -0.970246 0.03785105 -0.3030934 -0.9529599 0.001375168 -0.406468 -0.9136643 -0.001136596 -0.4857983 -0.8736345 0.02761807 -0.5195034 -0.8544533 0.005077575 -0.71046 -0.7035935 0.0142384 -0.6983473 -0.7154319 0.02163926 -0.6326554 -0.7744178 -0.004931187 -0.7519785 -0.6591851 0.001867434 -0.8239418 -0.5666726 -0.001452236 -0.8618793 -0.5069067 0.01447573 -0.9727155 -0.2319821 0.002981905 -0.9648189 -0.262692 0.01083882 -0.9375123 -0.347952 -4.715243e-05 -0.8945264 -0.4470152 6.965284e-05 -0.999914 -0.00756157 0.01071241 -0.9999604 0 0.008899869 -0.9937202 -0.111883 -0.001519814 -0.973049 0.2305845 0.002526477 -0.9959994 0.08932818 -0.00239397 -0.8619696 0.5069601 5.481378e-05 -0.8415241 0.5398815 0.01910892 -0.9002289 0.4354169 6.382534e-05 -0.9648756 0.2627073 -0.0001649584 -0.9439713 0.3289096 0.02714228 -0.7121843 0.7019925 -4.669708e-05 -0.7828754 0.5580874 0.2750357 -0.6603729 0.7499442 0.03861875 -0.6985109 0.7155987 -0.001079484 -0.5367504 0.8437121 0.006990824 -0.4858007 0.8736392 0.02742385 -0.4454943 0.8952758 0.004023714 -0.1661679 0.9859397 -0.01763776 -0.2391766 0.970376 0.0341331 -0.326969 0.9450297 -0.003179795 -0.3328351 -0.8612538 -0.3840087 0 0 -1 0 0 -1 0 0 -1 0 0 -1 0.01162677 0.01686387 -0.9997902 0.01993542 0.02042312 -0.9995927 -0.005029199 -0.001373433 -0.9999865 0.004361026 0.001190961 -0.9999898 0.007736114 0.004549927 -0.9999598 0.007341523 0.0045144 -0.9999629 0 0 -1 0 0 -1 -0 0 -1 0 0 -1 -0 0 -1 0 -0 -1 -0 0 -1 0 -0 -1 -0 0 -1 0 -0 -1 -0 0 -1 0 -0 -1 -0 0 -1 0 -0 -1 0 0 -1 0 0 -1 0.1591095 0.3615553 -0.918674 0.1906505 0.3658262 -0.9109465 0.1255902 0.7852596 -0.6062956 0.1334828 0.544608 -0.8280002 0.1765211 0.4498115 -0.8755056 0.001280014 0.6402003 -0.768207 0.007337547 0.4945935 -0.8690935 -0.1937423 0.8357882 -0.5137333 0.2843398 0.03856474 -0.9579476 0.05587431 0.9807596 -0.1870532 0.04497008 0.9855042 -0.1635823 0.155035 0.8318377 -0.5329261 0.1895779 0.7536812 -0.6293051 0.2440874 0.4442098 -0.8620319 0.2870569 0.05201601 -0.9565002 0 1 4.781497e-06 0.07982735 0.991117 0.1063704 0.01102045 0.9998046 -0.01641271 -2.237881e-06 1 2.711761e-06 -3.044172e-05 1 3.688788e-05 0.004716018 0.9999843 -0.003046304 0 0 1 0 0 1 1 0 -7.068616e-06 1 9.168101e-05 -6.357809e-08 1 0 4.785643e-05 0 0 -1 0 0 -1 -1 -0 0 -1 0 0 -1 0 0 -1 0 0 -1 0 0 -1 0 0 -0.6447521 -0.2339604 0.7277068 -0.6462915 -0.265176 0.715534 -1 0 -0 -1 0 0 -1 0 0 -1 0 0 -1 0 0 -1 0 0 -1 -0 0 -1 0 0 -1 -4.312091e-07 1.265653e-07 -0.465701 0.8716115 0.1530228 -0.2844626 -0.1084614 0.952532 0.2680474 -0.7885838 0.5534312 0.2297433 -0.7904797 0.5677674 0.2032746 -0.7336051 0.648462 0.1538574 -0.829927 0.5362359 0.005030049 -0.7916567 0.6109454 -0.09795152 -0.8617465 0.4977935 -0.1721061 -0.3610727 0.9165184 -0.0128928 -0.7710891 0.6365968 -0.1094753 -0.3658597 0.9242087 -0.2846198 -0.1176362 0.9513954 -0.2770491 -0.1729558 0.9451614 -0.1615238 -0.8309591 0.5323693 -0.05622445 -0.9807398 0.1870517 -0.1424381 -0.8782549 0.4564862 -0.09607391 -0.9019724 0.4209698 -0.066005 -0.4835262 0.8728378 0.3003995 -0.9508687 0.07489151 -0.0808876 -0.9964381 0.02383638 -0.04000341 -0.8710558 0.4895524 0 -1 0 0.04327631 -0.9929827 0.1100572 -0.00439842 -0.9999531 0.008628016 0.09948715 -0.9946702 0.02708477 -0.03006966 -0.9988083 0.03844373 0.6640508 -0.09776358 -0.7412685 0.1886357 -0.8908875 -0.4132022 0.5487679 -0.6827607 -0.4823812 0.3369505 -0.8789669 -0.3374633 0.4037344 -0.8940436 -0.1941252 -0.9147182 -0.2088135 -0.3459589 -0.4506739 -0.8633949 -0.2268088 -0.2944028 -0.9266177 -0.2338942 -0.4749979 -0.5625631 -0.6766829 0.200912 -0.901602 0.3830772 0.006159211 -0.9792469 0.2025772 -0.1383216 -0.9890335 0.05176777 0.1126945 -0.7323577 0.6715297 0.1792871 -0.690442 0.700818 0.5644435 -0.410381 0.7162338 0.444054 -0.599588 0.6658155 0.4804304 -0.6450282 0.5942436 0.4803002 -0.6804336 0.5534634 0.8353641 -0.5457826 0.06548495 0.6487445 -0.7142965 0.2625094 0.5144954 -0.8367071 0.1876591 0.7995907 -0.4149252 0.4341565 0.7144257 -0.6902046 -0.1149505 0.7578207 -0.6524283 -0.006710345 0.6706203 -0.7358622 0.09367612 0.8382904 -0.3131987 -0.4462913 0.7138099 -0.05224308 -0.6983882 0.8524491 -0.0375569 -0.5214594 0.616887 -0.7399458 -0.2681991 0.6620256 -0.7048201 -0.2548542 0.7420433 -0.6401375 -0.1989868 0.6335688 -0.7702579 -0.07275455 0.02899688 2.116691e-08 0.9995794 0.03039024 -4.289185e-05 0.9995381 0.1579478 0.0001466289 0.9874474 0.1655032 -0.0006517567 0.986209 0.3486992 0.0005969738 0.9372345 0.9848022 1.509556e-06 0.1736795 0.9625049 -5.972555e-07 0.2712641 0.9394561 -0.002419777 0.3426608 0.9188148 0.002036527 0.3946836 0.8788106 -0.0004518923 0.4771707 0.8663184 4.079929e-08 0.4994921 0.8242766 3.881933e-08 0.5661873 0.8116786 0.001425572 0.5841026 0.7317771 -0.001443962 0.6815425 0.7167608 3.375587e-08 0.6973191 0.6554229 3.086716e-08 0.7552622 0.6433274 0.0003559006 0.7655911 0.5548521 -0.001510517 0.8319477 0.532214 0.001051121 0.8466092 0.4469988 -9.679871e-05 0.8945345 0.435445 3.444734e-05 0.9002153 0.3427654 -1.902281e-06 0.9394211 0.9903811 -0.002612435 0.1383421 0.9996482 0.00158013 0.02647484 0.9999608 0 -0.00885447 0.9972451 0 -0.07417629 0.9934708 -0.0009890762 -0.1140831 0.9804327 0.00257525 -0.1968377 0.9658736 -0.001527268 -0.2590093 0.9484301 4.463526e-08 -0.3169864 0.8870125 -0.008511468 -0.4616668 0.91179 4.294078e-08 -0.4106566 0.9024556 0.003953032 -0.4307647 0.7998995 -0.0008096675 -0.6001335 0.8541459 0.03718785 -0.5187019 0.9112726 -0.03345239 -0.4104426 0.8414358 0.003175473 -0.5403478 0.7291198 0.01303757 -0.6842619 0.8692669 -0.01018144 -0.4942382 0.933011 0.02202617 -0.3591731 0.762814 -0.02697146 -0.6460553 0.63678 -0.112107 -0.7628521 -0.9999999 -2.885875e-05 -0.000372253 -1 1.415456e-05 0.0003375316 -0.9999998 2.164379e-05 0.0005645559 -1 -7.299719e-07 8.349252e-05 -1 -5.288439e-06 0.0001701086 -0.9988967 -0.003811035 -0.04680724 -0.9999958 0.002802292 -0.0008115465 -0.6431768 0.1124155 -0.7574209 0.06039161 -0.9455445 0.319841 0.5275455 0.7282309 -0.437465 0.6159173 0.253495 -0.745913 0.7481462 0.1822738 -0.6380074 0.7344685 0.6764403 -0.05463063 0.8698361 0.4613982 -0.1746336 0.6969506 0.6782333 -0.2329364 0.6783482 0.6963825 -0.2342974 0.7920883 0.4952954 -0.3567613 0.730899 0.4954634 -0.469364 0.7836295 0.6158851 -0.0813046 0.8466442 0.4756662 0.2386109 0.6714908 0.7036794 0.2322401 0.7986133 0.4945032 0.3430502 0.419772 0.7071894 0.5689242 0.5750048 0.4484696 0.684284 0.7421725 0.5045907 0.441099 0.7520715 0.4963479 0.4336209 0.3368619 0.5135673 0.7891595 0.3780124 0.4963788 0.7814824 0.4625881 0.4945014 0.7358537 0.06016661 0.6851939 0.7258714 0.02118301 0.6841552 0.7290287 0.1319236 0.8841221 0.4482458 0.1925801 0.8323967 0.5196426 0.08489567 0.8412431 0.53395 0.3267671 0.8590319 0.3940653 0.4187402 0.709035 0.5673853 0.1948537 0.9196294 0.3410481 0.3834833 0.8862414 0.2598399 0.2952621 0.9204632 0.2560618 0.5059283 0.8460891 0.1678384 0.3260142 0.9248303 0.1959685 0.5017679 0.8489601 0.1658179 0.4990126 0.863986 -0.06719182 0.5932671 0.8030592 -0.05594565 0.3452901 0.9379249 0.03273541 0.4169662 0.8983566 -0.1381834 0.530969 0.8241125 -0.1972575 0.260539 0.9442033 -0.2014936 -0.8250656 0.009827544 0.5649514 0.6347693 0.01138222 -0.7726178 0.7782885 0.01308319 -0.6277705 0.9668586 -0.1255773 0.2222942 0.9739854 -0.02682824 -0.225017 0.9645666 0.02806547 -0.2623424 0.9721366 0.1604875 0.1708635 0.8125759 0.01279087 -0.5827149 0.8589533 0.5120538 9.322143e-05 0.8566817 0.5156878 0.01275552 0.9109264 0.2384996 -0.3366466 0.870787 0.3527254 0.3425125 0.9489233 0.1969977 -0.2464478 0.9878051 -0.1012481 -0.1182788 0.9685717 -0.1307395 -0.2116036 0.704481 -0.4813492 0.5215452 0.9272079 -0.3391833 -0.1588718 0.7599282 -0.5174708 -0.3933616 0.8188217 -0.3719909 -0.4372113 0.8657022 -0.4914111 -0.09526199 0.8893668 -0.4018866 -0.2179768 0.7634053 -0.4700444 0.4430242 0.7721114 0.003385187 -0.6354782 0.321511 0.9400545 0.1137019 0.07555858 -0.9971414 0 0.04485666 -0.9988376 0.0176421 0.197933 -0.980215 0.001073298 0.2115547 -0.9772989 -0.01147165 0.3430511 -0.9393021 0.005247718 0.4438496 -0.895811 -0.02280571 0.4663336 -0.8845886 -0.005995621 0.6493187 -0.7602544 -0.01995636 0.5755535 -0.8177519 0.0044653 0.7365867 -0.6707362 -0.08690763 0.6884882 -0.7252421 0.002819536 0.8155559 -0.5786677 -0.00350022 0.7957175 -0.6053681 -0.01906041 0.9127045 -0.4080656 -0.02128678 0.932232 -0.3618563 -0.00185901 0.8587038 -0.5124714 0.0008927957 0.998831 -0.04833834 0.0003471834 0.9918427 -0.1270782 -0.009956072 0.9809798 -0.1925704 -0.02439893 0.9923932 -0.1231065 -0.0007194094 0.9507351 -0.3100045 -2.332252e-05 0.9912502 0.1315591 -0.0107433 0.992356 0.1231019 -0.008686429 0.9982811 0.05860542 -0.0003522747 0.9497988 0.3128601 -0.0008946432 0.9742614 0.2254206 0.0004346059 0.8155457 0.5786921 -0.0008702469 0.7864139 0.6172032 -0.02476851 0.9322207 0.3618902 -0.0002636144 0.9109389 0.4119399 -0.02226639 0.6493016 0.7602282 -0.02146082 0.6738959 0.7387997 -0.006272057 0.7186492 0.6953722 -0.0008639802 0.4435243 0.8958634 -0.02673944 0.3705319 0.9288141 0.003247009 0.2595918 0.9657093 -0.004227618 0.2114352 0.976747 -0.03550315 0.1215248 0.9925074 0.01268321 0.04486311 0.998948 0.009493602 0.06670368 0.9977729 0 -0.05398258 0.99748 -0.04603909 -0.02355524 0.9967203 0.07742018 0 1 0 0 1 0 -0.004760011 0.999922 0.01153896 -0.3707992 -0.06396545 0.9265076 -0.1527817 0.8101468 0.565968 -1 0 0 -1 -7.197875e-07 6.208821e-08 -1 -5.015651e-12 2.022804e-07 -1 3.96076e-07 1.162533e-07 -1 0 0 -1 0 0 -1 0 0 -1 -9.313226e-07 0 -1 0 0 -1 -0 0 -1 0 0 -1 0 0 -1 0 0 -1 0 0 -1 0 0 -1 0 -0 -1 0 0 -1 0 -0 -1 0 0 -0.05419046 0.9808511 0.1870683 -0.1713067 0.8041257 0.5692416 -0.1618224 0.830922 0.5323365 -0.2826362 0.02171552 0.9589813 -0.2905929 0.06994543 0.9542868 -0.2369897 0.5554531 0.7970619 -0.2412798 0.1106955 0.9641216 -0.2698998 0.1522939 0.9507685 -0.1244648 0.8792511 0.4598109 -0.0967075 0.7835091 0.6138087 0.01741302 0.8845699 0.4660824 0.08183067 0.8506797 0.5192763 0.07408845 0.8082532 0.5841556 0.2136441 0.8598143 0.4637624 0.2752395 0.7785962 0.5639425 0.3463237 0.9350514 0.07575379 0.5783376 0.813918 0.05534554 0.4208284 0.7219355 0.5492837 0.5263344 0.8172528 0.2346698 -0.1955137 0.2730791 0.9419141 -0.05275484 0.3646623 0.9296442 -0.04019111 0.5942448 0.8032794 -0.9802807 0.01354337 -0.1971454 -0.3382772 -0.02219655 0.9407847 0.3195811 -2.349523e-05 0.947559 0.3015787 0.08499741 0.949645 0.01169599 -0.4929046 0.8700047 -0.009307983 -0.3425057 0.9394696 -0.3749796 -0.5875788 0.7170366 -0.5657815 -0.04306318 0.8234299 -0.7565715 0.0795134 0.6490588 -0.8132395 -0.04873949 0.5798844 -0.8758007 0.001156447 0.4826715 -0.9993678 0.006570886 0.03493945 -0.9910138 -0.009245775 0.1334396 -0.9867812 0.0003098226 0.1620574 -0.9487269 -0.005595692 0.3160473 -0.9371013 -0.02532204 0.3481376 -0.9439087 0.00597157 -0.3301526 -0.789547 0.03361545 -0.6127688 -0.8568569 0.02256303 -0.5150603 -0.4960589 -0.009360583 -0.8682383 -0.5125585 -0.002130375 -0.8586497 -0.6383116 -0.002837236 -0.7697728 -0.6460811 0.001286317 -0.7632676 -0.7554484 0.008585781 -0.6551519 -0.3475009 -0.004662537 -0.937668 -0.3509181 -0.006261214 -0.9363852 -0.2015082 -0.00282516 -0.9794827 -0.1708199 0.01418615 -0.9852002 -0.03531537 0.02468197 -0.9990714 -0.04885501 2.031217e-05 -0.9988059 -0.1979831 -0.03369721 -0.979626 -0.4185098 -0.1200425 -0.9002441 -0.464262 -0.02956052 -0.8852044 -0.4703206 -0.04423879 -0.8813861 -0.6966275 -0.1132062 -0.7084451 -0.906928 -0.2577687 -0.333222 -0.9372374 -0.3210582 -0.1360427 -0.9788392 -0.1896999 -0.07673208 -0.9683 -0.05056707 -0.2446182 -0.9864573 -0.0272932 0.1617317 -0.9848595 -0.02021899 0.1721712 -0.883334 0.0130473 0.4685624 -0.5680194 0.01332919 0.8229071 -0.7099599 0.01605117 0.7040592 -0.7500825 0.05142656 0.6593419 -0.7938678 -0.006918174 0.6080509 -0.2042615 0.4080985 0.8897936 -0.05484132 -0.1627858 0.9851362 0.419094 0.01156094 0.9078692 0.2669713 -0.1217298 0.9559854 0.1361728 0.4813287 0.8658982 -0.7281792 -0.001191225 0.6853858 -0.8965022 0.0116187 0.442887 -0.8259374 0.002710205 0.5637553 -0.8889212 -0.003072356 0.4580497 -0.8838751 -0.0009469928 0.467722 -0.8039921 -0.02889119 0.5939378 -0.8690833 0.02667882 0.4939457 -0.856883 -0.02286789 0.5150034 -0.8145691 0.02658401 0.5794571 -0.7936811 0.002679728 0.6083282 -0.9943522 0.003271786 0.1060805 -0.9057363 -0.0318581 -0.4226428 -0.8332849 0.003048903 -0.5528354 -0.541258 -0.01503489 -0.8407221 -0.2848158 0.07637432 -0.9555349 -0.5054266 -0.06759642 -0.8602178 -0.2013648 0.03274302 -0.9789689 -0.2612311 -0.02701972 -0.964898 -0.1234117 0.0253155 -0.9920326 -0.01375026 -4.428111e-05 -0.9999055 -0.1738722 -0.05233776 -0.9833764 -0.333821 0.03148541 -0.9421105 -0.4857566 -0.03228937 -0.8734975 -0.6115904 0.0005317397 -0.7911744 -0.774967 -0.06074353 -0.6290758 -0.6663465 0.05526761 -0.7435912 -0.7613963 -0.004519144 -0.648271 -0.8856245 -0.04336574 -0.462373 -0.8088999 0.04688801 -0.5860737 -0.9493411 -0.08729465 -0.3018795 -0.9193977 0.0048439 -0.3932996 -0.9891036 -0.06732572 -0.1309254 -0.9604753 0.03554263 -0.2760867 -0.9873882 -0.004084575 -0.1582652 -0.9992093 -0.009783097 -0.03853727 -0.7722607 -0.005068871 -0.6352855 -0.8674983 0.02340778 -0.4968891 -0.8643401 0.0312341 -0.5019369 -0.9493744 0.01603774 -0.3137372 -0.9417682 0.01021896 -0.3361073 -0.8590462 0.009577935 -0.5118085 -0.755889 0.007234204 -0.6546599 -0.6463408 0.01570258 -0.7628873 -0.6789643 0.002013667 -0.7341685 -0.5127559 0.01757995 -0.8583544 -0.5626296 -0.003308775 -0.8267025 -0.350944 0.01932234 -0.936197 -0.4197899 -0.01021296 -0.9075637 -0.1707647 0.02011327 -0.9851065 -0.2333938 -0.008477951 -0.9723454 -0.04385911 0.003490261 -0.9990317 -0.05959417 -2.178482e-06 -0.9982227 -0.171664 0.003985921 -0.9851475 -0.2363111 -0.01756575 -0.9715187 -0.7730542 0.01679516 -0.6341177 -0.8656376 -0.00164706 -0.5006685 -0.9968042 0.006685706 -0.07960401 -0.9580043 -0.05203597 0.2819931 -0.9579366 -0.01064687 0.2867821 -0.9751765 0.01104767 0.2211534 -0.9754781 -0.002790126 0.2200787 -0.9866574 0.01381442 0.1622231 -0.8996551 0.04166995 0.4346082 -0.8882117 0.003151037 0.4594236 -0.8946068 -0.01403557 0.4466337 -0.925759 0.02155541 0.3774995 -0.926689 -0.009256186 0.3757151 -0.9483176 0.01374716 0.3170249 -0.9955299 -0.003493784 -0.09438173 -0.9963049 -0.00156962 -0.08587234 -0.9990694 0.009569618 0.04205527 -0.9966491 -0.001717752 0.08177786 -0.9993083 -0.000964783 -0.03717278 -0.980231 0.006922756 -0.197735 -0.987433 -0.001565989 -0.1580303 -0.9422807 0.01117245 -0.3346376 -0.9605408 -0.01430505 -0.2777712 -0.8817196 0.01814182 -0.4714247 -0.7989545 -0.007878536 -0.6013398 -0.6790731 0.02790518 -0.73354 -0.761229 -0.02389075 -0.6480429 -0.5627718 0.03304971 -0.8259514 -0.666973 -0.0290056 -0.7445171 -0.420025 0.03822893 -0.906707 -0.5570555 -0.04132826 -0.8294464 -0.3249821 0.01678051 -0.9455713 -0.1718211 0.003567536 -0.9851217 -0.05086429 0.0009851811 -0.9987051 -0.05082624 -9.327414e-05 -0.9987075 0.9343361 -0.06328982 -0.3507286 1 0 0 0 -1 -0 0 -1 0 -0.422691 -0.3268575 0.8452789 -0.7792621 0.06870346 0.6229209 -0.9635496 0 0.2675296 0 0 -1 0 -0 -1 -0 0 -1 -0.04529798 7.023566e-05 0.9989735 -0.04471331 -0.0003836303 0.9989998 -0.04529798 -3.713602e-05 0.9989735 0.4880084 0.7808133 -0.3901006 0.7735869 0.3958552 0.4948353 0.2810578 0.449692 -0.8478111 -0.2911329 0.5976637 0.7470206 -0 0.910028 0.4145467 0 1 -0 0 1 0 0 1 0 0.2568008 0.9459661 -0.1979937 -0.3231162 0.9079155 -0.2669934 0 1 -0 0 -1 0 -0.3188569 -0.9126081 -0.2558844 0 -0.910028 0.4145467 0.2551145 -0.9474112 -0.1932056 0 -1 0 0 -1 0 0 -1 0 -0.990868 -0.04419381 0.1273876 0.1547963 -0.01087565 -0.9878865 0.3167389 -0.1821046 -0.9308675 0.7715511 0.267013 0.5774192 -0 0.9100286 0.4145454 0 1 -0 0 1 0 0 1 0 0.2567999 0.9459664 -0.197993 -0.3231152 0.907916 -0.2669925 0 1 -0 6.211673e-06 -1 5.392508e-06 -0.3307422 -0.8989819 -0.2871256 0 -0.910028 0.4145467 0.2568008 -0.9459661 -0.1979937 0 -1 0 -0 -1 0 1.293075e-05 -1 3.960628e-06 0.7411041 -0 0.6713902 -0.9921588 0.09529044 0.08087456 0.3220673 -0.0189544 -0.9465271 0.3378997 0 -0.9411821 0 0 1 -0 0 1 0 0 1 -0.01500443 0.002273837 0.9998848 -0.007989611 0.0002141664 0.9999681 -0.3550829 0.3651393 0.8605751 -0.3024298 0.3310592 0.8938321 -0.3444423 0.3284701 0.8794696 -0.04565722 0.01904744 0.9987755 -0.06297911 -0.02590606 0.9976785 -0.2068205 -0.1683087 0.9637932 -0.0945436 -0.1199704 0.9882654 -0.3624351 -0.3479551 0.8646201 -0.179846 -0.2711019 0.9455999 -0.5334495 -0.7656943 0.3593661 -0.5263568 -0.6479944 0.5505014 -0.6906274 -0.638593 0.3394597 -0.5513021 -0.3953169 0.7347044 -0.6606233 -0.381352 0.6466432 -0.6087124 -0.2256921 0.760613 -0.5549047 -0.1871123 0.8105983 -0.6953562 -0.1109658 0.7100467 -0.5626732 0.003490202 0.8266721 -0.5722681 0.0004958936 0.8200665 -0.7175869 0.1251603 0.6851305 -0.5850635 0.2169238 0.7814376 -0.6056699 0.2181421 0.7652307 -0.660623 0.381352 0.6466435 -0.4895425 0.3995021 0.7750783 -0.3844965 0.1766315 0.9060705 0.396816 0.8291414 -0.3937785 -0.2009037 -0.8996391 0.3876688 -0.2860513 -0.7898979 0.5424353 -0.3647377 -0.8851975 0.2887765 -0.2910982 -0.1897322 0.9376905 -0.289339 -0.1766098 0.9407932 -0.2903805 -0.1871285 0.938436 -0.2853905 -0.1733209 0.9426092 -0.4437768 -0.6772051 0.5869032 -0.04486512 0.9989931 0 -0.1341675 0.989873 0.04637339 -0.5318424 0.8254584 0.1891086 -0.4428307 0.8937556 -0.07142673 -0.3414994 0.9306614 0.1313295 -0.2114911 0.9770052 -0.02706161 -0.642538 0.7523146 0.1454912 -0.6347884 0.7533991 0.171562 -0.7354264 0.6421031 0.2164526 -0.8141085 0.577641 -0.05965018 -0.8560723 0.4941773 0.151423 -0.9872993 0.0061241 0.1587532 -0.9912843 0.1229692 -0.04726562 -0.9786637 0.1706969 0.1143669 -0.9302483 0.3610859 0.06523076 -0.9375981 0.3476329 -0.007824231 -0.9858432 -0.1573222 -0.05798981 -0.9844979 -0.1221274 0.1258918 -0.9353825 -0.3468114 0.06914792 -0.9322125 -0.3618483 0.00676336 -0.8560725 -0.4941771 0.1514228 -0.8141084 -0.577641 -0.05965099 -0.7059133 -0.6495558 0.2824246 -0.5420313 -0.7942138 0.2746387 -0.6480324 -0.7587489 -0.06598552 -0.4438002 -0.8957109 -0.02726392 -0.3420754 -0.930602 0.1302475 -0.2113766 -0.9764764 -0.04258951 -0.04470226 -0.9953996 0.08474291 -0.1018021 -0.9948046 0 0 0 -1 0 -0 -1 -0 0 -1 0 -0 -1 -0 0 -1 0 -0 -1 -0 0 -1 0 -0 -1 -0 0 -1 0 -0 -1 -0 0 -1 0 0 -1 -0 0 -1 0 0 -1 0 0 -1 0 0 -1 0 0 -1 0 0 -1 0 0 -1 0 0 -1 0 0 -1 0 0 -1 0 0 -1 0 0 -1 0 0 -1 0 0 -1 0 0 -1 -0.01674426 -0.9953518 0.09483903 -0.04948626 -0.9810901 0.1871186 -0.1609918 -0.8310323 0.5324161 -0.2754489 -0.1730386 0.9456139 -0.275303 -0.1711286 0.9460039 -0.2859065 -0.03369946 0.9576648 -0.3772672 0.8432556 0.3828699 -0.2584896 0.768043 0.5859121 -0.2170987 0.8325419 0.509649 -0.2969489 0.4621708 0.8355953 -0.4185815 0.2745418 0.8656883 -0.2950787 0.108082 0.9493402 -0.4279479 0.666374 0.6105787 -0.2354358 0.04670369 0.9707671 -0.2831163 0.0008761824 0.9590851 -0.2756401 0.06382839 0.9591395 -0.2797149 0.1950254 0.9400663 -0.2516297 0.5533442 0.7940357 -0.06613997 0.9820868 0.1764391 -0.1512767 0.8323297 0.5332379 -0.0554083 0.9807854 0.1870558 -0.08911389 0.9776127 0.1906095 -0.4531032 0.106116 0.8851197 -0.7197199 0.414473 0.5569698 -0.8421395 0.5054632 0.1879039 -0.8682881 0.4903852 0.07482023 -0.1264604 0 0.9919717 -0.3788077 0.1331248 0.9158507 -0.1264602 -6.030092e-09 0.9919717 -0.2212123 -0.02173249 0.9749835 -0.3991683 0.03465486 0.9162225 -0.5116373 -0.02996113 0.858679 -0.7712519 -0.3150755 0.5530805 -0.8780784 -0.4365674 0.1959268 -0.455676 -2.172833e-08 0.8901457 -0.511867 0.0006988195 0.8590644 -0.7908474 -0.00029991 0.6120132 -0.8126424 0 0.5827626 -0.9759997 0 0.2177717 -0.9759988 -4.653925e-08 0.2177759 -0.7601731 0.6497205 0 -0.4175056 0.9049242 0.08247034 -0.2785563 -0.9429427 0.1823884 -0.8247352 -0.559303 0.08361806 -0.9044247 -0.4266332 0 -1 -4.768372e-08 0 -1 -4.768372e-08 0 -0.7435405 0.6521302 0.1478977 -0.560865 0.7273921 0.3953874 -0.8377683 -0.5199763 0.1666406 -0.7075529 -0.5005708 0.4987964 -0.9807857 -4.678321e-08 0.1950882 -0.9807857 -4.678321e-08 0.1950882 -0.817323 -3.894325e-08 0.5761799 -0.817323 -3.894325e-08 0.5761799 -0.9650366 0.1784833 0.1919584 -0.5608693 0.72739 0.3953853 -0.9664684 0.1725941 0.1901318 -0.7374463 0.636928 0.2247125 -0.4020695 0.9131393 0.067207 0 1 0 0 1 0 0.0002208558 0.9999487 0.01012172 0 1 0 -0 1 0 -0 -1 0 0 -1 0 0 -1 0 0 -1 -0 -0.01082988 -0.9999403 0.001421675 -0.3751391 -0.9216452 0.0992005 -0.9312971 -0.3136386 0.1852472 -0.1748158 -0.978957 -0.1052741 -0.6290783 -0.7283542 0.2715888 -0.9220749 -0.1653383 0.3499161 -0.7075555 -0.500569 0.4987943 -0.9807852 -9.353497e-08 0.195091 -0.9807852 -9.353497e-08 0.195091 -0.8173251 -7.79462e-08 0.5761768 -0.8173264 -3.897317e-08 0.5761749 -1 -4.768372e-08 0 -1 -9.536744e-08 7.666598e-08 -0.9901867 -0.1397508 0 -0.1757926 -0.9844272 9.963951e-05 -0.8897549 -0.456438 0.0007458365 -0.9476981 -0.319162 -0.002003649 -0.4230877 -0.9060833 0.003119157 -0.653643 -0.7567955 -0.003377958 -0.9592542 0.2825443 7.35014e-08 -0.984423 0.1758005 0.002349771 -0.7568013 0.6536447 0.0005852068 -0.7328161 0.6804247 0.001646735 -0.5149788 0.8572027 -0.0006548049 -0.2711634 0.9625307 0.002257918 -0.9815812 -4.622759e-08 0.1910457 -0.9184123 0.3921911 0.05200981 -0.9963407 -4.725223e-08 0.08547107 -0.9963406 -4.784289e-08 0.08547106 -0.9352828 -0.3493812 0.05638 -0.06270298 -2.952981e-09 0.9980322 -0.06269002 -8.670149e-07 0.998033 -0.1971898 1.014028e-06 0.9803653 -0.1971768 -9.286045e-09 0.980368 -0.2999801 -1.412757e-08 0.9539455 -0.2994172 -2.079331e-05 0.9541223 -0.4263196 1.705793e-06 0.9045726 -0.4263051 -1.882205e-08 0.9045795 -0.5197862 -2.294938e-08 0.8542964 -0.5197858 -2.447933e-08 0.8542966 -0.610257 -2.874007e-08 0.7922035 -0.6102571 -2.155506e-08 0.7922034 -0.7093188 -2.505404e-08 0.7048879 -0.7093194 0 0.7048872 -0.7800273 0 0.6257457 -0.7800269 -3.673539e-08 0.6257459 -0.8575352 -4.038565e-08 0.5144252 -0.8575352 -4.038565e-08 0.5144252 -0.9072245 -4.272577e-08 0.4206466 -0.9072242 -8.54515e-08 0.4206473 -0.9558055 -9.002737e-08 0.294 -0.9558058 0 0.293999 -0.9815808 0 0.1910478 -0.223838 -0.9091867 0.3511071 -0.179685 -0.9083166 0.3777226 -0.201231 -0.8690255 0.4519965 -0.1530068 -0.8696683 0.4693249 -0.1105536 -0.8297723 0.5470428 -0.1233144 -0.8041443 0.5815028 -0.02892185 -0.8872625 0.4603574 -0.1875249 -0.9206288 0.3424574 0.6997016 0.4016129 -0.5908679 -0.3832189 -0.9127174 0.1417398 -0.384729 -0.9092036 0.1591614 -0.4023023 -0.9083158 0.1145218 -0.4023012 -0.9083164 0.1145213 -0.4124392 -0.909133 0.05806119 -0.5126337 -0.8583947 0.01910971 -0.4296108 -0.9030115 -0.002181011 -0.8537496 -0.4934577 0.1661658 -0.8694204 -0.4912544 0.05269939 -0.8686197 -0.4927061 0.05235012 -0.7852228 -0.5701654 0.2415297 -0.8376364 -0.4914352 0.2384467 -0.7892795 -0.4930631 0.3659599 -0.6678095 -0.6369199 0.3851798 -0.6714494 -0.6220227 0.4027946 -0.6112442 -0.6212417 0.4903461 -0.580314 -0.6510575 0.489244 -0.5565925 -0.6198934 0.5531157 -0.5015829 -0.6191077 0.6042519 -0.5314826 -0.4914321 0.6899426 -0.4520711 -0.4935363 0.7430031 -0.3815058 -0.5042053 0.7747454 -0.3879664 -0.4145281 0.8231941 -0.2727707 -0.4161502 0.8674187 -0.1521925 -0.590995 0.7921883 -0.1546473 -0.6204374 0.7688574 -0.05572012 -0.4599054 0.886218 -0.4894451 0.8581392 0.1550508 -0.3847316 0.9092023 0.1591625 -0.3847503 0.9092025 0.1591164 -0.2866383 0.9489622 -0.1315644 -0.6038354 0.7970927 -0.005090752 -0.3823248 0.9145529 0.1319876 0.7005783 -0.3890136 -0.5982127 -0.2567814 0.8725662 0.4155616 -0.2653464 0.869687 0.4162161 -0.2206212 0.8688906 0.4431201 -0.199329 0.8858287 0.4190171 -0.1431186 0.8870182 0.4389942 -0.1043759 0.864204 0.4921961 -0.09717753 0.790112 0.6052104 -0.03846576 0.7897121 0.6122704 -0.2084288 0.2496312 0.9456436 -0.5530502 0.626164 0.5495945 -0.4767449 0.6242561 0.618885 -0.6242471 0.4092262 0.6654693 -0.4725924 0.4163465 0.7767316 -0.426991 0.4266224 0.7972904 -0.5823207 0.6653414 0.4671438 -0.6010737 0.6092862 0.5171853 -0.6785407 0.6114687 0.4070486 -0.6742222 0.6305009 0.3845687 -0.7892783 0.493065 0.36596 -0.8320166 0.4921911 0.2559224 -0.7406951 0.6466984 0.1820769 -0.761505 0.6309855 0.1482138 -0.7752091 0.6289723 0.05869225 0.124314 -0.7017087 0.7015346 1 3.776928e-08 -3.775992e-08 1 4.709474e-08 1.883844e-07 1 0 9.536725e-07 1 7.785098e-08 7.785083e-08 0.01463303 0.7070318 0.7070304 0.04883847 0 0.9988067 0.04883847 0 0.9988067 0.04883846 0 0.9988067 1 0 0 1 0 0 -0.3636963 -0.5819135 -0.7273937 0 -1 0 0 1 -0 0 1 0 0 1 0 0 0 -1 0 0 -1 0 0 -1 -1 -0 0 -1 0 0 -0.5299984 -0.8479986 0 -0.03815417 -0.6242398 0.7803006 -1 -0 0 0.9960833 0.0879852 -0.00875312 0.9927221 -0.1201363 0.008369336 0.9984956 3.564121e-05 -0.0548315 0.6097913 0 0.7925621 0.6097913 -0 0.7925621 0.8123924 0 0.5831111 0.8123924 -0 0.5831111 0.9460079 0 0.3241436 0.9269938 -0.2583526 0.2719127 0.9949064 0.03946998 0.09275337 0.6097913 0 0.7925621 0.6097913 -0 0.7925621 0.8123924 0 0.5831111 0.8123924 -0 0.5831111 0.9505446 0 0.3105882 0.9408266 0.1045182 0.3223683 0.9816487 -0.1642096 0.09695917 0.06270117 4.881346e-09 -0.9980323 0.04883821 -0.002913664 -0.9988025 0.2074463 0.004517328 -0.978236 0.2074479 -0.002191576 -0.9782436 0.04883837 0.001413568 -0.9988056 0.06270117 2.2956e-09 -0.9980323 0.1938462 0 -0.9810319 0.1938463 8.699586e-09 -0.981032 0.3099585 1.391056e-08 -0.9507501 0.3099585 1.391056e-08 -0.9507501 0.429577 1.92789e-08 -0.9030302 0.429577 1.92789e-08 -0.9030302 0.5375698 2.412548e-08 -0.8432193 0.5375697 2.261764e-08 -0.8432193 0.6238981 2.624981e-08 -0.7815056 0.6238623 -3.879471e-06 -0.7815343 0.7312185 2.45916e-06 -0.6821433 0.7311884 3.281485e-08 -0.6821755 0.7991124 3.58632e-08 -0.6011816 0.799179 5.201254e-06 -0.6010932 0.8783374 1.404451e-06 -0.478041 0.8783303 0 -0.4780543 0.9240481 0 -0.3822764 0.9240481 0 -0.3822764 0.9617897 0 -0.2737892 0.9617899 6.641928e-08 -0.2737885 0.9903569 2.629476e-05 -0.1385394 0.9902361 4.44406e-08 -0.1394007 0.9985316 4.469198e-08 -0.05417177 0.4935316 0.8697278 -0.000112242 0.9092069 0.4163409 0.001756266 1 -1.898644e-07 1.525531e-07 1 0 -1.531922e-07 0.4935414 -0.8697223 -0.0002990054 0.9092095 -0.4163357 0.001664694 0.9440332 0.2711812 -0.1877818 0.8857082 -0.4055743 -0.2258993 0.4887806 -0.8613328 -0.138562 0.2420516 -0.9557705 -0.167074 0.8229873 3.898407e-08 -0.5680597 0.8229865 7.796807e-08 -0.5680609 0.980785 9.356665e-08 -0.1950923 0.9807856 0 -0.1950885 0.4845756 0.8539451 -0.1896421 0.6235679 0.6526159 -0.4304135 0.8946946 0.4096955 -0.1779641 0.9110841 -0.2932412 -0.289716 0.3057733 -0.9406399 -0.1473067 0.6114184 0.7344444 -0.2945485 0.9009066 4.295858e-08 -0.434013 0.9009084 8.591732e-08 -0.4340093 1 9.536744e-08 -0 1 9.536744e-08 0 0.4589074 -0.8884841 0 0.8579054 0.4768183 -0.1914221 0.8165296 -0.5656165 -0.1155737 0.7781555 -0.1784453 -0.6021888 0.3087537 0.735464 -0.6031284 0.6538941 -0.4100878 -0.635807 0.9759987 9.322947e-08 -0.2177764 0.9759995 0 -0.2177722 0.8520632 0 -0.5234389 0.7908482 0.00119965 -0.6120112 0.717616 0 -0.696439 0.455683 0 -0.8901421 0.4556821 2.223813e-08 -0.8901426 0.7160915 0.6980065 0 0.4311417 0.9004341 -0.05775172 0.5111153 0.1783554 -0.8408034 0.4555531 0.02386532 -0.8898886 0.6570636 0.4020447 -0.6376736 0.7601639 0.5856634 -0.2813349 0.836481 -0.1903706 -0.5138664 0.7292694 0.6645956 -0.1627232 0.2066037 -0.5942756 -0.7772717 0.01059323 -0.9956158 -0.09293488 0.05540778 -0.9807858 -0.1870535 0.05513234 -0.9812014 -0.184944 0.2436835 -0.609744 -0.7542086 0.1442498 -0.8332101 -0.5338098 0.2361494 -0.5555703 -0.7972297 0.2341262 -0.5688248 -0.7884309 0.2868491 -0.1945974 -0.9380029 0.3831283 -0.9236935 -0.001733532 0 -1 0 0 -1 0 0 -1 0 0 -1 0 0 -1 0 0 -1 -0 0.006765987 -0.9998769 0.01415536 0 0 1 0 0 1 -1 0 9.431195e-08 -1 3.107758e-07 6.357833e-08 -1 0 0 0 0 -1 0 0 -1 1 9.313226e-07 0 1 7.197875e-07 -6.208821e-08 1 0 0 0.9999983 0 0.001832866 0.9999661 -0.008231804 0 0.9955308 0.00812599 0.09408733 1 0 -2.022649e-07 1 -3.960598e-07 -1.162485e-07 1 0 0 1 -0 0 1 0 0 1 0 0 1 0 0 1 0 0 1 0 0 1 0 0 1 0 0 0.9998766 0.01571288 -0 0.9955078 0.006035992 0.0944864 0.2324038 -0.04697433 -0.9714844 0.3090609 -0.03114812 -0.950532 0.2834857 -0.0004873845 -0.9589763 0.262245 -0.2286275 -0.9375271 0 1 0 -0 1 0 -0.378171 0.8767112 -0.2972612 0.3176022 0.9048731 -0.2834318 0 0.9446456 0.3280926 0 1 -0 0 1 0 -0.3635049 -0.8920293 -0.2686036 0 -1 0 0 -0.9446456 0.3280926 0.2972108 -0.9246232 -0.2381967 -0 -1 0 0 -1 0 0 -1 0 -0.9438288 -0.04627462 0.3271786 -0.05222512 -0.06615924 -0.9964414 0.28699 -0.3788971 -0.8798146 0.7062047 0.42823 0.5638209 0.2470352 -0.6907154 -0.6796219 0.294997 -0.7894554 -0.5382721 0.3667918 -0.5805219 -0.7269512 0.3529732 -0.3291362 -0.8758307 0.3439323 -0.1811597 -0.9213532 0.4823816 0.8674901 0.1215279 0.5490415 0.8316967 -0.08266813 0.6680611 0.737957 -0.0954662 0.6952097 0.7122176 0.09710518 0.9648713 0.262706 -0.002992647 0.896487 0.3195599 -0.3069078 0.8614 0.5066253 0.03634137 0.8099076 0.5398629 -0.2293419 0.9545876 0.1237509 -0.2710135 0.9929875 0 0.1182199 0.9940833 -0.06586263 -0.08637413 0.9642767 -0.2625441 -0.03522626 0.9580349 -0.2789737 0.06589887 0.8846183 -0.4498585 -0.1227916 0.8569087 -0.5039839 0.1082026 0.7854927 -0.5949164 -0.1705159 0.4501464 -0.8913172 -0.05405179 0.4850562 -0.8723004 0.06174491 0.5218009 -0.8515914 -0.05015865 0.6968073 -0.7138529 -0.06981079 0.6796242 -0.7292021 0.07984548 0.3381357 -0.9396719 -0.05177999 0.2385873 -0.967985 0.07798144 0.1721275 -0.9850726 0.002036869 0.05434526 -0.9985204 -0.001881202 0.01830758 -0.9993892 -0.02976685 0.05434521 0.9984964 -0.00718317 0.06256171 0.9980412 -0 0.4213653 0.9020682 -0.09340373 0.2389827 0.9695894 0.05276038 0.220551 0.9753007 0.01207854 0.2576939 0.4202973 -0.8700253 0.4078146 0.5061322 -0.7599456 0.3375961 0.7510257 -0.5674411 0.2737449 0.4681096 -0.8402006 0.2475587 0.1992942 -0.9481543 0.333645 0.1249866 -0.9343764 -0.003202715 -0.214675 -0.9766803 0.2493879 0.03532095 -0.9677593 0.1264616 0 -0.9919715 0.1264614 6.18614e-09 -0.9919715 0.2098176 -0.05420597 -0.9762368 0.2987286 0.4433496 -0.845105 0.3545282 -0.5261655 -0.7729551 0.4207628 -0.4711393 -0.7752331 0.4726252 -0.5144355 -0.7155288 0.4685117 -0.2633097 -0.8433059 0.1244613 -0.09426449 -0.9877366 0.3066706 -0.1559525 -0.9389526 0.1783986 -0.008290756 -0.9839234 0.4387677 0.05688099 -0.8967984 0.4745989 0.2156291 -0.8533815 0.2688422 0.1078686 -0.957125 0.6387315 0.4257615 -0.6408972 0.3501262 0.3460518 -0.8704366 0.4270029 0.4544309 -0.7817678 0.3612596 0.5106723 -0.7801957 0.3274335 -0.0460056 -0.9437535 0.4932456 -0.1256851 -0.8607624 0.3383442 -0.474745 -0.8124902 0 0 -1 0 0 -1 0 0 -1 -3.941581e-07 -3.697578e-08 -1 -1.091161e-07 -4.95758e-08 -1 0.002500417 -0.0006273488 -0.9999967 0.2842748 0.02457255 -0.9584279 0.05540911 0.980785 -0.187058 0.1524882 0.8370739 -0.525409 0.263564 0.4418685 -0.8574883 0.261557 0.04847662 -0.9639699 0.3079095 0.25 -0.9179825 0.05230965 0.9851749 -0.1633834 0.1539091 0.831986 -0.5330209 0 1 -0 0 1 0 0 1 -0 0 1 0 0 1 0 0.002416249 0.9993303 -0.03651453 0.01002495 0.9997298 0.02097355 -0 1 0 0.3715076 0.9284284 -0.001680986 0 0 1 0 0 1 1 0 0 1 -0 0 1 0 -2.022649e-07 1 3.960598e-07 -1.162485e-07 0.3619179 -0.1917527 0.9122754 0.3208945 -1.806482e-06 0.947115 1 -0 0 1 0 0 1 0 0 1 0 0 1 -0 0 1 0 0 1 0 0 1 0 0 1 0 0 1 0 -0 1 0 0 1 0 0 0.8690498 -0.4935088 0.0346619 -1 -0 0 -1 -3.107763e-07 6.357833e-08 -1 0 9.431195e-08 0 0 -1 0 0 -1 -0.3829964 -0.8653655 -0.3231972 0 -1 0 0 -0.9348672 0.3549977 0.2892758 -0.9224075 -0.2558982 0 -1 0 -0 -1 0 0 -1 0 0 1 0 -0 1 0 -0.3729406 0.8775136 -0.3014719 0.2892748 0.922408 -0.2558974 0 0.9348676 0.3549965 0 1 -0 0 1 0 0.3628333 -0.04665015 -0.9306856 0.3983104 0 -0.9172508 0.5680636 -0 0.8229846 -0.9824673 0.09820112 0.1584758 -8.687089e-06 -0.8303896 -0.5571831 0.6752267 -0.7376104 -7.932652e-06 -0.8445086 0.2215154 0.4875818 -6.49713e-05 -1 -1.017248e-05 3.771632e-05 -1 -3.798802e-05 2.367591e-05 -1 -1.366928e-05 0.8660256 4.004394e-08 0.4999996 0.8660251 8.008792e-08 0.5000004 0 0 1 0 -0 1 -0.8660256 -4.004394e-08 0.4999996 -0.8660256 -4.004394e-08 0.4999996 -0.8660263 -4.004398e-08 -0.4999986 -0.8660262 -4.004405e-08 -0.4999985 0.8660257 4.004402e-08 -0.4999994 0.8660257 4.004395e-08 -0.4999994 0 0 -1 0 0 -1 -2.532821e-06 1 9.350663e-07 -2.475998e-06 1 1.113613e-06 0 1 0 0 1 0 -0 1 0 -1.987055e-06 1 -1.395907e-06 0 1 -0 0 1 0 -0 1 0 -0.7854955 0.02756619 -0.6182532 -0.1202328 0.07132879 0.9901799 0.9368132 0.05260439 -0.3458525 0.3881196 -0.6303738 -0.6723034 0.4484329 -0.8554812 0.2589591 -0.8610293 0.1072527 0.4971171 -5.175677e-05 -1 -9.536669e-06 3.689038e-05 -1 -3.846478e-05 2.202416e-05 -1 -1.271569e-05 0.8660247 4.004385e-08 0.5000012 0.8660248 4.004394e-08 0.5000012 0 0 1 0 -0 1 -0.8660249 -4.004391e-08 0.500001 -0.866025 -3.003294e-08 0.5000008 -0.8660263 -3.003298e-08 -0.4999984 -0.8660263 -3.003305e-08 -0.4999984 0.8660259 4.004396e-08 -0.4999992 0.8660259 4.00439e-08 -0.4999992 0 0 -1 0 0 -1 0 1 0 0 1 0 0 1 0 0 1 -0 -0 1 0 0 1 0 0 1 0 -0 1 0 0 1 0 0.03581774 0.0533187 -0.9979349 -0.9626384 0.07332303 0.2606742 0.7513078 0.02346605 0.6595346 -0.8701057 0.08280148 -0.48586 -0.5239977 -0.06116792 -0.8495203 0.8740584 0.05797175 0.4823496 0.5233247 -0.04706272 0.8508328 -0.4799502 -0.003953634 0.8772869 -0.3538516 0.02035955 0.93508 0.47851 -0.0326203 -0.877476 0.3568046 0.007845961 -0.934146 0.1340748 -0.0306414 -0.9904974 0.5753754 0.1030108 -0.8113766 -0.1336651 -0.07080356 0.9884941 -0.581965 0.02339648 0.8128772 -0.4875657 -0.09427711 0.8679813 0.9918289 -0.1226621 0.03506346 -0.5289066 -0.09709817 -0.8431072 -0.05087529 0.9978881 -0.0403873</float_array>
          <technique_common>
            <accessor count="2462" source="#cubenormals-array0-array" stride="3">
              <param type="float" name="X"/>
              <param type="float" name="Y"/>
              <param type="float" name="Z"/>
            </accessor>
          </technique_common>
        </source>
        <vertices id="cubeverts-array0-vertices">
          <input semantic="POSITION" source="#cubeverts-array0"/>
        </vertices>
        <triangles count="2462" material="ref_link_1_s_stl">
          <input offset="0" semantic="VERTEX" source="#cubeverts-array0-vertices"/>
          <input offset="1" semantic="NORMAL" source="#cubenormals-array0"/>
          <p>687 0 844 0 794 0 794 1 844 1 932 1 794 2 932 2 1007 2 1007 3 799 3 794 3 799 4 1007 4 1033 4 799 5 1033 5 1008 5 633 6 295 6 321 6 321 7 687 7 633 7 687 8 321 8 444 8 687 9 444 9 577 9 687 10 577 10 724 10 844 11 687 11 724 11 799 12 1008 12 933 12 847 13 799 13 933 13 847 14 697 14 799 14 697 15 847 15 743 15 697 16 743 16 580 16 580 17 633 17 697 17 633 18 580 18 447 18 633 19 447 19 322 19 295 20 633 20 322 20 633 21 670 21 626 21 633 22 626 22 666 22 666 23 697 23 633 23 697 24 666 24 761 24 761 25 799 25 697 25 799 26 761 26 806 26 806 27 794 27 799 27 794 28 806 28 795 28 795 29 687 29 794 29 687 30 795 30 752 30 687 31 752 31 670 31 670 32 633 32 687 32 1031 33 1008 33 1033 33 1008 34 1031 34 1004 34 1004 35 933 35 1008 35 933 36 1004 36 929 36 929 37 847 37 933 37 847 38 929 38 845 38 845 39 743 39 847 39 743 40 845 40 739 40 739 41 580 41 743 41 580 42 739 42 578 42 578 43 447 43 580 43 447 44 578 44 445 44 445 45 322 45 447 45 322 46 445 46 318 46 318 47 295 47 322 47 295 48 318 48 296 48 296 49 321 49 295 49 321 50 296 50 317 50 317 51 444 51 321 51 444 52 317 52 442 52 442 53 577 53 444 53 577 54 442 54 575 54 575 55 724 55 577 55 724 56 575 56 721 56 721 57 844 57 724 57 844 58 721 58 842 58 842 59 932 59 844 59 932 60 842 60 928 60 928 61 1007 61 932 61 1007 62 928 62 1003 62 1003 63 1033 63 1007 63 1033 64 1003 64 1031 64 220 65 626 65 670 65 666 66 261 66 354 66 261 67 666 67 220 67 220 68 666 68 626 68 220 69 670 69 957 69 957 70 145 70 220 70 145 71 957 71 956 71 145 72 956 72 143 72 752 73 957 73 670 73 957 74 752 74 795 74 795 75 1027 75 957 75 666 76 354 76 538 76 684 77 666 77 538 77 666 78 684 78 761 78 761 79 684 79 838 79 761 80 838 80 943 80 943 81 806 81 761 81 806 82 943 82 1103 82 806 83 1103 83 1077 83 1077 84 795 84 806 84 795 85 1077 85 1059 85 1027 86 795 86 1059 86 1058 87 1077 87 1076 87 1077 88 1058 88 1059 88 1026 89 1059 89 1058 89 1059 90 1026 90 1027 90 955 91 1027 91 1026 91 1027 92 955 92 957 92 1102 93 1077 93 1103 93 1077 94 1102 94 1076 94 942 95 1103 95 943 95 1103 96 942 96 1102 96 262 97 220 97 221 97 220 98 262 98 261 98 355 99 261 99 262 99 261 100 355 100 354 100 539 101 354 101 355 101 354 102 539 102 538 102 683 103 538 103 539 103 538 104 683 104 684 104 837 105 684 105 683 105 684 106 837 106 838 106 942 107 838 107 837 107 838 108 942 108 943 108 221 109 145 109 144 109 145 110 221 110 220 110 928 111 955 111 1003 111 842 112 955 112 928 112 955 113 842 113 954 113 721 114 954 114 842 114 721 115 135 115 954 115 135 116 721 116 575 116 575 117 144 117 135 117 1026 118 1003 118 955 118 1003 119 1026 119 1058 119 1058 120 1031 120 1003 120 1031 121 1058 121 1076 121 1076 122 1004 122 1031 122 1004 123 1076 123 1102 123 1102 124 929 124 1004 124 929 125 1102 125 942 125 942 126 845 126 929 126 845 127 942 127 837 127 837 128 739 128 845 128 739 129 837 129 683 129 683 130 578 130 739 130 578 131 683 131 539 131 539 132 445 132 578 132 445 133 539 133 355 133 355 134 318 134 445 134 318 135 355 135 262 135 262 136 296 136 318 136 296 137 262 137 221 137 221 138 317 138 296 138 317 139 221 139 144 139 317 140 144 140 442 140 144 141 575 141 442 141 143 142 142 142 135 142 135 143 145 143 143 143 145 144 135 144 144 144 142 145 139 145 138 145 138 146 135 146 142 146 955 147 956 147 957 147 956 148 955 148 954 148 954 149 959 149 956 149 959 150 954 150 958 150 142 151 173 151 175 151 173 152 142 152 174 152 271 153 173 153 174 153 173 154 271 154 274 154 271 155 516 155 274 155 516 156 271 156 600 156 516 157 600 157 668 157 668 158 600 158 747 158 747 159 748 159 668 159 748 160 747 160 669 160 669 161 572 161 748 161 572 162 669 162 514 162 514 163 272 163 572 163 272 164 514 164 273 164 273 165 175 165 272 165 175 166 273 166 176 166 142 167 175 167 176 167 216 168 138 168 139 168 138 169 216 169 215 169 216 170 583 170 214 170 747 171 956 171 959 171 143 172 271 172 174 172 143 173 174 173 142 173 216 174 176 174 273 174 176 175 216 175 139 175 176 176 139 176 142 176 216 177 273 177 514 177 583 178 216 178 514 178 583 179 514 179 669 179 669 180 959 180 583 180 959 181 669 181 747 181 600 182 956 182 747 182 271 183 956 183 600 183 956 184 271 184 143 184 214 185 215 185 216 185 215 186 214 186 213 186 582 187 214 187 583 187 214 188 582 188 213 188 959 189 582 189 583 189 582 190 959 190 958 190 958 191 591 191 524 191 524 192 215 192 958 192 215 193 582 193 958 193 582 194 215 194 213 194 135 195 249 195 302 195 430 196 135 196 302 196 430 197 954 197 135 197 954 198 430 198 522 198 588 199 954 199 522 199 588 200 958 200 954 200 958 201 588 201 614 201 591 202 958 202 614 202 138 203 300 203 251 203 300 204 138 204 215 204 300 205 215 205 432 205 215 206 524 206 432 206 207 207 138 207 251 207 138 208 207 208 203 208 203 209 135 209 138 209 135 210 203 210 205 210 135 211 205 211 249 211 272 212 301 212 433 212 272 213 219 213 301 213 219 214 272 214 175 214 175 215 206 215 219 215 206 216 175 216 173 216 173 217 250 217 206 217 173 218 304 218 250 218 304 219 173 219 274 219 274 220 431 220 304 220 431 221 274 221 516 221 516 222 523 222 431 222 523 223 516 223 668 223 668 224 590 224 523 224 668 225 615 225 590 225 615 226 668 226 748 226 748 227 592 227 615 227 748 228 526 228 592 228 526 229 748 229 572 229 572 230 433 230 526 230 272 231 433 231 572 231 206 232 249 232 205 232 203 233 206 233 205 233 203 234 219 234 206 234 219 235 203 235 207 235 219 236 207 236 251 236 251 237 301 237 219 237 301 238 251 238 300 238 300 239 433 239 301 239 433 240 300 240 432 240 432 241 526 241 433 241 526 242 432 242 524 242 524 243 592 243 526 243 592 244 524 244 591 244 591 245 615 245 592 245 615 246 591 246 614 246 614 247 590 247 615 247 590 248 614 248 588 248 588 249 523 249 590 249 523 250 588 250 522 250 522 251 431 251 523 251 431 252 522 252 430 252 430 253 304 253 431 253 304 254 430 254 302 254 302 255 250 255 304 255 250 256 302 256 249 256 249 257 206 257 250 257 711 258 627 258 648 258 711 259 648 259 759 259 711 260 765 260 627 260 711 261 808 261 765 261 808 262 711 262 759 262 759 263 681 263 798 263 798 264 808 264 759 264 808 265 798 265 811 265 811 266 765 266 808 266 765 267 811 267 753 267 753 268 627 268 765 268 627 269 753 269 628 269 627 270 628 270 620 270 620 271 648 271 627 271 648 272 620 272 681 272 681 273 759 273 648 273 655 274 628 274 753 274 628 275 655 275 455 275 455 276 620 276 628 276 620 277 455 277 454 277 454 278 681 278 620 278 681 279 454 279 654 279 654 280 798 280 681 280 798 281 654 281 869 281 869 282 811 282 798 282 811 283 869 283 950 283 950 284 753 284 811 284 753 285 950 285 870 285 753 286 870 286 655 286 654 287 788 287 869 287 919 288 869 288 788 288 869 289 919 289 950 289 920 290 950 290 919 290 950 291 920 291 870 291 789 292 870 292 920 292 870 293 789 293 655 293 546 294 655 294 789 294 655 295 546 295 455 295 429 296 455 296 546 296 455 297 429 297 454 297 545 298 454 298 429 298 454 299 545 299 654 299 788 300 654 300 545 300 973 301 789 301 920 301 789 302 973 302 859 302 789 303 859 303 730 303 730 304 546 304 789 304 788 305 971 305 919 305 919 306 971 306 1045 306 919 307 1045 307 1074 307 1074 308 920 308 919 308 920 309 1074 309 1075 309 920 310 1075 310 1046 310 973 311 920 311 1046 311 546 312 730 312 559 312 416 313 546 313 559 313 546 314 416 314 266 314 266 315 429 315 546 315 429 316 266 316 225 316 429 317 225 317 224 317 224 318 545 318 429 318 545 319 224 319 264 319 413 320 545 320 264 320 545 321 413 321 557 321 557 322 788 322 545 322 788 323 557 323 710 323 788 324 710 324 857 324 971 325 788 325 857 325 710 326 858 326 857 326 970 327 857 327 858 327 857 328 970 328 971 328 1043 329 971 329 970 329 971 330 1043 330 1045 330 1072 331 1045 331 1043 331 1045 332 1072 332 1074 332 1073 333 1074 333 1072 333 1074 334 1073 334 1075 334 1044 335 1075 335 1073 335 1075 336 1044 336 1046 336 972 337 1046 337 1044 337 1046 338 972 338 973 338 860 339 973 339 972 339 973 340 860 340 859 340 740 341 859 341 860 341 859 342 740 342 730 342 558 343 730 343 740 343 730 344 558 344 559 344 415 345 559 345 558 345 559 346 415 346 416 346 267 347 416 347 415 347 416 348 267 348 266 348 223 349 266 349 267 349 266 350 223 350 225 350 222 351 225 351 223 351 225 352 222 352 224 352 265 353 224 353 222 353 224 354 265 354 264 354 414 355 264 355 265 355 264 356 414 356 413 356 556 357 413 357 414 357 413 358 556 358 557 358 720 359 557 359 556 359 557 360 720 360 710 360 858 361 710 361 720 361 1072 362 1003 362 1031 362 1003 363 1072 363 1043 363 1043 364 928 364 1003 364 928 365 1043 365 970 365 970 366 842 366 928 366 842 367 970 367 858 367 858 368 721 368 842 368 721 369 858 369 720 369 720 370 575 370 721 370 575 371 720 371 556 371 556 372 442 372 575 372 442 373 556 373 414 373 414 374 317 374 442 374 317 375 414 375 265 375 265 376 296 376 317 376 296 377 265 377 222 377 223 378 296 378 222 378 223 379 318 379 296 379 318 380 223 380 267 380 267 381 445 381 318 381 445 382 267 382 415 382 415 383 578 383 445 383 578 384 415 384 558 384 558 385 739 385 578 385 739 386 558 386 740 386 740 387 845 387 739 387 845 388 740 388 860 388 860 389 929 389 845 389 929 390 860 390 972 390 972 391 1004 391 929 391 1004 392 972 392 1044 392 1044 393 1031 393 1004 393 1031 394 1044 394 1073 394 1072 395 1031 395 1073 395 742 396 845 396 846 396 929 397 846 397 845 397 846 398 929 398 931 398 1004 399 931 399 929 399 931 400 1004 400 1006 400 1031 401 1006 401 1004 401 1006 402 1031 402 1032 402 1003 403 1032 403 1031 403 1032 404 1003 404 1005 404 928 405 1005 405 1003 405 1005 406 928 406 930 406 842 407 930 407 928 407 930 408 842 408 843 408 721 409 843 409 842 409 843 410 721 410 722 410 575 411 722 411 721 411 722 412 575 412 576 412 442 413 576 413 575 413 576 414 442 414 443 414 317 415 443 415 442 415 443 416 317 416 319 416 296 417 319 417 317 417 319 418 296 418 294 418 318 419 294 419 296 419 294 420 318 420 320 420 445 421 320 421 318 421 320 422 445 422 446 422 578 423 446 423 445 423 446 424 578 424 579 424 739 425 579 425 578 425 579 426 739 426 742 426 845 427 742 427 739 427 294 428 424 428 421 428 424 429 294 429 320 429 320 430 477 430 424 430 477 431 320 431 446 431 446 432 605 432 477 432 605 433 446 433 579 433 579 434 741 434 605 434 741 435 579 435 742 435 742 436 823 436 741 436 823 437 742 437 846 437 846 438 906 438 823 438 906 439 846 439 931 439 931 440 964 440 906 440 964 441 931 441 1006 441 1032 442 964 442 1006 442 1032 443 963 443 964 443 963 444 1032 444 1005 444 1005 445 905 445 963 445 905 446 1005 446 930 446 930 447 821 447 905 447 821 448 930 448 843 448 843 449 723 449 821 449 723 450 843 450 722 450 722 451 603 451 723 451 603 452 722 452 576 452 576 453 474 453 603 453 474 454 576 454 443 454 443 455 421 455 474 455 421 456 443 456 319 456 294 457 421 457 319 457 718 458 821 458 723 458 821 459 718 459 820 459 820 460 905 460 821 460 905 461 820 461 903 461 903 462 963 462 905 462 963 463 903 463 961 463 961 464 964 464 963 464 964 465 961 465 962 465 962 466 906 466 964 466 906 467 962 467 904 467 904 468 823 468 906 468 823 469 904 469 822 469 822 470 741 470 823 470 741 471 822 471 737 471 737 472 605 472 741 472 605 473 737 473 604 473 604 474 477 474 605 474 477 475 604 475 476 475 476 476 424 476 477 476 424 477 476 477 423 477 423 478 421 478 424 478 421 479 423 479 422 479 422 480 474 480 421 480 474 481 422 481 475 481 475 482 603 482 474 482 603 483 475 483 602 483 602 484 723 484 603 484 723 485 602 485 718 485 676 486 476 486 604 486 737 487 676 487 604 487 737 488 767 488 676 488 767 489 737 489 822 489 767 490 822 490 904 490 767 491 904 491 962 491 962 492 796 492 767 492 796 493 962 493 961 493 796 494 961 494 903 494 903 495 757 495 796 495 757 496 903 496 820 496 757 497 820 497 718 497 718 498 672 498 757 498 672 499 718 499 602 499 672 500 602 500 475 500 475 501 646 501 672 501 646 502 475 502 422 502 646 503 422 503 423 503 423 504 676 504 646 504 676 505 423 505 476 505 758 506 796 506 757 506 796 507 758 507 780 507 780 508 767 508 796 508 767 509 780 509 682 509 682 510 676 510 767 510 682 511 646 511 676 511 646 512 682 512 645 512 645 513 672 513 646 513 672 514 645 514 671 514 671 515 757 515 672 515 757 516 671 516 758 516 714 517 758 517 671 517 714 518 780 518 758 518 714 519 682 519 780 519 714 520 645 520 682 520 714 521 671 521 645 521 907 522 884 522 918 522 918 523 938 523 907 523 918 524 978 524 938 524 984 525 978 525 986 525 986 526 977 526 984 526 977 527 986 527 953 527 953 528 940 528 977 528 953 529 902 529 940 529 882 530 902 530 953 530 817 531 882 531 813 531 813 532 792 532 817 532 792 533 813 533 772 533 772 534 735 534 792 534 772 535 649 535 735 535 594 536 649 536 537 536 537 537 494 537 594 537 494 538 537 538 437 538 437 539 420 539 494 539 352 540 420 540 437 540 350 541 356 541 352 541 350 542 418 542 356 542 418 543 350 543 419 543 419 544 439 544 418 544 419 545 471 545 439 545 560 546 471 546 581 546 581 547 677 547 560 547 677 548 581 548 699 548 699 549 791 549 677 549 816 550 791 550 699 550 649 551 594 551 735 551 420 552 352 552 356 552 418 553 439 553 356 553 471 554 560 554 439 554 816 555 884 555 791 555 938 556 978 556 984 556 907 557 938 557 884 557 940 558 902 558 977 558 882 559 817 559 902 559 817 560 792 560 735 560 677 561 770 561 652 561 521 562 677 562 652 562 677 563 521 563 560 563 439 564 560 564 521 564 420 565 481 565 494 565 594 566 494 566 481 566 817 567 901 567 902 567 967 568 902 568 901 568 902 569 967 569 977 569 979 570 977 570 967 570 977 571 979 571 984 571 938 572 984 572 979 572 938 573 888 573 884 573 770 574 884 574 888 574 884 575 770 575 791 575 770 576 677 576 791 576 695 577 735 577 594 577 695 578 817 578 735 578 938 579 979 579 888 579 901 580 817 580 695 580 439 581 521 581 425 581 425 582 356 582 439 582 420 583 356 583 425 583 695 584 481 584 425 584 898 585 967 585 901 585 898 586 851 586 888 586 888 587 851 587 770 587 888 588 979 588 898 588 967 589 898 589 979 589 481 590 695 590 594 590 481 591 420 591 425 591 425 592 521 592 549 592 652 593 549 593 521 593 770 594 549 594 652 594 549 595 770 595 851 595 901 596 662 596 898 596 662 597 901 597 695 597 549 598 777 598 533 598 777 599 549 599 851 599 425 600 662 600 695 600 425 601 533 601 662 601 533 602 425 602 549 602 531 603 533 603 639 603 777 604 639 604 533 604 639 605 777 605 802 605 802 606 777 606 876 606 851 607 876 607 777 607 898 608 876 608 851 608 876 609 898 609 885 609 885 610 898 610 809 610 662 611 809 611 898 611 809 612 662 612 634 612 634 613 662 613 528 613 533 614 528 614 662 614 533 615 531 615 528 615 639 616 812 616 552 616 639 617 552 617 531 617 552 618 528 618 531 618 634 619 552 619 685 619 552 620 634 620 528 620 809 621 685 621 877 621 634 622 685 622 809 622 877 623 885 623 809 623 876 624 877 624 812 624 885 625 877 625 876 625 812 626 802 626 876 626 802 627 812 627 639 627 936 628 812 628 877 628 812 629 936 629 790 629 790 630 552 630 812 630 552 631 790 631 532 631 552 632 532 632 358 632 552 633 358 633 479 633 479 634 685 634 552 634 685 635 479 635 731 635 731 636 877 636 685 636 877 637 731 637 879 637 877 638 879 638 966 638 877 639 966 639 936 639 511 640 532 640 665 640 412 641 532 641 511 641 412 642 358 642 532 642 358 643 412 643 435 643 435 644 479 644 358 644 504 645 479 645 435 645 613 646 479 646 504 646 613 647 731 647 479 647 771 648 731 648 613 648 771 649 879 649 731 649 879 650 771 650 880 650 921 651 879 651 880 651 921 652 966 652 879 652 982 653 966 653 921 653 982 654 936 654 966 654 936 655 982 655 948 655 841 656 936 656 948 656 841 657 790 657 936 657 790 658 841 658 665 658 665 659 532 659 790 659 504 660 435 660 613 660 426 661 435 661 412 661 412 662 511 662 426 662 804 663 665 663 841 663 841 664 900 664 804 664 900 665 841 665 948 665 948 666 975 666 900 666 975 667 948 667 982 667 982 668 921 668 975 668 816 669 699 669 864 669 345 670 350 670 352 670 352 671 437 671 345 671 862 672 813 672 882 672 882 673 949 673 862 673 949 674 882 674 953 674 995 675 953 675 986 675 986 676 978 676 995 676 922 677 978 677 918 677 918 678 864 678 922 678 864 679 918 679 884 679 864 680 884 680 816 680 665 681 713 681 606 681 511 682 606 682 472 682 606 683 511 683 665 683 426 684 417 684 357 684 426 685 472 685 417 685 472 686 426 686 511 686 613 687 436 687 530 687 436 688 613 688 435 688 435 689 357 689 436 689 357 690 435 690 426 690 771 691 653 691 793 691 653 692 771 692 613 692 613 693 530 693 653 693 793 694 880 694 771 694 880 695 793 695 878 695 880 696 878 696 941 696 880 697 941 697 921 697 900 698 969 698 908 698 900 699 975 699 969 699 941 700 975 700 921 700 900 701 908 701 819 701 804 702 713 702 665 702 804 703 819 703 713 703 900 704 819 704 804 704 995 705 949 705 953 705 813 706 862 706 772 706 350 707 345 707 419 707 862 708 649 708 772 708 345 709 471 709 419 709 995 710 990 710 1011 710 991 711 995 711 1011 711 995 712 991 712 949 712 914 713 949 713 991 713 949 714 914 714 862 714 836 715 862 715 914 715 738 716 862 716 836 716 738 717 649 717 862 717 649 718 738 718 598 718 598 719 537 719 649 719 537 720 598 720 465 720 465 721 437 721 537 721 437 722 465 722 344 722 344 723 345 723 437 723 345 724 344 724 314 724 345 725 314 725 341 725 341 726 471 726 345 726 471 727 341 727 463 727 463 728 581 728 471 728 581 729 463 729 596 729 596 730 699 730 581 730 699 731 596 731 719 731 719 732 864 732 699 732 864 733 719 733 834 733 834 734 922 734 864 734 922 735 834 735 913 735 913 736 978 736 922 736 978 737 913 737 990 737 990 738 995 738 978 738 717 739 834 739 719 739 834 740 717 740 833 740 833 741 913 741 834 741 913 742 833 742 915 742 915 743 990 743 913 743 990 744 915 744 992 744 992 745 1011 745 990 745 1011 746 992 746 1012 746 1012 747 991 747 1011 747 991 748 1012 748 993 748 993 749 914 749 991 749 914 750 993 750 916 750 916 751 836 751 914 751 836 752 916 752 835 752 835 753 738 753 836 753 738 754 835 754 733 754 733 755 598 755 738 755 598 756 733 756 597 756 597 757 465 757 598 757 465 758 597 758 464 758 464 759 344 759 465 759 344 760 464 760 343 760 343 761 314 761 344 761 314 762 343 762 313 762 313 763 341 763 314 763 341 764 313 764 342 764 342 765 463 765 341 765 463 766 342 766 462 766 462 767 596 767 463 767 596 768 462 768 595 768 595 769 719 769 596 769 719 770 595 770 717 770 441 771 343 771 464 771 343 772 441 772 316 772 316 773 313 773 343 773 313 774 316 774 293 774 293 775 342 775 313 775 342 776 293 776 315 776 315 777 462 777 342 777 462 778 315 778 440 778 440 779 595 779 462 779 595 780 440 780 573 780 573 781 717 781 595 781 717 782 573 782 716 782 716 783 833 783 717 783 833 784 716 784 848 784 848 785 915 785 833 785 915 786 848 786 934 786 934 787 992 787 915 787 992 788 934 788 1009 788 1009 789 1012 789 992 789 1012 790 1009 790 1034 790 1034 791 993 791 1012 791 993 792 1034 792 1010 792 1010 793 916 793 993 793 916 794 1010 794 935 794 935 795 835 795 916 795 835 796 935 796 849 796 849 797 733 797 835 797 733 798 849 798 732 798 732 799 597 799 733 799 597 800 732 800 574 800 574 801 464 801 597 801 464 802 574 802 441 802 650 803 441 803 574 803 732 804 650 804 574 804 732 805 825 805 650 805 825 806 732 806 849 806 825 807 849 807 935 807 935 808 976 808 825 808 976 809 935 809 1010 809 976 810 1010 810 1034 810 1034 811 944 811 976 811 944 812 1034 812 1009 812 944 813 1009 813 934 813 934 814 832 814 944 814 832 815 934 815 848 815 848 816 715 816 832 816 715 817 848 817 716 817 716 818 599 818 715 818 599 819 716 819 573 819 573 820 434 820 599 820 434 821 573 821 440 821 434 822 440 822 315 822 315 823 340 823 434 823 340 824 315 824 293 824 293 825 428 825 340 825 428 826 293 826 316 826 316 827 529 827 428 827 529 828 316 828 441 828 441 829 650 829 529 829 715 830 839 830 832 830 917 831 832 831 839 831 832 832 917 832 944 832 944 833 917 833 998 833 998 834 976 834 944 834 976 835 998 835 890 835 890 836 825 836 976 836 825 837 890 837 763 837 763 838 650 838 825 838 650 839 763 839 610 839 610 840 529 840 650 840 529 841 610 841 482 841 482 842 428 842 529 842 428 843 482 843 359 843 359 844 340 844 428 844 340 845 359 845 327 845 327 846 434 846 340 846 434 847 327 847 353 847 434 848 353 848 467 848 467 849 599 849 434 849 599 850 467 850 593 850 593 851 715 851 599 851 715 852 593 852 749 852 839 853 715 853 749 853 689 854 610 854 763 854 763 855 814 855 689 855 814 856 763 856 890 856 890 857 899 857 814 857 890 858 985 858 899 858 985 859 890 859 998 859 988 860 998 860 917 860 540 861 482 861 610 861 482 862 540 862 427 862 427 863 359 863 482 863 427 864 327 864 359 864 327 865 427 865 351 865 351 866 353 866 327 866 353 867 351 867 459 867 459 868 467 868 353 868 459 869 593 869 467 869 593 870 459 870 601 870 601 871 749 871 593 871 749 872 601 872 712 872 712 873 839 873 749 873 839 874 712 874 826 874 826 875 917 875 839 875 917 876 826 876 910 876 910 877 988 877 917 877 988 878 910 878 980 878 980 879 998 879 988 879 998 880 980 880 994 880 994 881 985 881 998 881 610 882 689 882 540 882 985 883 994 883 924 883 924 884 899 884 985 884 899 885 924 885 824 885 824 886 814 886 899 886 824 887 689 887 814 887 689 888 824 888 651 888 651 889 540 889 689 889 339 890 351 890 427 890 506 891 427 891 540 891 651 892 506 892 540 892 506 893 651 893 801 893 801 894 651 894 824 894 824 895 924 895 801 895 945 896 924 896 994 896 945 897 994 897 980 897 980 898 874 898 945 898 874 899 980 899 910 899 874 900 910 900 826 900 826 901 686 901 874 901 686 902 826 902 712 902 686 903 712 903 601 903 601 904 534 904 686 904 534 905 601 905 459 905 459 906 438 906 534 906 438 907 459 907 351 907 438 908 351 908 339 908 339 909 506 909 438 909 506 910 339 910 427 910 357 911 438 911 506 911 534 912 472 912 606 912 472 913 534 913 438 913 438 914 417 914 472 914 438 915 357 915 417 915 945 916 975 916 941 916 945 917 969 917 975 917 945 918 908 918 969 918 506 919 436 919 357 919 506 920 530 920 436 920 506 921 653 921 530 921 874 922 908 922 945 922 908 923 874 923 819 923 686 924 819 924 874 924 686 925 713 925 819 925 686 926 606 926 713 926 606 927 686 927 534 927 801 928 653 928 506 928 801 929 793 929 653 929 801 930 878 930 793 930 801 931 941 931 878 931 941 932 801 932 924 932 941 933 924 933 945 933 696 934 755 934 754 934 508 935 512 935 328 935 334 936 508 936 328 936 227 937 334 937 328 937 754 938 693 938 696 938 692 939 754 939 755 939 328 940 226 940 227 940 184 941 227 941 226 941 227 942 184 942 186 942 153 943 186 943 184 943 186 944 153 944 155 944 152 945 155 945 153 945 155 946 152 946 154 946 183 947 154 947 152 947 154 948 183 948 185 948 228 949 185 949 183 949 185 950 228 950 229 950 332 951 229 951 228 951 229 952 332 952 333 952 513 953 333 953 332 953 333 954 513 954 515 954 624 955 515 955 513 955 515 956 624 956 625 956 692 957 625 957 624 957 625 958 692 958 694 958 755 959 694 959 692 959 622 960 696 960 693 960 696 961 622 961 623 961 512 962 623 962 622 962 623 963 512 963 508 963 334 964 300 964 432 964 300 965 334 965 227 965 227 966 251 966 300 966 251 967 227 967 186 967 186 968 207 968 251 968 207 969 186 969 155 969 155 970 205 970 207 970 205 971 155 971 154 971 154 972 249 972 205 972 249 973 154 973 185 973 185 974 302 974 249 974 302 975 185 975 229 975 229 976 430 976 302 976 430 977 229 977 333 977 430 978 333 978 515 978 515 979 522 979 430 979 522 980 515 980 625 980 625 981 588 981 522 981 588 982 625 982 694 982 694 983 614 983 588 983 614 984 694 984 755 984 755 985 591 985 614 985 591 986 755 986 696 986 696 987 524 987 591 987 524 988 696 988 623 988 623 989 432 989 524 989 432 990 623 990 508 990 334 991 432 991 508 991 524 992 608 992 591 992 608 993 524 993 525 993 432 994 525 994 524 994 525 995 432 995 336 995 300 996 336 996 432 996 251 997 336 997 300 997 336 998 251 998 218 998 207 999 218 999 251 999 205 1000 218 1000 207 1000 218 1001 205 1001 217 1001 249 1002 217 1002 205 1002 302 1003 217 1003 249 1003 217 1004 302 1004 303 1004 430 1005 303 1005 302 1005 303 1006 430 1006 470 1006 522 1007 470 1007 430 1007 588 1008 470 1008 522 1008 470 1009 588 1009 589 1009 614 1010 589 1010 588 1010 589 1011 614 1011 608 1011 591 1012 608 1012 614 1012 774 1013 692 1013 624 1013 692 1014 774 1014 828 1014 828 1015 754 1015 692 1015 754 1016 828 1016 856 1016 856 1017 693 1017 754 1017 693 1018 856 1018 830 1018 830 1019 622 1019 693 1019 622 1020 830 1020 776 1020 776 1021 512 1021 622 1021 53 1022 152 1022 153 1022 152 1023 53 1023 56 1023 56 1024 183 1024 152 1024 183 1025 56 1025 94 1025 94 1026 228 1026 183 1026 228 1027 94 1027 197 1027 197 1028 332 1028 228 1028 332 1029 197 1029 285 1029 285 1030 513 1030 332 1030 513 1031 285 1031 488 1031 488 1032 624 1032 513 1032 624 1033 488 1033 644 1033 624 1034 644 1034 774 1034 512 1035 776 1035 642 1035 512 1036 642 1036 486 1036 486 1037 328 1037 512 1037 328 1038 486 1038 284 1038 284 1039 226 1039 328 1039 226 1040 284 1040 198 1040 198 1041 184 1041 226 1041 184 1042 198 1042 96 1042 96 1043 153 1043 184 1043 153 1044 96 1044 58 1044 53 1045 153 1045 58 1045 856 1046 829 1046 830 1046 775 1047 830 1047 829 1047 830 1048 775 1048 776 1048 641 1049 776 1049 775 1049 776 1050 641 1050 642 1050 485 1051 642 1051 641 1051 642 1052 485 1052 486 1052 282 1053 486 1053 485 1053 486 1054 282 1054 284 1054 195 1055 284 1055 282 1055 284 1056 195 1056 198 1056 95 1057 198 1057 195 1057 198 1058 95 1058 96 1058 57 1059 96 1059 95 1059 96 1060 57 1060 58 1060 52 1061 58 1061 57 1061 58 1062 52 1062 53 1062 55 1063 53 1063 52 1063 53 1064 55 1064 56 1064 93 1065 56 1065 55 1065 56 1066 93 1066 94 1066 196 1067 94 1067 93 1067 94 1068 196 1068 197 1068 283 1069 197 1069 196 1069 197 1070 283 1070 285 1070 487 1071 285 1071 283 1071 285 1072 487 1072 488 1072 643 1073 488 1073 487 1073 488 1074 643 1074 644 1074 773 1075 644 1075 643 1075 644 1076 773 1076 774 1076 827 1077 774 1077 773 1077 774 1078 827 1078 828 1078 855 1079 828 1079 827 1079 828 1080 855 1080 856 1080 829 1081 856 1081 855 1081 289 1082 93 1082 257 1082 257 1083 93 1083 55 1083 55 1084 252 1084 257 1084 252 1085 55 1085 52 1085 52 1086 258 1086 252 1086 487 1087 346 1087 450 1087 346 1088 487 1088 283 1088 283 1089 289 1089 346 1089 289 1090 283 1090 196 1090 93 1091 289 1091 196 1091 347 1092 485 1092 449 1092 449 1093 485 1093 641 1093 641 1094 518 1094 449 1094 518 1095 641 1095 775 1095 775 1096 542 1096 518 1096 542 1097 775 1097 829 1097 829 1098 550 1098 542 1098 550 1099 829 1099 855 1099 855 1100 541 1100 550 1100 541 1101 855 1101 827 1101 827 1102 517 1102 541 1102 517 1103 827 1103 773 1103 773 1104 450 1104 517 1104 450 1105 773 1105 643 1105 487 1106 450 1106 643 1106 258 1107 52 1107 57 1107 95 1108 258 1108 57 1108 95 1109 290 1109 258 1109 290 1110 95 1110 195 1110 195 1111 347 1111 290 1111 347 1112 195 1112 282 1112 485 1113 347 1113 282 1113 252 1114 260 1114 253 1114 260 1115 252 1115 258 1115 258 1116 292 1116 260 1116 292 1117 258 1117 290 1117 290 1118 349 1118 292 1118 349 1119 290 1119 347 1119 347 1120 451 1120 349 1120 451 1121 347 1121 449 1121 449 1122 520 1122 451 1122 520 1123 449 1123 518 1123 518 1124 544 1124 520 1124 544 1125 518 1125 542 1125 542 1126 551 1126 544 1126 551 1127 542 1127 550 1127 550 1128 543 1128 551 1128 543 1129 550 1129 541 1129 541 1130 519 1130 543 1130 519 1131 541 1131 517 1131 517 1132 452 1132 519 1132 452 1133 517 1133 450 1133 450 1134 348 1134 452 1134 348 1135 450 1135 346 1135 346 1136 291 1136 348 1136 291 1137 346 1137 289 1137 289 1138 259 1138 291 1138 259 1139 289 1139 257 1139 257 1140 253 1140 259 1140 253 1141 257 1141 252 1141 589 1142 551 1142 543 1142 589 1143 543 1143 519 1143 519 1144 470 1144 589 1144 470 1145 519 1145 452 1145 470 1146 452 1146 348 1146 348 1147 303 1147 470 1147 303 1148 348 1148 291 1148 291 1149 217 1149 303 1149 217 1150 291 1150 259 1150 217 1151 259 1151 253 1151 253 1152 218 1152 217 1152 218 1153 253 1153 260 1153 218 1154 260 1154 292 1154 292 1155 336 1155 218 1155 336 1156 292 1156 349 1156 336 1157 349 1157 451 1157 451 1158 525 1158 336 1158 525 1159 451 1159 520 1159 520 1160 608 1160 525 1160 608 1161 520 1161 544 1161 608 1162 544 1162 551 1162 551 1163 589 1163 608 1163 611 1164 373 1164 376 1164 853 1165 373 1165 611 1165 937 1166 909 1166 873 1166 527 1167 619 1167 688 1167 701 1168 688 1168 619 1168 688 1169 701 1169 805 1169 805 1170 873 1170 688 1170 873 1171 805 1171 875 1171 873 1172 875 1172 937 1172 378 1173 527 1173 376 1173 853 1174 873 1174 909 1174 853 1175 688 1175 873 1175 688 1176 853 1176 611 1176 611 1177 527 1177 688 1177 376 1178 527 1178 611 1178 981 1179 909 1179 937 1179 981 1180 895 1180 909 1180 853 1181 909 1181 894 1181 366 1182 565 1182 364 1182 894 1183 373 1183 853 1183 894 1184 370 1184 373 1184 894 1185 367 1185 370 1185 367 1186 894 1186 909 1186 909 1187 366 1187 367 1187 366 1188 909 1188 895 1188 895 1189 565 1189 366 1189 618 1190 365 1190 566 1190 365 1191 618 1191 384 1191 981 1192 983 1192 831 1192 895 1193 981 1193 831 1193 895 1194 831 1194 565 1194 618 1195 565 1195 831 1195 618 1196 566 1196 565 1196 981 1197 1014 1197 983 1197 383 1198 566 1198 365 1198 566 1199 383 1199 564 1199 563 1200 564 1200 562 1200 564 1201 563 1201 565 1201 564 1202 565 1202 566 1202 562 1203 363 1203 563 1203 363 1204 562 1204 362 1204 1039 1205 1090 1205 1070 1205 1039 1206 983 1206 1014 1206 987 1207 927 1207 1047 1207 1047 1208 1083 1208 1063 1208 1063 1209 987 1209 1047 1209 987 1210 1063 1210 1023 1210 1083 1211 1089 1211 1093 1211 1083 1212 1047 1212 1089 1212 1117 1213 1093 1213 1089 1213 1093 1214 1117 1214 1110 1214 1110 1215 1117 1215 1120 1215 1120 1216 1117 1216 1116 1216 1120 1217 1116 1217 1119 1217 1116 1218 1109 1218 1119 1218 1090 1219 1109 1219 1116 1219 1109 1220 1090 1220 1092 1220 1092 1221 1090 1221 1084 1221 1084 1222 1039 1222 1055 1222 1039 1223 1084 1223 1090 1223 1039 1224 1014 1224 1055 1224 927 1225 987 1225 897 1225 480 1226 392 1226 393 1226 392 1227 480 1227 503 1227 527 1228 378 1228 502 1228 502 1229 619 1229 527 1229 619 1230 502 1230 750 1230 619 1231 750 1231 701 1231 750 1232 805 1232 701 1232 805 1233 750 1233 886 1233 805 1234 886 1234 875 1234 1022 1235 981 1235 937 1235 937 1236 886 1236 1022 1236 886 1237 937 1237 875 1237 981 1238 1022 1238 1014 1238 1022 1239 1055 1239 1014 1239 1055 1240 1022 1240 1086 1240 1113 1241 1109 1241 1092 1241 1092 1242 1086 1242 1113 1242 1086 1243 1092 1243 1084 1243 1055 1244 1086 1244 1084 1244 1112 1245 1120 1245 1119 1245 1119 1246 1113 1246 1112 1246 1113 1247 1119 1247 1109 1247 1110 1248 1112 1248 1093 1248 1120 1249 1112 1249 1110 1249 1023 1250 1085 1250 1021 1250 1085 1251 1023 1251 1063 1251 1085 1252 1063 1252 1083 1252 1083 1253 1112 1253 1085 1253 1112 1254 1083 1254 1093 1254 897 1255 1023 1255 1021 1255 897 1256 987 1256 1023 1256 1021 1257 883 1257 897 1257 883 1258 1021 1258 887 1258 887 1259 815 1259 883 1259 751 1260 815 1260 887 1260 815 1261 751 1261 756 1261 640 1262 503 1262 480 1262 503 1263 640 1263 751 1263 751 1264 640 1264 756 1264 381 1265 502 1265 378 1265 502 1266 381 1266 483 1266 483 1267 750 1267 502 1267 750 1268 483 1268 690 1268 690 1269 886 1269 750 1269 886 1270 690 1270 871 1270 871 1271 1022 1271 886 1271 1022 1272 871 1272 1001 1272 1078 1273 1022 1273 1001 1273 1022 1274 1078 1274 1086 1274 1123 1275 1086 1275 1078 1275 1086 1276 1123 1276 1113 1276 1140 1277 1113 1277 1123 1277 1140 1278 1112 1278 1113 1278 1112 1279 1140 1279 1122 1279 1122 1280 1085 1280 1112 1280 1085 1281 1122 1281 1079 1281 1079 1282 1021 1282 1085 1282 1021 1283 1079 1283 1000 1283 1000 1284 887 1284 1021 1284 887 1285 1000 1285 872 1285 872 1286 751 1286 887 1286 751 1287 872 1287 691 1287 691 1288 503 1288 751 1288 503 1289 691 1289 484 1289 484 1290 392 1290 503 1290 392 1291 484 1291 389 1291 680 1292 678 1292 883 1292 680 1293 394 1293 678 1293 394 1294 480 1294 393 1294 680 1295 480 1295 394 1295 680 1296 640 1296 480 1296 640 1297 680 1297 756 1297 680 1298 815 1298 756 1298 815 1299 680 1299 883 1299 398 1300 678 1300 394 1300 571 1301 403 1301 405 1301 571 1302 897 1302 403 1302 897 1303 402 1303 403 1303 402 1304 897 1304 883 1304 883 1305 398 1305 402 1305 398 1306 883 1306 678 1306 448 1307 569 1307 406 1307 840 1308 927 1308 897 1308 571 1309 840 1309 897 1309 569 1310 448 1310 647 1310 647 1311 571 1311 569 1311 571 1312 647 1312 840 1312 570 1313 406 1313 569 1313 406 1314 570 1314 408 1314 568 1315 571 1315 567 1315 571 1316 568 1316 570 1316 571 1317 570 1317 569 1317 407 1318 567 1318 404 1318 567 1319 407 1319 568 1319 408 1320 405 1320 406 1320 407 1321 405 1321 408 1321 405 1322 407 1322 404 1322 389 1323 393 1323 392 1323 393 1324 389 1324 390 1324 390 1325 394 1325 393 1325 394 1326 390 1326 453 1326 394 1327 453 1327 397 1327 397 1328 398 1328 394 1328 397 1329 402 1329 398 1329 402 1330 397 1330 399 1330 399 1331 403 1331 402 1331 403 1332 399 1332 400 1332 400 1333 405 1333 403 1333 405 1334 400 1334 401 1334 401 1335 406 1335 405 1335 410 1336 406 1336 401 1336 406 1337 410 1337 448 1337 453 1338 700 1338 397 1338 867 1339 854 1339 912 1339 698 1340 854 1340 867 1340 698 1341 769 1341 854 1341 698 1342 674 1342 769 1342 674 1343 698 1343 507 1343 507 1344 453 1344 390 1344 700 1345 453 1345 698 1345 453 1346 507 1346 698 1346 700 1347 698 1347 867 1347 397 1348 700 1348 810 1348 810 1349 399 1349 397 1349 810 1350 400 1350 399 1350 818 1351 401 1351 400 1351 400 1352 810 1352 818 1352 867 1353 818 1353 810 1353 867 1354 810 1354 700 1354 867 1355 912 1355 923 1355 401 1356 468 1356 410 1356 867 1357 923 1357 818 1357 401 1358 762 1358 468 1358 818 1359 927 1359 762 1359 818 1360 762 1360 401 1360 923 1361 927 1361 818 1361 1038 1362 927 1362 923 1362 1038 1363 923 1363 1025 1363 1038 1364 1042 1364 927 1364 1038 1365 1100 1365 1042 1365 1100 1366 1038 1366 1114 1366 1100 1367 1114 1367 1151 1367 1101 1368 1147 1368 1167 1368 1147 1369 1101 1369 1104 1369 1101 1370 1057 1370 1104 1370 1057 1371 1101 1371 1029 1371 1029 1372 947 1372 889 1372 800 1373 768 1373 745 1373 889 1374 768 1374 800 1374 768 1375 889 1375 868 1375 889 1376 947 1376 868 1376 1029 1377 974 1377 947 1377 974 1378 1029 1378 1053 1378 1029 1379 1101 1379 1068 1379 1029 1380 1068 1380 1053 1380 1173 1381 1175 1381 1167 1381 1175 1382 1101 1382 1167 1382 1101 1383 1175 1383 1148 1383 1135 1384 1101 1384 1148 1384 1151 1385 1179 1385 1173 1385 1173 1386 1179 1386 1181 1386 1175 1387 1173 1387 1181 1387 1111 1388 1038 1388 1069 1388 1038 1389 1111 1389 1114 1389 1153 1390 1114 1390 1111 1390 1114 1391 1153 1391 1151 1391 1161 1392 1151 1392 1153 1392 1151 1393 1161 1393 1176 1393 1179 1394 1151 1394 1176 1394 745 1395 766 1395 744 1395 766 1396 745 1396 768 1396 768 1397 865 1397 766 1397 865 1398 768 1398 868 1398 947 1399 865 1399 868 1399 1175 1400 1177 1400 1174 1400 1170 1401 1175 1401 1174 1401 1170 1402 1148 1402 1175 1402 1148 1403 1170 1403 1141 1403 1148 1404 1141 1404 1135 1404 1135 1405 1141 1405 1134 1405 1134 1406 1101 1406 1135 1406 1101 1407 1134 1407 1091 1407 1091 1408 1068 1408 1101 1408 1068 1409 1091 1409 1067 1409 1067 1410 1053 1410 1068 1410 1053 1411 1067 1411 1041 1411 1041 1412 974 1412 1053 1412 974 1413 1041 1413 960 1413 974 1414 960 1414 947 1414 947 1415 960 1415 946 1415 865 1416 947 1416 946 1416 1177 1417 1175 1417 1181 1417 1181 1418 1180 1418 1177 1418 1180 1419 1181 1419 1179 1419 1179 1420 1178 1420 1180 1420 1176 1421 1178 1421 1179 1421 1176 1422 1171 1422 1178 1422 1171 1423 1176 1423 1161 1423 1171 1424 1161 1424 1160 1424 1144 1425 1161 1425 1129 1425 1161 1426 1144 1426 1160 1426 1127 1427 1160 1427 1144 1427 1106 1428 1115 1428 1096 1428 1115 1429 1160 1429 1127 1429 1115 1430 1143 1430 1160 1430 1115 1431 1106 1431 1143 1431 1052 1432 1106 1432 1096 1432 1153 1433 1111 1433 1129 1433 1153 1434 1129 1434 1161 1434 1111 1435 1069 1435 1081 1435 1038 1436 1025 1436 1069 1436 745 1437 704 1437 706 1437 703 1438 745 1438 706 1438 745 1439 707 1439 704 1439 707 1440 745 1440 744 1440 744 1441 702 1441 707 1441 745 1442 703 1442 746 1442 705 1443 745 1443 746 1443 744 1444 764 1444 702 1444 800 1445 745 1445 705 1445 1136 1446 1106 1446 1061 1446 1061 1447 1106 1447 1052 1447 1002 1448 1061 1448 1052 1448 1172 1449 1180 1449 1178 1449 1171 1450 1172 1450 1178 1450 1160 1451 1172 1451 1171 1451 1160 1452 1136 1452 1172 1452 1136 1453 1160 1453 1143 1453 1106 1454 1136 1454 1143 1454 1172 1455 1177 1455 1180 1455 1174 1456 1177 1456 1170 1456 1132 1457 1170 1457 1177 1457 1170 1458 1132 1458 1141 1458 951 1459 1041 1459 1091 1459 1067 1460 1091 1460 1041 1460 1132 1461 1091 1461 1134 1461 1132 1462 1134 1462 1141 1462 951 1463 865 1463 946 1463 951 1464 946 1464 960 1464 1041 1465 951 1465 960 1465 865 1466 764 1466 766 1466 766 1467 764 1467 744 1467 925 1468 865 1468 951 1468 865 1469 925 1469 863 1469 764 1470 865 1470 863 1470 1091 1471 1062 1471 1015 1471 1015 1472 951 1472 1091 1472 951 1473 1015 1473 925 1473 1132 1474 1095 1474 1091 1474 1091 1475 1095 1475 1062 1475 1177 1476 1131 1476 1132 1476 1095 1477 1132 1477 1131 1477 1131 1478 1177 1478 1156 1478 1172 1479 1157 1479 1169 1479 1169 1480 1177 1480 1172 1480 1177 1481 1169 1481 1156 1481 1136 1482 1126 1482 1172 1482 1172 1483 1126 1483 1157 1483 1061 1484 1126 1484 1136 1484 1126 1485 1061 1485 1070 1485 1069 1486 1025 1486 1081 1486 1129 1487 1111 1487 1081 1487 1138 1488 1144 1488 1129 1488 1144 1489 1138 1489 1139 1489 1137 1490 1144 1490 1139 1490 1144 1491 1137 1491 1127 1491 1115 1492 1127 1492 1096 1492 1052 1493 1080 1493 1078 1493 1096 1494 1080 1494 1052 1494 1080 1495 1096 1495 1098 1495 1121 1496 1096 1496 1127 1496 1096 1497 1121 1497 1098 1497 1129 1498 1130 1498 1138 1498 1124 1499 1130 1499 1129 1499 1097 1500 1124 1500 1081 1500 1081 1501 1082 1501 1097 1501 1025 1502 923 1502 1013 1502 1054 1503 1025 1503 1013 1503 1025 1504 1054 1504 1081 1504 1081 1505 1054 1505 1082 1505 1081 1506 1124 1506 1129 1506 1061 1507 1002 1507 965 1507 965 1508 1002 1508 989 1508 389 1509 507 1509 390 1509 507 1510 389 1510 484 1510 484 1511 674 1511 507 1511 674 1512 484 1512 691 1512 691 1513 769 1513 674 1513 769 1514 691 1514 872 1514 769 1515 872 1515 854 1515 912 1516 872 1516 1000 1516 872 1517 912 1517 854 1517 923 1518 912 1518 1013 1518 912 1519 1000 1519 1013 1519 1013 1520 1000 1520 1079 1520 1079 1521 1054 1521 1013 1521 1122 1522 1097 1522 1082 1522 1082 1523 1079 1523 1122 1523 1054 1524 1079 1524 1082 1524 1138 1525 1140 1525 1139 1525 1130 1526 1140 1526 1138 1526 1140 1527 1130 1527 1124 1527 1124 1528 1122 1528 1140 1528 1097 1529 1122 1529 1124 1529 1140 1530 1127 1530 1137 1530 1123 1531 1127 1531 1140 1531 1140 1532 1137 1532 1139 1532 1121 1533 1123 1533 1098 1533 1127 1534 1123 1534 1121 1534 1002 1535 1078 1535 1001 1535 1078 1536 1002 1536 1052 1536 1080 1537 1123 1537 1078 1537 1123 1538 1080 1538 1098 1538 871 1539 911 1539 1001 1539 1001 1540 911 1540 989 1540 989 1541 1002 1541 1001 1541 690 1542 797 1542 871 1542 797 1543 690 1543 679 1543 690 1544 607 1544 679 1544 483 1545 607 1545 690 1545 607 1546 483 1546 478 1546 381 1547 478 1547 483 1547 478 1548 381 1548 382 1548 893 1549 861 1549 965 1549 861 1550 1061 1550 965 1550 553 1551 368 1551 386 1551 861 1552 368 1552 553 1552 861 1553 893 1553 368 1553 965 1554 807 1554 891 1554 893 1555 965 1555 891 1555 362 1556 364 1556 363 1556 364 1557 362 1557 383 1557 386 1558 365 1558 384 1558 365 1559 386 1559 368 1559 379 1560 378 1560 376 1560 378 1561 379 1561 382 1561 378 1562 382 1562 381 1562 364 1563 383 1563 365 1563 365 1564 368 1564 364 1564 368 1565 366 1565 364 1565 366 1566 368 1566 369 1566 369 1567 367 1567 366 1567 367 1568 369 1568 371 1568 371 1569 370 1569 367 1569 370 1570 371 1570 372 1570 372 1571 373 1571 370 1571 373 1572 372 1572 375 1572 375 1573 376 1573 373 1573 376 1574 375 1574 379 1574 368 1575 893 1575 369 1575 891 1576 369 1576 893 1576 891 1577 371 1577 369 1577 372 1578 807 1578 375 1578 807 1579 372 1579 891 1579 371 1580 891 1580 372 1580 375 1581 561 1581 379 1581 561 1582 375 1582 807 1582 379 1583 478 1583 382 1583 478 1584 379 1584 561 1584 478 1585 561 1585 607 1585 607 1586 561 1586 679 1586 760 1587 679 1587 561 1587 760 1588 797 1588 679 1588 881 1589 797 1589 760 1589 881 1590 911 1590 871 1590 797 1591 881 1591 871 1591 911 1592 881 1592 989 1592 965 1593 989 1593 881 1593 807 1594 760 1594 561 1594 807 1595 881 1595 760 1595 881 1596 807 1596 965 1596 1150 1597 1156 1597 1162 1597 983 1598 861 1598 831 1598 386 1599 384 1599 553 1599 553 1600 384 1600 618 1600 618 1601 861 1601 553 1601 861 1602 618 1602 831 1602 983 1603 1061 1603 861 1603 1061 1604 983 1604 1039 1604 1039 1605 1070 1605 1061 1605 1070 1606 1105 1606 1126 1606 1142 1607 1126 1607 1105 1607 1168 1608 1169 1608 1165 1608 1157 1609 1165 1609 1169 1609 1165 1610 1157 1610 1155 1610 1157 1611 1142 1611 1155 1611 1142 1612 1157 1612 1126 1612 1133 1613 1156 1613 1150 1613 1056 1614 1095 1614 1099 1614 1131 1615 1099 1615 1095 1615 1015 1616 939 1616 925 1616 939 1617 1015 1617 1016 1617 1062 1618 1016 1618 1015 1618 1016 1619 1062 1619 1056 1619 1095 1620 1056 1620 1062 1620 939 1621 863 1621 925 1621 863 1622 939 1622 866 1622 866 1623 764 1623 863 1623 764 1624 866 1624 778 1624 702 1625 764 1625 778 1625 782 1626 703 1626 706 1626 800 1627 852 1627 889 1627 889 1628 852 1628 952 1628 889 1629 952 1629 1029 1629 999 1630 1029 1630 952 1630 1029 1631 999 1631 1057 1631 1147 1632 1154 1632 1167 1632 1166 1633 1167 1633 1154 1633 1167 1634 1166 1634 1173 1634 1164 1635 1173 1635 1166 1635 1158 1636 1173 1636 1164 1636 1173 1637 1158 1637 1151 1637 1146 1638 1100 1638 1151 1638 1047 1639 927 1639 1042 1639 1047 1640 1042 1640 1071 1640 1100 1641 1071 1641 1042 1641 1071 1642 1100 1642 1107 1642 840 1643 762 1643 927 1643 647 1644 762 1644 840 1644 448 1645 410 1645 468 1645 468 1646 647 1646 448 1646 647 1647 468 1647 762 1647 1071 1648 1089 1648 1047 1648 1125 1649 1117 1649 1108 1649 1089 1650 1108 1650 1117 1650 1116 1651 1125 1651 1142 1651 1125 1652 1116 1652 1117 1652 1070 1653 1090 1653 1105 1653 1090 1654 1142 1654 1105 1654 1142 1655 1090 1655 1116 1655 1071 1656 1108 1656 1089 1656 1108 1657 1071 1657 1107 1657 1164 1658 1159 1658 1158 1658 1094 1659 1145 1659 1118 1659 1118 1660 1088 1660 1094 1660 926 1661 1024 1661 999 1661 999 1662 850 1662 926 1662 850 1663 999 1663 896 1663 896 1664 779 1664 850 1664 779 1665 896 1665 852 1665 746 1666 779 1666 852 1666 746 1667 800 1667 705 1667 746 1668 852 1668 800 1668 952 1669 852 1669 896 1669 896 1670 999 1670 952 1670 1057 1671 999 1671 1024 1671 1024 1672 1104 1672 1057 1672 1104 1673 1024 1673 1060 1673 1104 1674 1060 1674 1088 1674 1088 1675 1147 1675 1104 1675 1147 1676 1088 1676 1118 1676 1118 1677 1154 1677 1147 1677 1154 1678 1118 1678 1145 1678 1145 1679 1166 1679 1154 1679 1166 1680 1145 1680 1152 1680 1166 1681 1152 1681 1163 1681 1163 1682 1164 1682 1166 1682 1087 1683 1056 1683 1099 1683 1099 1684 1133 1684 1087 1684 1099 1685 1131 1685 1133 1685 1133 1686 1131 1686 1156 1686 1133 1687 1150 1687 1128 1687 1128 1688 1087 1688 1133 1688 1056 1689 1087 1689 1064 1689 1064 1690 1016 1690 1056 1690 1016 1691 1064 1691 1030 1691 1030 1692 939 1692 1016 1692 939 1693 1030 1693 968 1693 968 1694 866 1694 939 1694 866 1695 968 1695 892 1695 892 1696 778 1696 866 1696 778 1697 892 1697 803 1697 803 1698 702 1698 778 1698 702 1699 803 1699 707 1699 803 1700 850 1700 782 1700 803 1701 892 1701 850 1701 1094 1702 1064 1702 1087 1702 1087 1703 1128 1703 1094 1703 1164 1704 1162 1704 1168 1704 1146 1705 1151 1705 1158 1705 1159 1706 1146 1706 1158 1706 1146 1707 1159 1707 1149 1707 1165 1708 1149 1708 1159 1708 1149 1709 1165 1709 1155 1709 1100 1710 1146 1710 1107 1710 1107 1711 1146 1711 1108 1711 1149 1712 1108 1712 1146 1712 1108 1713 1149 1713 1125 1713 1155 1714 1125 1714 1149 1714 1125 1715 1155 1715 1142 1715 1169 1716 1162 1716 1156 1716 1162 1717 1169 1717 1168 1717 1168 1718 1165 1718 1159 1718 1168 1719 1159 1719 1164 1719 1162 1720 1164 1720 1163 1720 1163 1721 1150 1721 1162 1721 1150 1722 1163 1722 1152 1722 1152 1723 1128 1723 1150 1723 1128 1724 1152 1724 1145 1724 1145 1725 1094 1725 1128 1725 1064 1726 1094 1726 1088 1726 1088 1727 1030 1727 1064 1727 1030 1728 1088 1728 1060 1728 1060 1729 968 1729 1030 1729 968 1730 1060 1730 1024 1730 1024 1731 892 1731 968 1731 892 1732 1024 1732 926 1732 926 1733 850 1733 892 1733 782 1734 850 1734 779 1734 703 1735 782 1735 779 1735 779 1736 746 1736 703 1736 782 1737 783 1737 803 1737 783 1738 782 1738 781 1738 782 1739 656 1739 781 1739 656 1740 782 1740 706 1740 656 1741 706 1741 667 1741 657 1742 667 1742 675 1742 656 1743 667 1743 657 1743 781 1744 726 1744 783 1744 726 1745 781 1745 656 1745 726 1746 656 1746 657 1746 704 1747 667 1747 706 1747 707 1748 675 1748 667 1748 667 1749 704 1749 707 1749 675 1750 726 1750 657 1750 707 1751 726 1751 675 1751 726 1752 803 1752 783 1752 803 1753 726 1753 707 1753 363 1754 490 1754 563 1754 496 1755 364 1755 565 1755 364 1756 496 1756 456 1756 456 1757 363 1757 364 1757 363 1758 456 1758 490 1758 496 1759 563 1759 490 1759 563 1760 496 1760 565 1760 500 1761 562 1761 564 1761 562 1762 500 1762 490 1762 490 1763 362 1763 562 1763 460 1764 362 1764 490 1764 362 1765 460 1765 383 1765 383 1766 460 1766 500 1766 500 1767 564 1767 383 1767 496 1768 490 1768 500 1768 496 1769 500 1769 460 1769 460 1770 456 1770 496 1770 490 1771 456 1771 460 1771 407 1772 491 1772 568 1772 497 1773 408 1773 570 1773 408 1774 497 1774 458 1774 458 1775 407 1775 408 1775 407 1776 458 1776 491 1776 497 1777 568 1777 491 1777 568 1778 497 1778 570 1778 493 1779 567 1779 571 1779 567 1780 493 1780 491 1780 491 1781 404 1781 567 1781 457 1782 404 1782 491 1782 404 1783 457 1783 405 1783 493 1784 405 1784 457 1784 493 1785 571 1785 405 1785 457 1786 491 1786 458 1786 497 1787 491 1787 493 1787 493 1788 458 1788 497 1788 458 1789 493 1789 457 1789 62 1790 48 1790 60 1790 37 1791 48 1791 62 1791 37 1792 32 1792 48 1792 11 1793 12 1793 37 1793 37 1794 12 1794 32 1794 62 1795 49 1795 37 1795 38 1796 37 1796 49 1796 25 1797 37 1797 38 1797 11 1798 37 1798 25 1798 12 1799 24 1799 32 1799 39 1800 32 1800 24 1800 54 1801 32 1801 39 1801 32 1802 54 1802 48 1802 48 1803 54 1803 60 1803 41 1804 83 1804 54 1804 41 1805 54 1805 39 1805 39 1806 26 1806 41 1806 26 1807 39 1807 24 1807 24 1808 15 1808 26 1808 24 1809 5 1809 15 1809 5 1810 24 1810 12 1810 12 1811 1 1811 5 1811 12 1812 2 1812 1 1812 2 1813 12 1813 11 1813 11 1814 6 1814 2 1814 11 1815 16 1815 6 1815 16 1816 11 1816 25 1816 25 1817 27 1817 16 1817 25 1818 38 1818 27 1818 54 1819 88 1819 60 1819 49 1820 62 1820 82 1820 312 1821 230 1821 390 1821 194 1822 230 1822 312 1822 194 1823 83 1823 230 1823 54 1824 168 1824 88 1824 168 1825 54 1825 194 1825 312 1826 396 1826 168 1826 312 1827 168 1827 194 1827 194 1828 54 1828 83 1828 287 1829 382 1829 380 1829 382 1830 287 1830 210 1830 79 1831 50 1831 49 1831 79 1832 171 1832 50 1832 171 1833 79 1833 210 1833 210 1834 287 1834 171 1834 38 1835 50 1835 34 1835 50 1836 38 1836 49 1836 34 1837 27 1837 38 1837 27 1838 34 1838 22 1838 27 1839 22 1839 16 1839 2 1840 0 1840 1 1840 2 1841 4 1841 0 1841 4 1842 2 1842 6 1842 6 1843 22 1843 4 1843 22 1844 6 1844 16 1844 0 1845 5 1845 1 1845 5 1846 0 1846 3 1846 3 1847 15 1847 5 1847 15 1848 3 1848 21 1848 21 1849 26 1849 15 1849 33 1850 26 1850 21 1850 26 1851 33 1851 41 1851 41 1852 51 1852 83 1852 41 1853 33 1853 51 1853 83 1854 51 1854 172 1854 172 1855 230 1855 83 1855 230 1856 172 1856 288 1856 388 1857 230 1857 288 1857 230 1858 388 1858 390 1858 377 1859 287 1859 380 1859 287 1860 377 1860 277 1860 277 1861 171 1861 287 1861 171 1862 277 1862 164 1862 164 1863 50 1863 171 1863 50 1864 164 1864 42 1864 42 1865 34 1865 50 1865 34 1866 42 1866 30 1866 30 1867 22 1867 34 1867 22 1868 30 1868 19 1868 19 1869 4 1869 22 1869 4 1870 19 1870 9 1870 9 1871 0 1871 4 1871 0 1872 9 1872 8 1872 0 1873 8 1873 3 1873 18 1874 3 1874 8 1874 3 1875 18 1875 21 1875 29 1876 21 1876 18 1876 388 1877 278 1877 391 1877 278 1878 388 1878 288 1878 288 1879 163 1879 278 1879 163 1880 288 1880 172 1880 172 1881 43 1881 163 1881 43 1882 172 1882 51 1882 51 1883 29 1883 43 1883 29 1884 51 1884 33 1884 21 1885 29 1885 33 1885 88 1886 401 1886 123 1886 401 1887 88 1887 400 1887 400 1888 88 1888 399 1888 399 1889 88 1889 397 1889 168 1890 397 1890 88 1890 397 1891 168 1891 396 1891 79 1892 202 1892 210 1892 210 1893 360 1893 382 1893 360 1894 210 1894 202 1894 231 1895 360 1895 202 1895 231 1896 202 1896 82 1896 82 1897 202 1897 49 1897 49 1898 202 1898 79 1898 231 1899 374 1899 360 1899 231 1900 82 1900 374 1900 90 1901 374 1901 82 1901 374 1902 90 1902 372 1902 372 1903 90 1903 371 1903 116 1904 371 1904 90 1904 371 1905 116 1905 369 1905 369 1906 116 1906 368 1906 89 1907 116 1907 90 1907 90 1908 65 1908 69 1908 72 1909 90 1909 69 1909 73 1910 90 1910 72 1910 90 1911 73 1911 89 1911 60 1912 65 1912 62 1912 60 1913 88 1913 66 1913 65 1914 60 1914 66 1914 65 1915 82 1915 62 1915 82 1916 65 1916 90 1916 88 1917 70 1917 66 1917 88 1918 71 1918 70 1918 71 1919 88 1919 75 1919 66 1920 69 1920 65 1920 69 1921 66 1921 70 1921 70 1922 72 1922 69 1922 72 1923 70 1923 71 1923 71 1924 73 1924 72 1924 73 1925 71 1925 75 1925 74 1926 89 1926 73 1926 89 1927 134 1927 116 1927 88 1928 123 1928 86 1928 76 1929 88 1929 86 1929 88 1930 76 1930 75 1930 74 1931 75 1931 76 1931 75 1932 74 1932 73 1932 77 1933 89 1933 74 1933 84 1934 89 1934 77 1934 76 1935 86 1935 78 1935 78 1936 86 1936 85 1936 78 1937 74 1937 76 1937 74 1938 78 1938 77 1938 85 1939 77 1939 78 1939 77 1940 85 1940 84 1940 102 1941 89 1941 97 1941 97 1942 89 1942 84 1942 89 1943 102 1943 109 1943 127 1944 89 1944 109 1944 127 1945 134 1945 89 1945 134 1946 151 1946 189 1946 246 1947 134 1947 189 1947 134 1948 368 1948 116 1948 387 1949 134 1949 246 1949 134 1950 387 1950 368 1950 401 1951 156 1951 123 1951 247 1952 401 1952 409 1952 401 1953 247 1953 190 1953 190 1954 156 1954 401 1954 156 1955 190 1955 148 1955 156 1956 86 1956 123 1956 98 1957 115 1957 106 1957 86 1958 156 1958 133 1958 115 1959 86 1959 133 1959 115 1960 98 1960 86 1960 86 1961 98 1961 85 1961 102 1962 98 1962 106 1962 98 1963 102 1963 97 1963 97 1964 85 1964 98 1964 85 1965 97 1965 84 1965 103 1966 106 1966 107 1966 106 1967 103 1967 102 1967 106 1968 108 1968 107 1968 148 1969 133 1969 156 1969 115 1970 120 1970 108 1970 108 1971 106 1971 115 1971 120 1972 133 1972 148 1972 133 1973 120 1973 115 1973 110 1974 102 1974 103 1974 110 1975 109 1975 102 1975 109 1976 110 1976 127 1976 130 1977 127 1977 110 1977 130 1978 134 1978 127 1978 134 1979 130 1979 151 1979 117 1980 118 1980 124 1980 117 1981 110 1981 103 1981 103 1982 118 1982 117 1982 118 1983 103 1983 107 1983 108 1984 118 1984 107 1984 708 1985 635 1985 736 1985 635 1986 708 1986 636 1986 636 1987 548 1987 635 1987 548 1988 636 1988 547 1988 547 1989 498 1989 548 1989 498 1990 547 1990 499 1990 499 1991 330 1991 498 1991 330 1992 499 1992 329 1992 329 1993 326 1993 330 1993 326 1994 329 1994 325 1994 325 1995 243 1995 326 1995 243 1996 325 1996 242 1996 242 1997 211 1997 243 1997 211 1998 242 1998 212 1998 212 1999 193 1999 211 1999 193 2000 212 2000 192 2000 192 2001 178 2001 193 2001 178 2002 192 2002 177 2002 177 2003 167 2003 178 2003 167 2004 177 2004 166 2004 166 2005 124 2005 167 2005 124 2006 166 2006 125 2006 117 2007 124 2007 125 2007 335 2008 324 2008 338 2008 510 2009 335 2009 338 2009 335 2010 510 2010 501 2010 536 2011 501 2011 510 2011 536 2012 673 2012 501 2012 673 2013 536 2013 638 2013 734 2014 673 2014 638 2014 335 2015 256 2015 324 2015 209 2016 256 2016 199 2016 181 2017 199 2017 170 2017 181 2018 170 2018 179 2018 129 2019 179 2019 170 2019 179 2020 129 2020 160 2020 129 2021 150 2021 160 2021 120 2022 150 2022 129 2022 150 2023 120 2023 148 2023 129 2024 124 2024 118 2024 108 2025 129 2025 118 2025 129 2026 108 2026 120 2026 129 2027 167 2027 124 2027 167 2028 129 2028 170 2028 170 2029 178 2029 167 2029 199 2030 178 2030 170 2030 178 2031 199 2031 193 2031 199 2032 211 2032 193 2032 211 2033 199 2033 256 2033 211 2034 256 2034 243 2034 335 2035 243 2035 256 2035 243 2036 335 2036 326 2036 335 2037 330 2037 326 2037 501 2038 330 2038 335 2038 330 2039 501 2039 498 2039 501 2040 548 2040 498 2040 673 2041 548 2041 501 2041 548 2042 673 2042 635 2042 635 2043 673 2043 736 2043 110 2044 151 2044 130 2044 169 2045 182 2045 180 2045 159 2046 169 2046 180 2046 149 2047 110 2047 159 2047 110 2048 149 2048 151 2048 169 2049 200 2049 182 2049 255 2050 208 2050 200 2050 323 2051 255 2051 331 2051 323 2052 331 2052 337 2052 499 2053 337 2053 331 2053 337 2054 499 2054 509 2054 499 2055 535 2055 509 2055 535 2056 499 2056 637 2056 636 2057 637 2057 499 2057 637 2058 636 2058 709 2058 499 2059 547 2059 636 2059 255 2060 212 2060 242 2060 325 2061 255 2061 242 2061 255 2062 325 2062 331 2062 329 2063 331 2063 325 2063 329 2064 499 2064 331 2064 255 2065 192 2065 212 2065 192 2066 255 2066 200 2066 200 2067 177 2067 192 2067 177 2068 200 2068 169 2068 177 2069 169 2069 166 2069 169 2070 125 2070 166 2070 125 2071 169 2071 159 2071 125 2072 159 2072 117 2072 110 2073 117 2073 159 2073 673 2074 734 2074 736 2074 736 2075 734 2075 728 2075 736 2076 728 2076 708 2076 729 2077 708 2077 728 2077 709 2078 708 2078 729 2078 709 2079 636 2079 708 2079 729 2080 785 2080 787 2080 785 2081 729 2081 728 2081 785 2082 728 2082 725 2082 784 2083 787 2083 785 2083 787 2084 784 2084 786 2084 784 2085 725 2085 727 2085 725 2086 784 2086 785 2086 786 2087 729 2087 787 2087 729 2088 786 2088 660 2088 729 2089 660 2089 661 2089 660 2090 727 2090 658 2090 727 2091 660 2091 786 2091 727 2092 786 2092 784 2092 661 2093 658 2093 659 2093 658 2094 661 2094 660 2094 727 2095 659 2095 658 2095 659 2096 727 2096 728 2096 728 2097 727 2097 725 2097 136 2098 150 2098 148 2098 141 2099 151 2099 149 2099 149 2100 136 2100 141 2100 387 2101 245 2101 385 2101 245 2102 387 2102 246 2102 246 2103 188 2103 245 2103 188 2104 246 2104 189 2104 189 2105 161 2105 188 2105 161 2106 189 2106 151 2106 151 2107 141 2107 161 2107 411 2108 247 2108 409 2108 247 2109 411 2109 248 2109 248 2110 190 2110 247 2110 190 2111 248 2111 191 2111 191 2112 148 2112 190 2112 148 2113 191 2113 162 2113 148 2114 162 2114 136 2114 729 2115 637 2115 709 2115 637 2116 729 2116 661 2116 637 2117 661 2117 535 2117 659 2118 638 2118 536 2118 728 2119 638 2119 659 2119 638 2120 728 2120 734 2120 659 2121 535 2121 661 2121 535 2122 659 2122 536 2122 536 2123 509 2123 535 2123 509 2124 536 2124 510 2124 510 2125 337 2125 509 2125 337 2126 510 2126 338 2126 338 2127 323 2127 337 2127 323 2128 338 2128 324 2128 324 2129 255 2129 323 2129 255 2130 324 2130 256 2130 256 2131 208 2131 255 2131 208 2132 256 2132 209 2132 209 2133 200 2133 208 2133 200 2134 209 2134 199 2134 199 2135 182 2135 200 2135 182 2136 199 2136 181 2136 181 2137 180 2137 182 2137 180 2138 181 2138 179 2138 179 2139 159 2139 180 2139 159 2140 179 2140 160 2140 160 2141 149 2141 159 2141 149 2142 160 2142 150 2142 136 2143 149 2143 150 2143 147 2144 136 2144 157 2144 137 2145 136 2145 147 2145 137 2146 141 2146 136 2146 141 2147 137 2147 140 2147 141 2148 146 2148 158 2148 141 2149 140 2149 146 2149 121 2150 140 2150 131 2150 140 2151 121 2151 146 2151 146 2152 121 2152 158 2152 121 2153 131 2153 112 2153 131 2154 113 2154 112 2154 113 2155 131 2155 132 2155 140 2156 132 2156 131 2156 132 2157 140 2157 137 2157 157 2158 126 2158 147 2158 132 2159 126 2159 113 2159 147 2160 132 2160 137 2160 132 2161 147 2161 126 2161 121 2162 112 2162 101 2162 126 2163 105 2163 113 2163 113 2164 101 2164 112 2164 101 2165 113 2165 105 2165 104 2166 101 2166 105 2166 101 2167 104 2167 100 2167 121 2168 101 2168 100 2168 92 2169 121 2169 100 2169 121 2170 92 2170 114 2170 81 2171 114 2171 92 2171 81 2172 67 2172 114 2172 114 2173 67 2173 99 2173 91 2174 100 2174 104 2174 100 2175 91 2175 92 2175 87 2176 92 2176 91 2176 92 2177 87 2177 81 2177 81 2178 87 2178 80 2178 68 2179 81 2179 80 2179 81 2180 68 2180 67 2180 105 2181 119 2181 104 2181 119 2182 105 2182 126 2182 122 2183 111 2183 68 2183 122 2184 68 2184 80 2184 122 2185 80 2185 87 2185 87 2186 119 2186 122 2186 119 2187 87 2187 91 2187 104 2188 119 2188 91 2188 114 2189 99 2189 128 2189 114 2190 235 2190 121 2190 235 2191 366 2191 364 2191 235 2192 114 2192 366 2192 128 2193 366 2193 114 2193 366 2194 128 2194 367 2194 367 2195 128 2195 370 2195 99 2196 370 2196 128 2196 370 2197 99 2197 373 2197 158 2198 161 2198 141 2198 385 2199 236 2199 365 2199 236 2200 385 2200 245 2200 236 2201 245 2201 188 2201 236 2202 188 2202 161 2202 158 2203 236 2203 161 2203 236 2204 158 2204 235 2204 235 2205 158 2205 121 2205 234 2206 365 2206 236 2206 365 2207 234 2207 383 2207 232 2208 235 2208 233 2208 235 2209 232 2209 234 2209 235 2210 234 2210 236 2210 362 2211 233 2211 363 2211 233 2212 362 2212 232 2212 383 2213 364 2213 365 2213 362 2214 364 2214 383 2214 364 2215 362 2215 363 2215 380 2216 361 2216 377 2216 361 2217 380 2217 382 2217 361 2218 382 2218 360 2218 365 2219 387 2219 385 2219 387 2220 365 2220 368 2220 368 2221 365 2221 364 2221 364 2222 369 2222 368 2222 369 2223 364 2223 366 2223 366 2224 371 2224 369 2224 371 2225 366 2225 367 2225 367 2226 372 2226 371 2226 372 2227 367 2227 370 2227 370 2228 374 2228 372 2228 374 2229 370 2229 373 2229 373 2230 360 2230 374 2230 360 2231 373 2231 361 2231 373 2232 244 2232 361 2232 99 2233 64 2233 244 2233 244 2234 373 2234 99 2234 361 2235 244 2235 254 2235 276 2236 233 2236 235 2236 309 2237 364 2237 363 2237 309 2238 363 2238 297 2238 297 2239 233 2239 276 2239 297 2240 363 2240 233 2240 309 2241 235 2241 364 2241 235 2242 309 2242 276 2242 362 2243 311 2243 297 2243 311 2244 362 2244 383 2244 297 2245 232 2245 362 2245 232 2246 297 2246 281 2246 281 2247 234 2247 232 2247 281 2248 383 2248 234 2248 311 2249 383 2249 281 2249 309 2250 297 2250 311 2250 309 2251 311 2251 281 2251 281 2252 276 2252 309 2252 276 2253 281 2253 297 2253 361 2254 254 2254 275 2254 275 2255 254 2255 201 2255 165 2256 201 2256 254 2256 254 2257 244 2257 165 2257 64 2258 165 2258 244 2258 63 2259 163 2259 43 2259 43 2260 45 2260 63 2260 43 2261 35 2261 45 2261 35 2262 43 2262 29 2262 13 2263 18 2263 8 2263 18 2264 13 2264 23 2264 23 2265 29 2265 18 2265 29 2266 23 2266 35 2266 8 2267 7 2267 13 2267 9 2268 7 2268 8 2268 7 2269 9 2269 10 2269 17 2270 9 2270 19 2270 9 2271 17 2271 10 2271 19 2272 28 2272 17 2272 28 2273 19 2273 30 2273 28 2274 30 2274 36 2274 64 2275 164 2275 165 2275 164 2276 64 2276 42 2276 44 2277 42 2277 64 2277 44 2278 30 2278 42 2278 30 2279 44 2279 36 2279 164 2280 201 2280 165 2280 201 2281 164 2281 277 2281 201 2282 277 2282 275 2282 377 2283 275 2283 277 2283 275 2284 377 2284 361 2284 263 2285 391 2285 278 2285 391 2286 263 2286 393 2286 163 2287 63 2287 187 2287 187 2288 278 2288 163 2288 278 2289 187 2289 263 2289 63 2290 59 2290 111 2290 63 2291 204 2291 187 2291 187 2292 204 2292 263 2292 204 2293 393 2293 263 2293 393 2294 204 2294 395 2294 111 2295 204 2295 63 2295 99 2296 61 2296 64 2296 61 2297 99 2297 67 2297 67 2298 59 2298 61 2298 59 2299 67 2299 68 2299 111 2300 59 2300 68 2300 63 2301 47 2301 59 2301 44 2302 61 2302 46 2302 40 2303 44 2303 46 2303 44 2304 40 2304 36 2304 20 2305 36 2305 40 2305 36 2306 20 2306 28 2306 28 2307 20 2307 17 2307 20 2308 14 2308 7 2308 7 2309 14 2309 13 2309 31 2310 13 2310 14 2310 13 2311 31 2311 23 2311 23 2312 31 2312 35 2312 47 2313 35 2313 31 2313 35 2314 47 2314 45 2314 47 2315 63 2315 45 2315 7 2316 10 2316 20 2316 17 2317 20 2317 10 2317 61 2318 44 2318 64 2318 59 2319 46 2319 61 2319 47 2320 46 2320 59 2320 47 2321 40 2321 46 2321 31 2322 40 2322 47 2322 14 2323 40 2323 31 2323 14 2324 20 2324 40 2324 204 2325 111 2325 395 2325 403 2326 239 2326 405 2326 119 2327 402 2327 122 2327 398 2328 122 2328 402 2328 395 2329 122 2329 398 2329 122 2330 395 2330 111 2330 119 2331 239 2331 403 2331 402 2332 119 2332 403 2332 406 2333 248 2333 411 2333 248 2334 406 2334 240 2334 239 2335 162 2335 240 2335 191 2336 240 2336 162 2336 248 2337 240 2337 191 2337 126 2338 239 2338 119 2338 157 2339 239 2339 126 2339 157 2340 162 2340 239 2340 162 2341 157 2341 136 2341 408 2342 240 2342 406 2342 240 2343 408 2343 241 2343 407 2344 405 2344 404 2344 405 2345 407 2345 408 2345 409 2346 406 2346 411 2346 406 2347 409 2347 401 2347 312 2348 393 2348 395 2348 393 2349 312 2349 390 2349 390 2350 391 2350 393 2350 391 2351 390 2351 388 2351 405 2352 408 2352 406 2352 406 2353 401 2353 405 2353 401 2354 403 2354 405 2354 403 2355 401 2355 400 2355 400 2356 402 2356 403 2356 402 2357 400 2357 399 2357 399 2358 398 2358 402 2358 398 2359 399 2359 397 2359 397 2360 395 2360 398 2360 395 2361 397 2361 396 2361 395 2362 396 2362 312 2362 241 2363 239 2363 240 2363 238 2364 239 2364 241 2364 239 2365 238 2365 237 2365 238 2366 404 2366 237 2366 404 2367 238 2367 407 2367 299 2368 404 2368 307 2368 307 2369 404 2369 405 2369 299 2370 237 2370 404 2370 237 2371 299 2371 269 2371 237 2372 269 2372 239 2372 307 2373 239 2373 269 2373 307 2374 405 2374 239 2374 241 2375 270 2375 238 2375 308 2376 408 2376 407 2376 308 2377 407 2377 299 2377 299 2378 238 2378 270 2378 299 2379 407 2379 238 2379 308 2380 241 2380 408 2380 241 2381 308 2381 270 2381 307 2382 270 2382 308 2382 270 2383 307 2383 269 2383 269 2384 299 2384 270 2384 308 2385 299 2385 307 2385 1050 2386 1035 2386 1020 2386 1051 2387 1035 2387 1050 2387 1020 2388 1035 2388 1051 2388 1050 2389 1066 2389 1051 2389 997 2390 1020 2390 1051 2390 1051 2391 1019 2391 997 2391 1065 2392 1051 2392 1066 2392 1051 2393 1065 2393 1049 2393 1049 2394 1019 2394 1051 2394 1019 2395 1049 2395 1018 2395 1018 2396 997 2396 1019 2396 997 2397 1018 2397 996 2397 996 2398 1020 2398 997 2398 1020 2399 996 2399 1017 2399 1048 2400 1066 2400 1050 2400 1066 2401 1048 2401 1065 2401 1017 2402 1050 2402 1020 2402 1050 2403 1017 2403 1048 2403 1028 2404 996 2404 1036 2404 1028 2405 1017 2405 996 2405 1028 2406 1048 2406 1017 2406 1048 2407 1028 2407 1040 2407 1040 2408 1065 2408 1048 2408 1036 2409 996 2409 1018 2409 1036 2410 1018 2410 1049 2410 1036 2411 1065 2411 1040 2411 1036 2412 1049 2412 1065 2412 1037 2413 1036 2413 1040 2413 1037 2414 1040 2414 1028 2414 1037 2415 1028 2415 1036 2415 664 2416 612 2416 586 2416 632 2417 612 2417 664 2417 586 2418 612 2418 632 2418 664 2419 586 2419 631 2419 555 2420 586 2420 632 2420 632 2421 587 2421 555 2421 663 2422 632 2422 664 2422 632 2423 663 2423 630 2423 630 2424 587 2424 632 2424 587 2425 630 2425 585 2425 585 2426 555 2426 587 2426 555 2427 585 2427 554 2427 554 2428 586 2428 555 2428 586 2429 554 2429 584 2429 629 2430 664 2430 631 2430 664 2431 629 2431 663 2431 584 2432 631 2432 586 2432 631 2433 584 2433 629 2433 609 2434 584 2434 554 2434 617 2435 584 2435 609 2435 617 2436 629 2436 584 2436 621 2437 585 2437 630 2437 621 2438 630 2438 663 2438 585 2439 621 2439 609 2439 609 2440 554 2440 585 2440 617 2441 663 2441 629 2441 663 2442 617 2442 621 2442 616 2443 609 2443 621 2443 616 2444 621 2444 617 2444 616 2445 617 2445 609 2445 489 2446 461 2446 473 2446 489 2447 495 2447 461 2447 473 2448 495 2448 489 2448 473 2449 461 2449 495 2449 469 2450 466 2450 492 2450 492 2451 505 2451 469 2451 505 2452 492 2452 466 2452 466 2453 469 2453 505 2453 279 2454 310 2454 280 2454 310 2455 279 2455 298 2455 298 2456 280 2456 310 2456 280 2457 298 2457 279 2457 286 2458 305 2458 268 2458 286 2459 306 2459 305 2459 286 2460 268 2460 306 2460 305 2461 306 2461 268 2461</p>
        </triangles>
      </mesh>
    </geometry>
  </library_geometries>
  <library_materials>
    <material id="mat_link_1_s_stl" name="link_1_s_stl">
      <instance_effect url="#effect_link_1_s_stl"/>
    </material>
  </library_materials>
  <library_visual_scenes>
    <visual_scene id="myscene">
      <node id="node0" name="node0">
        <instance_geometry url="#geometry0">
          <bind_material>
            <technique_common>
              <instance_material symbol="ref_link_1_s_stl" target="#mat_link_1_s_stl"/>
            </technique_common>
          </bind_material>
        </instance_geometry>
      </node>
    </visual_scene>
  </library_visual_scenes>
  <scene>
    <instance_visual_scene url="#myscene"/>
  </scene>
</COLLADA>
