<COLLADA xmlns="http://www.collada.org/2005/11/COLLADASchema" version="1.4.1">
  <asset>
    <contributor/>
    <created>2026-02-17T13:32:58.326124</created>
    <modified>2026-02-17T13:32:58.326127</modified>
    <unit name="meter" meter="1.0"/>
    <up_axis>Z_UP</up_axis>
  </asset>
  <library_effects>
    <effect id="effect_link_4_r_stl" name="effect_link_4_r_stl">
      <profile_COMMON>
        <technique sid="common">
          <phong>
            <emission>
              <color>0.0 0.0 0.0 1.0</color>
            </emission>
            <ambient>
              <color>0.0 0.0 0.0 1.0</color>
            </ambient>
            <diffuse>
              <color>0.6784313917160034 0.7098039388656616 0.7411764860153198 1.0</color>
            </diffuse>
            <specular>
              <color>1 1 1 1.0</color>
            </specular>
            <shininess>
              <float>0.0</float>
            </shininess>
            <reflective>
              <color>0.0 0.0 0.0 1.0</color>
            </reflective>
            <reflectivity>
              <float>0.0</float>
            </reflectivity>
            <transparent>
              <color>0.0 0.0 0.0 1.0</color>
            </transparent>
            <transparency>
              <float>1.0</float>
            </transparency>
          </phong>
        </technique>
        <extra>
          <technique profile="GOOGLEEARTH">
            <double_sided>0</double_sided>
          </technique>
        </extra>
      </profile_COMMON>
    </effect>
  </library_effects>
  <library_geometries>
    <geometry id="geometry0" name="link_4_r_stl">
      <mesh>
        <source id="cubeverts-array0">
          <float_array count="5718" id="cubeverts-array0-array">-0.1585 -0.01700002 -0.006000021 -0.1585 -0.01700002 0.005999977 -0.1585 -0.01549195 -0.006000021 -0.1585 -0.01474862 0.006113041 -0.1585 -0.01297148 -0.006895402 -0.1585 -0.01193766 0.007564614 -0.1585 -0.009029166 -0.01069929 -0.1585 -0.00272803 -0.01373166 -0.1585 -0.00272803 0.01373162 -0.1585 0.00425371 0.01333811 -0.1585 0.0101742 -0.009616941 -0.1585 0.0101742 0.009616902 -0.1585 0.01355634 0.003496391 -0.1584993 0.004230019 -0.01336583 -0.1584988 0.01356111 -0.003783258 -0.1584986 -0.008427127 0.01114872 -0.1532404 -0.004338767 -0.01319015 -0.1529808 0.006015767 -0.01253887 -0.1529808 0.0101855 -0.009469325 -0.1527802 -0.00849845 0.01083935 -0.1527101 6.283246e-05 0.01363972 -0.1527101 0.0009995738 -0.01369757 -0.1527101 0.005490257 0.0125615 -0.1527101 0.01005857 0.009351277 -0.1527101 0.01278212 0.005023804 -0.1527101 0.01362304 0.000874083 -0.1524261 -0.008765935 -0.01034281 -0.1515967 -0.01176472 0.007377465 -0.1513028 0.01207785 -0.003564169 -0.1510321 0.007327425 -0.009953758 -0.1508386 -0.002839217 0.01127206 -0.150806 -0.002789509 -0.01143349 -0.1506391 0.009084461 0.006551401 -0.1505 0.007983546 -0.005525507 -0.1504319 -0.004629755 0.001286228 -0.1499277 -0.008875761 -0.006386949 -0.14968 -0.01285122 -0.006011106 -0.1495 -0.02600001 -0.006000019 -0.1495 -0.02600001 0.005999979 -0.1493264 -0.01056629 0.004954935 -0.1476158 -0.01636183 0.005970977 -0.1473637 -0.01654398 -0.005953661 -0.1461811 -0.0141516 -0.003458203 -0.1445 -0.02600001 -0.006000017 -0.1445 -0.02600001 0.00599998 -0.1443573 -0.01563891 0.004012733 -0.1410277 -0.0194509 -0.006245736 -0.141003 -0.01689842 -0.004039063 -0.1387148 -0.02599856 0.006792532 -0.1384081 -0.02600001 -0.006860277 -0.1372407 -0.01879322 0.006816251 -0.1363914 -0.01700001 0.004456912 -0.1354431 -0.01704637 -0.005056991 -0.1342833 -0.01921009 -0.008342741 -0.1317094 -0.026 0.01012403 -0.1316684 -0.026 -0.01013732 -0.1316333 -0.01788946 0.008941875 -0.128 -0.03408529 -1.676381e-08 -0.128 -0.03100001 -1.676381e-08 -0.128 -0.02948277 -0.009579542 -0.128 -0.02948277 0.009579508 -0.128 -0.02507954 -0.01822135 -0.128 -0.02507954 0.01822132 -0.128 -0.01822135 -0.02507954 -0.128 -0.01822135 0.02507951 -0.128 -0.009579542 -0.02948277 -0.128 -0.009579542 0.02948273 -0.128 0.001999983 -0.03100001 -0.128 0.001999983 0.03099998 -0.128 0.009875079 -0.02779272 -0.128 0.009875079 0.02779268 -0.128 0.01199998 -0.02300001 -0.128 0.01199998 -1.676381e-08 -0.128 0.01199998 0.02299998 -0.128 0.03027596 -0.01434544 -0.128 0.03027596 0.01434541 -0.128 0.03408526 -1.676381e-08 -0.1278983 -0.03365676 -0.00743402 -0.1278983 -0.03312547 0.009321911 -0.1278983 -0.02839093 -0.0198259 -0.1278983 -0.02839093 0.01982586 -0.1278983 -0.02016018 -0.0278884 -0.1278983 -0.01857074 0.02903736 -0.1278983 0.02016015 -0.0278884 -0.1278983 0.02016015 0.02788837 -0.1278879 0.01183266 -0.03255254 -0.1278806 -0.01184024 0.03256643 -0.1278649 -0.01185042 -0.03259338 -0.1278646 0.01185038 0.03259417 -0.1277966 -0.03517105 -1.676381e-08 -0.1277966 0.03364476 -0.009468089 -0.1277966 0.03364476 0.009468055 -0.1277966 0.03517102 -1.676381e-08 -0.1275054 -0.03301695 -0.01342065 -0.1275054 0.02922074 -0.0204054 -0.1275054 0.02922074 0.02040536 -0.1273597 -0.02086485 0.02890783 -0.1272141 -0.03610959 -1.676381e-08 -0.1272141 -0.03548052 -0.006659397 -0.1272141 -0.03548052 0.006659363 -0.1272141 -0.03275419 0.01510935 -0.1272141 -0.03083111 -0.01864774 -0.1272141 -0.02803576 0.02261966 -0.1272141 -0.0253762 -0.02564375 -0.1272141 0.02537616 -0.02564375 -0.1272141 0.03275417 -0.01510939 -0.1272141 0.03275417 0.01510935 -0.1272141 0.0354805 -0.006659397 -0.1272141 0.0354805 0.006659363 -0.1272141 0.03610957 -1.676381e-08 -0.1266996 0.01189209 -0.03433645 -0.1266229 -0.01189045 0.03442398 -0.1265671 -0.01197548 -0.03445067 -0.1265671 0.01197544 0.03445065 -0.1264715 -0.01700001 -0.0113468 -0.1264715 -0.01700001 0.01134677 -0.1264712 -0.02599982 -0.01539121 -0.1263955 -0.02599998 0.0155107 -0.1260964 -0.01864182 -0.01527872 -0.126 -0.03447352 -1.676381e-08 -0.126 -0.03334126 -0.008762683 -0.126 -0.03100001 -1.676381e-08 -0.126 -0.03001885 -0.01694974 -0.126 -0.02948277 -0.009579542 -0.126 -0.02948277 0.009579508 -0.126 -0.02507954 -0.01822135 -0.126 -0.02507954 0.01822132 -0.126 -0.02472452 -0.02402338 -0.126 -0.01822135 -0.02507954 -0.126 -0.01822135 0.02507951 -0.126 -0.01780607 -0.02951896 -0.126 -0.009971164 -0.033 -0.126 -0.009579542 -0.02948277 -0.126 -0.009579542 0.02948273 -0.126 -1.65229e-08 0.03099998 -0.126 0.001999983 -0.03100001 -0.126 0.008027321 0.02902732 -0.126 0.009875079 -0.02779272 -0.126 0.009971129 -0.033 -0.126 0.01199998 -0.02300001 -0.126 0.01199998 -1.676381e-08 -0.126 0.01199998 0.02299998 -0.126 0.01780604 -0.02951896 -0.126 0.03258852 0.009228727 -0.126 0.0344735 -1.676381e-08 -0.1259998 0.02501843 -0.0237317 -0.1259997 0.0333461 -0.008921543 -0.1259995 0.02991948 0.01721307 -0.1259993 0.03003668 -0.01694646 -0.1259178 0.02141557 0.02664204 -0.1259178 0.03434392 -1.676381e-08 -0.1258521 -0.03451315 -1.676381e-08 -0.1258521 -0.02627918 0.02213131 -0.1258436 -0.03345372 0.007899532 -0.1258155 -0.01839021 -0.03265113 -0.1258155 0.01839017 0.0326511 -0.1257988 -0.01176574 0.03235225 -0.1257867 0.01177666 0.03236034 -0.1256715 0.01534513 -0.0342261 -0.1255608 -0.01531021 0.03429084 -0.1250813 -0.01780281 0.01550438 -0.125 -0.01173912 -0.035 -0.125 0.01173909 -0.035 -0.125 0.01173909 0.03499998 -0.1249475 -0.01660435 0.03138959 -0.1249402 0.02062087 -0.03257401 -0.1249402 0.0244295 0.02967545 -0.1243663 -0.01502718 -0.033 -0.1243663 0.01502715 -0.033 -0.1240965 -0.01965506 0.01965424 -0.124053 0.02769059 0.02381879 -0.1236434 -0.02600001 -0.02100001 -0.1236434 -0.02600001 0.02099998 -0.1236196 -0.01974112 -0.02100001 -0.1234913 -0.03376337 0.01556229 -0.1234786 -0.02302737 0.02915461 -0.1234599 0.01875428 0.03206551 -0.1234564 0.0345252 0.01384548 -0.1234564 0.03670225 0.006057317 -0.1233739 -0.01571932 0.03499998 -0.1233732 -0.01572078 0.03299998 -0.1228514 -0.01759096 -0.01934146 -0.1227206 -0.04102431 -1.583248e-08 -0.1227206 0.04102429 -1.583248e-08 -0.1224696 -0.03738817 -0.01721159 -0.1224696 -0.03738817 0.01721155 -0.1224696 0.03738815 -0.01721159 -0.1224696 0.03738815 0.01721155 -0.1222533 0.01835145 0.03299998 -0.1222185 -0.04062068 -0.007915912 -0.1222185 -0.04062068 0.00791588 -0.1222185 -0.03467603 -0.02258925 -0.1222185 -0.03467603 0.02258921 -0.1222185 -0.02971502 -0.02880485 -0.1222185 -0.02971502 0.02880481 -0.1222185 0.02971499 -0.02880485 -0.1222185 0.02971499 0.02880481 -0.1222185 0.03467601 -0.02258925 -0.1222185 0.03467601 0.02258921 -0.1222185 0.04062065 -0.007915912 -0.1222185 0.04062065 0.00791588 -0.1222173 -0.02347168 0.0340388 -0.1222113 -0.02347614 -0.03403947 -0.1217639 -0.02096529 -0.033 -0.1217477 -0.01969948 -0.035 -0.1217163 -0.04174527 -1.583248e-08 -0.1217163 0.04174524 -1.583248e-08 -0.1215771 0.02008967 -0.035 -0.1212446 -0.03967477 -1.583248e-08 -0.1212446 -0.03661559 -0.015277 -0.1212446 -0.03372559 -0.02083806 -0.1212446 0.02202468 -0.033 -0.1212446 0.03967475 -1.583248e-08 -0.121205 -0.01720208 0.02099998 -0.121079 0.02362276 0.0344813 -0.1210772 -0.03906018 0.00761178 -0.1210772 -0.03902028 -0.007813742 -0.1210772 0.02799431 -0.02828347 -0.1209764 -0.02800928 -0.02829855 -0.1209098 -0.03991509 -1.583248e-08 -0.1209098 0.03991507 -1.583248e-08 -0.1208216 0.0236681 -0.03453935 -0.1207919 -0.03342981 0.02177738 -0.1207919 -0.02878202 0.02762767 -0.1207919 0.02817237 0.02823864 -0.1207082 -0.03703374 0.01500355 -0.1207082 -0.03687656 -0.01538588 -0.1207082 -0.0331377 -0.02232708 -0.1207082 0.03313768 -0.02232708 -0.120699 -0.02277674 0.03281499 -0.1206774 0.02275511 0.03282123 -0.1206715 0.02255043 -0.033 -0.1206506 -0.02255487 -0.033 -0.1206074 0.03433678 0.02037285 -0.1206074 0.03613082 -0.0170189 -0.1206074 0.0391152 -0.008254161 -0.1205066 -0.042 -1.583248e-08 -0.1205066 -0.04122453 0.008033553 -0.1205066 -0.04 -1.583248e-08 -0.1205066 -0.03922136 -0.007854007 -0.1205066 -0.03915815 0.008147492 -0.1205066 -0.03540487 0.01861436 -0.1205066 -0.03538511 -0.01865192 -0.1205066 -0.03044009 -0.02893499 -0.1205066 -0.02360035 -0.03466187 -0.1205066 0.03721589 0.01466204 -0.1205066 0.03892672 -0.0157705 -0.1205066 0.03926037 0.007579252 -0.1205066 0.03999998 -1.583248e-08 -0.1205066 0.04122451 0.008033553 -0.1205066 0.04199998 -1.583248e-08 -0.1205 -0.01700001 -0.02100001 -0.1168035 0.01729732 0.03499998 -0.1163368 -0.04117443 -0.008272907 -0.1163368 -0.03895922 -0.01568987 -0.1163368 -0.03895922 0.01568983 -0.1163368 -0.03717511 0.01954507 -0.1163368 -0.03621873 -0.02118034 -0.1163368 -0.035043 0.02314982 -0.1163368 -0.03050033 0.02887229 -0.1163368 0.02881362 -0.02773877 -0.1163368 0.03050029 -0.02887233 -0.1163368 0.03500148 0.02321153 -0.1163368 0.03571921 -0.02203107 -0.1163368 0.03717509 0.01954507 -0.1163368 0.03894131 0.01573436 -0.1163368 0.04117213 -0.008284686 -0.1163354 0.03044927 0.02892506 -0.1162906 -0.02397797 0.03443858 -0.1152878 0.003124103 0.03509958 -0.1152337 0.00346229 0.03299998 -0.1147013 -0.00805686 0.03499998 -0.1141956 -0.0313686 -0.02454508 -0.114028 2.05217e-07 0.03587866 -0.1139231 0.002271399 0.03333392 -0.1137849 -0.003541126 0.03588789 -0.1132677 0.006247814 0.03590753 -0.1130663 -0.007020729 0.03591518 -0.1128742 -0.009569826 0.03527319 -0.1126137 1.648846e-07 0.03446445 -0.1123786 -0.003342164 0.03447971 -0.1123574 0.01201525 0.03521737 -0.1123506 -0.0141403 0.03299998 -0.1122004 -0.01029464 0.03334674 -0.112167 -0.042 -1.490116e-08 -0.112167 -0.04 -1.490116e-08 -0.112167 -0.03916169 0.008129288 -0.112167 -0.03710089 0.01495071 -0.112167 -0.03626003 -0.01675893 -0.112167 0.03916394 -0.008116202 -0.112167 0.03999998 -1.490116e-08 -0.112167 0.04199998 -1.490116e-08 -0.1121247 0.009834749 0.03595094 -0.1118712 0.00592528 0.03451266 -0.1118645 -0.04135335 0.007651128 -0.1118645 0.03856979 -0.01668379 -0.1118628 0.04134852 0.007683231 -0.1116834 -0.00662666 0.03452486 -0.1116629 -0.03412259 0.02101631 -0.11166 0.0367765 0.01590677 -0.1116089 -0.0304637 -0.02907275 -0.1115627 0.02843341 0.02824969 -0.1111741 -0.02730702 0.02926444 -0.1111644 0.03426076 -0.02099506 -0.1111644 0.03732973 -0.01494391 -0.111153 -0.03943155 -0.007883639 -0.111153 0.03375666 0.02185679 -0.111153 0.03947943 0.007655492 -0.1109571 -0.0422548 -1.490116e-08 -0.1109571 0.04225478 -1.490116e-08 -0.1108966 -0.02944354 0.03039932 -0.1107804 -0.02567357 -0.03062125 -0.1107574 0.009320153 0.03458498 -0.1105216 -0.01325091 0.03601181 -0.1105216 0.01325088 0.03601181 -0.1104576 0.02609456 0.03285035 -0.1104549 -0.0418453 -0.008064694 -0.1104549 -0.03956297 -0.01583792 -0.1104549 -0.03956297 0.01583789 -0.1104549 -0.03585085 -0.02303877 -0.1104549 -0.03540574 0.02371709 -0.1104549 0.03577166 -0.0231615 -0.1104549 0.04183604 -0.008112492 -0.1104515 0.03532276 0.02384317 -0.1104515 0.03952806 0.0159288 -0.1104515 0.04261684 -1.44355e-08 -0.1103646 0.01376454 0.03343729 -0.1101619 0.04041963 -1.490116e-08 -0.1101505 -0.04042466 -1.490116e-08 -0.1101391 -0.0404297 -1.490116e-08 -0.1101032 -0.02266363 0.03290398 -0.1099527 -0.04297591 -1.396984e-08 -0.1099527 -0.04297591 -1.396984e-08 -0.1099527 -0.03110406 -0.02965582 -0.1096088 0.03007866 0.03083072 -0.1095523 0.03191899 -0.02951979 -0.1093821 0.02539313 -0.03348066 -0.1093287 -0.02532651 -0.03354537 -0.1093192 0.04028178 -0.007763369 -0.1093135 -0.04027536 0.007809828 -0.1093135 -0.03805214 0.01533404 -0.1093078 -0.03808941 -0.01524803 -0.1093078 -0.03451555 -0.02218067 -0.1093078 0.04102808 -1.44355e-08 -0.1092987 0.0285846 -0.02922108 -0.1091962 -0.01255349 0.03468636 -0.1091962 0.01255346 0.03468636 -0.1090957 0.0248105 0.03170184 -0.1090226 0.01533633 0.03614809 -0.1088664 0.02290048 -0.03299977 -0.1087981 -0.02962259 -0.0288922 -0.1086378 -0.01723031 0.03538127 -0.1084765 -0.04162651 -1.396984e-08 -0.1084765 0.03860949 0.01555864 -0.1083388 0.04397776 0.007624168 -0.1080576 -0.02833176 0.03031532 -0.1080312 -0.02912681 0.03267549 -0.1077497 -0.02249156 -0.035 -0.1077193 0.01789987 0.03538773 -0.1075782 -0.0293119 -0.03300163 -0.1075689 -0.02183909 0.0349415 -0.1075566 0.01460048 0.03495081 -0.1075457 0.02309984 0.03496413 -0.1075396 0.03047941 0.02954897 -0.1074189 -0.04562338 -1.396984e-08 -0.1074189 0.04562336 -1.396984e-08 -0.1073727 0.02256522 -0.035 -0.107359 -0.04479762 0.008482305 -0.1071727 0.04157581 -0.01895434 -0.1070695 -0.04254045 -0.006693347 -0.1070695 0.04253592 0.00671666 -0.1069866 0.03095074 -0.0326025 -0.1069453 -0.01731888 0.03633694 -0.1066327 0.04561586 -0.00811037 -0.1064721 -0.04626139 -1.396984e-08 -0.1064721 0.04626137 -1.396984e-08 -0.1064546 0.02097467 0.03301263 -0.10636 0.04142365 -0.01394212 -0.1061814 -0.04593925 -0.008170782 -0.1060035 0.03596741 0.02545009 -0.1059308 0.03602479 -0.02547531 -0.1058483 -0.04431413 -1.396984e-08 -0.1058483 0.04431411 -1.396984e-08 -0.1058098 -0.01608719 0.03523256 -0.105783 -0.03843862 0.02189295 -0.1056278 -0.02345989 -0.03299999 -0.1054654 -0.02364819 0.03291907 -0.1052997 -0.0465 -1.396984e-08 -0.1052997 -0.0445 -1.396984e-08 -0.1052997 0.04449998 -1.396984e-08 -0.1052997 0.04649998 -1.396984e-08 -0.1052865 0.03118367 -0.03109301 -0.1052449 -0.04425941 0.007658642 -0.1052449 0.04425938 -0.00765902 -0.1052266 0.01857855 0.03649318 -0.1050127 -0.03527533 -0.03169965 -0.1050044 -0.0463807 0.008780713 -0.1050044 0.04638068 0.008780714 -0.1050044 0.04638068 -0.008780878 -0.1048799 0.03816577 0.02917246 -0.1047674 -0.04425799 -0.0100043 -0.1047674 0.04425796 0.01000422 -0.1047646 -0.03815901 -0.02935316 -0.1047467 -0.03817946 0.02935258 -0.1046752 -0.04576868 -0.0146414 -0.1045408 0.04576759 0.01513818 -0.1044564 -0.01825137 0.03411802 -0.1044298 -0.0445 0.008664621 -0.1044298 0.04449998 0.008664621 -0.1044297 -0.0465 -0.008664789 -0.1044297 -0.0445 -0.008664789 -0.1044297 0.04449998 -0.008664785 -0.1043927 -0.04329057 -0.02184565 -0.1043927 -0.04329057 0.02184562 -0.1043927 0.04329054 0.02184562 -0.1043248 0.0171089 0.03547208 -0.1042663 0.0345281 0.03261367 -0.1041331 0.03903189 -0.02915871 -0.1039073 -0.02834722 -0.03253229 -0.1039052 0.02410392 -0.035 -0.1039052 0.02410392 -0.033 -0.1034275 -0.03698024 0.02844689 -0.1034235 -0.04592768 0.01763246 -0.1034235 0.04592766 -0.01763248 -0.1033218 -0.04425581 0.01481204 -0.1031897 0.0289005 -0.03256781 -0.1031765 -0.03378996 -0.03109305 -0.1030027 0.03088566 0.03225306 -0.1028211 -0.03781491 -0.02826542 -0.1027447 0.04312239 -0.01918636 -0.1024337 -0.02012447 0.03674707 -0.1024 -0.04430923 -0.01721083 -0.1024 0.04430921 0.01721081 -0.1022351 -0.03110698 0.03464802 -0.1021628 0.02025 0.0367717 -0.1019345 -0.03718216 0.03260818 -0.1018882 -0.0465 -0.01700001 -0.1018882 -0.0465 0.01699998 -0.1018882 -0.0445 -0.01700001 -0.1018882 -0.0445 0.01699998 -0.1018882 0.04449998 -0.01700001 -0.1018882 0.04449998 0.01699998 -0.1018882 0.04649998 -0.01700001 -0.1018882 0.04649998 0.01699998 -0.1018773 -0.03524207 0.03106014 -0.1016283 0.03142266 0.03462355 -0.101624 -0.04302905 -0.02173032 -0.101407 0.04294385 0.02226032 -0.1014002 0.0185956 0.03594378 -0.1013329 -0.03229896 -0.03463295 -0.1013187 0.03229459 -0.03463676 -0.1011622 -0.04568483 -0.02292073 -0.1011275 -0.02171898 0.03566899 -0.1007647 0.03854109 -0.032578 -0.1005684 0.04556791 -0.02418332 -0.1001289 0.02234782 0.03558835 -0.1000587 -0.0191114 0.03616016 -0.1000481 -0.04543067 0.02523733 -0.09997563 0.03809444 0.03068386 -0.09983842 0.04482376 0.02658165 -0.09956431 0.04397466 -0.02361383 -0.09942904 -0.02131858 0.03702023 -0.09939436 0.04424324 0.02272913 -0.09939436 0.04623521 0.02290803 -0.09939432 -0.04623523 -0.02290815 -0.09939432 -0.04424325 -0.02272925 -0.09937852 -0.04623209 0.02294299 -0.09937852 -0.0442402 0.02276304 -0.09937849 0.04424017 -0.02276315 -0.09937849 0.04623206 -0.02294311 -0.0993562 0.02042644 0.03442278 -0.0992448 0.03061775 -0.035 -0.09900001 -0.0465 -1.303852e-08 -0.09900001 -0.0445 -1.303852e-08 -0.09900001 0.04449998 -1.303852e-08 -0.09900001 0.04649998 -1.303852e-08 -0.09887758 0.02150323 0.03707036 -0.09880797 -0.03072838 -0.03499981 -0.0985678 -0.02060469 0.03475655 -0.09844339 0.03901807 -0.03108253 -0.09827171 -0.03946824 -0.03347559 -0.09825784 -0.01970552 0.03645062 -0.09825784 0.0197055 0.03645062 -0.09813258 -0.04351495 0.02658988 -0.09811613 -0.04593229 0.02564133 -0.098114 -0.04394891 0.02538398 -0.0980662 0.04591856 0.02574453 -0.09806405 0.04393559 0.02548405 -0.09800257 -0.02236821 0.03358693 -0.09785195 -0.0465 -0.0002283743 -0.09785195 -0.0445 -0.0002283743 -0.09785195 0.04449998 -0.0002283743 -0.09785195 0.04649998 -0.0002283743 -0.09761068 0.04249928 0.02888925 -0.09750732 -0.04433653 0.03049656 -0.09750001 -0.01760001 -0.02100001 -0.09750001 -0.01760001 0.02099998 -0.09750001 -0.01700001 -0.02100001 -0.09750001 -0.01700001 0.02099998 -0.09746571 -0.04432289 -0.03040314 -0.09731094 0.04427234 -0.0306144 -0.09692785 -0.04322203 -0.02875832 -0.09691965 0.04324572 -0.02873123 -0.09687868 -0.0465 -0.0008786926 -0.09687868 -0.0445 -0.0008786926 -0.09687868 0.04449998 -0.0008786926 -0.09687868 0.04649998 -0.0008786926 -0.0966146 -0.04349841 -0.0282828 -0.09656059 0.0426475 0.03257155 -0.09628596 -0.03388889 0.03499998 -0.09622837 -0.0465 -0.001851962 -0.09622837 -0.0445 -0.001851962 -0.09622837 0.04449998 -0.001851962 -0.09622837 0.04649998 -0.001851962 -0.09611816 -0.03848885 0.03229696 -0.096 -0.0465 -0.005000011 -0.096 -0.0465 -0.003000013 -0.096 -0.0445 -0.005000011 -0.096 -0.0445 -0.003000013 -0.096 0.04449998 -0.005000011 -0.096 0.04449998 -0.003000013 -0.096 0.04649998 -0.005000011 -0.096 0.04649998 -0.003000013 -0.09595294 -0.03412608 -0.033 -0.09594901 0.03413046 -0.033 -0.09580283 -0.04191054 -0.03090835 -0.09577164 -0.0465 -0.006148062 -0.09577164 -0.0445 -0.006148062 -0.09577164 0.04449998 -0.006148062 -0.09577164 0.04649998 -0.006148062 -0.09565394 0.04331818 -0.02918829 -0.09558546 -0.04201981 0.0335054 -0.09550378 0.03445887 0.03499623 -0.09512132 -0.0465 -0.007121332 -0.09512132 -0.0445 -0.007121332 -0.09512132 0.04449998 -0.007121332 -0.09512132 0.04649998 -0.007121332 -0.09479308 0.04524841 -0.02973122 -0.09460138 -0.04301422 0.03015034 -0.09450001 -0.02600001 -0.02100001 -0.09450001 -0.02600001 0.02099998 -0.09450001 -0.02500001 -0.032 -0.09450001 -0.02500001 -0.02100001 -0.09450001 -0.02500001 0.02099998 -0.09450001 -0.02500001 0.03199998 -0.09450001 -0.01760001 -0.032 -0.09450001 -0.01760001 -0.02100001 -0.09450001 -0.01760001 0.02099998 -0.09450001 -0.01760001 0.03199998 -0.09436102 -0.04526734 -0.02965818 -0.09414806 -0.0465 -0.00777165 -0.09414806 -0.0445 -0.00777165 -0.09414806 0.04449998 -0.00777165 -0.09414806 0.04649998 -0.00777165 -0.09374574 0.02388923 0.03352822 -0.0935 -0.02200001 0.03299998 -0.0935 -0.02000001 0.03199998 -0.0935 -0.01832925 0.03307923 -0.0935 -0.01800001 0.03349998 -0.0935 -0.01800001 0.0409411 -0.0935 -0.01726562 0.03240089 -0.0935 -0.01700001 0.03299998 -0.0935 -0.01700001 0.0409411 -0.0935 0.01699998 0.03299998 -0.0935 0.01699998 0.0409411 -0.0935 0.0172656 0.03240089 -0.0935 0.01799998 0.03349998 -0.0935 0.01799998 0.0409411 -0.0935 0.01832923 0.03307923 -0.0935 0.02049998 0.03199998 -0.09328252 0.04467884 0.03158756 -0.09306772 0.04270614 0.03125897 -0.09302766 -0.0407313 -0.03252176 -0.093 -0.0465 -0.008000009 -0.093 -0.0445 -0.008000009 -0.093 0.04449998 -0.008000009 -0.093 0.04649998 -0.008000009 -0.09299438 0.04224489 -0.03411277 -0.09266299 -0.04226162 -0.03424677 -0.09265429 0.03764167 -0.035 -0.09248737 -0.04456269 0.03215697 -0.09223413 -0.0406232 0.03471282 -0.09216554 0.04036686 0.03269709 -0.09211789 0.04222807 -0.03221847 -0.09200001 0.02449998 0.03299998 -0.09194508 -0.03778673 0.03299998 -0.09176467 0.03436511 0.03299998 -0.09172138 0.02363982 0.03724598 -0.0911438 -0.04289885 -0.03116909 -0.09100001 -0.0445 -0.008000009 -0.09100001 -0.0445 -0.003000012 -0.09100001 -0.044 -0.01150001 -0.09100001 -0.0425 -0.01200001 -0.09100001 -0.0425 -0.003000012 -0.09100001 0.04249998 -0.01200001 -0.09100001 0.04249998 -0.003000012 -0.09100001 0.04399998 -0.01150001 -0.09100001 0.04449998 -0.008000009 -0.09100001 0.04449998 -0.003000012 -0.09086753 -1.191584e-08 0.05903909 -0.09063869 -0.004948854 0.05881025 -0.09063869 0.004948831 0.05881025 -0.09050001 -0.02500001 0.03199998 -0.09050001 -0.02500001 0.03299998 -0.09050001 0.02599998 0.03199998 -0.09035355 -0.007396895 0.05852512 -0.09035355 0.007396872 0.05852512 -0.08997218 0.04305158 0.03439521 -0.08985079 -0.02335224 -0.033 -0.08951273 -0.003663931 0.05925546 -0.08923653 -0.004688389 0.05740808 -0.08923653 0.004688366 0.05740808 -0.08922811 -0.04223699 0.03263412 -0.08918095 -0.0132509 0.05735249 -0.08918095 0.01325088 0.05735249 -0.08897308 -0.02498331 -0.035 -0.08897308 -0.0180167 -0.035 -0.08896798 -0.04433091 -0.03311789 -0.08840026 0.01016429 0.05837417 -0.08803912 -0.01000001 0.05621066 -0.08803912 0.009999986 0.05621066 -0.08801102 -0.01645484 0.05618258 -0.08801102 0.01645481 0.05618258 -0.08794754 0.0446051 0.03270741 -0.08793753 -0.003537485 0.0588938 -0.08786494 -0.04460447 0.03271006 -0.0878555 -0.01255349 0.05602705 -0.0878555 0.01255346 0.05602705 -0.08779716 0.03375921 0.03499998 -0.08769031 -0.02631336 0.03529179 -0.08760028 -0.04401536 0.03389507 -0.08760028 -0.04325444 -0.0345388 -0.08760028 -0.0429771 0.03470971 -0.08760028 -0.042661 0.03223789 -0.08760028 -0.04233812 -0.03273898 -0.08760028 -0.04168972 -0.035 -0.08760028 -0.04168972 -0.033 -0.08760028 -0.04168972 0.03499998 -0.08760028 0.04168969 -0.035 -0.08760028 0.04168969 -0.033 -0.08760028 0.04225238 -0.03280623 -0.08760028 0.04266098 -0.03223791 -0.08760028 0.04297709 -0.03470973 -0.08760028 0.04401534 -0.03389509 -0.08760028 0.04405679 0.03384303 -0.08760028 0.04460356 -0.03271372 -0.0875925 0.02725016 0.03502235 -0.08752003 0.02688565 0.03310692 -0.08709643 0.01809777 0.05526798 -0.08706084 0.008910844 0.04919165 -0.08698839 -0.01618077 -0.033 -0.08698624 -0.01888428 -0.03233028 -0.08696297 -0.02750739 0.03499998 -0.08691327 -0.01381729 0.05508482 -0.08685628 -0.005464341 0.04881031 -0.08675864 -0.02517917 -0.03250091 -0.0865628 -0.01882136 0.05473435 -0.08652945 -0.01135565 0.05750757 -0.08652945 0.01135563 0.05750757 -0.08647962 0.02593312 0.03579651 -0.08642031 -1.117587e-08 0.05650608 -0.08639101 0.03946694 0.03250373 -0.08631084 -0.02753502 0.03301095 -0.08628841 0.004662783 0.04833083 -0.08616566 -0.009562679 0.04803131 -0.08615045 -0.01627102 0.05622792 -0.08604892 -0.01675412 0.05422047 -0.08604892 0.0167541 0.05422047 -0.08603532 0.008775033 0.04763581 -0.08602917 0.01954489 0.05420072 -0.08591606 0.01764379 0.05574051 -0.08585266 0.006148607 0.04745314 -0.08576947 -0.01654698 -0.03459307 -0.08571321 -1.117587e-08 0.05721319 -0.08569045 0.04011648 0.03451934 -0.08559938 -0.005901386 0.04719986 -0.08543719 0.01537785 0.05360875 -0.08537258 0.03265075 0.03442793 -0.08533096 -0.008137444 0.0527688 -0.08521204 -0.02096348 -0.03414827 -0.08519396 0.03143064 0.03259506 -0.08502096 0.006907754 0.05307752 -0.08463198 -0.02546449 0.03691641 -0.08452477 -0.02835767 -0.033 -0.08443584 0.02529953 0.03742476 -0.08441306 -0.02465738 0.0346459 -0.08433607 0.009305411 0.04593655 -0.0843135 0.01364549 0.05439925 -0.08429143 0.02457463 0.03474589 -0.08413474 -0.02713572 -0.0346396 -0.08410279 -0.02336484 0.03703918 -0.08405235 0.02337446 0.03704127 -0.08400237 -0.009836553 0.04577964 -0.08396154 -0.02150001 0.03199998 -0.08396154 -0.02150001 0.03299998 -0.08396154 0.02249998 0.03199998 -0.0838882 -0.02150325 0.05205975 -0.0838882 0.02150323 0.05205975 -0.08382841 -0.01642539 0.05341417 -0.08381243 0.006859775 0.04541291 -0.08380726 -0.02177287 -0.03451534 -0.08375185 -0.02886787 -0.035 -0.08375185 -0.01413215 -0.035 -0.08373554 -0.01404727 0.05382131 -0.08362671 0.01635807 0.05462669 -0.08360639 -0.01364551 0.05510637 -0.08353518 -0.003367068 0.05230433 -0.08353518 0.01163293 0.05230433 -0.08345156 -0.02100059 0.02199998 -0.08340393 0.004334858 0.04553474 -0.08334697 -0.02258257 -0.02625001 -0.08333025 0.02331927 0.03299998 -0.08332108 0.03650472 0.03436267 -0.0833149 0.002665305 0.05216475 -0.08330421 -0.006543731 0.0449047 -0.08326845 -0.01970552 0.05144 -0.08326845 0.0197055 0.05144 -0.08326673 -0.02150001 -0.02200001 -0.08309119 -0.01516688 -0.03255412 -0.08308936 -0.01900001 0.05126091 -0.08308936 0.01899998 0.05126091 -0.08306628 -0.01901179 -0.032 -0.08304097 -0.02251687 0.02199998 -0.08302843 0.01404725 0.05452842 -0.08299316 0.01139396 0.04771271 -0.08296038 -0.003581703 0.04767993 -0.08294356 -0.007334073 0.05302932 -0.0829376 -0.02066065 -0.02618751 -0.08288477 -0.01800001 0.05155634 -0.08288477 -0.01700001 0.05155634 -0.08288477 0.01699998 0.05155634 -0.08288477 0.01799998 0.05155634 -0.08281112 0.00493452 0.05289688 -0.08277404 0.007428022 0.05356691 -0.08276321 0.03627588 0.03199998 -0.08264734 -0.007949081 0.05676364 -0.08264734 0.007050917 0.05676364 -0.08261186 -0.01962347 -0.03444223 -0.08251937 0.02060051 0.05280617 -0.0825 -0.02793358 -0.03255412 -0.0825 -0.02150001 -0.02124893 -0.0825 -0.02150001 0.02124891 -0.0825 -0.01391945 -0.033 -0.08249536 -0.02446126 -0.032 -0.08246117 0.01673437 0.05197995 -0.082412 0.01032686 0.05320487 -0.0823791 0.03595326 0.03399998 -0.08236549 -0.01659909 0.05207562 -0.08228832 -0.02446599 -0.03403193 -0.08216177 0.007504354 0.04429259 -0.08213751 -0.01198156 0.05310716 -0.08212671 -0.00475946 0.05291957 -0.08212417 0.03677361 0.02612498 -0.08211662 0.02098116 0.03299998 -0.08209759 0.002499989 0.05359757 -0.08203754 -0.01746878 0.05240357 -0.08203754 0.01746876 0.05240357 -0.08201289 -0.01058829 0.05351286 -0.08200136 -0.01190986 0.0494421 -0.08198174 -0.02286657 0.03249998 -0.08195739 -0.0202322 0.03199998 -0.08195739 -0.0202322 0.03299998 -0.08195739 0.02123218 0.03199998 -0.08193004 0.03844899 0.03427397 -0.08191502 -0.004966994 0.05341499 -0.08188953 -0.02238443 -0.02200001 -0.08188953 -0.02061558 -0.02200001 -0.08187069 -0.0213449 0.02199998 -0.08172625 -0.01885313 -0.03403193 -0.08167515 -0.01900001 0.05267513 -0.08167515 0.01899998 0.05267513 -0.08151579 -0.02195721 -0.02625001 -0.0814044 0.003817723 0.05290437 -0.08140224 0.03477193 0.03437603 -0.08136857 0.03529211 0.02624998 -0.08125366 0.03973397 0.03404616 -0.08122562 0.03938412 0.03199998 -0.08117979 -0.0208762 -0.032 -0.08108094 0.02284975 0.03299998 -0.08104408 -0.02233624 -0.0342818 -0.081 -0.0445 -0.008000009 -0.081 -0.0445 -0.00300001 -0.081 -0.044 -0.01150001 -0.081 -0.0425 -0.01200001 -0.081 -0.0425 -0.00300001 -0.081 0.04249998 -0.01200001 -0.081 0.04249998 -0.00300001 -0.081 0.04399998 -0.01150001 -0.081 0.04449998 -0.008000009 -0.081 0.04449998 -0.00300001 -0.08077686 -0.009217622 0.04560984 -0.08044099 0.03717208 0.02624998 -0.08026733 -0.00251251 0.05440722 -0.08026733 0.01248749 0.05440722 -0.08022549 -0.005047696 0.04635145 -0.08019688 0.002826626 0.04891813 -0.08008161 -0.02241473 0.05011538 -0.08000001 -0.0445 -0.01300001 -0.08000001 -0.0445 -0.008000009 -0.08000001 -0.044 -0.004500009 -0.08000001 -0.0425 -0.01300001 -0.08000001 -0.0425 -0.004000009 -0.08000001 0.04249998 -0.01300001 -0.08000001 0.04249998 -0.004000009 -0.08000001 0.04399998 -0.004500009 -0.08000001 0.04449998 -0.01300001 -0.08000001 0.04449998 -0.008000009 -0.07990016 -0.004568775 0.05700953 -0.07990016 0.01043122 0.05700953 -0.07974087 0.02493326 0.03199998 -0.07969902 0.03691905 0.0342823 -0.0793263 -0.01186507 0.05612653 -0.0793263 0.003134927 0.05612653 -0.07926965 0.004573774 0.05006252 -0.0792478 0.01165647 0.04801695 -0.07919933 -0.02764068 0.0331991 -0.07918603 0.01024054 0.0499789 -0.07901189 -0.008107862 0.05581653 -0.07901189 0.006892135 0.05581653 -0.07883507 -0.008180667 0.05269283 -0.07883507 0.00681933 0.05269283 -0.07883147 0.004380959 0.04891723 -0.07872221 -0.01250001 0.04880799 -0.07866679 0.03405889 0.03199998 -0.07861823 0.03384901 0.03404291 -0.07853016 -0.005131191 0.04861593 -0.07851242 -0.02458209 0.04668398 -0.07851183 0.02458234 0.04668339 -0.07842159 -0.008140222 0.05557843 -0.07842159 0.006859776 0.05557843 -0.07836139 -0.003064872 0.04933104 -0.07834118 -0.009836376 0.04842694 -0.07799805 0.006678235 0.04672011 -0.07789795 -0.005694583 0.05505478 -0.07772027 0.009305411 0.0548771 -0.07767941 -0.02173026 0.04867939 -0.07763407 -0.009836376 0.04913404 -0.07763407 0.005163622 0.04913404 -0.07755283 -0.005568591 0.05780733 -0.07755283 0.009431405 0.05780733 -0.0775 -0.02500001 0.03199998 -0.0775 -0.02500001 0.03299998 -0.0775 0.02599998 0.03299998 -0.07745518 0.0105595 0.04754094 -0.07732072 -0.005469522 0.0488207 -0.07723676 -0.01250001 0.05146325 -0.07723676 0.00249999 0.05146325 -0.0771005 -0.006683047 0.04125234 -0.0770759 0.006390337 0.04160381 -0.07690318 0.001597577 0.04015306 -0.07679781 0.01233467 0.05094792 -0.07674989 -0.009313107 0.05390672 -0.07674807 0.0105595 0.04824805 -0.07668953 -0.007992175 0.04765917 -0.07668098 -0.0001469803 0.03663522 -0.07658048 0.01246513 0.03506969 -0.07650421 -0.02335725 0.04467575 -0.07650421 0.02335723 0.04467575 -0.07648931 0.002749677 0.03259204 -0.07648338 -0.002756674 0.03258611 -0.07638136 0.006148608 0.0535382 -0.07632174 -0.006630994 0.03915258 -0.07626659 0.00745507 0.04014616 -0.07623949 0.0429223 0.03471585 -0.07619637 -0.01232925 0.03468559 -0.07617728 -0.00647441 0.05333411 -0.07607888 -0.01600001 0.04616464 -0.07607047 0.04264647 0.03228917 -0.07604137 0.00865826 0.0531982 -0.07595748 -0.009438869 0.0529749 -0.07595748 0.005561128 0.0529749 -0.07594717 -0.01067813 0.05651289 -0.07594717 0.004321867 0.05651289 -0.07588834 -0.004955825 0.05331033 -0.07588834 0.01004417 0.05331033 -0.07563525 -0.003425081 0.03713012 -0.07550965 -0.01370501 0.04446405 -0.07550965 0.01370499 0.04446405 -0.07537177 -0.01600001 0.04687174 -0.07530784 0.004262229 0.03670641 -0.0751347 -0.02592147 0.03484948 -0.07501282 -0.004313761 0.05575913 -0.07501282 0.01068624 0.05575913 -0.07495403 0.008204123 0.04909227 -0.07494398 -0.01370501 0.04502974 -0.07494398 0.01370499 0.04502974 -0.0748931 0.0117886 0.03942808 -0.07486265 -0.006390357 0.04381705 -0.07486265 0.006390337 0.04381705 -0.07485826 -0.01331236 0.03886291 -0.07476063 -0.01039561 0.05170535 -0.07476063 0.004604386 0.05170535 -0.07475735 -0.004461191 0.05154572 -0.07457627 0.007036475 0.04466204 -0.0745238 -0.00873895 0.03880065 -0.07452052 0.02949961 0.03278629 -0.0745 -0.02200001 0.03249998 -0.0745 -0.01832088 0.03311048 -0.0745 -0.01800001 0.03399998 -0.0745 -0.01772756 0.03209224 -0.0745 -0.01703807 0.03280864 -0.0745 -0.01700001 0.03399998 -0.0745 -0.01498615 -0.03477842 -0.0745 0.01699998 0.03399998 -0.0745 0.01703804 0.03280864 -0.0745 0.01772754 0.03209224 -0.0745 0.01799998 0.03399998 -0.0745 0.01814173 0.03322097 -0.0745 0.02074998 0.03299998 -0.0745 0.02299998 0.03199998 -0.07443224 -0.007536863 0.04451802 -0.07433306 0.02517484 0.0441575 -0.0740927 -0.0004941985 0.03616529 -0.07406008 0.00808112 0.04301448 -0.07395335 -0.006071798 0.03573104 -0.07386917 0.007036475 0.04536915 -0.073744 -0.008854257 0.05355655 -0.073744 0.00614574 0.05355655 -0.07373835 0.002894586 0.04325843 -0.07373835 0.005361056 0.04382412 -0.07372514 -0.007536863 0.04522512 -0.07364434 -0.005922075 0.04316441 -0.07362929 -0.006011835 0.04371506 -0.07353036 -0.01059389 0.03806533 -0.07350365 0.02375524 0.04450364 -0.0734587 -0.02751587 0.03619457 -0.07344329 0.01463158 0.04352906 -0.07310533 0.01429512 0.03764031 -0.07305974 0.01408539 0.04455972 -0.07303468 -0.01477855 0.04191836 -0.07299915 0.007307341 0.04308491 -0.07291492 -0.01161258 0.04073793 -0.07280767 0.005670854 0.03535568 -0.07279493 0.009170053 0.03707178 -0.07278292 0.007373893 0.04230299 -0.07263963 -0.002949823 0.04412548 -0.07247806 -0.007952126 0.04256382 -0.07244524 0.01125018 0.03644989 -0.07237994 -0.009806386 0.04119292 -0.07223087 -0.01274241 0.03623552 -0.07215988 0.009972764 0.03941721 -0.07211813 0.006702495 0.04360397 -0.07198508 -0.02680443 0.04015663 -0.07198376 0.0268047 0.04015532 -0.07197887 -0.0006932998 0.03480972 -0.07192987 0.01251415 0.04109639 -0.07167977 -0.01236638 0.04077559 -0.07167774 0.01500883 0.04148067 -0.07164176 -0.007505394 0.04312759 -0.07156787 0.01159809 0.04094653 -0.0715081 0.004125003 0.04299393 -0.07138248 -0.0001914657 0.04286832 -0.07123308 -0.002842456 0.04271891 -0.07117127 -0.01340063 0.04125703 -0.07116735 -0.01201142 0.04125311 -0.07112668 0.01302661 0.04333377 -0.07110852 0.01433264 0.03949722 -0.07109274 -0.007991582 0.04061281 -0.07102291 -0.01441834 0.04149759 -0.07090633 -0.00820335 0.03460316 -0.07086858 0.009200186 0.04095435 -0.07085767 -0.02598336 0.04110077 -0.07077635 0.00375294 0.04066501 -0.07066929 0.01045226 0.04301779 -0.07061556 0.008551695 0.03445381 -0.07047218 -0.004218235 0.04054512 -0.07028368 0.01340543 0.04036945 -0.0702482 0.01454563 0.03906117 -0.07017776 0.02908372 0.0352761 -0.07016442 -0.01369323 0.04166439 -0.07016148 0.009200186 0.04166146 -0.07016003 0.001871214 0.04164587 -0.07014822 -0.01121383 0.04164819 -0.07010314 0.01098911 0.040896 -0.0700731 0.003388538 0.04155894 -0.07000034 0.01524113 0.04234885 -0.07 -0.0445 -0.01300001 -0.07 -0.0445 -0.008000006 -0.07 -0.044 -0.004500007 -0.07 -0.0425 -0.01300001 -0.07 -0.0425 -0.004000007 -0.07 0.04249998 -0.01300001 -0.07 0.04249998 -0.004000007 -0.07 0.04399998 -0.004500007 -0.07 0.04449998 -0.01300001 -0.07 0.04449998 -0.008000006 -0.06992891 -0.004934677 0.04141475 -0.06985988 0.001884991 0.03388568 -0.06980644 -0.01032562 0.0398922 -0.069768 0.004877263 0.04125383 -0.06967504 -0.01021249 0.04195284 -0.06964915 0.01186073 0.03973492 -0.06962965 -0.01183503 0.03971542 -0.06962551 0.02735827 0.03729221 -0.06959442 -0.0124046 0.04561988 -0.06956744 0.01354589 0.04106742 -0.06953598 -0.003514947 0.04102182 -0.06951808 -0.01506635 0.03960384 -0.06950278 -0.005361075 0.04805969 -0.06950278 0.005361058 0.04805969 -0.06949571 -0.007540008 0.03402361 -0.0694758 -0.02524622 0.03764735 -0.0694758 0.02524619 0.03764735 -0.06944402 0.0105683 0.03822163 -0.06929085 -0.001069924 0.04077668 -0.06924072 0.0004696699 0.04072656 -0.06923868 0.008778552 0.03932444 -0.06921995 -0.005361075 0.04777684 -0.06921995 0.005361058 0.04777684 -0.06918419 -0.01250001 0.03997706 -0.0691041 0.002864179 0.04766101 -0.06906659 0.0007923123 0.04394654 -0.06904978 0.02620895 0.03503822 -0.06903034 -0.01197136 0.03883326 -0.06901455 0.01251682 0.0390296 -0.06900306 0.008126755 0.03852314 -0.06887527 -0.00704982 0.04743218 -0.06887527 0.007049804 0.04743218 -0.06880269 -0.02962106 0.03504666 -0.0687663 -0.005925347 0.04025213 -0.06871303 0.03698595 0.02624998 -0.06867857 0.009651121 0.03876433 -0.06863828 -0.01258626 0.04228946 -0.06862121 0.005847515 0.04010705 -0.0686198 0.01274066 0.042271 -0.0685826 -0.006702513 0.0471395 -0.06854114 0.0363222 0.0347258 -0.0685127 -0.009393189 0.03746709 -0.0684882 -0.008226068 0.03857396 -0.06839098 0.0001400729 0.03987682 -0.06839098 0.002880072 0.03987682 -0.0683908 0.008170941 0.03987663 -0.06838286 -0.02745211 0.03702848 -0.06818513 0.03902023 0.03199998 -0.06810623 0.007505375 0.04666313 -0.06805045 -0.009437416 0.03955042 -0.06804441 -0.008039701 0.03953025 -0.06804036 -0.006692922 0.03756043 -0.06799641 0.03963821 0.0340459 -0.06788249 0.003752877 0.03740257 -0.06781549 -0.02095329 -0.0345658 -0.06780403 0.0006353669 0.04621952 -0.06778033 -0.02577583 0.03517604 -0.06771302 -0.02208597 -0.02625001 -0.06771159 -0.003357338 0.04612708 -0.06770299 0.0344635 0.03413697 -0.06765215 -0.001778986 0.04592621 -0.06761736 0.003605391 0.04596213 -0.06760045 -0.0008751963 0.04587452 -0.06757466 -0.02150001 0.02199998 -0.06754173 0.004649446 0.0458865 -0.06746941 -0.004614631 0.04581419 -0.06746324 -0.02901344 0.03307178 -0.06740014 0.005485762 0.03888597 -0.06739122 -0.005502375 0.03887705 -0.06735329 0.03363899 0.03199998 -0.06731978 0.03554081 0.02618748 -0.06728321 0.03813923 0.03413944 -0.06728247 -0.007540008 0.03623686 -0.06728247 0.00753999 0.03623686 -0.0672754 -8.614734e-09 0.03736116 -0.06722157 0.01170107 0.04664114 -0.06718373 0.03453609 0.03399998 -0.06717986 -0.01857696 -0.03407866 -0.06715408 -0.01878857 -0.032 -0.06712931 -0.0213449 -0.02200001 -0.06707917 -0.02414507 -0.032 -0.06702455 -0.00130265 0.04529861 -0.06699963 0.002212521 0.04191494 -0.06692892 -8.672941e-09 0.03841475 -0.0668606 -0.009995006 0.04628017 -0.06679511 -0.01421423 0.0357495 -0.06676237 0.02550935 0.03500407 -0.06674848 -0.002416089 0.04169915 -0.06673347 -0.02347517 -0.03429041 -0.06667763 -0.01497664 0.04242025 -0.06667763 0.01001335 0.04242025 -0.06663546 0.01370499 0.03558986 -0.06658894 -0.01394092 0.04600852 -0.06655194 -0.02067317 -0.02618751 -0.0665493 0.002286308 0.0448764 -0.06654118 0.009124093 0.03698049 -0.0665251 0.01503408 0.04255057 -0.0665 -0.02908056 -0.033 -0.0665 -0.02793358 -0.03255412 -0.0665 -0.02722418 -0.03440693 -0.0665 -0.02150001 -0.02124893 -0.0665 -0.02150001 0.02124891 -0.0665 -0.01506265 -0.03255527 -0.0665 -0.01391945 -0.035 -0.0665 -0.01391945 -0.033 -0.0664986 0.01414465 0.04591817 -0.06646358 0.03717208 0.02624998 -0.06644455 -0.008500006 0.03653031 -0.06637897 -0.004722109 0.04470606 -0.06635461 -0.02425655 -0.034 -0.06629312 0.0006131009 0.04465557 -0.06620711 -0.01800001 0.03429287 -0.06620711 0.01699998 0.03429287 -0.06613946 -0.01698098 0.03436052 -0.06611893 -0.02049518 0.02199998 -0.06606978 -0.01370501 0.03615554 -0.06606978 0.01370499 0.03615554 -0.06606445 -0.02213101 0.02199998 -0.06604115 -0.002231598 0.04445662 -0.06600344 0.01887669 0.03422384 -0.06596915 0.003634598 0.04434928 -0.06592204 -0.0188672 0.03415053 -0.06588952 -0.02238443 -0.02200001 -0.06579006 0.01792387 0.03470992 -0.06574105 -0.02063361 -0.02200001 -0.06573744 -8.381903e-09 0.03723742 -0.0657071 0.005944799 0.04412259 -0.06557594 0.03598899 0.03428959 -0.06551804 -0.007138002 0.04396888 -0.06548506 -0.02235924 -0.02625 -0.06541776 0.005023847 0.04372717 -0.0654163 -0.008301344 0.04397321 -0.0654163 0.008301327 0.04397321 -0.06540868 0.02625416 0.03598042 -0.06534885 0.01636718 0.03515113 -0.06530012 -0.018 0.03369482 -0.06530012 0.01799999 0.03369482 -0.06527235 -0.01627245 0.03522764 -0.06524288 -0.01087454 0.04466246 -0.06521139 -0.003114235 0.04352081 -0.06520711 0.01049999 0.03529287 -0.06517406 -0.005049333 0.04351883 -0.06512253 -0.0005381525 0.0434673 -0.06512221 0.0004125936 0.04346698 -0.06509772 -0.02071334 -0.03424612 -0.06506698 -0.01746878 0.03543301 -0.06502827 0.03750352 0.03406615 -0.06495667 0.006985691 0.04340752 -0.06494439 0.02868569 0.03285945 -0.06487868 -0.019 0.03587866 -0.06487289 -0.02871354 -0.035 -0.06479862 -0.02579171 0.03577631 -0.06467078 -0.02552008 0.03338058 -0.06467078 0.02552006 0.03338058 -0.06463047 0.01654489 0.03586952 -0.06456892 0.03565939 0.03210224 -0.06451913 0.01252856 0.04393872 -0.06451558 -0.01271742 0.04393515 -0.06450001 -0.016 0.03599998 -0.06450001 0.01049999 0.03599998 -0.06449529 0.01881664 0.03561028 -0.06417178 0.04138008 0.03244872 -0.06410085 -0.0186086 0.03533737 -0.0639468 -0.02334065 -0.03220794 -0.06389914 -0.00724276 0.04245605 -0.06380579 -0.018 0.03518914 -0.06380579 0.01799999 0.03518914 -0.06343313 0.004533562 0.04199004 -0.06339338 -0.003082508 0.04195029 -0.06334139 -0.006520542 0.0418983 -0.06334139 0.006520525 0.0418983 -0.06330503 0.0411045 0.03477571 -0.06323588 -0.0147074 -0.035 -0.06310588 -0.022287 -0.03429648 -0.06303983 -0.005950007 0.04159673 -0.06303983 0.00594999 0.04159673 -0.06284291 0.03130824 0.03480745 -0.06275836 -0.02557906 0.033 -0.06275736 -0.02552008 0.03499998 -0.06275736 0.02552006 0.03299998 -0.06275736 0.02552006 0.03499998 -0.06205483 -0.01792528 -0.03249884 -0.06131708 0.03285257 0.03299998 -0.06078877 -0.01697439 -0.0329994 -0.06074482 0.03971559 0.03299995 -0.06070227 -0.02494423 -0.03297092 -0.06062179 0.04401534 -0.03389509 -0.06062179 0.04401534 0.03389507 -0.06062179 0.04403857 -0.02467424 -0.06062179 0.04403857 0.02467423 -0.06062179 0.04449998 -0.017 -0.06062179 0.04449998 0.01699999 -0.06062179 0.04460356 -0.03271372 -0.06062179 0.04460356 0.0327137 -0.06062179 0.04602416 -0.02491387 -0.06062179 0.04602416 0.02491386 -0.06062179 0.04649998 -0.017 -0.06062179 0.04649998 0.01699999 -0.06062178 -0.0429771 -0.03470973 -0.06062178 -0.0429771 0.03470971 -0.06062178 -0.042661 -0.03223791 -0.06062178 -0.042661 0.03223789 -0.06062178 -0.04229189 -0.03276747 -0.06062178 -0.04229189 0.03276745 -0.06062178 -0.04168972 -0.035 -0.06062178 -0.04168972 -0.033 -0.06062178 -0.04168972 0.03299998 -0.06062178 -0.04168972 0.03499998 -0.06062178 0.04168969 -0.035 -0.06062178 0.04168969 -0.033 -0.06062178 0.04168969 0.03499998 -0.06062178 0.04229187 -0.03276747 -0.06062178 0.04229187 0.03276745 -0.06062178 0.04266098 -0.03223791 -0.06062178 0.04266098 0.03223789 -0.06062178 0.04297708 -0.03470973 -0.06062178 0.04297708 0.03470971 -0.06062177 -0.0465 -0.017 -0.06062177 -0.0465 0.01699999 -0.06062177 -0.04602419 -0.02491387 -0.06062177 -0.04602419 0.02491386 -0.06062177 -0.04460358 -0.03271372 -0.06062177 -0.04460358 0.0327137 -0.06062177 -0.0445 -0.017 -0.06062177 -0.0445 0.01699999 -0.06062177 -0.04403859 -0.02467424 -0.06062177 -0.04403859 0.02467423 -0.06062177 -0.04401536 -0.03389509 -0.06062177 -0.04401536 0.03389507 -0.0604092 0.03478777 0.03499983 -0.06005505 -0.02105875 -0.03499915 -0.0545 -0.025 -0.02 -0.0545 -0.025 0.01999999 -0.0545 -0.0176 -0.02 -0.0545 -0.0176 0.01999999 -0.05397214 -0.025 -0.02223607 -0.05397214 -0.025 0.02223606 -0.05397214 -0.0176 -0.02223607 -0.05397214 -0.0176 0.02223606 -0.053 -0.025 -0.032 -0.053 -0.025 0.03199999 -0.053 -0.0176 -0.032 -0.053 -0.0176 0.03199999 -0.0525 -0.025 -0.0315 -0.0525 -0.025 -0.024 -0.0525 -0.025 0.02399999 -0.0525 -0.025 0.03149999 -0.0525 -0.0176 -0.0315 -0.0525 -0.0176 -0.024 -0.0525 -0.0176 0.02399999 -0.0525 -0.0176 0.03149999 -0.05197829 -0.0225 -0.03290614 -0.05197829 -0.0225 0.03290612 -0.05197829 0.02849999 -0.03290614 -0.05197829 0.02849999 0.03290612 -0.05193485 -0.0225 -0.03490566 -0.05193485 0.02849999 0.03490564 -0.05193385 0.0285779 -0.03490564 -0.05193378 -0.02258042 0.03490562 -0.05148752 -0.0225 -0.03276506 -0.05148752 -0.0225 0.03276505 -0.05148752 0.02849999 -0.03276506 -0.05148752 0.02849999 0.03276505 -0.05107955 -0.0225 -0.03223738 -0.05107955 0.02849999 0.03223736 -0.05106991 -0.0225 0.03222174 -0.05106991 0.02849999 -0.03222176 -0.051 -0.0225 -0.03190637 -0.051 -0.0225 -6.519258e-09 -0.051 -0.0225 0.03190636 -0.051 0.02849999 -0.03190637 -0.051 0.02849999 -6.519258e-09 -0.051 0.02849999 0.03190636 -0.0507482 0.03005589 -0.03189968 -0.05074819 -0.02405592 0.03189968 -0.05069096 -0.02423059 -6.519258e-09 -0.05069096 0.03023057 -6.519258e-09 -0.05067083 0.0302842 0.03189758 -0.05067079 -0.0242843 -0.03189759 -0.05046254 -0.0225 -0.03448245 -0.05046254 -0.0225 0.03448243 -0.05046254 0.02849999 -0.03448245 -0.05046254 0.02849999 0.03448243 -0.04993262 0.03153542 -0.03215776 -0.0499326 -0.02553546 0.03215774 -0.04967579 -0.02674271 -0.03284666 -0.04958857 0.032749 0.03284356 -0.04953553 -0.02603553 -6.519258e-09 -0.04953553 0.03203551 -6.519258e-09 -0.04950444 -0.02685232 0.03284196 -0.04950414 0.03285121 -0.03284197 -0.04939114 -0.0225 -0.03338752 -0.04939114 -0.0225 0.0333875 -0.04939114 0.02849999 -0.03338752 -0.04939114 0.02849999 0.0333875 -0.04936005 0.03220267 -0.03185874 -0.04936004 -0.02620269 0.03185873 -0.0493461 0.03214338 0.03199136 -0.04934595 -0.02614352 -0.03199137 -0.04908002 -0.0225 -0.03259464 -0.04908002 0.02849999 0.03259463 -0.049 -0.0225 -0.03190637 -0.049 -0.0225 -6.519258e-09 -0.049 -0.0225 0.03190636 -0.049 0.02849999 -0.03190637 -0.049 0.02849999 -6.519258e-09 -0.049 0.02849999 0.03190636 -0.04896687 0.02895823 -0.03224727 -0.04896687 -0.02295825 0.03224726 -0.048877 0.03102766 0.03399762 -0.04881458 -0.02353835 -6.519258e-09 -0.04881458 0.02953834 -6.519258e-09 -0.04880541 0.02956285 0.03189772 -0.04880537 -0.02356296 -0.03189772 -0.04821485 0.03049901 -0.03186893 -0.04821484 -0.02449903 0.03186892 -0.04812132 -0.02462132 -6.519258e-09 -0.04812132 0.03062131 -6.519258e-09 -0.04798133 0.03072639 0.03185654 -0.04798129 -0.02472643 -0.03185654 -0.04779559 0.03366888 0.03478903 -0.0477887 -0.02767147 -0.03478884 -0.0477872 0.03316966 -0.03180388 -0.04778719 -0.02716969 0.03180388 -0.04773059 -0.02719096 -6.519258e-09 -0.04773059 0.03319094 -6.519258e-09 -0.04767383 0.03373036 -0.03478519 -0.04767359 -0.02773095 0.03478517 -0.04754473 0.03182594 -0.03391702 -0.04754466 -0.02582871 0.0339188 -0.04752386 0.03325716 0.03179374 -0.04752372 -0.02725722 -0.03179374 -0.0473362 -0.02604587 -0.03409554 -0.04706645 0.03130404 -0.03180351 -0.04706645 -0.02530405 0.0318035 -0.04703835 -0.02531458 -6.519258e-09 -0.04703835 0.03131456 -6.519258e-09 -0.04627737 0.03149706 0.03212524 -0.04627737 -0.02549707 -0.03212525 -0.046 -0.0275 -0.03173064 -0.046 -0.0275 -5.587935e-09 -0.046 -0.0275 0.03173064 -0.046 -0.0255 -5.587935e-09 -0.046 -0.0255 0.03173064 -0.046 0.03149999 -0.03173064 -0.046 0.03149999 -5.587935e-09 -0.046 0.03349998 -0.03173064 -0.046 0.03349998 -5.587935e-09 -0.046 0.03349998 0.03173064 -0.0459811 -0.02773901 0.03224353 -0.04597469 0.03389355 -0.03241759 -0.04597399 0.03390905 0.03243642 -0.04596317 -0.0285 -0.03272997 -0.04590911 0.03292014 0.0341969 -0.0423805 -0.03509485 0.03256557 -0.0423805 0.03809484 -0.03256558 -0.0423805 0.03809484 0.03256557 -0.04072154 0.04449999 -0.0164813 -0.04072154 0.04449999 0.01648129 -0.04072154 0.04649999 -0.0164813 -0.04072154 0.04649999 0.01648129 -0.04072152 -0.04649999 -0.0164813 -0.04072152 -0.04649999 0.01648129 -0.04072152 -0.04449999 -0.0164813 -0.04072152 -0.04449999 0.01648129 -0.04032175 0.04403858 -0.02414511 -0.04032175 0.04403858 0.0241451 -0.04032173 -0.04403858 -0.02414511 -0.04032173 -0.04403858 0.0241451 -0.04030927 0.04602417 -0.02438442 -0.04030927 0.04602417 0.02438441 -0.04030925 -0.04602417 -0.02438442 -0.04030925 -0.04602417 0.02438441 -0.03992772 0.04266099 0.0316985 -0.03990294 0.04460357 -0.03217367 -0.03990292 -0.04460357 -0.03217367 -0.03990292 -0.04460357 0.03217367 -0.03883961 -0.04266099 -0.03164026 -0.03883961 -0.04266099 0.03164025 -0.03883961 0.04266099 -0.03164026 -0.03881354 0.04460357 0.03211535 -0.03881058 -0.04229188 -0.03216901 -0.03881058 -0.04229188 0.03216901 -0.03881058 0.04229188 -0.03216901 -0.03881058 0.04229188 0.03216901 -0.03879783 -0.0416897 -0.03240119 -0.03874876 0.04401535 -0.03329493 -0.03874876 0.04401535 0.03329493 -0.03874873 -0.04401535 -0.03329493 -0.03874873 -0.04401535 0.03329493 -0.03870407 -0.04297709 -0.03410835 -0.03870407 -0.04297709 0.03410835 -0.03870407 0.04297709 -0.03410835 -0.03870407 0.04297709 0.03410835 -0.03868816 -0.0416897 -0.03439818 -0.03868816 -0.0416897 0.03439818 -0.03868816 0.0416897 -0.03439818 -0.03868816 0.0416897 0.03439818 -0.03820723 -0.02791234 -0.03201103 -0.03818378 -0.02576434 0.03248477 -0.033 -0.0275 -4.656613e-09 -0.033 0.03149999 -4.656613e-09 -0.033 0.03349999 -4.656613e-09 -0.03240322 0.03162935 -0.03147676 -0.03239108 -0.02537085 -4.190952e-09 -0.03169304 -0.0255 -0.008448398 -0.03169304 0.03149999 -0.008448421 -0.03169304 0.03149999 0.008448416 -0.03169304 -0.0255 0.008448413 -0.0314149 -0.0275 -0.009279202 -0.0314149 0.03349999 -0.009279231 -0.0314149 -0.0275 0.009279223 -0.0314149 0.03349999 0.009279234 -0.03104914 0.03191388 -3.72529e-09 -0.03104913 -0.02591389 -3.72529e-09 -0.03076393 -0.0245 -3.72529e-09 -0.03049606 0.03149999 0.03085532 -0.03049606 0.03349999 0.03085532 -0.03049605 -0.0275 0.03085532 -0.03049605 0.03349999 -0.03085533 -0.03049604 -0.0275 -0.03085533 -0.03049604 -0.0255 -0.03085533 -0.03044047 0.0339156 -0.03158562 -0.03042016 -0.0285 0.03185244 -0.03042016 0.03449999 -0.03185245 -0.03042015 -0.0285 -0.03185245 -0.03037617 0.03203204 0.0324306 -0.03037615 -0.02603205 -0.0324306 -0.03033797 -0.02659733 -3.72529e-09 -0.0303245 0.0325869 -3.72529e-09 -0.03030924 0.03291218 -0.03331005 -0.03030877 -0.02692017 0.03331615 -0.03026841 0.03449999 0.03384667 -0.0302684 -0.0285 0.03384667 -0.0302684 0.03449999 -0.03384666 -0.03026839 -0.0285 -0.03384666 -0.03003449 -0.02487085 -0.008006276 -0.03003117 0.0308693 -0.008005414 -0.03003117 0.03086929 0.008005408 -0.03003116 -0.02486931 0.008005406 -0.02916328 0.03809485 0.03175278 -0.02898451 0.03059232 0.0005858966 -0.02888074 -0.02659733 -0.008530676 -0.0288679 0.0325869 0.008526909 -0.0288665 0.03258916 -0.00852649 -0.02886649 -0.02658917 0.008526484 -0.02841742 -0.0245 -3.72529e-09 -0.02790638 -0.0416897 0.03165312 -0.02790638 0.0416897 -0.03165313 -0.02790637 -0.0416897 -0.03165313 -0.02774199 0.0416897 0.03364635 -0.02774198 -0.0416897 0.03364635 -0.02774198 0.0416897 -0.03364635 -0.02774197 -0.0416897 -0.03364635 -0.02739968 0.03149999 0.01839177 -0.02705244 -0.0245 -0.007990638 -0.02705243 -0.0245 0.007990654 -0.02607667 0.03049999 0.01129414 -0.02600001 0.04249999 -0.013 -0.02600001 0.04249999 -0.004000001 -0.02600001 0.04399999 -0.004500002 -0.02600001 0.04449999 -0.013 -0.02600001 0.04449999 -0.008 -0.02599999 -0.04449999 -0.013 -0.02599999 -0.04449999 -0.008 -0.02599999 -0.04399999 -0.004500002 -0.02599999 -0.04249999 -0.013 -0.02599999 -0.04249999 -0.004000001 -0.02596294 0.0308693 -0.01742738 -0.02596293 -0.02486931 0.01742737 -0.02505751 -0.0255 -0.02116472 -0.02505748 0.03149999 -0.02116477 -0.02505748 -0.0255 0.02116476 -0.02487409 -0.02487085 -0.01872181 -0.02487119 0.0308693 0.01871992 -0.02433464 0.03049999 -0.01426571 -0.02411952 -0.02659733 -0.01840221 -0.02410758 -0.02658917 0.01839317 -0.02302274 -0.02549995 0.02992395 -0.02270104 0.03388342 0.03081132 -0.02260728 -0.0278317 0.03074273 -0.02208819 0.03335818 0.03283213 -0.02207983 -0.02735989 -0.03281948 -0.02203953 -0.0275 -0.02378757 -0.0220395 0.03349999 -0.02378761 -0.02203949 -0.0275 0.0237876 -0.02203949 0.03349999 0.02378762 -0.02154137 0.0325869 0.02102458 -0.02154033 0.03258916 -0.02102354 -0.02018672 -0.0245 -0.01970232 -0.02018667 -0.0245 0.01970236 -0.02018666 0.03049999 0.01970238 -0.01935008 0.03149999 0.02639379 -0.01897307 -0.02658917 0.0236539 -0.01878395 -0.0248693 0.02476127 -0.01863228 0.03133658 -0.02588955 -0.0184802 0.0305 -0.02436086 -0.01778075 0.0305 -0.02216742 -0.01775021 0.04449999 -0.01458665 -0.01775021 0.04449999 0.01458665 -0.01775021 0.04649999 -0.01458665 -0.01775021 0.04649999 0.01458665 -0.0177502 -0.04649999 -0.01458665 -0.0177502 -0.04649999 0.01458665 -0.0177502 -0.04449999 -0.01458665 -0.0177502 -0.04449999 0.01458665 -0.01753841 -0.02537085 -0.02700846 -0.017436 0.0308693 0.02578383 -0.017123 -0.04266099 0.02984909 -0.017123 0.04266099 -0.02984909 -0.01712299 -0.04266099 -0.02984909 -0.01707091 0.04460357 0.03032204 -0.01706502 0.04229188 0.03037547 -0.01706501 -0.04229188 0.03037547 -0.01706501 0.04229188 -0.03037547 -0.017065 -0.04229188 -0.03037547 -0.01703955 -0.0416897 0.0306066 -0.01703955 0.0416897 -0.03060661 -0.01694154 0.04401535 0.03149631 -0.01694153 -0.04401535 0.03149631 -0.01694153 0.04401535 -0.03149631 -0.01694152 -0.04401535 -0.03149631 -0.01688894 0.04403858 0.0222124 -0.01688893 -0.04403858 0.0222124 -0.01688893 0.04403858 -0.0222124 -0.01688891 -0.04403858 -0.0222124 -0.01686204 0.04602417 0.02245052 -0.01686203 -0.04602417 0.02245052 -0.01686203 0.04602417 -0.02245052 -0.01686202 -0.04602417 -0.02245052 -0.01685234 0.04297709 0.03230605 -0.01685233 -0.04297709 0.03230605 -0.01685233 0.04297709 -0.03230605 -0.01685232 -0.04297709 -0.03230605 -0.01682055 0.0416897 0.03259458 -0.01682054 -0.0416897 0.03259458 -0.01682054 0.0416897 -0.03259457 -0.01682053 -0.0416897 -0.03259457 -0.01604007 0.04266099 0.02972829 -0.01600001 0.04249999 -0.004 -0.01600001 0.04399999 -0.0045 -0.01600001 0.04449999 -0.008 -0.016 0.04449999 -0.013 -0.016 0.04249999 -0.013 -0.016 -0.04449999 -0.008 -0.016 -0.04399999 -0.0045 -0.016 -0.04249999 -0.004 -0.01599999 -0.04449999 -0.013 -0.01599999 -0.04249999 -0.013 -0.01598666 0.04460357 -0.03020109 -0.01598666 -0.04460357 0.03020109 -0.01598665 -0.04460357 -0.03020109 -0.01598145 -0.03509485 -0.03048717 -0.01553829 -0.02658649 -0.02571138 -0.01500001 0.04249999 -0.003000001 -0.01500001 0.04449999 -0.008 -0.01500001 0.04449999 -0.003000001 -0.015 0.04249999 -0.012 -0.015 0.04399999 -0.0115 -0.015 -0.04449999 -0.008 -0.015 -0.04449999 -0.003000001 -0.015 -0.04249999 -0.003000001 -0.01499999 -0.04399999 -0.0115 -0.01499999 -0.04249999 -0.012 -0.01496159 -0.02785124 -0.03003703 -0.01492337 0.03449999 -0.03036774 -0.01492336 -0.0285 0.03036774 -0.01469373 0.03449999 0.03235451 -0.01469372 -0.0285 0.03235451 -0.01469372 -0.0285 -0.03235451 -0.014598 0.03217703 -0.03121256 -0.01439486 0.03377438 -0.02995606 -0.01375509 0.03407333 -0.03217471 -0.012954 -0.02732594 0.03195868 -0.01270654 -0.0245 -0.02781209 -0.01267322 0.03169426 0.03053578 -0.01197388 -0.02579558 -0.03069537 -0.01197172 -0.02660802 0.02780328 -0.01185559 -0.02586442 0.03089805 -0.01172136 0.03560436 0.02995019 -0.009709424 0.04009999 -0.002393157 -0.009709424 0.04009999 0.002393154 -0.009709421 0.028 -0.002393157 -0.009709421 0.028 0.002393154 -0.009355541 0.03246804 0.02842444 -0.008751234 0.03227152 -0.02831835 -0.008645218 -0.0245 -0.02685042 -0.008645118 0.0305 -0.02685045 -0.008645083 0.0305 0.02685046 -0.008316545 -0.02741308 0.02953466 -0.008316408 0.03341312 -0.02953465 -0.00783689 -0.0245 0.02832858 -0.007485115 0.04009999 0.006631224 -0.007485114 0.028 0.006631224 -0.007485112 0.04009999 -0.006631227 -0.007485111 0.028 -0.006631227 -0.007461687 -0.02711397 -0.02941326 -0.00741442 0.03101665 -0.03024353 -0.007276237 0.03290924 0.03136994 -0.007127098 -0.02711814 0.03138774 -0.007043435 0.03009999 -0.0002571833 -0.006630847 -0.02639896 -0.02911785 -0.006233253 -0.02677451 -0.03125936 -0.006000005 0.02934892 -9.313226e-10 -0.005729522 0.03009999 -0.0005084337 -0.005603622 0.03009999 0.0007656142 -0.005000006 0.04249999 -0.003 -0.005000006 0.04449999 -0.003 -0.005000005 0.04249999 -0.012 -0.005000005 0.04399999 -0.0115 -0.005000005 0.04449999 -0.007999999 -0.004999994 -0.04449999 -0.003 -0.004999994 -0.04249999 -0.003 -0.004999993 -0.04449999 -0.007999999 -0.004999993 -0.04399999 -0.0115 -0.004999993 -0.04249999 -0.012 -0.003930785 0.0305 0.03010297 -0.003640059 0.027625 -0.001180259 -0.003546055 0.04009999 0.009350161 -0.003546054 0.028 0.009350161 -0.003546053 0.04009999 -0.009350161 -0.003546051 0.028 -0.009350161 -0.003137179 0.03175675 -0.03082171 -0.003045002 0.0225 0.001598138 -0.003000006 0.04649999 -0.007999999 -0.003000005 0.04449999 -0.007999999 -0.002999994 -0.04449999 -0.007999999 -0.002999993 -0.04649999 -0.007999999 -0.002989009 -0.02530646 0.02864672 -0.002724827 -0.0245 -0.03039025 -0.001851955 0.04649999 -0.007771637 -0.001851954 0.04449999 -0.007771637 -0.001851943 -0.04449999 -0.007771637 -0.001851943 -0.04649999 -0.007771637 -0.001460666 -0.02481488 0.03051408 -0.001108256 0.027625 0.003998945 -0.0008786849 0.04649999 -0.007121319 -0.0008786847 0.04449999 -0.007121319 -0.0008786729 -0.04449999 -0.007121319 -0.0008786727 -0.04649999 -0.007121319 -0.000862045 0.0225 -0.003583556 -0.0004368471 0.03060081 -0.02839325 -0.0002896913 -0.0245 -0.02836585 -0.0002896616 0.03049999 0.02836585 -0.0002283667 0.04649999 -0.006148049 -0.0002283665 0.04449999 -0.006148049 -0.0002283548 -0.04449999 -0.006148049 -0.0002283545 -0.04649999 -0.006148049 -5.704335e-09 0.04649999 -0.003 -5.442067e-09 0.04449999 -0.003 -5.442066e-09 0.04649999 -0.004999999 -5.179798e-09 0.04449999 -0.004999999 -2.950518e-09 0.0225 0 6.228872e-09 -0.04449999 -0.003 6.49114e-09 -0.04649999 -0.003 6.491141e-09 -0.04449999 -0.004999999 6.753407e-09 -0.04649999 -0.004999999 0.0002283556 0.04649999 -0.00185195 0.0002283558 0.04449999 -0.00185195 0.0002283675 -0.04449999 -0.00185195 0.0002283677 -0.04649999 -0.00185195 0.0008786737 0.04649999 -0.0008786796 0.000878674 0.04449999 -0.0008786796 0.0008786857 -0.04449999 -0.0008786796 0.0008786859 -0.04649999 -0.0008786796 0.00120536 0.04009999 0.009927087 0.001205362 0.028 0.009927087 0.001205363 0.04009999 -0.009927087 0.001205365 0.028 -0.009927087 0.001668844 0.0275 -0.003653418 0.001694591 0.0225 0.003273124 0.001851944 0.04649999 -0.0002283612 0.001851944 0.04449999 -0.0002283612 0.001851956 -0.04449999 -0.0002283612 0.001851956 -0.04649999 -0.0002283612 0.001966104 0.04649999 0.01183783 0.001966108 0.04449999 -0.01183784 0.001966116 -0.04649999 0.01183783 0.001966119 -0.04449999 -0.01183784 0.001966119 -0.04649999 -0.01183784 0.002999994 0.04649999 0 0.002999995 0.04449999 0 0.003000006 -0.04449999 0 0.003000006 -0.04649999 0 0.003223471 0.04403858 0.01940836 0.003223488 -0.04403858 -0.01940836 0.003262733 0.04602417 0.01964476 0.003453518 0.0225 -0.001287706 0.003655445 0.02775 0.0009226007 0.003923888 0.04449999 0.01110152 0.003923899 -0.04449999 0.01110152 0.004180408 0.04649999 -0.0108623 0.004462722 0.04266099 0.02686982 0.004462728 0.04266099 -0.02686982 0.004462733 -0.04266099 0.02686982 0.004462739 -0.04266099 -0.02686982 0.004540679 0.04460357 0.0273392 0.004540688 0.04460357 -0.0273392 0.004540691 -0.04460357 0.0273392 0.004540699 -0.04460357 -0.0273392 0.004549487 0.04229188 0.02739223 0.004549494 0.04229188 -0.02739223 0.004549498 -0.04229188 0.02739223 0.004549505 -0.04229188 -0.02739223 0.004587584 0.0416897 0.02762162 0.004587585 0.0305 0.02762162 0.004587593 -0.0245 0.02762162 0.004587593 0.0416897 -0.02762162 0.004587595 0.0305 -0.02762162 0.004587596 -0.0416897 0.02762162 0.004587601 -0.0245 -0.02762162 0.004587604 -0.0416897 -0.02762162 0.004800974 0.04349622 0.02890643 0.004800983 0.04349622 -0.02890643 0.004800985 -0.04349622 0.02890643 0.004800994 -0.04349622 -0.02890643 0.004915269 0.0416897 0.02959459 0.004915271 0.0305 0.02959459 0.004915278 -0.0245 0.02959459 0.004915278 0.0416897 -0.02959459 0.00491528 0.0305 -0.02959459 0.004915281 -0.0416897 0.02959459 0.004915287 -0.0245 -0.02959459 0.004915289 -0.0416897 -0.02959459 0.005233271 0.03009999 9.313226e-10 0.005433005 0.04403858 -0.01876877 0.005433011 -0.04403858 0.01876877 0.005499192 -0.04602417 -0.01899738 0.005680642 0.028 0.008229835 0.005680644 0.04009999 -0.008229836 0.005680645 0.028 -0.008229836 0.005680868 0.04009999 0.008229172 0.005999996 0.02934892 9.313226e-10 0.006511659 0.04602417 -0.01842285 0.006511665 -0.04602417 0.01842285 0.006610471 0.03009999 -0.0008844249 0.006610471 0.03009999 0.0008844268 0.008791754 0.04649999 0.006995355 0.008791765 -0.04649999 0.006995355 0.008791766 -0.04449999 -0.006995353 0.008854555 0.04009999 -0.004647229 0.008854555 0.04009999 0.004647232 0.008854558 0.028 -0.004647229 0.008854558 0.028 0.004647232 0.009353331 0.04449999 -0.006583036 0.009353341 -0.04649999 -0.006583036 0.009643121 0.04403858 0.01699396 0.009643137 -0.04403858 -0.01699395 0.009760573 0.04602417 0.01720094 0.009999995 0.04009999 9.313226e-10 0.009999998 0.028 9.313226e-10 0.01017142 0.04449999 0.005931508 0.01017143 -0.04449999 0.005931508 0.0107655 0.04460357 0.0255373 0.01076552 -0.04460357 -0.0255373 0.0111888 0.04649999 -0.004103931 0.01133169 0.04247644 0.02505973 0.01133169 0.04247644 -0.02505974 0.0113317 -0.04247644 0.02505973 0.0113317 -0.04247644 -0.02505974 0.01138264 -0.04349622 0.02700123 0.0115366 -0.0416897 0.02551287 0.01153661 -0.0416897 -0.02551287 0.01165361 0.0416897 0.02764404 0.01165362 0.0416897 -0.02764404 0.01165363 -0.0416897 0.02764404 0.01165363 -0.0416897 -0.02764404 0.01199999 0.04449999 1.862645e-09 0.01199999 0.04649999 1.862645e-09 0.01200001 -0.04649999 1.862645e-09 0.01200001 -0.04449999 1.862645e-09 0.01232929 0.0416897 0.02512386 0.0123293 0.0416897 -0.02512386 0.013122 0.0305 0.02473485 0.013122 -0.0245 0.02473485 0.013122 0.0305 -0.02473485 0.01312201 -0.0416897 0.02473485 0.01312201 -0.0245 -0.02473485 0.01312201 -0.0416897 -0.02473485 0.01332598 0.04403858 -0.01428995 0.01332599 -0.04403858 0.01428995 0.01348831 -0.04602417 -0.014464 0.0135836 0.04460357 -0.02393819 0.0135836 -0.04460357 0.02393819 0.01436227 0.04349622 0.02531045 0.01436228 0.04349622 -0.02531045 0.01436229 -0.04349622 -0.02531045 0.01480573 0.0416897 0.02609195 0.01480573 0.0305 0.02609195 0.01480573 0.0416897 -0.02609195 0.01480574 -0.0245 0.02609195 0.01480574 0.0305 -0.02609195 0.01480574 -0.0416897 0.02609195 0.01480574 -0.0245 -0.02609195 0.01480575 -0.0416897 -0.02609195 0.01687938 -0.04602417 0.009843272 0.01739505 0.04247644 -0.02130281 0.01739505 0.04247644 0.02130281 0.01739506 -0.04247644 -0.02130281 0.01739506 -0.04247644 0.02130281 0.01770828 0.04403858 0.007686765 0.01770829 -0.04403858 -0.007686759 0.01770959 0.0416897 -0.02168802 0.01770959 0.0416897 0.02168802 0.0177096 -0.0416897 -0.02168802 0.0177096 -0.0416897 0.02168802 0.01775476 0.0416897 0.02418197 0.01775477 -0.0416897 0.02418197 0.01775477 0.0416897 -0.02418197 0.01775478 -0.0416897 -0.02418197 0.01792397 0.04602417 0.007780389 0.01792397 0.04602417 -0.007780383 0.01834426 0.04403858 -0.006728476 0.01834427 -0.04403858 0.006728481 0.01856771 -0.04602417 -0.006810429 0.01877137 0.04460357 0.02012924 0.01877139 -0.04460357 -0.02012924 0.01967423 0.04403858 2.793968e-09 0.01967425 -0.04403858 2.793968e-09 0.01984745 -0.04349622 0.02128316 0.01991387 0.04602417 2.793968e-09 0.01991388 -0.04602417 2.793968e-09 0.02029785 0.0305 -0.01928722 0.02029785 0.0305 0.01928722 0.02029785 0.0416897 -0.01928722 0.02029785 0.0416897 0.01928722 0.02029786 -0.0416897 -0.01928722 0.02029786 -0.0416897 0.01928722 0.02029786 -0.0245 -0.01928722 0.02029786 -0.0245 0.01928722 0.02114108 -0.04460357 0.01791941 0.02228833 0.04247644 -0.01611296 0.02228833 0.04247644 0.01611297 0.02228835 -0.04247644 -0.01611296 0.02228835 -0.04247644 0.01611297 0.02269136 0.0416897 -0.01640432 0.02269136 0.0416897 0.01640433 0.02269137 -0.0416897 -0.01640432 0.02269137 -0.0416897 0.01640433 0.02288512 0.0305 -0.01939769 0.02288512 0.0305 0.0193977 0.02288512 0.0416897 -0.01939769 0.02288512 0.0416897 0.0193977 0.02288514 -0.0416897 -0.01939769 0.02288514 -0.0416897 0.0193977 0.02288514 -0.02449999 -0.01939769 0.02288514 -0.02449999 0.0193977 0.02293278 0.04460357 -0.01521968 0.0242474 0.04349622 -0.01609214 0.0242474 0.04349622 0.01609215 0.02424742 -0.04349622 -0.01609214 0.02537222 0.0305 -0.01184274 0.02537222 0.0305 0.01184274 0.02537223 -0.0416897 -0.01184274 0.02537223 -0.0416897 0.01184274 0.02537223 -0.02449999 -0.01184274 0.02537223 -0.02449999 0.01184274 0.02568241 0.04247644 -0.009839283 0.02568241 0.04247644 0.009839289 0.02568242 -0.04247644 -0.009839283 0.02568242 -0.04247644 0.009839289 0.02575951 0.0416897 -0.01092997 0.02575951 0.0416897 0.01092997 0.02584027 0.04460357 0.009477942 0.02584029 -0.04460357 -0.009477934 0.02584029 -0.04460357 0.009477942 0.02592255 0.0429422 0.002265035 0.02599999 0.0305 -0.003172141 0.02599999 0.0305 3.72529e-09 0.02599999 0.0305 0.003172147 0.02599999 0.04290771 -0.003172141 0.02599999 0.04295121 3.72529e-09 0.02600001 -0.04295121 3.72529e-09 0.02600001 -0.04290771 -0.003172141 0.02600001 -0.04290771 0.003172147 0.02600001 -0.02449999 -0.003172141 0.02600001 -0.02449999 3.72529e-09 0.02600001 -0.02449999 0.003172147 0.02614682 -0.0416897 -0.0100172 0.02614682 -0.0416897 0.01001721 0.02676418 0.0416897 -0.0135528 0.02676418 0.0416897 0.0135528 0.02676419 -0.0416897 -0.0135528 0.02676419 -0.0416897 0.0135528 0.02695605 0.04460357 -0.006435922 0.02732158 -0.04349622 0.01002126 0.02745441 -0.04237838 0.003172147 0.02763706 0.04203405 -0.003172141 0.02766479 0.04199542 0.003172147 0.0276648 -0.04199542 -0.003172141 0.02771371 0.04460357 3.72529e-09 0.02771373 -0.04460357 3.72529e-09 0.02781973 0.0305 -0.003172141 0.02781973 0.0305 0.003172147 0.02781974 -0.0416897 0.003172147 0.02781974 -0.02449999 -0.003172141 0.02781974 -0.02449999 0.003172147 0.02816517 0.0305 -0.01033068 0.02816517 0.0305 0.01033069 0.02816517 0.0416897 -0.01033068 0.02816517 0.0416897 0.01033069 0.02816518 -0.0416897 -0.01033068 0.02816518 -0.0416897 0.01033069 0.02816518 -0.02449999 -0.01033068 0.02816518 -0.02449999 0.01033069 0.02850131 0.04349622 -0.00680486 0.02850131 0.04349622 0.00680487 0.02850132 -0.04349622 -0.00680486 0.02889508 0.04401535 3.72529e-09 0.02889509 -0.04401535 3.72529e-09 0.02917983 0.0416897 -0.006966861 0.02917983 0.0416897 0.00696687 0.02917984 -0.0416897 -0.006966861 0.02917984 -0.0416897 0.00696687 0.02970972 0.04297709 3.72529e-09 0.02970974 -0.04297709 3.72529e-09 0.03 0.0305 3.72529e-09 0.03 0.0416897 3.72529e-09 0.03000001 -0.0416897 3.72529e-09 0.03000001 -0.02449999 3.72529e-09</float_array>
          <technique_common>
            <accessor count="1906" source="#cubeverts-array0-array" stride="3">
              <param type="float" name="X"/>
              <param type="float" name="Y"/>
              <param type="float" name="Z"/>
            </accessor>
          </technique_common>
        </source>
        <source id="cubenormals-array0">
          <float_array count="12474" id="cubenormals-array0-array">0.9907986 0.1350027 -0.009606267 0.578961 -0.04090534 -0.8143286 0.8455173 0.002214623 -0.5339434 0.3247109 -0.4633204 0.8245586 0.05261222 -0.0940659 0.9941748 0.1993212 0.9153138 -0.3499596 0.2024163 0.9430078 -0.2641285 0.07167412 0.2281562 -0.9709828 0.9913194 0.0404523 -0.1250983 0.9806995 0.1954122 -0.006521767 0.9533224 0.2602619 -0.1531015 0.7997665 -0.3105684 -0.5137322 0.8361195 0.09763723 -0.5397881 0.8558584 0.5085354 0.09432874 0.8484991 0.5186546 0.1051029 0.745401 0.5641803 0.3550746 0.8090542 0.337919 0.4808763 0.9065604 0.1421691 0.3974121 0.839178 0.1059728 0.5334323 0.6773749 -0.305741 -0.6690931 0.6349725 -0.1353751 -0.760581 0.7352345 0.1899773 -0.650645 0.5561948 0.4926791 -0.6692643 0.7296292 0.5632326 -0.3878275 0.07213938 -0.6925511 -0.7177527 -0.03999657 -0.433293 -0.9003652 0.07255652 -0.5300322 -0.8448677 -0.0279127 0.0524854 -0.9982315 0.07111528 -0.1013844 -0.9923023 -0.04582154 0.5328871 -0.8449447 0.01165765 0.8647542 -0.50206 0.02032129 0.5927154 -0.8051556 -0.01122339 0.9999368 0.0006526274 0.07841914 0.9770607 0.1979968 -0.01055299 0.8752074 0.4836327 0.04130367 0.845612 0.5321975 0.04895985 0.5742627 0.8172057 -8.703415e-05 0.5321466 0.8466523 0.2087128 -0.4036628 0.8907835 -0.01127718 0.05626983 0.9983519 0.08958437 0.1940707 0.9768886 0.0368427 -0.7139227 0.6992547 0.02838103 -0.7222039 0.6910977 0.08076502 -0.6990561 -0.7104911 0.09855771 -0.3331188 -0.9377197 0.002862685 -0.01375884 -0.9999012 0.633032 0.3866395 -0.6706567 -1 -6.092843e-05 -7.841206e-05 -1 9.220134e-05 3.987274e-05 -1 0 0 -1 0 0 -1 0 0 -1 0 0 -1 0 0 -1 0 0 -0.9999999 -0.00029622 -0.0001636888 -1 0 0 -1 -3.080905e-05 -9.660578e-05 -1 -0.0001516179 -0.0002089601 -1 9.240152e-05 0.0001503732 -1 0.0001728166 0.0002224069 0.03556052 -0.4585414 0.8879613 -0.03507683 -0.3200357 0.9467559 -0.7071072 -0.7071063 -0 -0.7071072 -0.7071063 0 2.11928e-07 0 -1 2.861676e-07 0.004902266 -0.999988 0.004529242 0.003879041 -0.9999822 0.257158 0.6338067 -0.7294921 0.2526833 0.63138 -0.733151 -0.9174473 0.003480273 -0.3978423 -0.8917054 0.05229424 -0.4495852 -0.4362297 0.06912346 -0.8971764 -0.2958469 -0.0287399 -0.9548029 -0.1397312 0.03695993 -0.9894994 -0.05085516 -0.01050542 -0.9986508 -0.2500281 0.6346154 -0.7312655 -0.7061837 0.5730579 -0.4158235 -0.6438594 -0.04610257 -0.7637536 -0.7101552 0.04691303 -0.7024805 -0.3948841 0.8856608 -0.2442774 -0.2797279 0.8761657 -0.3925378 -0.6506174 0.6767017 -0.3446326 -0.08224254 0.8187677 -0.5682038 -0.5396355 0.6029702 -0.5875545 -3.815633e-07 0.003009054 0.9999955 0.005601835 -0.05015587 0.9987257 0.002516756 0.002516965 0.9999937 0.4833855 0.1549924 0.8615775 0.5555729 0.409867 0.7234279 0.985644 0.1665944 -0.02742646 0.802169 0.5953069 0.04620168 0.7108189 0.7025692 -0.03366043 0.4729864 0.8790559 0.05953532 -0.002169774 0.9878448 -0.155428 0.167767 0.9857547 0.01191793 0.9994536 -0.01136251 -0.03103645 0.9998835 0.01107306 0.01050324 0.9991674 -0.0005673124 0.04079478 0.9823499 0.1869399 0.006488325 0.7731536 -0.3076671 0.5545941 0.7653856 -0.3108926 0.5634986 -0.3400703 0.06648394 0.9380469 0.3923591 0.4316491 0.8122398 0.09762859 0.7750955 0.6242561 -0.1356055 -0.04085943 0.9899201 -0.4279147 0.08458098 0.8998528 -0.8935031 0.03119406 0.4479723 -0.3187892 0.8063793 0.4981224 -0.3856789 0.7368202 0.5552906 -0.2854333 0.9187402 0.2728449 -0.5943146 0.7290587 0.3395049 -0.3703806 0.1373745 0.9186656 -0.7077066 0.1083963 0.6981416 -0.7038574 0.1133861 0.7012334 -0.9443901 0.1516338 0.2917783 -0.6924343 0.5832731 0.4246496 2.617886e-07 -1 0 -4.499323e-06 -1 -3.303686e-06 1.185865e-06 -1 1.662853e-06 -0.000204909 -1 -2.265305e-07 -4.763666e-08 -1 1.881782e-07 -1.447201e-05 -1 -4.916701e-05 2.617817e-07 -1 3.481847e-05 0 -1 0 0 -1 -0 0.0002508981 -1 0 1.506089e-05 -1 0.0001066529 5.398039e-05 -1 0.0001075272 -0.008521293 0.9996367 0.02557378 -2.487846e-07 1 0 -1.168207e-07 1 -7.226593e-08 -0.009227624 0.9999407 -0.00579209 0 1 -0 -1.975058e-07 1 0 1 0 0 1 0 0 -0 0 1 -1.936476e-07 -7.850579e-08 1 -1.963414e-07 0 1 -2.188719e-07 0 1 -2.419576e-07 6.705957e-08 1 -0.5144873 0.1425923 0.8455591 2.487846e-07 0 -1 0 0 -1 -0.5488339 0.6246176 -0.5555486 2.416114e-07 -2.749735e-07 -1 2.191391e-07 -8.312889e-10 -1 1.936476e-07 7.850579e-08 -1 1.963414e-07 0 -1 1 0 0 1 0 0 -1 0 0 -1 0 0 -1.838408e-07 0 1 -1.838408e-07 0 1 -1 0 0 -1 0 0 0 0 -1 0 0 -1 0.7071068 0 -0.7071068 0.7071068 0 -0.7071068 1 0 0 1 -0 0 0.9732491 -0 0.2297524 0.9732491 0 0.2297524 0.7677512 -0 0.640748 0.7677512 0 0.640748 1 0 0 1 0 0 0 1 0 0 1 0 0 1 0 -1.378806e-07 1 8.617538e-09 -1.378806e-07 1 -1.378801e-07 -1.362392e-07 1 0 -1.175522e-07 1 9.810664e-08 -1.411879e-07 1 0 -1.422119e-07 1 3.357156e-08 -1.430511e-07 1 0 -1.430511e-07 1 0 -1.430511e-07 1 0 -1.335902e-07 1 -3.15363e-08 -1.175522e-07 1 -9.810645e-08 1.838408e-07 -1 -1.838408e-07 0 -1 0 1.838408e-07 -1 1.149005e-08 1.816522e-07 -1 0 1.567363e-07 -1 1.308086e-07 1.882506e-07 -1 0 1.896158e-07 -1 4.476211e-08 1.907349e-07 -1 0 1.907349e-07 -1 0 1.907349e-07 -1 0 1.781203e-07 -1 -4.204838e-08 1.567363e-07 -1 -1.308089e-07 0.7677506 0 -0.6407488 0.7677506 0 -0.6407488 0.9732492 0 -0.2297522 0.9732492 0 -0.2297522 1 -0 0 1 0 0 0.7071081 0 0.7071054 0.7071081 -0 0.7071054 0.3968604 -0.7745724 -0.4924828 -0.7371796 0.06251206 -0.672799 0.6005866 0.7162831 -0.3552948 -1.436318e-06 1.217982e-07 1 0.4731467 -0.736773 -0.483009 -0.7760004 0 -0.6307324 0.4731478 0.7367716 -0.4830101 -0 0 1 -0.1989232 -0.9133428 0.3552947 0.6659822 0.1803397 0.7238406 -0.6460214 0.6450868 0.4080679 -0 0 -1 -0.8751307 -0.02914646 0.4830081 0.4408169 -0.638634 0.6307353 0.33757 0.8079304 0.4830063 1.280787e-06 4.265697e-08 -1 0 -1 0 0 -1 -0 -0 -1 0 0 -1 0 0.9170586 -0.184172 0.3536723 0.5311123 0.1729936 0.8294534 -0.3177433 -0.301106 0.8990964 -0.8904691 0.1325949 0.435297 -0.8783573 -0.3025913 -0.3700366 -0.4103676 0.1952728 -0.8907676 0.4556362 -0.2426 -0.8564701 0.9063381 0.1338751 -0.4007851 -0.001582517 0.9985469 -0.05386623 0.05346106 -0.9976758 0.04224594 -0.008044965 -0.9977702 0.0662563 -0.03672248 -0.9979084 0.05320167 -0.04826296 -0.9985133 0.02533032 -0.04790907 -0.9985771 0.02341987 -0.06166813 -0.9980967 0 -0.05580937 -0.9980117 -0.02929102 -0.03188588 -0.9984235 -0.04619471 -0.005575118 -0.9989298 -0.04591522 0.02541209 -0.9992632 -0.02876373 0.009553774 -0.999637 -0.02519121 0.02465713 -0.9994572 -0.02184432 0.03801128 -0.9992334 -0.009368945 0.04083253 -0.9991153 0.01006432 0.02939304 -0.9992287 0.02604001 0.01173465 -0.9994522 0.03094168 0.9709418 2.305377e-07 0.2393158 0.7484729 1.646921e-07 0.6631655 0.7485101 2.237862e-05 0.6631234 0.3547106 4.458839e-05 0.9349762 0.3546053 4.116743e-08 0.935016 -0.1205367 -1.646698e-08 0.9927089 -0.1205367 -8.233486e-09 0.9927089 -0.5680647 -4.940091e-08 0.8229839 -0.5680648 -6.586788e-08 0.8229839 -0.8854561 -1.152688e-07 0.4647229 -0.8854563 -2.140707e-07 0.4647227 -1 -2.364483e-07 0 -1 -2.364483e-07 -0 -0.8854558 -2.140706e-07 -0.4647234 -0.885456 -1.152688e-07 -0.4647232 -0.5680644 -6.58679e-08 -0.8229841 -0.5680644 -6.58679e-08 -0.8229841 -0.1205367 -1.646697e-08 -0.9927089 -0.1205367 -2.058371e-08 -0.9927089 0.3546051 4.940091e-08 -0.9350162 0.3546051 4.116744e-08 -0.9350162 0.7485108 8.233489e-08 -0.6631225 0.7485107 1.646697e-07 -0.6631227 0.9709418 2.305377e-07 -0.2393158 0.9709418 2.305377e-07 -0.2393158 0.9709418 2.305377e-07 0.2393158 0 1 0 0 1 0 0 1 0 0 1 0 0 1 0 0 1 0 0 1 0 0 1 0 0 1 0 0 1 0 0 1 0 0 -1 0 0.5126707 0.465105 -0.7216966 -0.9158856 0.3911039 0.09050632 0.1612492 0.5127617 0.8432522 0 -1 0 0.4731485 0.4830082 -0.7367723 -0.7759987 0.6307346 0 0.4731486 0.4830083 0.7367723 -0.4187396 0.6110765 -0.6717459 -0.7918537 0.5794812 -0.1927933 0.9769953 0.1510257 -0.1505699 0.9779592 0.1570098 -0.1376356 -0.5607086 -0.7769073 0.286393 -0.6109948 -0.6433855 0.461238 1.533925e-05 -0.0005454061 0.9999998 0.004254064 -0.008322441 0.9999564 0.04032662 0.09237081 0.9949077 0.1478042 -0.005815347 0.9889996 0.1023195 -0.04259682 0.9938391 0.4744883 0.8767287 0.07878894 0.4873289 0.8719496 0.04705892 0.8708468 -0.4307897 -0.2367404 0.9563909 -0.2854527 0.06191159 -0.9111521 -0.4080688 0.05728611 -0.9011039 -0.4329899 -0.02305966 0.07378101 -0.314797 0.946287 -0.001450159 -0.2033758 0.9790997 -0.04875008 -0.3156759 0.947614 -0.1087267 -0.1418421 0.9839001 0.008141588 0.2640161 0.9644839 -0.01036645 0.2332713 0.9723564 -0.008272485 0.2321869 0.9726361 -0.1300806 0.07243575 0.988854 -0.02713407 0.1203768 0.9923574 0.2342525 0.01070594 0.9721169 0.2286863 -0.002181805 0.9734977 -0.07815286 -0.0004568473 0.9969413 -0.355979 -0.01376563 0.9343926 -0.08273394 -0.002570223 0.9965684 -0.06195846 0.4663439 0.882431 -0.1213203 0.7374772 0.6643859 -0.270854 0.8740332 0.403366 -0.2096859 0.7627614 0.6117409 -0.1970195 0.8044868 0.560343 -0.1246463 0.4224054 0.8977956 -0.1162711 0.8675691 0.4835337 0.3554392 0.03632067 0.9339935 -0.00746873 0.2296641 0.9732413 0.3669141 0.7540256 0.5448113 -0.1365704 0.9875194 0.07844599 -0.2808903 0.9177152 0.2808903 -0.2208026 0.9420334 0.2526247 -0.2798695 0.9266852 0.2508536 -0.1558954 0.9721387 0.1750515 -0.05556574 0.2535921 0.965714 -0.0429722 0.004946058 0.999064 -0.4439798 0.7263919 0.5246301 -0.4357828 0.7192547 0.5410785 -0.4616131 0.4597063 0.7586721 -0.7450486 0.5072443 0.4331346 -0.5912161 0.4465317 0.6716197 -0.07516966 0.08345733 0.9936722 -0.3197881 0.6814091 0.6583443 0.1430784 0.8844438 0.444171 0.3546737 0.81928 0.4505406 0.4037144 0.7397932 0.5382572 0.502943 0.4706111 0.7249645 0.1730145 0.7700742 0.6140454 0.2922882 0.7029179 0.6484397 0.5564377 0.4889082 0.6718227 0.004483995 0.3415484 0.9398535 -0.07063537 0.6252812 0.7771962 0.07265849 0.6986781 0.711737 0.1160564 0.6293022 0.7684463 0.0341423 0.3218281 0.9461823 0.2820164 0.2339595 0.930446 0.5122371 0.1856735 0.8385335 0.5229697 0.2171872 0.8242162 -0.128001 0.5358378 0.8345619 -0.3840232 0.839674 0.3840231 -0.3604065 0.8570113 0.3682917 -0.493087 0.7218154 0.4856416 -0.4569677 0.7608414 0.4607612 -0.5572379 0.6185713 0.5539454 -0.5666853 0.6038052 0.5606131 -0.6258237 0.4588301 0.6307294 -0.6418949 0.4194541 0.6418951 0.1735532 -0.1859606 0.967108 0.01074975 -0.1943281 0.9808776 -0.2235397 -0.1384135 0.964817 -0.3089596 -0.05818205 0.9492939 -0.03075728 0.04758825 0.9983934 0.0568166 0.05894653 0.9966429 -0.1036636 0.1269732 0.9864744 -0.2689253 0.2406798 0.9326052 0.2201699 0.0443906 0.974451 0.2317424 -0.1292155 0.964157 -0.1023081 -0.2579965 0.9607137 -0.6812988 -0.2677008 0.681299 -0.6810546 -0.2725559 0.679616 -0.6998054 -0.1390293 0.7006735 -0.6992795 -0.1625309 0.6961263 -0.7043281 -0.04649955 0.7083499 -0.7056 -0.06525414 0.7055995 -0.7046963 0.08249248 0.7046972 -0.7079752 0.06525394 0.7032162 -0.6972613 0.1625312 0.6981477 -0.6918657 0.2121296 0.6901615 -0.6776676 0.2725542 0.682994 -0.6736194 0.3040946 0.6736196 0.286241 -0.5182505 0.8059048 0.02928131 -0.5086598 0.8604695 0.01062345 -0.3395525 0.9405271 0.5484062 -0.2516724 0.7974407 0.2876791 -0.5175695 0.8058304 -0.6081777 -0.2366502 0.7577048 -0.1618439 -0.01727896 0.9866651 -0.04639563 0.00205855 0.998921 -0.8783495 -0.1779183 0.4436746 -0.9330502 -0.1730984 0.3153637 -0.5930523 -0.03861114 0.8042377 -0.4350234 0.04878001 0.8990968 -0.6011242 0.1878384 0.7767666 -0.6223177 0.1891264 0.7595735 -0.5104789 0.2247534 0.8299983 -0.4072101 -0.8157514 0.410767 -0.6282802 -0.458833 0.6282804 -0.6180232 -0.4944879 0.6111703 -0.5326575 -0.6544026 0.5366873 -0.4927298 -0.7211431 0.4870009 -0.3706205 -0.8437918 0.388144 0.6426705 -0.2559503 0.7221248 0.5015879 -0.6705047 0.5466563 0.08933488 -0.8231401 0.5607671 0.3740789 -0.6972576 0.6114711 0.551204 -0.4103921 0.7264657 0.1791023 -0.838217 0.5150871 0.2419411 -0.8564929 0.4559436 0.362608 -0.5257686 0.7694692 0.4999119 -0.6349508 0.5890039 -0.1140173 -0.658026 0.744313 -0.06721383 -0.2753151 0.9590014 -0.09691051 -0.755742 0.6476592 -0.1024213 -0.641207 0.7605022 -0.1050611 -0.7864227 0.6086884 -0.2258997 -0.8194439 0.5267646 -0.2039137 -0.6560444 0.7266533 -0.03225332 -0.2557776 0.9661974 -0.4740656 -0.352281 0.8069448 -0.3356925 -0.7006761 0.6295741 -0.2562608 -0.1366778 0.9568958 -0.09872502 -0.3492809 0.9318026 -0.4522891 -0.7233133 0.5217782 -0.4235522 -0.5792843 0.6964433 -0.109222 -0.1194934 0.986809 -0.8133567 -0.4445072 0.3753188 -0.3185296 -0.1629787 0.933797 -0.1216016 -0.9904458 0.06504019 -0.1494705 -0.9719738 0.1814539 -0.2748635 -0.9267945 0.2559335 -0.2591138 -0.9312153 0.2563163 0.0005454515 0.9005947 0.4346596 -5.211812e-05 0.8951741 0.4457169 -0.1284313 0.2181323 0.9674315 0.0002713038 0.03483843 0.9993929 -0.001855363 0.6172873 0.7867356 -0.00060323 0.6059689 0.7954881 -0.0153058 0.5089001 0.8606895 -0.02326361 0.00834175 0.9996946 0.01312672 0.06135767 0.9980295 -0.2302085 0.6993099 0.6767344 -0.3515533 0.80158 0.4836111 -0.1704419 0.7519665 0.6367856 -0.08298271 0.8872521 0.4537594 1.423627e-05 0.9838154 0.1791849 -0.03601849 0.9711952 0.2355473 0.001299438 0.9830106 0.1835446 -0.0003380743 0.9938089 0.1111025 0.002328696 0.9981948 0.06001562 -6.350052e-09 0.9989974 0.04476906 0.08691213 0.8203595 0.5652048 0.06095878 0.8951067 0.4416651 0.03664863 0.8951067 0.4443432 0.03664922 0.8951047 0.4443471 0.1075815 0.6171441 0.7794609 0.06467877 0.6171441 0.7841874 0.06467803 0.6171494 0.7841833 0.0267554 0.2198751 0.975161 0.02158028 0.6171489 0.7865503 0.02158068 0.6171448 0.7865536 0.01222807 0.8951047 0.4456882 0.01222762 0.8951072 0.4456835 0.1275514 0.3601103 0.9241489 0.1461653 0.2197824 0.9645369 0.09351281 0.2199358 0.971022 0.07777023 0.3238328 0.9429125 0.06684525 0.21993 0.9732227 0.02675568 0.2198709 0.975162 0.001563747 0.9981962 0.06001572 0.001563751 0.9981962 0.0600157 0.004935493 0.9981958 0.05983979 0.004935487 0.9981958 0.05983981 0.02450782 0.9838036 0.1775666 0.008289947 0.9981962 0.05946099 0.008289952 0.9981962 0.05946098 0.02484273 0.9836828 0.1781884 0.0146781 0.9839277 0.1779629 0.01467815 0.9839277 0.1779627 0.004687252 0.9836827 0.1798506 0.004915668 0.9838036 0.1791828 0.02153424 0.9981272 0.05725708 0.05015613 0.9835967 0.1732686 0.06040201 0.9851694 0.160602 0.1045723 0.9823952 0.1548047 0.1214159 0.9870098 0.1052132 0.1543759 0.9826858 0.102454 0.1695648 0.984949 0.03351672 0.1789967 0.982784 0.04577991 0.03094537 0.9985688 0.04361861 0.04839124 0.9979478 0.04193351 0.05091158 0.9986183 0.01302106 0.05999305 0.9978195 0.02751428 0.2903317 0.8549756 0.4297954 0.5879263 0.7627743 0.2692913 0.4589163 0.8838367 0.09071088 0.3291943 0.3542561 0.8752906 0.2550058 0.6893801 0.6780318 0.1597341 0.8185264 0.5518149 0.2145996 0.6358815 0.7413512 0.5570514 0.5769486 0.5973474 0.3576166 0.9032061 0.2373378 0.3956566 0.4447338 0.8035344 0.4868897 0.4447338 0.7517647 0.5263656 0.6358809 0.5644419 0.5263643 0.6358827 0.5644413 0.7779552 0.3580756 0.5163019 0.751374 0.5630218 0.3441562 0.7837371 0.5192598 0.3407718 0.8933166 0.3596897 0.2694601 0.4437589 0.8912374 0.09366953 0.7833821 0.6146604 0.09222271 0.9232815 0.3590271 0.1365678 0.9691411 0.2185149 0.1140909 0.2780555 3.554711e-08 0.960565 0.3336029 -0.03668637 0.9419996 0.4417474 1.09157e-07 0.8971394 0.5436083 1.389917e-07 0.8393391 0.6375825 -0.03668603 0.7695081 0.6820082 0 0.7313444 0.8332027 -0 0.5529677 0.8635722 -0.03668658 0.5028887 0.9170631 0 0.3987424 0.957393 -0 0.2887881 0.9839282 -0.03668648 0.174755 0.9931418 0 0.1169164 -0.5595481 0.6322296 0.5359027 -0.2717726 0.290424 0.9174931 -0.1372229 0.156749 0.9780591 -0.5484983 0.523936 0.6516445 -0.3198269 0.3081817 0.8959547 -0.1233067 0.127938 0.984087 -0.4471569 0.1863432 0.8748296 -0.6127748 0.4860777 0.6230856 -0.391918 0.8967276 0.205621 -0.4758795 0.8387251 0.2647244 -0.402436 0.8697792 0.2855335 -0.3145975 0.8429556 0.4364105 -0.607492 0.7852055 0.1200237 -0.5569596 0.8264948 0.08186796 -0.603965 0.7909808 0.09785643 -0.1993779 0.9797182 0.02001514 -0.3384183 0.9339733 0.1147479 -0.6435442 0.6466485 0.4095078 -0.5669372 0.768605 0.2963586 -0.7005625 0.6877542 0.1902794 -0.7024106 0.7084994 0.06817634 -0.682674 0.6804484 0.2663573 -0.7213864 0.5891054 0.364083 -0.6687304 0.6565737 0.3488708 -0.7150089 0.515034 0.4727603 -0.3369087 0.9369547 0.0927828 -0.5975958 0.8014809 0.02253407 -0.5730493 0.7741171 0.2689931 -0.06460515 0.881234 0.4682442 -0.1011676 0.8557862 0.5073411 -0.1079983 0.7888364 0.6050401 -0.1322793 0.7752214 0.6176843 -0.1040802 0.9672823 0.2313706 -0.1037845 0.9023858 0.4182445 -0.2150127 0.4776312 0.8518438 -0.441332 0.4787638 0.758954 -0.3519513 0.2866923 0.8910319 -9.435092e-09 0.9964247 0.08448686 -0.01038553 0.9953198 0.09607702 -0.03268102 0.6444808 0.7639217 -0.002185379 0.9584227 0.2853441 -0.00716251 0.5719832 0.8202341 -0.6621632 0.4407993 0.6059998 -0.3267664 0.8431819 0.4269285 -0.141008 0.8812901 0.4510483 -0.09850029 0.6684632 0.7371938 -0.1096351 0.7768601 0.6200553 -0.1085673 0.777474 0.6194733 -0.101038 0.8557976 0.5073479 -0.5813719 0.8098736 0.07817639 -0.3373787 0.9347548 0.1113961 -0.2051356 0.9742054 0.09403886 -0.1593096 0.9337853 0.3204144 -0.1274395 0.8998877 0.4170866 -0.0333031 0.05929917 0.9976846 -0.6801155 0.4009625 0.6137361 -0.2057127 0.3033576 0.9304066 -0.262152 -0.09847828 0.9599888 -0.2774514 0.2895034 0.9160832 -0.735607 0.6725534 0.08095849 -0.7234904 0.6872747 0.06492259 -0.7263529 0.6550404 0.208167 -0.7291847 0.6512585 0.210124 -0.7301413 0.5957855 0.3345644 -0.7392482 0.5782593 0.3451497 -0.7287288 0.535222 0.4271905 -0.7608393 0.4661567 0.4514659 -0.80208 0.2465778 0.5439366 -0.8465856 0.5254691 0.0847058 -0.9370651 0.3476069 0.03283627 -0.8351746 0.5234159 0.1688765 -0.9450125 0.2936512 0.1439458 -0.817191 0.3876817 0.4264994 -0.8016228 0.3536638 0.4819988 -0.8451954 0.2607608 0.4665282 -0.9864841 0.1276412 0.1027468 -0.9657595 0.2305508 0.1189749 -0.9968343 0.07849445 0.01265333 -0.9817355 0.1838782 0.04882726 -0.1872054 -0.01108669 0.9822582 -0.3308332 -0.0002822954 0.9436892 -0.8197077 0.001273556 0.5727807 -0.82805 -9.738349e-05 0.5606544 -0.3288223 -0.1384884 0.9341825 -0.3319775 -0.164684 0.9288003 -0.8020635 -0.2635616 0.5359379 -0.8681278 -0.2286904 0.4405165 -0.9334866 -0.2469678 0.2600187 -0.8660952 -0.4232751 0.265927 -0.9480779 -0.2899455 0.1306899 -0.9013139 -0.4122407 0.1330068 -0.9824755 -0.1840167 0.0296631 -0.8485859 -0.5267128 0.04975529 -0.9358311 -0.3462574 0.06577346 -0.9393356 -0.2346601 0.2501664 -0.7369801 -0.4341556 0.5180436 -0.7454718 -0.3233958 0.5828267 -0.7958564 -0.2682897 0.5428011 -0.7365347 -0.673402 0.06361213 -0.7245771 -0.6844334 0.08086393 -0.7524812 -0.4428053 0.4875403 -0.7191892 -0.5430474 0.4334355 -0.7556382 -0.5699612 0.3227307 -0.7282758 -0.5802678 0.3645592 -0.7290015 -0.652406 0.2071796 -0.7262471 -0.6542247 0.2110813 -0.1110155 -0.7783789 0.6179013 -0.2044337 -0.9708716 0.1249603 -0.3368067 -0.9372175 0.09046847 -0.3355396 -0.8925382 0.3013114 -0.148652 -0.9233016 0.3541422 -0.114614 -0.8848281 0.4516004 -0.1659043 -0.8949555 0.4141626 -0.094147 -0.6395777 0.7629395 -0.1061478 -0.6450532 0.7567292 -0.1016953 -0.8562516 0.5064496 -0.1075941 -0.777035 0.6201937 -0.5813739 -0.8098722 0.07817566 -0.07809481 -0.1341341 0.9878812 -0.03369131 -0.09651767 0.9947609 -0.08723243 -0.6463237 0.7580608 -0.001696719 -0.9586546 0.2845673 -0.01058424 -0.9953176 0.09607681 -7.446548e-09 -0.9964474 0.08421732 -0.353801 -0.7560818 0.5506043 0.018023 -0.297907 0.9544247 -0.04120575 -0.7468818 0.6636789 -0.6158251 -0.7408804 0.2680591 -0.5832123 -0.8123105 0.003875689 -0.6096409 -0.792398 0.02105569 -0.2052267 -0.9745234 0.09047744 -0.1076362 -0.7786699 0.6181324 -0.1016501 -0.8562557 0.506452 -0.0648028 -0.8825831 0.4656689 -0.1031724 -0.902689 0.4177416 -0.1050988 -0.9675712 0.2296962 -0.5227296 -0.4544181 0.7212892 -0.3876528 -0.2511866 0.8869219 -0.5983219 -0.4583291 0.6572254 -0.3994171 -0.3095081 0.8629431 -0.1002912 -0.08909911 0.9909607 0.00617433 0.07335424 0.9972868 0.007086037 0.0009358765 0.9999745 1.479538e-05 1.954075e-06 1 -0.1229828 0.03117644 0.991919 6.498201e-05 -0 1 -0.0006779215 -0.002107659 0.9999976 -0.003608896 0.003322555 0.999988 -0.04797349 0.08269149 0.9954198 -0.01903888 -0.009904795 0.9997697 0 0 1 -0.004443117 0.006552118 0.9999686 -0.002024535 0.002957728 0.9999936 0 0 1 -0.002556879 0.0001148989 0.9999967 0 -0.003867563 0.9999925 0.002572771 -0.002911907 0.9999925 -0.5535202 -0.5317184 0.6410077 -0.08268328 -0.09206209 0.9923145 -0.4894512 -0.5113612 0.7063619 -0.2679365 -0.1759665 0.9472306 -0.3070185 -0.3165458 0.8975179 -0.1087743 -0.107586 0.9882274 -0.6065476 -0.729174 0.316868 -0.7064945 -0.5506324 0.4446005 -0.6220703 -0.6504372 0.435844 -0.6405354 -0.6484836 0.4113192 -0.7205583 -0.6896229 0.07222194 -0.6836791 -0.6178318 0.3884158 -0.7093224 -0.6234294 0.3289341 -0.6832349 -0.6792486 0.2679762 -0.6850497 -0.698041 0.2084364 -0.1103986 -0.2186106 0.969547 -0.2579733 -0.6788487 0.6874694 -0.1296166 -0.9564342 0.2615973 -0.06252311 -0.8880627 0.4554508 -0.2061464 -0.6040284 0.7698398 -0.2603787 -0.5136574 0.8175323 -0.07748164 -0.5391197 0.8386576 -0.2758507 -0.9434071 0.184091 -0.383793 -0.9009001 0.2026864 -0.2905298 -0.9265707 0.2388703 -0.3111113 -0.8396184 0.4452536 -3.021083e-05 -0.8951741 0.4457168 0 -0.895451 0.44516 0 -0.617287 0.786738 0 -0.617287 0.786738 0 -0.2199551 0.97551 0 -0.2199551 0.97551 -0.5568405 -0.826323 0.08437392 -0.5632451 -0.822113 0.08297777 -0.564628 -0.8129597 0.1424493 -0.199381 -0.9797177 0.02001524 -0.3096426 -0.9451841 0.1036754 -6.244386e-09 -0.9989855 0.0450335 0.002302834 -0.9981948 0.06001563 -0.0002907749 -0.9938692 0.1105621 0.001065288 -0.9838148 0.1791848 7.457859e-06 -0.9828128 0.1846047 -0.03702635 -0.9710237 0.2360972 0.0111037 -0.99786 0.06443784 0.008289946 -0.9981962 0.05946098 0.004935499 -0.9981958 0.05983981 0.004935487 -0.9981958 0.05983978 0.004670836 -0.9838046 0.179183 0.0015649 -0.9981962 0.06001572 0.001564869 -0.9981962 0.06001564 0.004670947 -0.9838047 0.1791826 0.01473536 -0.9838011 0.178657 0.01473537 -0.9838011 0.178657 0.03047792 -0.9837619 0.1768718 0.02260995 -0.9865032 0.1621733 0.136259 -0.3601776 0.922879 0.02675592 -0.2198764 0.9751607 0.02675561 -0.2198709 0.9751619 0.06684517 -0.2199299 0.9732227 0.07777017 -0.3238332 0.9429125 0.09351282 -0.2199357 0.971022 0.1333783 -0.2198766 0.9663667 0.1075815 -0.6171441 0.7794609 0.06467842 -0.6171441 0.7841874 0.06467848 -0.6171484 0.7841841 0.02158124 -0.6171486 0.7865506 0.02158094 -0.6171431 0.7865549 0.07897666 -0.8202877 0.5664721 0.07570839 -0.8856961 0.4580511 0.035882 -0.8996929 0.4350464 0.03588202 -0.8996919 0.4350482 0.01185792 -0.8904489 0.4549288 0.01222887 -0.895107 0.4456834 0.03435041 -0.9982364 0.04841814 0.04118461 -0.9979113 0.04976821 0.05057387 -0.9984509 0.02319443 0.06000552 -0.9980266 0.01849858 0.06425732 -0.9831989 0.1708531 0.1020819 -0.9870979 0.1233576 0.09742248 -0.9876966 0.1223284 0.1594898 -0.9831989 0.08878499 0.1583324 -0.9861787 0.04881094 0.1790723 -0.9831991 0.03539601 0.9525112 -0.2147653 0.2158664 0.2596184 -0.3580756 0.8968725 0.2596182 -0.3580746 0.8968729 0.4121823 -0.3596895 0.8370957 0.4707052 -0.5411909 0.6968135 0.7664931 -0.6358821 0.09023446 0.8575009 -0.4447346 0.2586566 0.8213788 -0.4447346 0.3571385 0.6430541 -0.6358824 0.4267728 0.6430541 -0.6358826 0.4267727 0.6367862 -0.3580751 0.682851 0.441759 -0.5827626 0.6820826 0.7773911 -0.6099598 0.1536617 0.4439987 -0.8917191 0.08776222 0.5624409 -0.8164568 0.1306079 0.5060668 -0.8151879 0.281718 0.6805453 -0.5769458 0.4516544 0.3231185 -0.8549754 0.4057234 0.3619794 -0.7627745 0.5358601 0.164675 -0.8838367 0.4378526 0.1597341 -0.8185263 0.5518149 0.2780555 4.745221e-08 0.960565 0.3337325 0.02389053 0.9423651 0.4417476 7.352366e-08 0.8971394 0.5436082 8.684656e-08 0.8393391 0.6378295 0.02389035 0.769807 0.6820083 0 0.7313445 0.8332027 0 0.5529677 0.8639073 0.02389051 0.5030839 0.9931418 0 0.1169164 0.98431 0.02389045 0.1748228 0.9573931 0 0.2887881 0.917063 0 0.3987423 0 0 -1 -0 0 -1 0 0 -1 0 0 -1 -0 0 -1 1.249509e-07 1.29591e-07 -1 1.168345e-07 1.410007e-08 -1 1.204828e-07 1.454035e-08 -1 1.176823e-07 0 -1 2.069606e-07 0 -1 2.069606e-07 4.934325e-14 -1 0.9807853 1.286142e-07 -0.1950903 0.9807853 1.169187e-07 -0.1950903 0.8314697 9.911891e-08 -0.5555701 0.8314697 7.433919e-08 -0.5555702 0.5555703 4.967186e-08 -0.8314695 0.5555704 9.934374e-08 -0.8314695 0.1950901 3.488483e-08 -0.9807853 0.1950902 4.651312e-08 -0.9807853 1 1.311334e-07 1.311339e-07 1 1.311339e-07 1.311344e-07 0.9807853 1.273014e-07 -0.1950902 0.9807853 1.145713e-07 -0.1950902 0.8314695 1.018412e-07 -0.5555704 0.8314695 7.638086e-08 -0.5555704 0.5555705 5.092055e-08 -0.8314695 0.5555704 1.018411e-07 -0.8314695 0.1950901 3.819041e-08 -0.9807853 0.19509 6.365067e-08 -0.9807853 -1 -0 0 -1 0 0 -0.3409915 0.9369199 -0.07684976 -0.1693951 0.9854555 -0.01351219 -0.1604587 0.9865329 -0.0317168 -0.1783912 0.9813236 -0.07197665 -0.1699037 0.9811645 -0.09191816 -0.1510254 0.9834354 -0.1002303 -0.1433834 0.9803901 -0.1351903 -0.09968688 0.9819257 -0.1608864 -0.09041425 0.9830754 -0.1593361 -0.07266562 0.9817666 -0.175653 -0.06001199 0.9981272 -0.01186217 -0.05471898 0.9983593 -0.01686885 -0.0529179 0.9979811 -0.03511976 -0.0347584 0.9985127 -0.04200267 -0.0306583 0.9980686 -0.05402882 -0 0 1 0 0 1 0 0 1 -0.7782709 0.5340828 -0.330227 -0.8203689 0.5317928 -0.2102172 -0.8635044 0.4580638 -0.2110394 -0.2951798 0.3563698 -0.8864927 -0.1669946 0.8180954 -0.5503025 -0.2460477 0.5310854 -0.8108075 -0.3724414 0.5341307 -0.7589412 -0.4018008 0.6465588 -0.6484734 -0.4682958 0.5324662 -0.7051091 -0.5751663 0.5335607 -0.620078 -0.533583 0.6798431 -0.5030931 -0.6507659 0.5334647 -0.5402955 -0.7296774 0.5326098 -0.428833 -0.6652239 0.6541853 -0.3598872 -0.008994658 0.9982583 -0.05830419 -0.02350947 0.985106 -0.1703333 -0.02750261 0.9835964 -0.1782744 -0.01467634 0.9839316 -0.1779417 -0.01467635 0.9839316 -0.1779417 -0.001564912 0.9981962 -0.06001616 -0.00953852 0.9981934 -0.05932026 -0.004935527 0.9981957 -0.05984027 -0.004935527 0.9981958 -0.05984028 -0.001564897 0.9981961 -0.06001613 -0.004688913 0.9836791 -0.1798702 -0.004916773 0.9838036 -0.1791823 -0.9714093 0 -0.2374112 -0.9622914 -0.0145148 -0.2716332 -0.9205599 -0 -0.3906014 -0.8621349 0 -0.5066786 -0.8261254 -0.02059096 -0.5631099 -0.7693884 -0 -0.6387813 -0.6800571 0 -0.7331592 -0.6045362 -0.02019278 -0.7963216 -0.2903841 -4.833099e-08 -0.9569102 -0.320388 -0.01332135 -0.9471927 -0.4405496 -7.461049e-08 -0.8977283 -0.553246 -9.208124e-08 -0.8330179 -0.07820132 0.8202788 -0.5665928 -0.07820135 0.8202786 -0.5665929 -0.04701512 0.8202786 -0.5700286 -0.04701499 0.8202794 -0.5700275 -0.01568734 0.8202795 -0.5717477 -0.01568774 0.8202751 -0.571754 -0.02558677 0.3601094 -0.9325591 -0.1275514 0.3601091 -0.9241493 -0.1275515 0.3601081 -0.9241498 -0.08942591 0.3601966 -0.9285803 -0.06940223 0.5358468 -0.841458 -0.04892971 0.03073756 -0.9983292 -0.03703427 0.03665523 -0.9986415 0 0.9838156 -0.1791845 0.1041341 0.862527 -0.49518 0.01007185 0.9798322 -0.199568 -0.001113148 0.9831075 -0.183026 0.0002837006 0.9938653 -0.1105976 -0.002233118 0.9981949 -0.06001608 6.509726e-09 0.9989855 -0.04503386 0.3064201 0.4898592 -0.8161768 0.01104265 0.08862239 -0.9960041 0.005038927 0.3602228 -0.9328527 0 0.8203761 -0.5718244 0.004691511 0.6923199 -0.7215753 0.557663 0.7820916 -0.2781092 0.6945608 0.6309294 -0.3457072 0.426241 0.8532467 -0.3004808 0.2008421 0.9227386 -0.3289621 0.3207123 0.9466292 -0.03219799 0.318945 0.9472364 -0.03189563 0.4241574 0.896306 -0.1293294 0.2778629 0.9576743 -0.07518014 0.5384341 0.5760511 -0.6150234 0.4422417 0.5010828 -0.7438671 0.1369919 0.1639472 -0.9769107 0.4764161 0.5750381 -0.6651007 0.7136192 0.6978548 -0.06120683 0.6978822 0.7145461 -0.04882831 0.654368 0.6798468 -0.3310755 0.6621786 0.6449645 -0.3814974 0.7744324 0.4987028 -0.3892942 0.6841573 0.7056701 -0.1842785 0.695613 0.6889704 -0.203574 0.6678945 0.6719888 -0.3199186 0.4018358 0.2649052 -0.8765575 0.5944964 0.4606546 -0.6590684 0.3357441 0.2495402 -0.9082982 0.1431667 0.1312929 -0.9809513 0.4247961 0.6853431 -0.5914838 0.534337 0.6088585 -0.5863236 0.595156 0.7547686 -0.2758872 0.2058993 0.9777241 -0.040757 0.5814469 0.8098562 -0.07779588 0.3525509 0.9308563 -0.0959918 0.324075 0.9072557 -0.2680719 0.3370275 0.9012638 -0.2722791 0.3367328 0.8338354 -0.4374122 0.0967689 0.4421663 -0.8916976 0.419643 0.4980243 -0.7588621 2.511168e-05 0.6168911 -0.7870485 0.02860139 0.653167 -0.7566736 1.145543e-08 0.9947249 -0.1025781 0.0001983341 0.9947042 -0.1027794 -0.0002245144 0.957269 -0.2891988 0.005678881 0.9552274 -0.2958179 0.004326485 0.8974794 -0.4410352 -0.02080553 0.9117801 -0.4101516 0.02038166 0.8488678 -0.5282121 0.005366872 0.7707075 -0.6371663 -0.01421722 0.7829027 -0.6219818 0.6889777 0.6433535 -0.3337753 0.5813748 0.8098715 -0.07817611 0.7251905 0.6539612 -0.2154844 0.6879401 0.4683047 -0.554463 0.7254368 0.6113169 -0.3162802 0.2049993 0.9735788 -0.1005966 0.2606673 0.9600155 -0.1020917 0.3962425 0.880239 -0.2610961 0.008082224 0.02926862 -0.9995389 0.7282941 0.3677599 -0.5782218 0.6183507 0.2538538 -0.7437745 0.6170136 0.2565649 -0.7439548 0.7441859 0.6642943 -0.07000215 0.7567171 0.6478336 -0.08769598 0.741101 0.6404046 -0.2016215 0.7540408 0.5512779 -0.3570928 0.7283392 0.5365123 -0.4262355 0.745013 0.4727089 -0.4706398 0.845219 0.4774131 -0.2401699 0.8303637 0.3427712 -0.4393222 0.1893254 -0.006223141 -0.9818947 0.2583064 0.0001997524 -0.966063 1.478373e-07 0 -1 1.478373e-07 0 -1 0 0 -1 0 -0 -1 0 0 -1 0 0 -1 0 -0 -1 3.116087e-07 -3.408892e-07 -1 7.043752e-07 -3.104413e-07 -1 0 0 -1 0 0 -1 1.116752e-07 0 -1 1.116752e-07 0 -1 0 0 -1 0 -0 -1 0 0 -1 0 0 -1 9.083372e-08 -9.934987e-08 -1 1.072155e-07 -9.147127e-08 -1 0 0 -1 -0 0 -1 0 0 -1 -0 0 -1 -0.1950893 -0 -0.9807855 -0.1950893 0 -0.9807855 -0.5555717 -0 -0.8314686 -0.5555717 0 -0.8314686 -0.831471 -0 -0.5555682 -0.831471 0 -0.5555682 -0.9807838 -0 -0.1950979 -0.9807838 0 -0.1950979 0 -1 0 0 -1 0 0 -1 0 1.186448e-07 -1 2.360113e-08 1.186448e-07 -1 2.6501e-07 1.689001e-07 -1 1.128549e-07 5.462012e-07 -1 -1.107664e-06 0 -1 0 0 -1 0 0 -1 0 -0.02642786 -0.9996406 -0.004489984 -2.008432e-09 -0.9999077 0.01358542 0 -1 -0 1.207182e-07 -1 7.2431e-08 1.192093e-07 -1 0 1.192093e-07 -1 -2.371238e-08 0 -1 0 0 -1 0 0 -1 0 0 -1 0 0 -1 0 -0 -1 0 0 -1 0 0 -1 0 0 -1 0 -0 -1 0 1.271566e-07 -1 -1.271566e-07 -1 0 0 -1 -0 0 -0.1950868 0 -0.980786 -0.1950868 0 -0.980786 -0.5555715 0 -0.8314688 -0.5555715 0 -0.8314688 -0.8314711 0 -0.555568 -0.8314711 0 -0.555568 -0.980785 0 -0.1950916 -0.980785 0 -0.1950916 0 0.9876884 -0.1564345 0 0.9876884 -0.1564345 0 0.8910064 -0.4539907 0 0.8910064 -0.4539907 0 0.7071068 -0.7071068 0 0.7071068 -0.7071068 0 0.4539904 -0.8910066 0 0.4539904 -0.8910066 0 0.1564349 -0.9876883 0.1288356 0.1288356 -0.9832612 -0.2321245 -0.2321246 -0.9445826 -0.9999419 0.009844693 0.004364757 -1 0 0 -0.99966 0.009657156 0.02422322 -0.9999405 0 0.01090664 -0.9999174 0.005500633 0.01161576 -1 0 0 -0.9995918 -0.02821711 0.004469152 -0.9994724 -0.02894051 0.01474593 -0.9996181 -0.0251915 0.0113548 -0.9995725 -0.02067431 0.0206743 -0.99966 0.009835518 0.02414984 -0.9967058 0.0005781227 0.0810996 -0.9993656 -0.004627011 0.03531292 -0.9994875 -0.01275688 0.02935753 -0.9996195 -0.01252147 0.02457478 -0.9994714 -0.02224299 0.0237128 -0 -0.9141786 -0.4053116 -0.3963228 -0.7665789 -0.5052573 0.2178797 -0.3681265 -0.9038868 0 -1 0 0 -1 0 0.9999595 -0.003680368 0.008210586 1 2.682023e-05 -5.983363e-05 1 -3.065467e-05 0 0.9999169 -0.003990443 -0.01226173 0.9999652 -0.00695952 -0.004587067 0.9987651 -0.01459543 -0.04748786 0.9541573 0.2102487 -0.2130243 0.978942 0.08575153 -0.1852548 0.9991629 0.02892475 -0.02892475 0.9986502 0.04627955 -0.02358062 0.9984666 0.04966735 -0.02444313 0.9990879 0.04217691 -0.006680169 0.9990922 0.04206619 -0.006714645 0.998397 0.02569568 -0.05043064 0.9979994 0.009890253 -0.06244443 0.9885275 -0.0004542476 -0.1510399 0.9986704 -0.01230224 -0.05006142 0.8085472 -0.5793478 -0.1029927 0.7738757 -0.6099551 -0.1705026 0.7920936 -0.5788943 -0.1935696 0.8093967 -0.2914565 -0.5098334 0.8238024 -0.4173923 -0.3835796 0.5511107 -0.217817 -0.8055016 0.5472679 -0.2285236 -0.8051551 0.75107 -0.6584125 -0.04885421 0.7429093 -0.4455427 -0.4995773 0.7277766 -0.4249063 -0.5383269 0.573356 -0.7987017 -0.1825886 0.6830881 -0.5825329 -0.4405065 0.7456875 -0.4210649 -0.5163862 0.7096312 -0.5773128 -0.4038977 0.706077 -0.6284654 -0.3263226 0.6854663 -0.6549456 -0.3180911 0.6899458 -0.6954669 -0.20075 0.6977685 -0.6898772 -0.1928435 0.6805938 -0.7259526 -0.09891883 0.2051204 -0.9741098 -0.0950567 -0.09507918 -0.006381006 -0.9954492 0.04931446 -0.2923976 -0.9550244 0.04778151 -0.6718065 -0.739184 0.01917114 -0.6454846 -0.7635326 0.02251492 -0.7689817 -0.6388742 0.04832243 -0.7867193 -0.6154167 0.01652907 -0.8910331 -0.4536373 0.01894253 -0.8929136 -0.4498295 -0.003370187 -0.9502446 -0.3114863 1.08461e-08 -0.9952725 -0.09712181 0.02393311 -0.997191 -0.07097513 0.02475463 -0.9604797 -0.2772473 0.24457 -0.1584933 -0.9565905 0.4660931 -0.4230326 -0.7770461 0.5058154 -0.6026043 -0.6172673 0.6081011 -0.628783 -0.484608 0.5848552 -0.7021133 -0.4061787 0.4428692 -0.8324252 -0.3330691 0.4624064 -0.8506249 -0.250235 0.5365074 -0.7996326 -0.2697174 0.5963801 -0.802487 -0.01858891 0.3363837 -0.9354928 -0.1081629 0.4914199 -0.4238293 -0.7608384 0.09996337 -0.1105984 -0.9888252 0.6456268 -0.5646837 -0.5140995 0.498578 -0.3790556 -0.7795749 0.3355575 -0.3960447 -0.854722 0.4123461 -0.5247888 -0.7446929 0.6473066 -0.55876 -0.5184414 0.3243844 -0.3292456 -0.8867763 0.08008547 -0.04490414 -0.995776 0 0 -1 -0 0 -1 -0 0 -1 1.112621e-07 -6.675725e-07 -1 1.300465e-07 6.502323e-08 -1 1.430511e-07 1.430511e-07 -1 0.6583534 -0.6253282 -0.4189695 0.7364703 -0.6539232 -0.1731932 0.6871619 -0.7234467 -0.06658518 0.698441 -0.6795084 -0.2246071 0.693732 -0.649169 -0.3119542 0.7051386 -0.6210426 -0.3421778 0.224544 -0.9286559 -0.2952597 0.5658826 -0.7751006 -0.2810618 0.5639993 -0.7452995 -0.3555751 0.5807066 -0.719552 -0.3808212 0.25098 -0.8794808 -0.404379 0.0502982 -0.5089054 -0.8593518 0.664547 -0.7433743 -0.0759728 0.3206225 -0.9463642 -0.03995293 0.4557172 -0.888948 -0.04575184 0.3063998 -0.9472586 -0.09391684 0.3129511 -0.9449637 -0.0954216 0 0 -1 0 0 -1 -0 0 -1 0 0 -1 1.084569e-07 7.96281e-08 -1 9.43693e-08 1.032163e-07 -1 0 0 -1 0 0 -1 0 0 -1 0 0 -1 1.116752e-07 0 -1 1.116752e-07 0 -1 1.628651e-07 0 -1 2.156281e-07 1.552213e-07 -1 7.994174e-08 5.754658e-08 -1 7.013656e-08 8.413951e-08 -1 0 0 -1 0 0 -1 0 0 -1 1.478373e-07 0 -1 1.478373e-07 0 -1 6.207594e-09 -0.9989974 -0.04476814 -0.002258386 -0.9981949 -0.06001608 0.0003294214 -0.9938049 -0.1111382 -0.001169785 -0.9838148 -0.1791844 0.0003018204 -0.9823474 -0.1870658 0.009677718 -0.9762964 -0.2162216 -0.1950893 -0 -0.9807855 -0.1950893 0 -0.9807855 -0.5555717 -0 -0.8314686 -0.5555717 0 -0.8314686 -0.831471 -0 -0.5555682 -0.831471 0 -0.5555682 -0.9807838 -0 -0.1950979 -0.9807838 0 -0.1950979 -1 0 0 -1 0 0 -0.1950868 0 -0.980786 -0.1950868 0 -0.980786 -0.5555715 0 -0.8314688 -0.5555715 0 -0.8314688 -0.8314711 0 -0.555568 -0.8314711 0 -0.555568 -0.980785 0 -0.1950916 -0.980785 0 -0.1950916 -0.001563772 -0.9981961 -0.06001616 -0.004669798 -0.9838048 -0.1791825 -0.004669874 -0.9838048 -0.1791823 -0.01473529 -0.9838012 -0.1786566 -0.01473531 -0.9838011 -0.1786566 -0.009039673 -0.9983776 -0.05621791 -0.001563763 -0.9981962 -0.06001619 -0.004935524 -0.9981958 -0.05984027 -0.004935525 -0.9981958 -0.05984028 -0.008290017 -0.9981962 -0.05946143 -0.02475041 -0.9838048 -0.1775262 -0.02475039 -0.9838049 -0.1775261 -0.02735757 -0.07094163 -0.9971052 -0.03134719 -0.08835408 -0.9955957 -0.1275514 -0.3601091 -0.9241494 -0.1271284 -0.03855194 -0.9911368 -0.1057872 -0.02130698 -0.9941605 -0.08186778 -0.08974261 -0.9925945 -0.06132449 -0.04206191 -0.9972312 -0.07897642 -0.8202886 -0.566471 -0.0811016 -0.8050724 -0.5876061 -0.04519557 -0.8352773 -0.5479684 -0.04519544 -0.8352788 -0.5479658 -0.01548556 -0.804215 -0.5941367 -0.01568669 -0.8202779 -0.57175 0 0 -1 -0 0 -1 0 0 -1 0 0 -1 2.069606e-07 7.401488e-14 -1 2.069606e-07 0 -1 1.21357e-07 0 -1 1.168345e-07 -1.410018e-08 -1 1.442348e-07 -1.740698e-08 -1 1.004315e-07 -1.041611e-07 -1 -0 0 -1 0.9807853 1.286144e-07 -0.1950903 0.9807853 1.023039e-07 -0.1950903 0.8314697 8.672905e-08 -0.5555701 0.8314697 9.911891e-08 -0.5555701 0.5555703 6.622914e-08 -0.8314695 0.5555704 9.934372e-08 -0.8314695 0.1950901 3.488483e-08 -0.9807853 0.1950902 6.976969e-08 -0.9807853 -2.154882e-09 0.9999077 0.01358541 -0.02642786 0.9996406 -0.004489984 -0 1 -0 0 1 0 0 1 -0 0 1 0 -5.4809e-07 1 1.035204e-06 -1.934636e-07 1 -3.848341e-08 0 1 0 0 1 0 0 1 -0 0 1 0 0 1 0 0 1 0 -1.158394e-07 1 -2.587439e-07 -1.192093e-07 1 2.37122e-08 -1.192093e-07 1 -1.563244e-14 0 1 0 0 1 0 0 1 0 0 1 0 0 1 0 0 1 0 -1.271566e-07 1 -7.629401e-08 -1.167765e-07 1 1.167765e-07 0 1 0 0 1 0 1 1.311341e-07 1.311344e-07 1 1.311341e-07 1.311344e-07 0.9807853 1.145713e-07 -0.1950902 0.9807853 1.018411e-07 -0.1950902 0.8314695 1.018412e-07 -0.5555705 0.8314695 7.638086e-08 -0.5555704 0.5555706 2.546028e-08 -0.8314694 0.5555705 7.638083e-08 -0.8314694 0.19509 3.81904e-08 -0.9807854 0.1950899 7.638077e-08 -0.9807854 0 0 -1 0 0 -1 1.430511e-07 -1.43051e-07 -1 1.11262e-07 4.768367e-08 -1 1.300464e-07 7.802782e-07 -1 0 0 -1 -0.4239582 -0.5933661 -0.6842339 -0.4558226 -0.5317272 -0.713787 -0.5751666 -0.5335597 -0.6200786 -0.5335833 -0.6798427 -0.5030932 -0.6507652 -0.5334658 -0.5402952 -0.7387611 -0.5317884 -0.4140449 -0.7050272 -0.5978751 -0.381421 -0.8822452 -0.4092035 -0.2328 -0.2832873 -0.4291281 -0.8576697 -0.2868391 -0.3568152 -0.8890479 -0.1669947 -0.8180953 -0.5503026 0 0 1 -0.433827 0.06282784 0.8988029 -0.9709381 -0.01308684 -0.2389725 -0.9623329 0.01114935 -0.2716449 -0.8722945 -0.009687748 -0.4888848 -0.8258874 0.03162303 -0.5629476 -0.7693882 0 -0.6387815 -0.680057 0 -0.7331592 -0.604369 0.03101157 -0.7961008 -0.5381938 -0.00882798 -0.8427748 -0.3203996 0.01023239 -0.9472272 -0.3070507 -2.095423e-08 -0.9516931 -0.1694026 -0.9854991 -0.009710882 -0.4483616 -0.8911837 -0.06901721 -0.1746547 -0.9824187 -0.06594972 -0.04764165 -0.997204 -0.05757105 -0.04255558 -0.9984133 -0.03687661 -0.02153435 -0.9981272 -0.05725753 -0.1584181 -0.9865405 -0.04051673 -0.05767653 -0.9982263 -0.01475124 -0.06000594 -0.9980265 -0.01849869 -0.07111874 -0.9829325 -0.1696639 -0.06631505 -0.9820957 -0.1763246 -0.1041277 -0.9802629 -0.1680536 -0.130091 -0.9838859 -0.1226573 -0.1295281 -0.9852026 -0.1122428 -0.1677983 -0.9816328 -0.0907792 -0.9994159 0 -0.03417204 -0.9999807 -0.006224339 0 5.394756e-08 -0.9899497 -0.1414203 2.023034e-08 -0.9899496 -0.1414203 3.618932e-07 -0.3162265 -0.9486837 2.714199e-07 -0.316227 -0.9486836 1 0 0 1 5.722046e-07 2.861024e-07 1 -0 1.589458e-07 -1 -0 0 -1 7.947286e-07 -3.178915e-07 -1 -2.861008e-07 -8.583061e-07 0 1 0 0 1 0 -1.430511e-07 0 1 -1.430511e-07 0 1 0 1 0 0 1 0 0 1 0 0 1 0 0 1 -0 0 1 0 0 1 0 0 1 0 0 1 0 0 1 0 -5.631086e-07 1 4.590063e-07 -1.733953e-07 1 -1.821796e-07 -0 1 -0 0 1 0 -0 1 -0 0 1 -0 0 1 -0 0 1 0 0 1 -0 0 1 0 0 1 0 0 1 -0 0 1 0 0 1 0 0 1 0 0 1 0 0 1 0 0 1 0 0 1 -0 0 1 0 0 1 0 0 1 0 0 1 -0 -0 1 0 0 1 0 -0 -0.9899495 -0.1414213 0 -0.9899495 -0.1414213 -1 -0 0 -1 0 0 -1 0 0 1 0 0 1 0 0 1 -0 0 0 -0.3162278 -0.9486833 0 -0.3162278 -0.9486833 0 1 0 0 1 0 -1.43051e-07 0 1 -1.43051e-07 0 1 5.394759e-08 0.9899496 -0.1414203 2.023033e-08 0.9899496 -0.1414203 3.618932e-07 0.316227 -0.9486836 2.714199e-07 0.3162265 -0.9486837 1 -0 1.907349e-07 1 -2.119276e-07 1.059638e-07 1 0 0 -1 1.907338e-07 -5.722041e-07 -1 -9.536743e-07 0 -1 -0 -2.119277e-07 0 -1 -0 0 -1 0 -1.430512e-07 0 1 -1.430512e-07 0 1 0 -1 -0 0 -1 0 -0 -1 0 0 -1 0 0 -1 0 0 -1 0 0 -1 0 1.733953e-07 -1 0 1.576286e-07 -1 2.081203e-07 2.841244e-07 -1 0 5.60195e-07 -1 -5.707885e-07 0 -1 0 0 -1 0 0 -1 0 0 -1 0 0 -1 0 0 -1 0 0 -1 0 0 -1 0 0 -1 0 -0 -1 0 0 -1 0 -0 -1 0 0 -1 -0 0 -1 0 0 -1 0 0 -1 0 0 -1 0 0 -1 0 -0 -1 0 -0 -1 0 0 -1 0 0 -1 0 0 -1 0 0 -1 0 -1.43051e-07 0 1 -1.43051e-07 0 1 0 -1 -0 0 -1 0 1 -0 0 1 0 0 1 0 0 -1 0 0 -1 0 0 -1 -0 0 0 0.3162278 -0.9486833 0 0.3162278 -0.9486833 0 0.9899495 -0.1414213 0 0.9899495 -0.1414213 0 1 0 -0.1225619 0.9908268 0.05692746 -0.1223722 0.9898882 0.07173805 -0.0767668 0.996498 0.03314652 -0.1029648 0.9895655 0.1007892 -0.06285638 0.9939572 0.0899887 0 1 0 0 1 0 -0 1 0 0 1 0 -0 1 -0 -2.180955e-06 1 -7.179698e-07 -2.137931e-06 1 -1.725533e-06 0 1 0 0 1 -0 0 1 0 -0.04817323 0.9988069 0.008000951 -0.1253212 0.9798733 -0.1553799 0.175989 0.9069204 -0.3827836 0.1671427 -0.7107186 -0.6833319 0.07021082 -0.8396124 -0.5386293 -0.09698197 -0.7443104 -0.6607545 0.1035861 -0.9938579 -0.03894153 0.242654 -0.877611 -0.4134221 0.08014569 0.09016534 -0.9926968 0.4003184 -0.6161984 -0.6782658 0.3633665 -0.7728779 -0.5202158 0.5305053 -0.6711721 -0.517776 0.5190507 -0.8172587 -0.2503488 0.64802 -0.6601169 -0.3798891 0.7038202 -0.6709735 -0.2333062 0.4717354 -0.8780502 -0.08058326 0.6272066 -0.7714484 -0.1071412 0.264703 -0.9290786 -0.2583511 0.5102634 -0.7942958 -0.3297353 0.2955229 -0.9446425 -0.1425367 0.2932182 -0.9442303 -0.1498401 -0.02379982 -0.9064923 -0.421551 -0.04205088 -0.7944685 -0.6058477 -0.0839874 -0.4737699 -0.8766345 -0.0278861 -0.05734062 -0.9979652 -0.05098838 -0.6553113 -0.7536359 -0.04268192 -0.9977826 -0.0510694 0 -1 0 -0 -1 0 1.014521e-07 -1 6.590633e-08 -1.633992e-08 -1 -2.894186e-07 -0.3563603 -0.6193186 0.6996083 -0.2734862 -0.1414254 -0.9514221 -0.2000229 -0.1403616 -0.9696852 -0.8840853 -0.4068854 -0.2298639 -0.7626436 -0.2733836 -0.5862048 -0.9182316 -0.3397469 -0.2035258 -0.4160596 -0.0712297 0.9065433 -0.2673991 -0.5113093 -0.8167377 -0.3652646 -0.6282621 0.686927 -0.1819962 -0.8938265 -0.4098187 -0.9871555 -0.1597627 0 -0.9844263 -0.1757964 -0.0008035932 -0.8758329 -0.4826132 0.001071237 -0.8422146 -0.5391386 -0.002015217 -0.7587268 -0.6514086 0.0007615021 -0.5391386 -0.8422158 -0.001449231 -0.5237458 -0.8518745 -0.0003623344 -0.1757968 -0.9844264 0.0003455812 -0.1817468 -0.9833453 0 -0.2762629 -0 -0.961082 -0.2762629 0 -0.961082 -0.792847 -0 -0.6094207 -0.7911338 3.770423e-05 -0.6116431 -0.9763052 -0.0001183429 -0.2163978 -0.9723153 0 -0.233673 -1 0 0 -1 -0 0 -0.1643184 0.1710417 -0.971465 -0.3039083 0.7336174 -0.6078202 -0.7950026 0.3642628 -0.4850603 -0.2735485 0.1398379 -0.9516389 -0.3645636 0.8114054 -0.4568529 0.01756915 0.1467462 0.9890182 -0.7501349 0.3177424 -0.579946 -0.4302546 0.2630113 0.8635427 -0.9572291 0.1754729 -0.2300474 -0.1573605 0.9875413 0 -0.1757946 0.9844264 -0.0009073294 -0.5213864 0.8533192 0.001612769 -0.5391397 0.8422163 0.0003526914 -0.8422108 0.5391391 0.003169211 -0.8143976 0.5803072 -0.0004615024 -0.9844264 0.1757968 0.0003258432 -0.9834033 0.1814334 0 -0.04937711 0.9970313 -0.05908022 -0.06116607 0.08320127 -0.9946538 -0.06906511 0.115538 -0.9908991 -0.09077793 0.08256574 -0.9924425 -0.02825654 0.865288 -0.5004782 -0.04216336 0.7864454 -0.6162191 0.1021992 0.496448 -0.8620294 0.09737767 0.994225 -0.04510437 -0.1281464 0.3540154 -0.9264187 -7.916162e-07 1 -9.471768e-07 -3.933578e-07 1 2.541902e-07 -7.846422e-07 1 0 -8.803145e-07 1 1.503777e-07 0.1789184 0.9433329 -0.279484 0.3856528 0.894516 -0.2260819 0.2833839 0.9413602 -0.1831244 0.3224953 0.9449666 -0.05508967 0.3224959 0.9449664 -0.05508959 0.8404827 0.5224705 -0.1435739 0.6989839 0.6911006 -0.1838517 0.7767495 0.4351001 -0.455355 0.6102463 0.6669783 -0.4274804 0.3943302 0.6606764 -0.6387569 0.3972357 0.6563681 -0.6413927 0.1358812 0.6482469 -0.7492077 0.02031332 0.9902733 0.1376447 -0.115161 0.9929867 0.02674577 -0.2181585 0.9522622 0.2135497 -0.6391885 0.7178214 0.27599 -0.3118693 0.9360844 0.1627377 -0.9755023 0.1967712 0.09836862 0.3750641 0.9268463 -0.01682045 -0.3709472 0.9257308 -0.07362458 -0.1294738 0.945284 0.2994573 0.09115224 0.1492192 0.9845938 -0.08001804 0.9267804 0.3669812 -0.03135832 0.6023807 0.7975928 0.08859763 0.1978485 0.9762205 -2.655072e-06 1 -5.262592e-06 0 1 -0 0 1 0 -0.009488617 0.9998259 0.01606848 0.0149073 0.9817449 0.1896172 0.01529223 0.9813049 0.1918507 0.0421928 0.756723 0.6523727 0.0779985 0.5464879 0.8338268 0.08131713 0.3191489 0.9442095 0.09361918 0.1907273 0.9771687 0.06715832 0.4097748 0.9097111 0.05329155 0.3191075 0.946219 0.07211255 0.8576086 0.5092221 0.9973955 0.0721271 0 0.9844251 0.1757982 0.001486536 0.1807175 0.983535 -0 0.1757973 0.9844264 -0.0001704772 0.5391376 0.8422177 0.0001975589 0.8983114 0.4393442 -0.00366116 0.8422177 0.5391375 0.000402686 0.5739527 0.8188872 -0.001458044 0.4425156 0.3466808 0.8270383 0.2718032 0.07581249 0.959362 0.01785496 0.9868183 0.1608445 0.1919206 0.9415324 0.2769172 0.5565442 0.7682269 0.3163636 0.8978665 0.440195 -0.008009968 0.6372081 0.4529872 0.6235129 0.859812 0.4961846 0.120517 1 0 0 1 0 0 0.9953085 0 -0.09675256 0.9933087 0.001404706 0.1154806 0.9371845 -0.0002939688 0.3488341 0.9308989 -0 0.3652768 0.7147459 0 0.6993843 0.7147459 0 0.6993843 0.27626 0 0.961083 0.2764282 5.257018e-06 0.9610347 0.1757953 -0.9844257 0.001427968 0.9836503 -0.1800892 0 0.9844261 -0.1757987 -0.0001476952 0.8422177 -0.5391375 0.000172358 0.4126923 -0.9108589 -0.004601554 0.5391375 -0.8422176 0.0004086515 0.8160229 -0.5780172 -0.001679562 0 0 -1 3.903323e-07 1.070761e-07 -1 1.008502e-07 1.898652e-07 -1 7.164018e-08 0 -1 8.969262e-07 0 -1 5.048926e-07 -1.862647e-07 -1 0 0 -1 0 -0 -1 0 0 -1 0 0 -1 0 0 -1 -0 0 -1 0 0 -1 -0 0 -1 0 0 -1 -0 0 -1 0 0 -1 -0 0 -1 0 0 -1 0 0 -1 8.414884e-07 3.10443e-07 -1 5.381553e-07 0 -1 7.164017e-08 0 -1 7.164018e-08 0 -1 0.1443816 0 -0.989522 -0.1206539 -0.3535371 -0.9276068 -0.05198937 -0.9951133 0.08394461 -0.100093 -0.9893846 0.1053542 -0.09182839 -0.9936949 0.06432662 -0.1535023 -0.9853793 0.07392504 -0.1106591 -0.9936262 0.02148257 -3.096867e-07 -1 4.488703e-07 -0.05076976 -0.9959956 0.07358737 0 -1 0 0 -1 -0 0 -1 0 0 -1 0 -6.594861e-07 -1 -1.218153e-06 2.157953e-06 -1 1.256652e-06 2.093839e-06 -1 2.758095e-06 3.492272e-07 -1 -4.332828e-07 -0 -1 0 0 -1 0 3.814045e-07 -1 -6.334638e-08 7.174415e-08 -1 1.248376e-06 -0.1161574 -0.9524252 0.2817687 -0.2251797 -0.9736943 0.03483488 -0.3584319 -0.9334235 -0.01571766 -0.3150922 -0.9368513 0.1517448 -0.2539328 -0.9609873 0.1096436 -0.2664122 -0.9221671 0.280415 -0.2352194 -0.9427001 0.2366186 -0.1905751 -0.9170757 0.350219 0.1367168 0.01045424 0.990555 0.05241284 -0.4068201 0.9120035 0.1441016 0 0.9895629 0.02209155 -0.00510701 0.9997429 0.01092319 -2.836715e-05 0.9999403 0.0111132 -2.910744e-07 0.9999382 0.01746895 0.008567568 0.9998107 0.01675359 0.0004939026 0.9998595 0.02742272 0.01756532 0.9994696 0.06849381 -0.0291792 0.9972247 0.05325522 0.009107477 0.9985394 0.09585831 -0.005951051 0.9953772 0.09536873 -0.00502624 0.9954293 0.1328904 0.006217392 0.9911112 0.1427356 2.58368e-08 0.9897608 0.1510985 0.003227812 0.9885135 0.1367188 -0.008909034 0.9905698 0.1271782 -0.002454089 0.9918768 0.09585968 0.002659945 0.9953913 0.09536946 0.003149376 0.9954369 0.06852277 -0.002026529 0.9976475 0.05415737 0.007179676 0.9985065 0.02742558 -0.01005749 0.9995733 0.0001181735 -1 -5.102517e-05 0.0001895532 -1 4.709157e-05 3.800416e-07 -1 9.44155e-08 5.361387e-05 -1 -9.079229e-05 0 -1 0 0.5703964 -0.4411432 0.6928496 0.1554564 -0.3414035 0.9269719 0.9831853 -0.1424128 0.1143037 0.9717776 -0.1766442 0.1563493 0.4937778 -0.7052232 0.5087669 0.2423336 -0.2051928 -0.9482459 0.896998 -0.267411 0.3519744 0.6818802 -0.2997504 0.667225 0.4597852 -0.7680045 0.4458325 0.2762431 0.01104593 0.9610243 0.01140606 -0.9995289 0.02849423 0.01604652 -0.9476674 0.3188557 0.02577555 -0.9476981 0.3181257 0.01694256 -0.8255462 0.5640802 0.0701826 -0.5039747 0.8608623 0.05982531 -0.3884295 0.9195344 0.09349581 -0.1972714 0.9758804 0.05681739 -0.5973193 0.7999884 0.06815571 -0.6540633 0.7533631 0.09118737 -0.1809064 0.9792639 -0.02399586 -0.4912065 0.8707126 0.04869998 -0.7032717 0.7092512 -0.1367185 0.00915953 -0.9905676 -0.1340773 -2.176904e-08 -0.9909709 -0.1597303 -0.01210658 -0.9870865 -0.01332557 0.001107783 -0.9999106 -0.01339846 -0.007185535 -0.9998845 -0.01009399 -9.415227e-05 -0.999949 -0.01085847 0 -0.999941 -0.0192645 0.003786927 -0.9998072 -0.02737012 0.009862743 -0.9995767 -0.06137843 0.00338513 -0.9981089 -0.09585992 -0.003227683 -0.9953896 -0.09536979 -0.002725863 -0.9954382 -0.1254525 0.002161172 -0.9920973 -0.1508473 -1.295596e-08 -0.988557 -0.1394933 -0.005058841 -0.9902101 -0.02522742 -0.01796054 -0.9995204 0.1185806 -0.1134926 -0.9864371 0.2493404 -0.02079382 -0.9681926 0.1705166 -0.1154346 -0.9785699 0.1808227 0.04694632 -0.9823946 0.02819766 0.1402434 -0.9897155 0.002360607 0.08459427 -0.9964127 -0.04168924 -0.0531357 -0.9977167 0.2534876 -0.7935842 -0.553144 -0.003135007 -0.1539443 -0.9880746 -0.02919696 0.02734197 -0.9991996 0.1131144 -0.09466391 -0.9890621 -0.09082972 0.2294303 -0.9690778 -0.09619758 0.04758694 -0.994224 -0.01562895 -0.1837191 -0.9828545 -0.1687271 -0.03632653 -0.9849931 -0.07125455 -0.02194645 -0.9972167 0.07907264 0.05479535 -0.9953617 0 0 -1 -0.0519629 -0.09601367 -0.9940227 0 0 -1 -0.007300291 -0.1744007 -0.9846478 -0.006521261 -0.1757066 -0.984421 -0.1920631 -0.1755522 -0.9655533 -0.6025618 -0.1800734 -0.7774914 -0.276548 -0.8860382 -0.3720986 -0.1617469 -0.4869508 -0.8583221 -0.04629644 -0.6154292 -0.7868313 0.1267656 -0.3915282 -0.9113924 0.1461595 -0.4626936 -0.8743867 0.2437815 -0.8487839 -0.4691872 0.2417821 -0.865513 -0.4386669 0.1337329 -0.9366341 -0.3237778 0.1030408 -0.8770129 -0.4692877 0.1459086 -0.4285287 -0.8916692 0.07937774 -0.5004983 -0.8620908 0.06856155 -0.4832894 -0.8727719 0.1316536 -0.9824166 -0.1323823 0.2525529 -0.9342436 -0.2518055 0.2518153 -0.93444 -0.2518154 0.3618192 -0.8591703 -0.3618193 0.4175823 -0.7997409 -0.4313231 0.4599096 -0.7579104 -0.4626607 0.562515 -0.6083948 -0.5598506 0.5984067 -0.51963 -0.6098313 0.6387078 -0.4290742 -0.6387078 0.7615504 -0.3821502 0.5234522 0.3600054 -0.8002892 -0.4795136 0.4688588 -0.8120787 -0.3474183 0.5212058 -0.8355533 -0.1737678 0.5192201 -0.5295573 -0.6708051 0.1397811 -0.4538247 -0.8800593 0.1809327 -0.1553165 -0.971154 0.5212818 -0.3150747 -0.7930909 0.6736102 -0.3041365 -0.67361 0.6812273 -0.240996 -0.6912671 0.6893397 -0.2113945 -0.6929091 0.7064614 -0.08281708 -0.7028895 0.7004572 0 -0.7136943 0.7044222 0.04632369 -0.708268 0.7010706 0.138782 -0.6994566 0.6825566 0.2409988 -0.6899537 0.6813644 0.2673669 -0.6813644 0.2007533 -0.05335978 -0.9781875 0.2783262 0.0371766 -0.9597669 0.4052863 0.06638022 -0.9117766 0.5726759 -0.2520618 -0.7800686 0.7502344 -0.2267031 -0.6210911 0.7675005 -0.2391277 -0.5947781 0.5834599 -0.06653538 -0.809412 0.6971591 0.04577988 -0.7154534 0.8218273 0.1120961 -0.5586002 0.6824231 0.1345736 -0.7184627 0.5177965 0.1945914 -0.8330792 0.4244728 0.7997784 -0.424473 0.3444929 0.8587456 -0.3793161 0.4699239 0.7517489 -0.46265 0.6010249 0.5196421 -0.6072406 0.61476 0.4941054 -0.6147601 0.106 0.0851917 -0.99071 0.3434254 0.802098 -0.4885671 0.05186367 0.2073297 -0.9768953 0.2616601 0.162441 -0.9513921 0.0493865 0.2203504 -0.9741697 0.3171403 0.5926831 -0.7403707 0.3718941 0.8052952 -0.4617299 0.4285882 0.6108582 -0.665706 0.6794371 0.6238249 -0.3862741 0.6451156 0.5336994 -0.5468004 0.1318583 0.9824166 -0.1321778 0.2523431 0.9342437 -0.2520153 0.2520185 0.9343304 -0.2520186 -0.0022365 -0.1107826 -0.9938421 -0.09052817 -0.0655837 -0.993732 0.008021531 -0.009744574 -0.9999204 -0.01390956 -0.001843486 -0.9999015 -0 0 -1 -9.602499e-06 -8.956782e-08 -1 1.900489e-06 -3.733016e-07 -1 0.04996501 -0.009814326 -0.9987028 -0 0 -1 0.004511101 -0.001408728 -0.9999889 0.0007425433 0.0003500757 -0.9999997 0.005979097 0.01283871 -0.9998997 -0.00155607 0.01085229 -0.9999399 0.0001248437 0.001001929 -0.9999996 0.003833678 0.00773299 -0.9999628 0.06277207 0.6099284 -0.7899664 0.02634177 0.5465791 -0.8369931 -0.474681 0.4464926 -0.7585001 -0.1830595 0.2308066 -0.9556241 0.1316327 0.869492 -0.4760845 -0.00974753 0.9763613 -0.2159251 0.1285409 0.8655165 -0.4841057 0.09479205 0.5636144 -0.8205811 0.02993594 0.3430125 -0.9388537 0.2373299 0.839403 -0.4889552 0.2371645 0.8415882 -0.485265 0.1600229 0.5807018 -0.7982343 0.1674003 0.6514325 -0.7400087 0.0286332 0.1745113 -0.9842388 -0.5886353 0.01548805 -0.8082504 -0.5003984 0.006082824 -0.8657739 -0.5779672 -0.01427414 -0.8159351 -0.446719 -0 -0.8946744 -0.6130747 0.02274557 -0.7896974 -0.4467189 0 -0.8946743 -0.1950929 0 -0.9807848 -0.1951814 3.451638e-06 -0.9807672 0.3527206 0.02289869 0.9354485 0.5730827 -0.005594168 0.8194784 0.3458036 -0.004228103 0.9382974 0.4812869 -0.04507964 0.8754032 0.1775581 0 0.9841103 0.1775581 0 0.9841103 0.3951873 0.03200325 0.918043 -0.7071059 0 0.7071077 -0.7071059 0 0.7071077 -0.509674 -0.6931548 0.5096753 -0.4954569 -0.7042778 0.508444 -0.5340852 0.4354268 0.7246768 -0.5311768 0.6600763 0.5311782 -0.005353858 -0.9999714 0.005353815 -0.02416967 -0.9995632 -0.01700549 -0.2924927 0.9236634 0.2475757 0.04780764 0.9977118 0.04780798 -0.003874451 0.999985 0.00387442 0.5947083 -0.713278 -0.3708862 0.5212447 -0.675731 -0.5212405 0.5536798 0.6219987 -0.5536752 -0.7071056 -9.669903e-07 -0.7071079 -0.7071069 1.065502e-06 -0.7071068 -0.7071152 2.266954e-06 -0.7070984 -0.7071102 0 -0.7071034 -0.3635609 0.4340345 -0.8242799 -0.7071064 2.011229e-07 -0.7071072 -0.7071054 -7.48339e-07 -0.7071081 -0.3581241 0.165065 -0.9189672 -0.7071034 2.919189e-06 -0.7071102 -0.707106 -9.402997e-07 -0.7071076 -0.7071152 -2.261897e-06 -0.7070984 -0.7071102 -0 -0.7071034 -0.6979983 0.004369022 -0.716086 -0.8899797 0.1138282 -0.4415646 -0.7071075 3.572896e-07 -0.7071061 -0.7059405 0.003511357 -0.7082623 -0.7063568 0.00549471 -0.7078347 -0.8043208 0.1302917 -0.5797346 -0.706092 0.000514808 -0.70812 -0.7061824 -0.003410074 -0.7080216 -0.7064619 -0.004733394 -0.7077352 0.7073516 -0.002314373 0.7068582 -0.7556887 -0.5163752 -0.402854 0.7374476 0.3276603 0.5906013 0.7015551 0 0.7126153 0.531355 0.213145 0.8198971 0.6044317 0.2570827 0.7540364 0.7047486 0.008013692 0.709412 0.7162027 0.0533253 0.695852 0.7071068 -9.999395e-07 0.7071068 0.7639885 -0.1067543 0.6363373 0.3944365 0.04812221 0.9176623 0.6107286 -0.6303638 -0.4792203 0.772745 -0.5373284 -0.3378513 0.6516348 0 -0.7585328 0.6516348 0 -0.7585329 0.7747861 0.3779799 -0.5067915 0.1834756 0.6748665 -0.714767 0.9333942 0.1401966 0.3303334 -0.255146 0.9558597 -0.1457146 -0.489552 0.8417603 0.2275491 -0.5820051 -0.6073491 -0.5407376 -0.8175545 -0.5738238 -0.04827978 0.999842 0.01398325 -0.01097295 0.002006743 -0.0002009558 -0.999998 -0.00294086 -0.01427526 -0.9998937 0.6730034 0.07050832 -0.736271 0.7641952 0.640447 0.0763755 -0.9344508 0.3429044 -0.09601154 -0.9341629 0.0935472 0.3443673 0.3863826 -0.5995737 -0.7008708 -0.4187491 -0.4237082 0.803194 0.0004608047 -0.1903729 -0.9817117 0.0001999607 0.1358417 -0.9907305 0.0139579 0.2127291 -0.9770116 0.01355948 -0.2138951 -0.9767625 0.08696958 -0.08895413 -0.9922315 0.1674709 0.1072441 -0.9800267 0.007676763 -0.1723987 -0.9849973 0.2896968 -0.3893815 -0.8743328 0.1610913 -0.07874888 -0.9837928 0.2208686 0 -0.9753035 0.1177318 0.09920355 -0.9880778 0.1769392 0.2378236 -0.9550563 0.002750825 -0.2231154 -0.9747881 -0.1382117 -0.09388305 -0.9859429 -0.01379324 -0.2182768 -0.9757894 -0.1873726 -0.09396891 -0.977784 -0.01779064 -0.07369822 -0.9971219 0.0141078 0.3831802 -0.9235659 -0.001662227 0.2033485 -0.979105 -0.1750984 0.1421674 -0.9742326 -0.2038733 0.1617546 -0.9655419 -0.2898788 0.1825506 -0.9394922 -0.1146866 -0.01201534 0.9933291 -0.08489074 -0.03006558 0.9959366 0.09387416 0.02067209 0.9953694 0 -0 1 0 0 1 0 0 1 0.2177527 -0.02366317 0.9757171 -0.07853227 0.1417061 0.9867888 -0.08915381 -0.1568453 0.983591 0 -0.1447242 0.989472 0.003232306 -0.1575924 0.987499 -0.0008278498 0.1426396 0.9897743 -0.002072745 0.147756 0.9890217 -0.1556505 -0.2590706 0.9532341 -0.3669894 -0.3904953 0.8442939 -0.1782884 -0.03310337 0.9834213 -0.5153234 0.205685 0.8319468 -0.1710221 0.2367859 0.956391 -0.209389 0.4156061 0.8851146 -0.02652635 -0.6614121 0.7495534 0 -0.3623241 0.9320521 0.09868911 -0.1292303 0.9866914 0.2460204 -0.351188 0.9034052 0.151492 -0.1577615 0.9757876 0.3629378 0.007268804 0.931785 0.07393615 0.1342873 0.9881803 0.1902919 0.3559307 0.914933 0.1662646 0.2768343 0.9464241 -5.905467e-08 0.3365813 0.9416544 -0.002213437 0.3625545 0.9319599 0.0001156027 3.787252e-05 -1 0.0002436856 -1.129522e-05 -0.9999999 0 0 -1 0 0 -1 0 0 -1 0 0 -1 0 0 -1 0 0 -1 0 0 -1 -0 0 -1 0 0 -1 0 0 -1 0 0 -1 0 0 -1 4.472035e-06 -1.876475e-05 -1 0 0 -1 0 -0 -1 -1.341935e-05 4.027763e-06 -1 -1.108113e-05 -1.489413e-05 -1 -1.978156e-05 0 -1 0 0 -1 -0.165487 0.3729272 -0.9129838 -0.5919734 0.4837406 -0.6446414 -0.3848188 0.3035968 -0.8716327 -0.1099437 0.07866062 -0.9908203 -0.239469 0.1183593 -0.9636626 -0.5877262 0.4838555 -0.6484303 -0.3863001 0.3194453 -0.8652902 -0.1842456 0.1728768 -0.9675573 -0.1419455 0.1772208 -0.973881 -0.3910654 0.5003286 -0.772489 -0.07828753 0.1176268 -0.9899672 -0.3287607 0.3217942 -0.8878992 -0.5548823 0.5486451 -0.6253753 -0.2836676 -0.307964 -0.9081249 -0.6234704 -0.4131427 -0.6637754 -0.3664569 -0.2819349 -0.8866916 -0.1400368 -0.006148217 -0.9901273 -0.3731985 -0.3010173 -0.87756 -0.4447642 -0.3694724 -0.8158891 -0.6586704 -0.5081805 -0.5548928 -0.1310144 -0.1339415 -0.9822906 -0.5561218 -0.5528139 -0.6205846 -0.5049133 -0.5199066 -0.689028 -0.2575378 -0.2601909 -0.9305778 -0.07793833 -0.1062491 -0.9912803 -0.3725763 -0.5396586 -0.754954 -0.110099 -0.2810048 -0.95337 -0.1513174 -0.8690109 -0.471087 -0.2089802 -0.7288527 -0.6519977 -0.176541 -0.6953096 -0.6966906 -0.002255684 -0.8951718 -0.4457157 -0.007855584 -0.7934077 -0.60864 0.001361246 -0.6172864 -0.7867373 -0.003170794 -0.2827222 -0.9591966 3.097119e-08 -0.2199524 -0.9755106 -0.2179058 -0.9355562 -0.2779419 -0.2777706 -0.8999094 -0.3361644 -0.2936923 -0.9464327 -0.1342016 -0.4134862 -0.8849568 -0.2141973 -0.7214726 -0.690497 -0.05187621 -0.690724 -0.7190268 -0.07681715 -0.6969613 -0.6880631 -0.202025 -0.6830646 -0.7084181 -0.1776697 -0.6187537 -0.6601521 -0.425844 -0.6265719 -0.6575322 -0.4184005 -0.6298645 -0.7265377 -0.2746156 -0.6804847 -0.6842951 -0.2620701 -0.7227363 -0.586729 -0.3652413 -0.6559386 -0.6709124 -0.3458626 -0.7127597 -0.5431892 -0.4437556 -0.4620543 -0.6025845 -0.6506902 -0.5964689 -0.3598731 -0.7174373 -0.2056704 -0.9766301 -0.06239748 -0.08883046 -0.8853307 -0.4563975 -0.1555801 -0.7514707 -0.6411604 -0.111724 -0.9928188 -0.0427637 -0.09897602 -0.9547849 -0.2803383 -0.1049729 -0.9528829 -0.2845958 -0.1025389 -0.8900204 -0.4442405 -0.581468 -0.8098856 -0.07733172 -0.4620846 -0.7036171 -0.5398154 1.108928e-08 -0.9950577 -0.09929933 -0.02254833 -0.641812 -0.7665305 -0.01345486 -0.6531754 -0.7570872 -0.01132512 -0.8047063 -0.593565 -0.01837947 -0.09214547 -0.9955759 0.01684009 -0.4638617 -0.8857476 -0.3489003 -0.1905503 -0.9175833 -0.5580623 -0.8281361 -0.05250666 -0.3324244 -0.9375879 -0.1020931 -0.3288867 -0.9390299 -0.1002814 -0.316933 -0.9472009 -0.04862094 -0.199381 -0.9797176 -0.02001711 -0.005426771 -0.9630873 -0.2691344 0.003127157 -0.9838107 -0.1791838 -0.002032453 -0.9896592 -0.1434241 0.00232877 -0.9981948 -0.06001561 6.349938e-09 -0.9989973 -0.04476893 0.001564876 -0.9981961 -0.06001569 0.001564892 -0.9981962 -0.06001565 0.00493552 -0.9981958 -0.0598398 0.004935505 -0.9981957 -0.05983985 0.02376917 -0.985073 -0.1704881 0.008652123 -0.998035 -0.06205863 0.009167 -0.9981945 -0.05936185 0.02736857 -0.9837891 -0.177228 0.01473543 -0.9838011 -0.178657 0.01473538 -0.983801 -0.1786572 0.00467097 -0.9838048 -0.1791829 0.004671026 -0.9838048 -0.1791827 0.02675661 -0.2198736 -0.9751614 0.1275513 -0.3601095 -0.9241493 0.1461655 -0.2197794 -0.9645375 0.0935129 -0.2199329 -0.9710225 0.0777702 -0.3238311 -0.9429131 0.06684543 -0.2199299 -0.9732227 0.0267568 -0.2198709 -0.975162 0.02158218 -0.6171432 -0.7865549 0.02158164 -0.6171486 -0.7865506 0.06467811 -0.6171483 -0.7841841 0.0646787 -0.6171441 -0.7841873 0.1075814 -0.6171441 -0.779461 0.01161753 -0.8951136 -0.4456868 0.0124693 -0.8906957 -0.454429 0.03588213 -0.899692 -0.4350481 0.03588184 -0.899693 -0.4350462 0.06283893 -0.8904499 -0.4507219 0.08691205 -0.8203598 -0.5652044 0.1790723 -0.983199 -0.03539597 0.05999834 -0.997907 -0.02412192 0.05131735 -0.9986309 -0.01014354 0.05071208 -0.9981461 -0.0336558 0.02636204 -0.9985724 -0.04645747 0.03492798 -0.9981828 -0.04910192 0.1790723 -0.9831989 -0.03539601 0.154376 -0.9826858 -0.1024539 0.154376 -0.9826858 -0.1024539 0.09144032 -0.9826857 -0.1611441 0.09369703 -0.9858913 -0.1387054 0.05015613 -0.9835966 -0.1732686 0.9232811 -0.359028 -0.136568 0.9691411 -0.2185149 -0.1140909 0.5263653 -0.6358824 -0.5644407 0.5263666 -0.6358807 -0.5644413 0.777955 -0.3580755 -0.5163022 0.7513739 -0.5630223 -0.3441559 0.7837369 -0.5192604 -0.3407714 0.8933163 -0.3596906 -0.2694598 0.3291946 -0.3542553 -0.8752908 0.2145993 -0.6358821 -0.7413509 0.3956572 -0.4447336 -0.8035343 0.4868891 -0.4447336 -0.7517653 0.7833821 -0.6146604 -0.09222295 0.159734 -0.8185267 -0.5518144 0.2550059 -0.6893803 -0.6780315 0.2903317 -0.8549756 -0.4297955 0.5570533 -0.5769458 -0.5973485 0.3576174 -0.9032058 -0.2373379 0.5879267 -0.7627741 -0.2692913 0.4589168 -0.8838366 -0.09071097 0.4437589 -0.8912374 -0.09366968 -0.310447 -0.6107877 -0.7283962 -0.1069633 -0.9526797 -0.2845351 -0.1236416 -0.8836897 -0.4514479 -0.3135379 -0.6096041 -0.7280638 -0.3539486 -0.730977 -0.5834321 -0.0787851 -0.8191904 -0.5680843 -0.5813739 -0.8098722 -0.07817565 -0.1009309 -0.9858745 -0.1336575 -0.2019887 -0.9592603 -0.1975352 -0.1596994 -0.9337291 -0.3203846 -0.1175731 -0.8885308 -0.4434969 -0.5400186 -0.2206288 -0.8122209 -0.5297484 -0.1474126 -0.8352461 -0.2774516 -0.2895016 -0.9160837 -0.7356068 -0.6725537 -0.08095784 -0.7217513 -0.4443955 -0.5306484 -0.7512749 -0.3863331 -0.5351006 -0.7234907 -0.6872745 -0.06492256 -0.7263532 -0.6550401 -0.2081671 -0.7257085 -0.6558952 -0.2077227 -0.7429615 -0.6017734 -0.2930476 -0.7265065 -0.5993126 -0.3361737 -0.7380232 -0.5273856 -0.4209348 -0.7318769 -0.5373882 -0.4190109 -0.8021274 -0.2465642 -0.543873 -0.9757707 -0.2013686 -0.08557002 -0.9826237 -0.1840445 -0.02404883 -0.9252052 -0.3741077 -0.06354967 -0.8485859 -0.5267128 -0.04975529 -0.9164904 -0.386963 -0.1015139 -0.9146867 -0.3521997 -0.1982513 -0.8686887 -0.3906448 -0.3045926 -0.9483948 -0.2218908 -0.2265209 -0.8221843 -0.3125749 -0.4757204 -0.8452017 -0.2607458 -0.4665251 -0.8197742 -0.001809012 -0.5726841 -0.8322672 0.0001483503 -0.5543747 -0.3636799 0 -0.931524 -0.3311537 0.00267767 -0.943573 0.9931418 0 -0.1169164 0.98431 0.02389043 -0.1748228 0.9573931 0 -0.2887879 0.9170631 0 -0.3987421 0.8639072 0.0238906 -0.503084 0.8332025 0 -0.552968 0.6820098 0 -0.731343 0.6378303 0.02389079 -0.7698063 0.2780553 3.856585e-08 -0.960565 0.3337325 0.02389062 -0.9423651 0.4417479 9.474157e-08 -0.8971392 0.5436076 1.206361e-07 -0.8393396 -0.3499334 0.1338135 -0.9271681 -0.1365251 0.2178916 -0.9663768 -0.1684182 0.6084722 -0.7754978 -0.1039949 0.8903202 -0.4433 -0.2242388 0.7584359 -0.6119574 -0.1029722 0.8002112 -0.590812 3.097102e-08 0.2199511 -0.9755109 3.097102e-08 0.2199511 -0.9755109 8.705446e-08 0.6172898 -0.7867358 0 0.6172884 -0.786737 0 0.895174 -0.4457168 0 0.895174 -0.4457168 -0.250437 0.9196801 -0.3024399 -0.2122843 0.9315566 -0.2951911 -0.3289892 0.9268809 -0.180715 -0.2802463 0.9440295 -0.1739843 -0.6647372 0.6718991 -0.3266131 -0.7040388 0.5586543 -0.4384457 -0.6042165 0.6643932 -0.439891 -0.6749811 0.6432539 -0.3614206 -0.6852084 0.6930241 -0.2240692 -0.7015043 0.7094151 -0.0679837 -0.702383 0.7084716 -0.06874635 -0.6747288 0.6435232 -0.3614126 -0.7063315 0.6741287 -0.2159776 -0.1862167 0.5062279 -0.8420551 -0.6472323 0.3831109 -0.6590269 -0.2218038 0.8196718 -0.5281489 -0.1102939 0.9922029 -0.05804181 -0.2060683 0.9785196 0.005937771 -0.1227216 0.7890558 -0.6019387 -0.08707188 0.9074902 -0.4109501 -0.09559667 0.9353023 -0.3406919 -0.5804498 0.8105738 -0.07777094 -0.595111 0.778654 -0.198849 -0.6249082 0.6579654 -0.4202038 -0.02745737 0.6487983 -0.7604649 -0.0122474 0.8865922 -0.4623898 0.008674055 0.9564623 -0.2917272 1.373486e-08 0.9950445 -0.09943038 -0.02308047 0.1324337 -0.9909231 0.00914488 0.4782965 -0.8781508 -0.5883305 0.3147969 -0.7448289 -0.3355112 0.1375242 -0.9319438 -0.4004077 0.199665 -0.8943196 -0.8161134 0.3154328 -0.4842117 -0.8265868 0.2666787 -0.4956175 -0.800414 0.292163 -0.5234293 -0.9531678 0.2160954 -0.2115986 -0.9450123 0.2936514 -0.1439459 -0.8351746 0.5234159 -0.1688765 -0.9817355 0.1838782 -0.04882726 -0.8485869 0.5267112 -0.04975513 -0.9197777 0.3874381 -0.06245516 -0.9968342 0.07849444 -0.01265333 -0.9657595 0.2305507 -0.1189748 -0.9864841 0.1276411 -0.1027468 -0.7365348 0.6734017 -0.0636121 -0.7245769 0.6844336 -0.08086458 -0.8392128 0.26503 -0.4748482 -0.7206197 0.4383192 -0.5371997 -0.7317289 0.5327159 -0.4251901 -0.7279834 0.5327756 -0.4314977 -0.7404721 0.5855555 -0.3298875 -0.7291878 0.5870849 -0.3515912 -0.7290012 0.6524062 -0.2071794 -0.7262468 0.6542249 -0.2110811 -0.1123961 0.7900277 -0.6026801 -0.2044337 0.9708716 -0.1249607 -0.1015866 0.9835429 -0.1494109 -0.1084307 0.9398572 -0.3239 -0.6806155 0.7138176 0.1650059 -0.3339653 0.8352488 -0.4368372 -0.1035943 0.8555152 -0.5073085 -0.6334601 0.4503662 -0.6292048 -0.09823608 0.6727461 -0.7333229 -0.07917354 0.7791181 -0.6218573 -0.5813718 0.8098736 -0.07817637 -0.5579939 0.8280298 -0.05485925 -0.4452144 0.8932552 -0.06228289 -0.4642777 0.8764244 -0.127775 -0.3096422 0.9451841 -0.1036759 -0.1993779 0.9797182 -0.02001552 0 0.9838155 -0.1791847 0.005690136 0.9801456 -0.1981976 6.244552e-09 0.9989855 -0.04503467 0.002302712 0.9981948 -0.06001561 -0.002053735 0.9894635 -0.1447678 0.01027855 0.9981665 -0.05964921 0.01006385 0.9981918 -0.0592604 0.004935521 0.9981958 -0.05983986 0.004935498 0.9981958 -0.0598398 0.004669941 0.9838047 -0.1791827 0.001563746 0.9981962 -0.06001569 0.001563752 0.9981962 -0.06001571 0.004669864 0.9838046 -0.1791829 0.01473543 0.9838011 -0.1786572 0.01473536 0.9838011 -0.178657 0.03047793 0.9837618 -0.1768718 0.02260995 0.9865032 -0.1621733 0.01222841 0.895107 -0.4456835 0.01185745 0.8904486 -0.4549292 0.035882 0.8996918 -0.4350484 0.03588196 0.8996929 -0.4350463 0.02158118 0.6171448 -0.7865536 0.02158141 0.6171489 -0.7865503 0.0646784 0.6171494 -0.7841833 0.06467833 0.617144 -0.7841874 0.1362591 0.3601767 -0.9228793 0.1075814 0.6171441 -0.779461 0.07570833 0.8856962 -0.4580508 0.07897659 0.8202881 -0.5664717 0.02675652 0.2198724 -0.9751617 0.02675644 0.2198709 -0.9751619 0.06684552 0.21993 -0.9732227 0.07777025 0.3238306 -0.9429133 0.09351289 0.2199329 -0.9710225 0.1333782 0.2198738 -0.9663672 0.0600087 0.9980798 -0.01534771 0.1791448 0.9835967 -0.02108961 0.1612291 0.9860551 -0.04123564 0.1659567 0.9831991 -0.07601403 0.1080124 0.9873792 -0.1158257 0.1080124 0.9873793 -0.1158257 0.06425732 0.9831989 -0.1708531 0.06363191 0.9978942 -0.01257765 0.04501612 0.9978951 -0.04668144 0.04548034 0.9977741 -0.04877025 0.2038907 0.8151885 -0.5421219 0.2038908 0.8151878 -0.542123 0.3990698 0.8109335 -0.4279369 0.3990704 0.8109328 -0.4279378 0.5265876 0.8151871 -0.241196 0.5265866 0.815188 -0.2411952 0.9637867 0.2173076 -0.1545722 0.7833821 0.6146604 -0.09222273 0.5647227 0.8197695 -0.09521713 0.4451062 0.8939433 -0.05239961 0.9272893 0.3580751 -0.109164 0.8933166 0.3596897 -0.2694599 0.7645179 0.541192 -0.3501766 0.7452425 0.5827655 -0.3240339 0.7779548 0.3580762 -0.516302 0.5263658 0.6358814 -0.5644411 0.2596183 0.3580747 -0.8968728 0.2909274 0.5630213 -0.7735426 0.3956574 0.4447335 -0.8035344 0.4868891 0.4447335 -0.7517654 0.5263653 0.6358829 -0.56444 0.9931418 0 -0.1169164 0.9839283 -0.03668645 -0.174755 0.9573931 0 -0.2887879 0.9170631 0 -0.3987422 0.8635722 -0.0366867 -0.5028889 0.8332025 0 -0.552968 0.6820099 0 -0.7313431 0.6375833 -0.03668674 -0.7695075 0.5436074 1.455427e-07 -0.8393396 0.441748 1.129477e-07 -0.8971393 0.3336031 -0.03668655 -0.9419995 0.2780554 3.644823e-08 -0.960565 -1 0 0 -0.9970086 -0.000834137 -0.07728563 -0.9992017 -0.005189896 -0.0396089 -0.9993694 -0.01611982 -0.03163689 -0.9997628 0.008215272 -0.02017155 -0.9997616 0.009701544 -0.01956026 -0.9999421 0.009844695 -0.004364758 -0.9999174 0.005500636 -0.01161577 -1 -0 0 -0.9995376 -0.01183879 -0.02801006 -0.9995418 -0.02140624 -0.02140624 -0.9995694 -0.02053439 -0.02096286 -0.9996183 -0.02461601 -0.01254249 -0.9994271 -0.03114969 -0.01323682 -0.9996397 -0.02650904 -0.004198621 -0.9999065 -0 -0.013676 -1.548744e-08 0.129918 0.9915247 0 0.129918 0.9915247 -0 0.4539908 0.8910064 0 0.4539908 0.8910064 -0 0.7071068 0.7071068 0 0.7071068 0.7071068 -0 0.8910064 0.4539908 0 0.8910064 0.4539908 -0 0.9876884 0.1564345 0 0.9876884 0.1564345 4.496431e-08 -0.3771879 0.9261367 0 -0.3771879 0.9261367 0 -0.9141786 0.4053116 0 -0.9141786 0.4053116 0 -1 0 0 -1 0 1 -0 2.993084e-05 1 0 0 1 0 0 1 -1.542317e-05 -1.373654e-05 1 -1.465112e-05 0 1 -6.908711e-05 -2.986186e-05 1 1.034328e-05 5.467872e-05 1 -0 0 1 0 0 1 0 0 1 -0 0 1 0 0 1 0 0 1 0 0 1 0 -0 1 0 0 1 -0 -0 1 0 0 1 0 0 0.7352404 0.6722178 0.08686028 0.7824653 0.2528309 0.5690559 0.7421542 0.4168738 0.5248079 0.7326211 0.3210791 0.6001453 0.7441554 0.5348009 0.4002759 0.7223042 0.5361794 0.4367932 0.7314287 0.4332456 0.5266026 0.7477719 0.6601151 0.07131181 0.724367 0.6607713 0.1966567 0.7554865 0.6070804 0.2463608 0.7301883 0.6062654 0.3150671 0.5812774 0.8097358 0.08027766 0.4646996 0.84579 0.2620944 0.4650515 0.7855397 0.4082333 0.6640193 0.4650292 0.5855137 0.6652815 0.5808929 0.4690031 0.3368437 0.9015246 0.2716424 0.3367338 0.9370064 0.09289479 0.204861 0.9729218 0.1070288 0.7599866 0.5722079 0.3082182 0.3316316 0.8305799 0.4473896 0.01558095 0.7588809 0.6510429 0.7824652 -0.2528309 0.5690559 0.7292509 -0.3253307 0.6019577 0.747743 -0.415561 0.5178703 0.7353596 -0.6723273 0.08498327 0.7392085 -0.4301554 0.5182057 0.5003375 -0.5453581 0.6724931 0.7227096 -0.5446321 0.4255193 0.7324604 -0.5474008 0.4047889 0.7070947 -0.6216071 0.3370781 0.5802602 -0.808319 0.09959156 0.7208181 -0.6855601 0.1021207 0.6973181 -0.6785073 0.2310308 0.7241302 -0.6375605 0.2629678 0.02601937 -0.6534824 0.7564944 0.05615431 -0.757396 0.6505367 0.204982 -0.9734528 0.101843 0.04128163 0.6852585 0.727129 0.02332077 0.6519123 0.7579357 -0.01308899 0.7332179 0.6798677 -0.04454494 0.8406603 0.5397279 -0.02924473 0.852049 0.5226445 0.001127171 0.9096161 0.4154483 -0.01361973 0.941101 0.3378511 0.0223942 0.9547316 0.2966245 0.02266885 0.9948658 0.09863098 -7.23394e-09 0.9974105 0.07191905 0.5290285 0.8015554 0.2786356 0.6011784 0.79876 0.02381033 0.5841861 0.8115312 0.01199018 0.2191831 0.780409 0.5855942 0.325395 0.836565 0.4407688 0.3104354 0.8449304 0.4355714 0.4174615 0.8697687 0.2631127 0.2063152 0.9736913 0.09674383 0.3357507 0.206153 0.919115 0.4124007 0.5310922 0.7401802 0.4197249 0.5325117 0.7350254 0.608334 0.4915112 0.6231745 0.5241345 0.2827964 0.8033114 0.1679315 0.1523228 0.9739593 0.5554245 0.5483754 0.6251304 0.1080365 0.1193066 0.986962 0.5480646 0.5126864 0.6608917 0.3579735 0.3447839 0.8677437 0.3202781 0.2821389 0.9043338 0.1604393 0.1417794 0.9768101 0.7263246 0.6689425 0.158015 0.7138878 0.6981173 0.05474075 0.703423 0.5478542 0.4528264 0.635821 0.6558974 0.4068541 0.6865176 0.6928421 0.2205979 0.6836389 0.6629595 0.3051598 0.6917689 0.6418513 0.3308817 0.6767812 0.6308908 0.3793994 0.2218392 0.9275227 0.3008139 0.5520067 0.7869931 0.2755546 0.5650215 0.7437793 0.3571319 0.3441573 0.8923695 0.291946 0.6640975 0.7437807 0.07592581 0.3129561 0.9449617 0.09542394 0.3063939 0.9472604 0.09391668 0.4556995 0.8889572 0.04575054 0.3206225 0.9463641 0.03995236 0 0 1 0 0 1 -1.478373e-07 0 1 -1.478373e-07 0 1 0 0 1 0 0 1 0 0 1 0 0 1 -0 0 1 -5.193496e-07 5.68152e-07 1 -4.235247e-07 1.898213e-07 1 0 0 1 0 0 1 -1.116752e-07 0 1 -1.116752e-07 0 1 0 0 1 0 0 1 0 0 1 0 0 1 -9.436905e-08 1.032166e-07 1 -1.08103e-07 8.022063e-08 1 0 -0 1 0 0 1 0.1950893 0 0.9807855 0.1950893 0 0.9807855 0.5555717 0 0.8314686 0.5555717 0 0.8314686 0.831471 0 0.5555682 0.831471 0 0.5555682 0.9807838 0 0.1950979 0.9807838 0 0.1950979 1 -0 0 1 0 0 0.1950868 0 0.980786 0.1950868 -0 0.980786 0.5555715 0 0.8314688 0.5555715 -0 0.8314688 0.8314711 0 0.555568 0.8314711 -0 0.555568 0.980785 0 0.1950916 0.980785 -0 0.1950916 0.1461026 0.3694283 0.9177018 0.2208202 0.647232 0.7296089 0.175383 0.6264032 0.7595128 0.199567 0.7866434 0.5842646 0.1304506 0.8921106 0.4325752 -0.00139194 0.9838147 0.179184 -0.004795277 0.9808593 0.1946591 0.001473496 0.9910268 0.1336547 -0.002258356 0.9981949 0.06001607 -6.207669e-09 0.9989973 0.04476871 -5.093532e-08 0.3602274 0.9328646 0.0003396473 0.3734355 0.9276561 -0.0008019725 0.8203758 0.5718242 0.004803528 0.9382357 0.3459634 -0.001564893 0.9981961 0.06001614 -0.004916877 0.9838037 0.1791821 -0.004688901 0.9836791 0.1798703 -0.01467644 0.9839316 0.1779418 -0.01467645 0.9839316 0.1779418 -0.008290027 0.9981961 0.05946146 -0.001564905 0.9981962 0.06001611 -0.004935538 0.9981958 0.05984025 -0.004935562 0.9981958 0.05984031 -0.008290023 0.9981961 0.05946147 -0.02484546 0.9836791 0.1782079 -0.02450777 0.9838037 0.1775662 -0.01568821 0.8202751 0.571754 -0.01568819 0.8202727 0.5717574 -0.0470157 0.8202726 0.5700371 -0.04701526 0.8202794 0.5700274 -0.07820123 0.8202794 0.5665919 -0.07820114 0.8202798 0.5665911 -0.1275514 0.3601093 0.9241493 -0.02558792 0.3601094 0.9325591 -0.02558792 0.3601092 0.9325592 -0.06392264 0.3601978 0.9306834 -0.06940163 0.5358547 0.841453 -0.115183 0.03275033 0.9928042 -0.1270364 0.03451155 0.9912974 -0 0 1 0 0 1 0 -0 1 0 0 1 -2.069606e-07 -4.934325e-14 1 -2.069606e-07 0 1 -1.21357e-07 0 1 -1.168346e-07 -1.410007e-08 1 -1.442348e-07 -1.740684e-08 1 -1.004315e-07 -1.041611e-07 1 0 0 1 -0.4790514 0.8741913 0.07936849 -0.1730549 0.9822927 0.07178514 -0.1423716 0.9897202 0.01357067 -0.1692518 0.9846218 0.04328752 -0.07111865 0.9829325 0.169664 -0.06631508 0.9820957 0.1763245 -0.1041278 0.9802629 0.1680535 -0.1300911 0.9838859 0.1226572 -0.1295282 0.9852026 0.1122427 -0.1677984 0.9816327 0.09077924 -0.02153438 0.9981272 0.05725753 -0.03083058 0.9985796 0.04345677 -0.04839006 0.9979479 0.04193245 -0.05067203 0.9986313 0.01295979 -0.0599935 0.9978195 0.02751449 -1 -0 0 -1 0 0 0 0 -1 0 0 -1 -0.7296774 0.5326091 0.4288336 -0.8216057 0.531556 0.2059426 -0.166994 0.8180965 0.550301 -0.7782711 0.5340826 0.3302269 -0.6652236 0.6541855 0.3598872 -0.5335823 0.6798447 0.5030916 -0.6507674 0.5334638 0.5402945 -0.2711849 0.357576 0.8936432 -0.2623896 0.5320242 0.8050478 -0.3724429 0.5341307 0.7589405 -0.4018018 0.6465576 0.648474 -0.4682959 0.5324663 0.7051089 -0.5751663 0.5335607 0.6200781 -0.2903839 -4.583864e-08 0.9569102 -0.3203883 -0.01332154 0.9471927 -0.4405513 -7.332455e-08 0.8977274 -0.5532463 -9.066585e-08 0.8330178 -0.6045364 -0.02019273 0.7963216 -0.6800571 0 0.7331592 -0.7693896 0 0.6387798 -0.8261257 -0.02059067 0.5631096 -0.9761637 0.008645019 0.2168633 -0.9622914 -0.01451479 0.2716332 -0.92056 0 0.3906012 -0.8621346 0 0.5066791 -0.9807853 -1.273015e-07 0.1950903 -0.9807853 -1.145713e-07 0.1950903 -0.8314697 -1.018411e-07 0.5555701 -0.8314697 -5.092055e-08 0.5555701 -0.5555703 -5.092055e-08 0.8314695 -0.5555704 -7.638084e-08 0.8314695 -0.1950901 -3.819041e-08 0.9807853 -0.1950902 -5.092055e-08 0.9807853 0 -1 0 0 -1 0 0 -1 0 0 -1 0 0 -1 0 0 -1 0 0 -1 0 0 -1 0 -0 -1 0 0 -1 0 0 -1 0 0 -1 0 0 -1 -0 0 -1 -0 0 -1 -0 0 -1 0 0 -1 0 0 -1 -0 0 -1 0 0 -1 -0 0 -1 0 0 -1 0 -0 -1 0 5.257704e-07 -1 1.891504e-06 1.271566e-07 -1 -5.655434e-07 0 -1 0 0 -1 -0 -1 -1.311339e-07 -1.311339e-07 -1 -1.311334e-07 -1.311344e-07 -0.9807853 -1.286138e-07 0.1950902 -0.9807853 -1.169187e-07 0.1950902 -0.8314695 -9.911889e-08 0.5555704 -0.8314695 -7.433916e-08 0.5555704 -0.5555705 -4.967188e-08 0.8314695 -0.5555704 -9.934373e-08 0.8314695 -0.1950901 -3.488482e-08 0.9807853 -0.19509 -6.976963e-08 0.9807853 0 0 1 -1.100393e-07 0 1 -0 7.152557e-07 1 -1.112619e-07 -5.642564e-07 1 -1.300465e-07 6.50231e-08 1 -2.861021e-07 1.859662e-06 1 -1.144301e-08 -0.9947364 0.1024668 0.004000478 -0.9943011 0.1065326 0.001333043 -0.9657083 0.259626 0.04929969 -0.9454778 0.3219339 0.01383852 -0.891769 0.4522792 0.03403342 -0.8708358 0.4903945 0.004313957 -0.7795315 0.6263482 0.01928512 -0.6508756 0.7589395 0.09582312 -0.8089913 0.5799578 0.3184997 -0.9027067 0.2892723 0.3588603 -0.93174 0.05549754 0.2038203 -0.9738553 0.1003159 0.6405739 -0.5564073 0.529222 0.5667013 -0.7348197 0.3726791 0.5570335 -0.7440049 0.3690127 0.6216296 -0.7676504 0.155851 0.5784884 -0.8120281 0.07721163 0.02262068 -0.09306489 0.9954031 0.4419895 -0.4730466 0.7621497 0.1568512 -0.5384588 0.827925 0.1376644 -0.1092386 0.9844366 0.4817796 -0.1183913 0.8682579 0.3245041 -0.284649 0.9020377 0.6300527 -0.5510601 0.5471437 0.6192462 -0.558287 0.5521321 4.648419e-05 -1.442905e-06 1 7.23902e-07 2.143876e-07 1 7.281788e-07 -4.124303e-07 1 0 0 1 -0.003763795 -0.001754632 0.9999914 0 0 1 0 -0 1 0 0 1 -9.925294e-05 1.049163e-05 1 -1.048746e-06 -4.763427e-06 1 -1.938812e-05 -8.975797e-09 1 0 0 1 0 0 1 0 0 1 0 0 1 0 0 1 -0 0 1 0 0 1 -0 0 1 0 0 1 0 0 1 0 0 1 0 0 1 0.632448 -0.537931 0.5573507 0.3040093 -0.2764496 0.9116764 0.1896372 -0.1828253 0.9646826 0.1490572 -0.1646247 0.9750286 0.6874768 -0.7237783 0.05933459 0.6960688 -0.7147772 0.06769001 0.6543691 -0.6240327 0.4270647 0.6818067 -0.6321911 0.3680681 0.6823325 -0.7040905 0.1966697 0.7338977 -0.6042954 0.3101955 0.6513044 -0.728281 0.2130946 0.642786 -0.7361206 0.2120203 0.4241357 -0.8963169 0.1293238 0.3189495 -0.9472348 0.03189675 0.3207123 -0.9466292 0.03219833 0 0 1 -0 0 1 -1.08103e-07 -8.022067e-08 1 0 0 1 0 0 1 -1.478373e-07 0 1 -1.478373e-07 0 1 0 0 1 0 -0 1 0 0 1 -6.291334e-08 -7.547415e-08 1 -8.960475e-08 -6.450256e-08 1 -3.60395e-07 -2.594327e-07 1 -7.028895e-07 -3.04573e-07 1 0 0 1 0 0 1 -1.116752e-07 0 1 -1.116752e-07 0 1 0 0 1 0 -0 1 0 0 1 0 0 1 -9.436931e-08 -1.032163e-07 1 0.1950893 0 0.9807855 0.1950893 0 0.9807855 0.5555717 0 0.8314686 0.5555717 0 0.8314686 0.831471 0 0.5555682 0.831471 0 0.5555682 0.9807838 0 0.1950979 0.9807838 0 0.1950979 1 0 0 1 0 0 0.1950868 0 0.980786 0.1950868 -0 0.980786 0.5555715 0 0.8314688 0.5555715 -0 0.8314688 0.8314711 0 0.555568 0.8314711 -0 0.555568 0.980785 0 0.1950916 0.980785 -0 0.1950916 0.129621 -0.9701045 0.2051724 0.2000437 -0.9468691 0.2518361 0.4674446 -0.8677692 0.1687368 0.5548112 -0.7845178 0.2769769 0.08809225 -0.9001307 0.4266198 0.1238072 -0.3230896 0.938235 0.2519542 -0.7789505 0.5742431 0.4103758 -0.5517311 0.7260747 0.0800593 -0.8093312 0.5818708 0 -0.9838156 0.1791842 -0.005269644 -0.9803203 0.1973436 0.001909301 -0.9897025 0.1431274 -0.002233082 -0.9981949 0.06001608 -6.509625e-09 -0.9989855 0.04503446 0 -0.8203788 0.5718204 0.0003495525 -0.8119373 0.5837445 -0.0008131128 -0.3602233 0.9328658 -4.603832e-08 -0.3255946 0.9455096 -0.0095159 -0.9980505 0.06168292 -0.02350948 -0.985106 0.1703334 -0.02750262 -0.9835964 0.1782744 -0.01467643 -0.9839316 0.1779418 -0.01467645 -0.9839316 0.1779417 -0.001563757 -0.9981962 0.06001615 -0.008290028 -0.9981961 0.05946147 -0.004935541 -0.9981957 0.05984031 -0.004935556 -0.9981958 0.05984025 -0.001563766 -0.9981961 0.06001617 -0.004687795 -0.9836791 0.1798705 -0.004915842 -0.9838037 0.1791821 -0.1275514 -0.3601106 0.9241488 -0.1275515 -0.3601094 0.9241493 -0.02558764 -0.3601055 0.9325606 -0.03624694 -0.0634044 0.9973295 -0.05004176 -0.05167832 0.9974092 -0.06940168 -0.5358543 0.8414532 -0.08942614 -0.3601992 0.9285793 -0.01568712 -0.8202779 0.57175 -0.01568759 -0.8202727 0.5717574 -0.04701608 -0.8202726 0.5700371 -0.04701491 -0.8202795 0.5700272 -0.07820118 -0.8202796 0.5665915 -0.07820112 -0.8202798 0.5665911 0 0 1 0 0 1 0 0 1 -2.069606e-07 -7.401486e-14 1 -2.069606e-07 0 1 -1.176823e-07 0 1 -1.204827e-07 1.454046e-08 1 -1.168345e-07 1.410018e-08 1 -1.249509e-07 1.29591e-07 1 0 0 1 0 0 1 -0.4693445 -0.8794519 0.07924627 -0.03486448 -0.9981895 0.04901266 -0.02624734 -0.9985847 0.04625537 -0.05068043 -0.9981483 0.0336348 -0.05091113 -0.9984934 0.02046846 -0.06001198 -0.9981272 0.01186217 -0.07266554 -0.9817666 0.175653 -0.09041429 -0.9830754 0.159336 -0.09968694 -0.9819257 0.1608863 -0.1433836 -0.9803901 0.1351901 -0.1510255 -0.9834353 0.1002303 -0.1699037 -0.9811645 0.09191824 -0.1783912 -0.9813236 0.0719766 -0.1604587 -0.9865329 0.0317168 -0.1693951 -0.9854556 0.01351218 -1 0 0 -1 0 0 0 0 -1 -0 0 -1 -0.8830836 -0.4079431 0.2318317 -0.705027 -0.5978752 0.3814212 -0.5335827 -0.6798442 0.5030918 -0.6507666 -0.533465 0.5402944 -0.7387613 -0.5317876 0.4140454 -0.278217 -0.423076 0.8623236 -0.423959 -0.5933653 0.6842341 -0.455823 -0.5317273 0.7137868 -0.5751667 -0.5335596 0.6200784 -0.2951796 -0.3563705 0.8864927 -0.166994 -0.8180965 0.5503011 -0.3070508 -3.925391e-08 0.9516931 -0.3203999 0.01023256 0.9472272 -0.5381944 -0.008827825 0.8427745 -0.6043692 0.0310115 0.7961007 -0.680057 0 0.7331592 -0.7693895 0 0.6387801 -0.8258876 0.03162257 0.5629473 -0.8722944 -0.009687784 0.4888852 -0.9623329 0.01114933 0.2716449 -0.9716684 -0.01538832 0.2358468 -0.9807853 -1.273015e-07 0.1950903 -0.9807853 -1.018412e-07 0.1950903 -0.8314697 -7.638083e-08 0.5555702 -0.8314697 -1.018411e-07 0.5555701 -0.5555703 -7.638083e-08 0.8314695 -0.5555704 -1.018411e-07 0.8314695 -0.1950901 -3.819041e-08 0.9807853 -0.1950902 -7.638084e-08 0.9807853 -0.01324805 0.9999122 0 -0.01222696 0.9999223 -0.002432105 -0.01539369 0.9998439 0.008676516 0 1 -0 0 1 0 0 1 0 -0.004430496 0.9998958 -0.01373403 0 1 0 0 1 0 0 1 0 0 1 0 0 1 0 0 1 0 0 1 0 -0 1 0 0 1 0 0 1 0 -1.271567e-07 1 5.655436e-07 -5.257704e-07 1 -1.891503e-06 0 1 0 0 1 -0 0 1 0 0 1 0 0 1 0 0 1 0 0 1 0 0 1 0 -0.9807853 -1.286144e-07 0.1950902 -0.9807853 -1.096113e-07 0.1950902 -0.8314695 -9.292395e-08 0.5555705 -0.8314695 -7.433916e-08 0.5555704 -0.5555706 -4.967189e-08 0.8314694 -0.5555705 -9.934375e-08 0.8314694 -0.19509 -3.488481e-08 0.9807854 -0.1950899 -6.97696e-08 0.9807854 -1 -1.311341e-07 -1.311344e-07 -1 -1.311341e-07 -1.311344e-07 -1.100393e-07 -3.935313e-14 1 0 0 1 -2.861021e-07 -1.859662e-06 1 -1.11262e-07 1.509981e-07 1 -1.300467e-07 7.802816e-07 1 0 -7.152557e-07 1 -2.023034e-08 -0.9899496 0.1414203 0 -0.9899496 0.1414204 -1.357099e-07 -0.3162273 0.9486834 -1.357099e-07 -0.3162273 0.9486834 1 0 7.629395e-07 1 -8.477105e-07 4.238553e-07 1 0 0 -1 0 0 -1 0 0 -1 0 0 0 1 0 0 1 0 0 0 -1 0 0 -1 0 1 -0 0 1 0 0 1 0 0 1 0 -2.600929e-07 1 0 0 1 0 0 1 0 0 1 0 0 1 0 -5.419533e-07 1 -1.270643e-06 0 1 0 0 1 0 0 1 0 -3.908704e-07 1 0 -1.756745e-07 1 7.428835e-07 0 1 0 0 1 -0 0 1 0 0 1 0 0 1 -0 0 1 0 0 1 0 0 1 0 0 1 0 0 1 0 0 1 0 -0 1 0 0 1 0 0 1 0 0 1 0 0 1 0 0 1 0 0 1 0 -0 1 0 0 1 0 -2.023048e-08 -0.9899495 0.1414214 -4.046094e-08 -0.9899495 0.1414214 1 0 0 1 -0 0 1 0 0 -1 0 0 -1 0 0 -1 0 0 -1.357101e-07 -0.3162278 0.9486833 -1.357101e-07 -0.3162278 0.9486833 0 1 0 0 1 0 2.861021e-07 0 -1 2.861021e-07 0 -1 -2.023035e-08 0.9899496 0.1414204 -0 0.9899496 0.1414203 -1.357099e-07 0.3162273 0.9486834 -1.357099e-07 0.3162273 0.9486834 -1 0 0 -1 -0 0 -1 0 0 1 0 0 1 7.629395e-07 3.814697e-07 1 9.536743e-07 4.238553e-07 0 -1 -0 0 -1 0 0 0 -1 0 0 -1 0 -1 0 0 -1 0 0 -1 0 0 -1 0 0 -1 0 -0 -1 0 5.598665e-07 -1 5.833942e-07 0 -1 0 0 -1 -0 0 -1 -0 0 -1 0 -0 -1 0 0 -1 -0 2.600931e-07 -1 -4.514605e-07 0 -1 0 0 -1 0 0 -1 0 0 -1 0 0 -1 0 0 -1 -0 0 -1 0 0 -1 0 0 -1 0 0 -1 0 -0 -1 0 0 -1 -0 0 -1 0 0 -1 0 0 -1 0 -0 -1 -0 0 -1 0 0 -1 0 -0 -1 0 0 -1 -0 0 -1 0 -2.023047e-08 0.9899495 0.1414214 -4.046096e-08 0.9899495 0.1414214 1 0 0 1 0 0 1 0 0 -1 0 0 -1 -0 0 -1 0 0 -1.357101e-07 0.3162278 0.9486833 -1.357101e-07 0.3162278 0.9486833 0 -1 -0 0 -1 0 2.861021e-07 0 -1 2.861021e-07 0 -1 0 0.998929 -0.04627004 -0.1232732 0.9921493 -0.02105786 -0.1228874 0.9906546 -0.05918001 -0.08968557 0.9945815 -0.05257596 -0.09717015 0.9912241 -0.08962609 -4.570777e-08 1 1.93032e-07 1.873911e-07 1 -2.254121e-07 9.139313e-08 1 -3.859693e-07 0 1 0 0 1 -0 0 1 0 0 1 0 6.594859e-07 1 -1.218152e-06 -2.157957e-06 1 1.256656e-06 -2.093849e-06 1 2.758109e-06 -3.492273e-07 1 -4.332821e-07 0 1 0 -0 1 0 -3.81401e-07 1 -6.334588e-08 -2.854021e-07 1 3.433093e-07 -0.1112458 0.8956098 -0.4307058 -0.211177 0.9464899 -0.2440516 -0.2301349 0.8644646 -0.4469214 -0.4702173 0.8785883 -0.08353654 -0.3443601 0.937862 -0.04278961 -0.3149686 0.936903 -0.1516828 -0.3879631 0.8991669 -0.2024439 -0.1957253 0.9531188 -0.2307731 0.08969641 0.1817187 -0.9792511 0.04598113 0.6872929 -0.7249235 -0.02412291 0.3890877 -0.9208848 0.0001087519 1 5.674804e-05 0.0001944229 1 -0.0001091132 -0.01195922 0.9999059 0.006711702 5.357881e-05 1 9.073322e-05 -0.009488611 0.9998258 -0.01606852 0.01666525 0.9958411 -0.08956908 0.0178757 0.9476803 -0.3187201 0.02577535 0.9476984 -0.318125 0.02686238 0.9591573 -0.2815945 0.06746467 0.3754544 -0.9243822 0.06587598 0.3639276 -0.9290947 0.09329882 0.2072698 -0.9738247 0.07217449 0.6678891 -0.7407531 0.06477797 0.6311141 -0.7729805 0.1757971 0.9844254 -0.001428021 0.9836463 0.1801108 0 0.9844261 0.1757984 0.0001484649 0.8422177 0.5391375 -0.0001728608 0.4126865 0.9108615 0.004601344 0.5391375 0.8422177 -0.0004088786 0.8160102 0.578035 0.001679773 0.3690214 0.275807 -0.887555 0.874975 0.4733617 -0.1017227 0.8965359 0.167496 0.4100835 0.5079577 0.7196231 -0.4734149 0.242348 0.2052155 0.9482374 0.7938576 0.5222631 -0.3114985 0.6252463 0.4845127 -0.6118125 0.2736402 0.1373902 -0.951969 1 0 0 1 0 0 0.9953095 -0 0.09674153 0.9933088 -0.001404629 -0.11548 0.937187 0.0002940124 -0.3488273 0.9309008 0 -0.3652723 0.7147434 0 -0.6993867 0.7147434 0 -0.6993867 0.27626 0 -0.961083 0.2764215 -5.050494e-06 -0.9610365 0.997396 -0.07211943 0 0.9844251 -0.1757985 -0.001486636 0.1807152 -0.9835355 0 0.1757955 -0.9844267 0.0001704578 0.5391376 -0.8422177 -0.0001976231 0.8983116 -0.4393437 0.00366107 0.8422177 -0.5391374 -0.0004027585 0.5739551 -0.8188855 0.00145809 0.4429115 -0.3468696 -0.8267471 0.2719403 -0.07547338 -0.9593499 0.01230866 -0.9876888 -0.1559463 0.1919065 -0.9418057 -0.2759961 0.5566446 -0.7684193 -0.3157192 0.8978155 -0.4402898 0.008500252 0.6371996 -0.4530048 -0.6235089 0.8596941 -0.4964233 -0.1203744 0.1367193 -0.008370928 -0.9905745 0.1011566 0.2151215 -0.9713342 0.1476884 9.84362e-09 -0.989034 0.02052255 0.006403685 -0.9997689 0.01098942 8.57594e-05 -0.9999396 0.01151261 1.480088e-07 -0.9999338 0.01691493 -0.000423612 -0.9998568 0.008747337 -0.01557365 -0.9998404 0.02742645 -0.01005072 -0.9995733 0.06851365 0.01668029 -0.9975107 0.05346559 -0.004924453 -0.9985575 0.09585953 0.003243994 -0.9953896 0.0953696 0.002739864 -0.9954382 0.1289212 -0.002739191 -0.9916511 0.1506509 1.046328e-08 -0.988587 0.136715 0.01153932 -0.9905432 0.1255071 -0.004175367 -0.992084 0.09584731 -0.01628814 -0.9952627 0.1005362 -0.007608014 -0.9949043 0.06852278 0.003717578 -0.9976426 0.05440662 -0.01287451 -0.9984359 0.02742356 0.01763811 -0.9994683 0.03384665 -0.8366096 -0.546753 0.09359602 -0.4832604 -0.8704592 0.08719184 -0.3209609 -0.9430704 0.06717888 -0.4100947 -0.9095654 0.05352682 -0.3209446 -0.9455842 0.07196752 -0.8539538 -0.515348 -0.02273736 -0.9997348 0.003655803 0.009877158 -0.9997596 -0.01957742 0 -1 0 -0 -1 0 0 -1 0 -0.1751996 -0.9629648 -0.2049482 -0.6391907 -0.7178191 -0.2759908 -0.3118702 -0.9360841 -0.162738 -0.5466441 -0.8364267 0.03963042 0.2074334 -0.9777227 0.03208959 -0.3709483 -0.9257303 0.0736246 -0.4151315 -0.8148314 -0.4046178 -0.2012491 -0.8675773 -0.454762 -0.01579532 -0.5572682 -0.8301823 0.03243116 -0.9907393 -0.1318481 0.04361075 -0.4673917 -0.8829741 -0.1223746 -0.9618667 -0.2446161 0.2038389 -0.9496579 0.237907 0.8003206 -0.4587852 0.3860091 0.2817754 -0.9420446 0.1820845 0.3206506 -0.9456125 0.0547743 0.3206504 -0.9456125 0.05477433 0.7317197 -0.6700467 0.1249943 0.7317195 -0.6700472 0.1249941 0.670478 -0.6677442 0.3233837 0.5249311 -0.7935678 0.3077296 0.5203481 -0.597587 0.6100226 0.3248853 -0.7869425 0.5245674 0.3010533 -0.58233 0.7551548 0.1271029 -0.7019464 0.7007968 -0.07780362 -0.05092029 0.9956675 0.007264134 -0.389048 0.9211889 0.2193796 -0.9281674 0.3006292 -0.04519297 -0.3361619 0.9407192 0.1325108 -0.9464529 0.2943941 1.014524e-07 -1 -6.590639e-08 -0 -1 0 0 -1 0 -1.633971e-08 -1 2.894164e-07 -0.02411441 -0.9992928 0.02885293 -0.05086637 -0.4309018 0.900964 -0.06364833 -0.6358339 0.769197 -0.1146302 -0.04553004 0.9923643 -0.02803646 -0.8675299 0.4965943 -0.05021051 -0.7864449 0.6156163 -0.1573506 -0.9875428 -0 -0.1757967 -0.9844261 0.0009078343 -0.5213621 -0.8533341 -0.001613768 -0.5391391 -0.8422167 -0.0003521446 -0.8422121 -0.5391371 -0.003171251 -0.8143781 -0.5803345 0.0004623866 -0.9844264 -0.1757964 -0.0003263889 -0.9834016 -0.1814421 0 -0.05758633 -0.3729279 0.9260716 -0.772488 -0.3401828 0.5362257 -0.2737263 -0.1352013 0.9522576 -0.3501652 -0.6983356 0.624269 -0.05044229 -0.3070853 -0.9503442 0.01756622 -0.1467661 -0.9890152 -0.750129 -0.3177568 0.5799456 -0.4302155 -0.2630067 -0.8635636 -0.9572294 -0.1754815 0.2300395 -1 -0 0 -1 0 0 -0.2762629 0 0.961082 -0.2762629 0 0.961082 -0.792845 0 0.6094234 -0.972317 0 0.2336654 -0.976307 0.0001183455 0.2163903 -0.7911316 -3.770549e-05 0.6116459 -0.9871558 0.1597602 0 -0.9844263 0.1757967 0.0008037214 -0.8758352 0.4826092 -0.00107129 -0.8422133 0.5391406 0.002015418 -0.7587266 0.6514089 -0.0007613964 -0.5391392 0.8422154 0.001449254 -0.5237473 0.8518736 0.0003624133 -0.1757947 0.9844268 -0.0003456027 -0.181745 0.9833457 0 -0 0 1 -2.581244e-07 -5.242334e-08 1 -4.773901e-07 0 1 -7.164018e-08 0 1 -7.164017e-08 0 1 -8.969262e-07 0 1 -5.048928e-07 -1.862657e-07 1 0 0 1 0 -0 1 0 0 1 0 0 1 0 0 1 0 0 1 -0 0 1 0 0 1 -0 0 1 0 0 1 -0 0 1 0 0 1 0 0 1 0 0 1 -8.414881e-07 3.104413e-07 1 -5.381553e-07 0 1 -1.026521e-07 0 1 -7.164018e-08 -1.98219e-07 1 -3.053e-07 -1.313945e-07 1 -0.08805806 -0.9958859 -0.02137894 -0.1222724 -0.9910914 -0.05279495 -0.08633292 -0.9936895 -0.07160779 -0.03806634 -0.9992015 0.01213867 0 -1 0 -0.04181993 -0.9853716 -0.1652085 -0.01731448 -0.9875032 -0.1566447 0.08142453 -0.8617604 -0.5007386 0 -1 0 0 -1 0 0 -1 0 -0 -1 0 0 -1 -0 2.180958e-06 -1 -7.179711e-07 2.137937e-06 -1 -1.725535e-06 0 -1 0 0 -1 -0 0 -1 0 -0.150438 -0.9883038 -0.02498582 0.05602338 -0.8759022 -0.4792252 0.1819649 0.9432045 0.2779462 0.1348346 0.6369849 0.7589926 0.4087202 0.5967008 0.6905764 0.4327175 0.3165075 0.8441437 0.5346665 0.7193527 0.4434674 0.7771161 0.4342199 0.4555697 0.5906152 0.786616 0.180025 0.48964 0.8503671 0.1926873 0.6272079 0.7714474 0.1071412 0.3600703 0.9034432 0.2326796 0.2872687 0.9429296 0.1684059 0.2932175 0.9442306 0.1498402 -0.150846 -2.530097e-08 0.9885573 -0.1451031 0.001666561 0.9894151 -0.1346855 0.01045279 0.9908332 -0.02693552 0.00947074 0.9995923 -0.02742643 0.0100167 0.9995736 -0.05636703 -0.005734776 0.9983936 -0.06852198 0.002016702 0.9976476 -0.09557212 -0.003172397 0.9954175 -0.0105599 4.02681e-05 0.9999443 -0.01085891 0 0.999941 -0.01786022 -0.004588896 0.9998301 -0.008401394 0.003482208 0.9999586 -0.009854285 0.008669064 0.9999139 -0.01156073 -0.001792007 0.9999315 -0.02696639 -0.01604903 0.9995075 -0.06137775 -0.00620997 0.9980952 -0.09585907 0.005921312 0.9953773 -0.09536932 0.005000809 0.9954294 -0.1367072 -0.01579911 0.9904855 -0.1257576 -0.004055698 0.9920527 -0.1517959 -2.09576e-08 0.9884119 -0.1445354 -0.003365086 0.9894939 -3.933578e-07 1 -2.541902e-07 -7.91615e-07 1 9.4717e-07 -7.846425e-07 1 0 -8.803145e-07 1 -1.503775e-07 -0.004014964 0.729853 0.6835923 0.1459522 0.6947649 0.7042724 -0.03272896 0.475062 0.8793435 0.1768395 0.9489014 0.2613694 -0.02801232 0.8677819 0.496155 -0.02762958 0.8696805 0.4928412 -0.08546185 0.4438453 0.8920189 -0.03888647 0.06838328 0.996901 -0.04921614 0.4162557 0.9079146 -0.08824155 0.4162599 0.9049536 -0.0422858 0.8697124 0.491744 -0.01825466 0.9995948 0.02184176 -0.3563575 0.6193147 -0.6996133 -0.2734842 0.1414754 0.9514153 -0.1694139 0.1790711 0.9691401 -0.8841851 0.4070802 0.2291341 -0.7626426 0.2733791 0.5862082 -0.9182341 0.3397443 0.2035189 -0.41608 0.07123419 -0.9065336 -0.2494824 0.5094751 0.8235251 -0.4627103 0.7195661 -0.5178068 -0.1781656 0.8566131 0.484222 -0.003311643 0.04002219 -0.9991933 -0.918443 -0.3836598 -0.09626745 0.5847138 -0.8071656 -0.08120038 0.8760996 -0.4535695 -0.1634754 0.7829773 0.6220294 0.005089281 -0.08176751 0.9881848 -0.1296342 -0.811141 0.581556 0.06199225 -0.7202032 -0.6926302 -0.03963479 0.1128497 -0.2534686 0.9607386 0.1644051 0.1980126 0.9663137 0.08371858 -0.04130685 -0.9956329 -0.6691731 -0.7414067 -0.0502335 0.7821364 -0.6220328 -0.03657737 0.8926114 -0.4404156 -0.09632663 0.5654252 0.8243814 -0.02626071 -0.2125665 0.9581142 -0.1919185 -0.8114133 0.5760111 -0.09909436 -0.8768365 -0.4592194 -0.1423916 0.01847262 0.0323767 0.999305 0.01890274 0.02863725 0.9994111 0.01196875 -0.03504659 0.999314 -0.8740112 0.4851842 0.02647323 0.6719099 0.7311114 0.1183765 0.8647946 0.5013924 0.02712897 0.3225304 -0.9444259 0.06351171 -0.1921446 -0.9776719 -0.08507676 -0.9758342 0.2054317 0.07446831 0.08185955 -0.01162766 -0.996576 -0.004925843 -0.04015382 0.9991814 -0.08554792 0.9961252 -0.02040312 0.838132 0.5248274 0.1486297 0.8591507 -0.5078405 -0.06291404 -0.1202739 -0.9806017 0.1547722 -0.9164318 -0.3978844 -0.04290267 -0.7711262 0.6295174 0.09524786 0.1215183 -0.05607725 -0.9910039 -0.9999573 0.009241079 0 0.5680645 0.822984 0 0.534603 -0.8451034 0 0.534603 -0.8451034 0 0.0006986459 0.0347303 -0.9993965 0 0 -1 0 0 -1 0.1074134 -0.2006626 -0.973754 0 0.2281795 -0.9736191 -0.02144972 0.1851937 -0.9824679 0.02161478 -0.1866188 -0.9821946 0.04417972 -0.09491159 -0.9945049 -0.8574935 -0.5144948 -0 -0.4082476 -0.4082465 -0.8164978 0.7071068 -0.7071068 0 0 -1 0 0 -1 0 -0.0016199 -0.05141667 0.9986759 0 0.2281787 0.9736193 0.1074131 -0.2006618 0.9737542 0 0 1 0.001131456 -0.02158462 0.9997663 0.005446176 -0.008609343 0.9999481 0.02732744 -0.1636357 0.9861423 0.08554406 0.07997459 0.9931195 -0.1938227 -0.1812036 0.9641566 -0.01254538 0.1450559 -0.9893439 0.006252254 0.7204957 -0.6934313 -0.00225039 0.9141745 -0.4053147 -0.0006665302 -0.7875373 0.6162665 1 -0 0 1 0 0 1 0 0 1 0 0 -1 -0 0 -1 0 0 -1 0 0 -1 0 0 -1 0 -0 -1 0 0 0.04285334 0.06334336 -0.9970713 0.03529648 0 -0.9993769 0 1 0 0.001680628 0.9994886 -0.0319318 0 1 0 -0.002230183 0.999997 -0.001065118 0 -1 0 0 -1 0 -0 -1 0 -0.008929444 -0.94063 0.3393163 -0.6860245 0.122326 -0.7172215 -0.6504949 0.3888474 -0.6524217 -0.3595172 0.8658348 -0.3479621 -0.343802 0.8777026 -0.3338237 0.6506621 -0.2418686 0.7198184 0.2866006 -0.9141774 0.2866004 0.2250849 -0.949765 0.2174472 0.6206459 -0.4791627 0.6206462 0.6206473 -0.4791599 0.620647 -0.7071069 0 0.7071066 -0.7071069 0 0.7071066 -0.7071042 0 0.7071095 -0.7071055 9.715051e-07 0.707108 -0.9087435 -0.3942815 -0.136848 -0.825304 -0.510017 0.2423965 -0.6826171 -0.2609268 0.682606 -0.9729815 -0.1737079 0.1520945 -0.682617 0.2609273 0.682606 -0.1521022 0.1737091 0.97298 0.7071086 -2.891789e-06 -0.7071049 0.70711 3.376058e-06 -0.7071035 0.707108 2.688147e-06 -0.7071055 0.7071085 0 -0.707105 0.7071145 -3.384039e-07 -0.7070991 0.7071144 -1.183238e-07 -0.7070991 0.7071105 6.361628e-07 -0.7071031 0.7071105 3.697996e-07 -0.707103 0.7071059 -2.193422e-06 -0.7071076 -0.6941739 -0.1371644 -0.7066177 -0.6945164 -0.1537279 -0.7028618 -0.3337436 -0.8866808 -0.3200192 -0.2915445 -0.9141521 -0.2816516 0.2865541 0.9141774 0.2866469 0.687955 0.2285436 0.6888292 0.464175 0.7653078 0.4459209 0.6836572 0.167087 0.7104188 -0.2828524 0.6908009 0.6654236 -0.8944966 0.3922606 0.2144942 -0.7071074 8.108735e-06 0.7071061 -0.7071052 0 0.7071083 -0.7071069 0 0.7071066 -0.7071069 0 0.7071066 0.08123911 0 -0.9966946 0.03236456 0.3990383 -0.9163629 0 -1 0 0 -1 0 -0 -1 0 0.001680544 -0.9994887 -0.0319302 0 1 0 -0.004710999 0.9838348 0.1790166 0 1 0 0.008411448 0.9999566 0.004017239 -0.01312996 -0.1230008 -0.9923197 0.006252221 -0.7204967 -0.6934302 -0.002250455 -0.9141756 -0.4053123 0.00317413 0.7875353 0.6162614 -0.006600407 0.08442553 0.9964079 1 -0 0 1 0 0 1 0 -0 1 0 0 1 0 0 -1 -0 0 -1 0 0 -1 0 0 -1 0 0 -0.8723213 0.2176674 0.4378087 -1 0 -0 -0.7532642 0.4108705 -0.5135936 0.1697778 0.4602451 -0.8714069 0.5793223 0.3310413 0.7448472 -0.06161034 0.595567 0.8009395 0.06066363 0.6118654 -0.7886322 0.0008022077 0.02643007 0.9996503 0.006210732 0.00322378 0.9999755 0.001692866 0.01243038 0.9999213 -0 0 1 0 -0 1 -0 0 1 0 0 1 0 0 -1 0.004147098 -0.01749431 -0.9998384 0 0 -1 -0 0 -1 0 0 -1 0.001470795 -0.02318626 -0.9997301 -0.8745049 0.4846982 -0.01757716 0.8596283 0.4462039 0.2488799 0.3724181 0.5887188 -0.7174365 0.4646141 -0.8059017 0.3669552 -0.08107583 -0.3884118 -0.9179123 -0.8552382 0.5121887 -0.07893174 -0.735428 -0.1869801 -0.6512943 -0.7071063 1.104168e-06 -0.7071072 -0.7647521 0.09301896 -0.6375749 -0.5769346 -0.03690469 -0.8159562 -0.707109 -2.218866e-07 -0.7071046 -0.7071069 -3.691865e-07 -0.7071067 -0.7071071 1.891796e-07 -0.7071065 -0.7071057 1.233766e-06 -0.7071078 -0.7071074 -2.486997e-07 -0.7071061 -0.7071071 8.211766e-09 -0.7071064 -0.7071062 -1.330433e-08 -0.7071074 -0.7071071 -8.767499e-07 -0.7071064 -0.707105 -7.441063e-07 -0.7071084 -0.6084617 0.2960374 -0.736299 -0.7110629 0.01529558 -0.7029619 -0.8362762 -0.2581987 -0.4837104 -0.7100244 0.01092375 -0.7040923 -0.7330429 0.003443429 -0.6801737 -0.7889261 0.01136786 -0.614383 -0.7071079 1.30901e-07 -0.7071056 -0.7071069 1.303316e-06 -0.7071067 -0.7071065 -2.481875e-06 -0.7071071 -0.7071049 3.762408e-08 -0.7071087 -0.7071042 2.678819e-07 -0.7071093 -0.6595365 -0.2359023 -0.7136958 -0.7071067 -4.977667e-06 -0.7071069 -0.7119052 -0.03414493 -0.7014449 -0.7162479 -0.02585291 -0.6973669 -0.6662587 -0.07459992 -0.74198 -0.4789966 0.7332792 -0.4825597 -0.7053276 -0.4063662 -0.5808437 0.7071069 -9.573191e-07 0.7071067 0.7071056 3.983411e-06 0.707108 0.7071089 4.545878e-07 0.7071047 0.7071069 -3.5626e-07 0.7071067 0.7071073 -5.709752e-08 0.7071064 0.8362095 -0.05554465 0.54559 0.6735312 0.07029142 0.735809 0.7071079 4.930514e-07 0.7071057 0.7071056 7.536896e-07 0.707108 0.7071065 -1.731077e-08 0.7071071 0.7071069 -2.311537e-07 0.7071066 0.6542127 -0.1549568 0.7402662 0.7158864 0.0305056 0.6975502 0.6376438 -0.1837546 0.748094 0.7100205 0.04872852 0.7024929 0.4825548 0.7332855 0.4789917 0.7418416 -0.07949637 0.6658463 0.7071073 -2.18203e-06 0.7071063 0.7071065 -4.194715e-07 0.707107 0.7071065 1.183132e-06 0.707107 0.7071065 -5.383414e-07 0.7071071 0.7071075 1.366189e-06 0.7071061 0.7071076 4.837845e-08 0.707106 0.7071061 -2.722834e-07 0.7071074 0.7071059 -2.922351e-07 0.7071077 0.7071068 0 0.7071068 0.7728238 -0.2022966 0.6015143 0.5946863 -0.1091874 0.7965088 0.733515 0.2758333 0.6211858 0.7071068 1.991068e-06 0.7071068 0.6361459 -0.5863316 0.5015312 0.3985553 0.06087781 0.9151216 0.7071068 0 0.7071068 0.7071059 -1.385095e-07 0.7071077 0.2697242 -0.92439 -0.2697257 0.2697254 -0.9243901 -0.269724 0.7070396 0.01397525 -0.7070358 0.7070396 0.01397525 -0.7070358 0.2772914 0.919902 -0.2772899 -0.4403442 0.6210766 -0.6483524 -0.4445529 0.8947976 0.04135182 -0.8913465 0.11072 -0.4395936 -0.544886 -0.02439718 0.8381552 -0.00916561 -0.999916 0.00916566 0.002971698 0.8156548 0.5785311 -0.9092113 -0.2724783 -0.3147863 0.9076101 -0.418356 -0.0349604 0.3729145 -0.008498515 -0.9278268 0.04772998 0.05343613 -0.99743 0.5521959 0.6985946 0.4550224 -0.5080402 0.8353831 -0.2098335 -0.3432103 0.2764105 0.8976658 -0.688782 0.2261944 0.6887783 0.02189386 -0.9995205 -0.02189374 0.3967544 -0.02288308 -0.9176396 0.7511712 0.3020391 0.5869532 -0.08523191 0.9927089 0.08523237 -0.7059669 -0.05671052 0.7059707 -0.1442818 0.08111901 0.9862061 -0.2447353 -0.9594601 -0.1397889 0.7392678 -0.4084567 0.5353936 0.7576401 0.6496879 0.06234654 -0.9535117 0.214005 -0.2121728 0.302205 -0.6002217 0.7405444 -0.4265658 -0.8551829 -0.294455 -0.2584293 0.2346015 0.9371107 -0.1465052 -0.2640249 0.9533243 0.8750477 -0.4831862 0.02867886 0.5698142 -0.6400266 0.5154392 0.5460971 -0.2930596 0.7847891 0.5251278 0.3305258 0.7842152 0.4944641 0.7121296 0.4983741 0.9696883 0.2116023 0.1221841 0.9364078 -0.008640587 0.3508075 -0.06498037 0.9961104 -0.0595118 -0.7109714 -0.1375334 -0.6896407 -0.5462463 0.8306701 -0.1077133 -0.7550354 0.3301135 0.5665215 -0.9051598 -0.2361999 0.3534054 -0.2958485 -0.8305765 0.4718222 -0.2697473 -0.9483297 -0.1670544 0.4143688 -0.6178905 -0.6682138 0.376415 -0.4621941 -0.8029249 0.5232716 0.3354328 -0.783372 0.01447296 0.6620036 -0.7493609 -0.6741821 -0.1440268 -0.7243859 -0.6931608 -0.2049195 -0.69104 -0.8567728 -0.05181754 -0.513084 -0.8355735 -0.01992945 -0.5490171 -0.5789701 0.6854987 -0.441458 -0.5984981 0.70632 -0.378037 -0.0253898 0.657051 -0.7534184 -0.5746096 0.05185139 -0.8167835 -0.523187 -0.1253187 -0.8429535 -0.1322069 0.9696271 0.2057781 -0.7165061 0.1880724 0.6717498 -0.6431805 -0.2894933 0.7088812 -0.2135708 -0.96406 0.1580376 0.175078 -0.9759936 -0.1295538 0.6222014 -0.3754241 -0.6869659 0.7301108 0.09781263 -0.6762921 0.1322068 0.9696271 -0.2057782 0.7075596 -0.08937684 0.7009787 0.7002999 0.003882363 0.7138383 0.6919747 0.6107271 0.3849459 0.6399175 -0.04252465 0.767266 0.6945807 -0.06325267 0.7166287 0.5963118 0.5619604 0.5732475 0.708385 0.46875 0.527697 0.9244619 0.3184998 0.2095901 0.9494717 0.2161795 0.2275304 0.7446857 -0.0104771 0.6673331 -0.898335 0.4307279 0.08641639 0.1665641 -0.4345607 -0.8851064 -0.2102585 -0.01132384 -0.9775802 0.007737735 0.4126559 -0.9108542 -0.4545751 0.7445983 -0.4888097 -0.781945 0.4576982 -0.4231719 -0.9904621 -0.1358125 0.02323539 -0.7450768 -0.1063702 -0.6584421 -0.2825029 -0.7115063 -0.6433901 0.05372055 -0.1158049 0.9918182 0.5833361 -0.7278521 0.3604862 -0.4995732 -0.5345755 0.6816564 0.07318459 -0.9832922 0.1666748 0.4904513 -0.4945341 -0.7175608 -0.6860858 0.5206174 0.508177 -0.2368618 0.1820847 0.9543279 -0.07432166 0.02600412 0.9968953 0.7589214 -0.1829457 0.6249554 0.3492531 0.6510581 0.6739032 -0.09109413 0.9941829 -0.05746648 0.1283793 0.7866991 -0.6038405 0.6066714 0.4322259 -0.6671811 0.4204835 0.1046843 -0.9012408 0.5042371 -0.419709 -0.7547114 -0.2530547 -0.7517438 -0.6089702 -0.1819325 -0.9829675 -0.02599067 -0.7667776 -0.6406007 -0.04101876 -0.4558587 0.8846712 -0.09772277 -0.7750002 0.3433996 0.53052 -0.5457488 -0.7710372 0.3281156 -0.3989067 -0.8741782 -0.2769221 0.1308349 -0.83041 -0.5415732 -0.9518137 -0.2039277 0.2290504 0.01132823 0.6829782 -0.730351 0.3767614 0.1136787 -0.9193084 -0.00166781 -0.2564696 -0.9665509 -0.79042 -0.01680334 -0.6123348 -0.4864196 0.6695499 -0.5613366 -0.4474105 0.6385804 -0.6261302 0.03073507 0.9953275 -0.09153412 -0.7263141 0.2736949 0.6305228 -0.7257336 0.3162212 0.6109951 -0.1443869 -0.9809256 0.1301436 -0.2052424 -0.9521888 0.2263008 0.6872153 -0.2897749 -0.6661574 0.6980557 -0.2595182 -0.6673594 0.2251638 0.8890528 -0.3986056 0.7386799 -0.01306111 0.6739298 0.6995021 0.003237614 0.7146232 0.705034 0.6014388 0.3757639 0.6399175 -0.04252463 0.7672661 0.6847064 -0.05941759 0.7263929 0.7095634 -0.1110992 0.6958281 0.6865675 0.5959715 0.416465 0.5241886 0.3283115 0.7857722 0.7738739 0.01660433 0.633122 -0.8228294 0.4870961 0.2927271 -0.9907232 -0.002047302 -0.1358796 -0.3121459 -0.5902885 -0.7443954 -0.6205997 0.719675 -0.3113258 0.0537206 -0.1158049 0.9918182 0.5833365 -0.7278516 0.3604863 -0.5819858 -0.5853979 0.5644482 -0.07019436 -0.9921356 0.1036329 0.5493536 -0.5768437 -0.6045345 0.8997655 -0.01223021 -0.4362024 0.5877301 0.431612 -0.6843131 0.3461567 0.9377609 0.02792829 -0.6860861 0.5206172 0.5081769 0.8157343 -0.05152407 0.5761274 0.6277028 4.307834e-05 0.7784531 -0.479477 0.8756252 -0.05815763 0.8130206 0.4218589 -0.4012886 0.3187425 -0.8942618 -0.3141639 -0.582895 -0.7673935 -0.2670968 -0.4794096 -0.354082 0.8029897 -0.771522 0.6028022 -0.2034289 0.2364928 0.06887071 -0.9691893 -0.7315289 0.6794031 -0.0572435 0.1284463 0.07202679 -0.9890974 -0.4005118 -0.9162907 -0.001315108 0.8157343 -0.05152407 0.5761274 0.6277029 4.307834e-05 0.7784531 -0.479477 0.8756253 -0.05815734 0.8130207 0.4218588 -0.4012885 0.3187425 -0.894262 -0.3141638 -0.582895 -0.7673935 -0.2670967 -0.4794096 -0.354082 0.8029897 -0.771522 0.6028023 -0.2034286 0.2364929 0.06887069 -0.9691894 -0.7315289 0.6794031 -0.0572435 0.1284463 0.07202677 -0.9890974 -0.400512 -0.9162905 -0.001315124 -0.1319005 0.905813 0.4026228 -0.3419868 -0.4586526 0.8201724 0.6491647 -0.5261174 -0.5493503 -0.1675459 -0.07918502 0.982679 0.7071061 5.933346e-07 0.7071075 0.6379548 -0.7439276 0.1989606 0.7105286 -0.2352851 -0.6631666 0.3685848 0.8402784 -0.3975897 0.6890369 0.4846029 -0.5388767 0.2788889 0.9327996 -0.228267 -0.659053 0.6390775 0.3965213 -0.4424121 -0.7357811 0.5127355 -0.1800688 -0.9438783 0.2768919 -0.9409319 0.2811167 0.1887342 0.0431555 -0.7516944 -0.6580982 -0.3559791 0.01294142 0.9344043 -0.17255 0.8423372 -0.5105827 0.2322187 0.9254758 0.2992808 -0.7876701 0.4931168 0.3693397 -0.5923172 -0.1872465 0.7836447 -0.07888199 -0.9549653 -0.2860399 0.3249694 0.7193866 -0.6139036 0.4871043 -0.7936077 -0.3645769 0.3167957 0.7187245 -0.618931 -0.01359199 -0.974278 -0.2249394 -0.7880932 0.4930748 0.3684919 -0.05009865 0.9679032 0.2462791 -0.2330803 -0.8543754 0.4644527 0.8597781 -0.3611846 -0.3610088 0.7203953 0.6719481 0.1718034 0.5862687 -0.7233436 0.3647781 0.7196819 -0.2200636 -0.6585059 0.7206335 0.2110623 -0.6604089 0.0427638 0.966045 0.2548105 -0.4294787 0.5402797 0.7236339 -0.5969767 0.3848825 0.7039065 -0.6722403 -0.2066947 0.710894 -0.04748837 -0.9295727 0.3655674 0.08244684 0.782217 -0.6175267 -0.8606569 0.2373989 -0.4504569 -0.2999315 -0.8544699 -0.4241725 -0.17916 -0.7271091 -0.6627323 -0.9049218 -0.2064572 0.3721449 -0.8295432 0.5298367 0.1764402 0.6659058 0.7052691 0.2432385 0.4981558 -0.5089328 0.7020172 0.4830109 0.6943709 -0.5334318 -0.5011056 0.6879773 0.5249575 -0.4695295 0.7096031 0.5253622 -0.3288072 -0.4997213 0.8013516 -0.5300942 -0.7961621 -0.2917637 0.4476258 0.4081025 -0.7956654 0.5551535 -0.7432458 -0.37335 0.3945985 0.4075075 -0.8235469 -0.267478 -0.9624727 -0.0458451 -0.6260731 0.6965451 0.3505103 -0.5396906 0.001936668 -0.8418612 -0.5710363 0.06951359 -0.8179765 -0.1693046 0.06859891 -0.9831735 -0.7909414 -0.1962559 -0.5795647 -0.9350027 -0.02304081 -0.3538912 -0.9529248 -0.2912661 0.08425201 -0.9335916 0.2940502 -0.2047957 -0.6114317 0.4877131 -0.623127 -0.9302826 0.1006882 -0.352755 -0.3631141 -0.02624044 -0.9313751 -0.8949271 -0.2691204 0.3559208 0.695628 -0.2341849 -0.6791607 -0.5446652 0.8256477 -0.1471252 -0.8280275 0.5114405 0.2297803 0.4927387 -0.8429521 -0.2159635 -0.1922452 0.8824214 -0.4293883 -0.2017538 -0.2088259 -0.9569154 -0.2217166 -0.004844099 -0.9750991 -0.6104183 -0.5973481 -0.5201585 -0.408382 0.02509374 -0.9124661 -0.7000901 0.3353653 -0.6303999 -0.9906664 0.005525978 -0.1361965 -0.8985718 0.09715329 -0.4279368 -0.709337 0.2651076 -0.6531147 -0.5844029 0.002908533 -0.8114583 -0.3686454 -0.02784208 -0.9291531 -0.6474888 -0.4495218 -0.6153766 -0.9371316 -0.02388836 -0.3481576 -0.7510169 -0.5916118 -0.2932048 -0.7071062 0 0.7071074 -0.752467 -0.01628494 0.6584287 -0.3769072 0.9219937 0.08870462 -0.5621102 0.7847571 0.261129 -0.587092 0.557355 0.5870931 -0.4071263 0.9098575 0.08004737 0.4980077 0.1295209 -0.8574454 0.4916592 0.6948872 -0.5247886 -0.2316571 0.8858171 -0.4020735 0.7071074 0 -0.7071062 0.6565288 0.01432991 -0.7541648 -0.1614053 -0.95187 -0.2605605 0.1876656 -0.8415781 -0.5064858 0.5155202 -0.6844552 -0.5155193 -0.1642045 -0.9471789 -0.2754797 -0.4744847 -0.7265817 0.4969338 -0.546742 -0.8286234 0.1202355 -0.7071075 -5.086839e-07 -0.7071061 -0.707103 1.49374e-07 -0.7071106 -0.7071005 0 -0.707113 -0.680492 -0.005481483 -0.732735 -0.6912528 0.0127404 -0.7225007 -0.7503525 0.1536839 -0.6429248 -0.702503 -0.01131515 -0.7115908 -0.6942892 0.009031503 -0.7196395 -0.6583843 0.02420567 -0.7522926 -0.6991051 -0.1360004 -0.7019658 -0.5911815 0.6524122 -0.4741971 -0.703132 0.05925328 -0.7085863 -0.6798974 -0.06691018 -0.7302484 -0.7071093 -8.109282e-07 -0.7071043 -0.7071047 0 -0.7071089 -0.7071046 0 -0.7071089 -0.7243912 0.003097021 -0.6893822 -0.3526077 -0.829796 -0.4325579 0.5021197 -0.8484914 0.1671468 0.492614 -0.007792925 -0.870213 0.7071092 0 -0.7071044 0.1170304 0.9862089 -0.1170297 0.1139073 0.9860374 -0.1214711 -0.1846733 0.9652942 0.1846694 -0.7071139 0 0.7070996 -0.7071139 0 0.7070996 -0.2046739 -0.9571932 0.2046698 0.2133828 -0.8757237 0.4331002 -0.4113214 -0.1911777 -0.8912159 0.5058258 0.05895704 0.8606186 -0.6359581 -0.3682395 -0.6782012 0.5447516 0.2779725 -0.7911871 0.6644247 0.7036002 0.2519655 -0.8117982 -0.4856799 0.3241894 -0.9726484 -0.1614011 -0.1670469 0.6179315 -0.6009431 -0.5069794 0.5359891 -0.1137382 0.8365281 0.7071065 4.34367e-07 0.7071071 0.6980373 0.1173506 0.7063801 0.7478281 -0.07913736 0.6591589 0.781989 0.04882415 0.621377 0.6729002 0.1377502 0.7267944 0.6360258 0.08411834 0.7670693 0.7071065 -2.113319e-07 0.7071071 0.7071065 -2.823417e-07 0.7071071 0.4622865 -0.01465223 0.8866095 0.707108 -1.440917e-06 0.7071056 0.7071037 0 0.7071099 0.7071052 2.107107e-07 0.7071083 0.70711 1.603833e-06 0.7071035 0.7071068 0 0.7071068 0.7071058 1.355474e-06 0.7071078 0.7071069 6.414039e-07 0.7071066 0.7071066 -8.508136e-07 0.707107 0.3077393 0.5752841 -0.7578554 0.7071069 -2.266693e-07 0.7071066 0.7071056 0 0.7071079 0.7071064 1.270493e-07 0.7071072 -0.6259433 0.4651775 0.6259432 -0.6249745 0.4731821 0.6208909 -0.1503406 0.9681987 0.1999722 -0.1524337 0.9625596 0.2241494 -0.5366675 0.6720319 0.5102558 0.5607401 0.8161213 -0.1397018 0.6368501 0.5954728 -0.4897287 0.5404499 0.1974852 -0.8178714 0.7071068 0 -0.7071068 0.1253292 -0.5145985 -0.8482223 0.577714 -0.2017807 -0.7909053 0.4561052 -0.8475582 -0.2713174 -0.05256818 -0.9984893 0.01598787 -0.09767972 -0.963101 0.2507888 -0.5540493 -0.6426863 0.5291349 -0.6060919 -0.4649988 0.645313 -0.7239922 -0.01355637 0.689675 -0.7071068 0 0.7071068 0.7071306 -1.452638e-05 0.7070829 0.7071306 0 0.7070829 0.7071306 0 0.7070829 0.7071307 1.451536e-05 0.707083 0.7071247 0 0.7070889 0.7071247 0 0.7070889 -0.5508031 -0.3367649 0.7636788 -0.4245028 -0.8519143 0.3066586 -0.7035483 0 0.7106475 -0.6785786 0.0213516 0.7342173 -0.1178283 0.9507535 0.2866781 -0.3685036 0.8548852 0.3652075 0.6762874 0.2773131 -0.6824463 0.4370953 0.8607141 -0.2609961 0.1635318 0.9686626 -0.186949 0.7206652 0.01507536 -0.6931194 0.7071074 0 -0.7071061 0.1641914 -0.9686772 -0.1862945 0.7531853 -0.2869144 -0.5919392 0.7507744 -0.2757409 -0.6002539 0.1378634 -0.9886888 -0.05906088 0.6550826 0.02136858 0.755255 0.699067 0.06527789 0.7120703 0.7479272 0.02164781 0.6634276 0.7743825 -0.002141031 0.6327142 0.7254552 -0.1071113 0.6798838 0.7479736 0.0185636 0.6634688 0.6564324 0.01370491 0.7542603 0.6371636 -0.001424815 0.7707272 0.6638926 -0.09587874 0.7416562 -0.2676967 -0.9633406 0.01770128 -0.6892883 0.2714467 0.671713 0.5847869 -0.7014682 -0.4073901 0.4306831 -0.8540081 -0.2918601 0.4252226 0.4665823 -0.7755556 -0.1127624 0.983705 0.1400326 0.7216582 0.05334578 0.690191 0.7540314 -0.007043272 0.6568006 0.7626575 -0.02501083 0.6463189 0.7104738 -0.05044352 0.7019135 0.7153379 -0.0363244 0.697834 0.6836262 0.04438121 0.7284817 0.6530278 0.01266759 0.7572281 0.6540387 -0.0305608 0.7558436 0.7765393 -0.02631204 0.6295192 0.9737481 0.1691859 -0.1522853 0.6665541 0.06787224 0.7423605 0.5239139 -0.8132377 0.2532956 0.7196221 0.01519245 0.6941997 -0.4696446 0.7044333 0.5321726 0.708661 -0.03796 0.7045273 0.6589266 -0.0004868423 0.752207 0.6595186 3.116252e-05 0.7516882 0.6932615 -0.05454927 0.7186186 0.6505733 0.08397252 0.7547867 0.7329947 -0.0313691 0.6795107 0.6941015 0.04327659 0.7185753 -0.2018955 -0.9724117 0.1168494 0.1740768 0.959637 0.2208938 0.772716 -0.009108963 0.6346865 0.7141603 0.04127819 0.698764 0.7159674 -0.02724752 0.6976017 0.7192215 0.01512783 0.6946162 0.7216343 0.01462452 0.69212 0.6994307 -0.02166927 0.7143719 0.6961756 -0.008531199 0.7178208 0.7502965 0.01012826 0.6610239 0.7439413 0.00175255 0.6682427 0.7500958 0.004838949 0.6613115 0.5850374 -0.3401399 -0.7362311 0.08043691 -0.9847496 0.1542669 0.6630176 -0.1692537 -0.7292194 0.6294948 0.1200158 -0.7676799 0.7102985 0.007380656 -0.703862 0.6490176 -0.1176798 -0.7516167 0.6465882 0.6408969 -0.4137329 0.6125671 0.4624847 -0.6409909 0.2464939 0.9654667 0.08434954 -0.2716682 0.9566228 0.1052096 -0.6163231 0.2899321 0.7321784 -0.639267 -0.07655817 0.7651644 -0.7646981 0.07588875 0.6399045 -0.7304475 -0.2949339 0.6160036 0.03575378 -0.9848255 0.1698245 0.03421725 -0.9830301 0.1802249 -0.8367017 -0.2380254 0.4932284 -0.08440126 -0.9740452 0.2100294 0.5088023 -0.4944439 -0.7047308 0.364182 0.9280135 -0.07850046 -0.4374124 0.7229887 0.5347501 -0.7394462 0.0004759915 0.6732155 -0.1573421 -0.9635433 0.2163973 -0.07562499 -0.9927921 0.09297745 0.7998854 -0.04552528 -0.5984236 0.2451962 0.8057554 -0.5391077 -0.4145537 0.6762459 0.6089636 -0.5118992 -0.8383556 0.1874011 0.5617105 0.7896792 -0.2467548 0.505097 -0.1360862 -0.8522662 -0.6836114 0.2595617 0.6821313 -0.2643189 0.9638985 0.0321755 -0.08423567 -0.9870424 0.1365717 -0.09883895 -0.980487 0.1699297 0.3239916 0.85514 -0.4046789 0.7462064 0.4228215 -0.5141965 -0.8281786 0.3502954 0.437508 0.2229841 0.9666882 0.1256664 -0.5678134 -0.7911428 0.2273345 -0.2580027 -0.9584375 0.1217871 0.6860819 0.2973894 -0.6639662 0.6405647 0.6520826 -0.4055431 0.6820374 0.06150913 0.728726 -0.7796692 -0.3627098 -0.5104483 0.6243569 -0.09299133 0.7755844 0.8298162 -0.0155652 0.5578197 0.9270227 0.01278517 0.3747873 0.6826205 0.06690279 0.727704 -0.4476527 0.8687785 0.211733 -0.4773873 0.8321833 0.2820857 -0.4592997 -0.8687002 0.1854828 -0.2733775 -0.9534767 0.1270708 0.6113418 -0.08000806 -0.7873118 0.6519188 0.07924053 -0.754137 0.05461467 0.9977628 0.03855745 -0.05620877 0.893423 0.4456859 -0.6412194 -0.1960867 0.7418812 0.5507467 -0.642302 -0.533035 0.5441336 -0.7380908 -0.3989243 -0.4951922 0.8034481 0.3305387 -0.7995908 -0.5917276 0.1025322 -0.7071065 6.476356e-07 -0.7071071 -0.7071064 2.568379e-07 -0.7071072 -0.7071085 -1.206916e-06 -0.707105 -0.7071093 1.13323e-05 -0.7071043 -0.7071103 -1.616353e-06 -0.7071033 -0.7071051 -2.66482e-06 -0.7071085 -0.7071078 1.597112e-06 -0.7071058 -0.7071109 1.631698e-07 -0.7071027 -0.7071087 9.315911e-07 -0.7071048 -0.7071087 8.103399e-07 -0.7071048 -0.7071065 -1.241118e-06 -0.707107 -0.7071064 5.043299e-07 -0.7071072 -0.7071068 0 -0.7071068 -0.3606719 0.9297796 -0.07365922 -0.7071068 -1.252431e-06 -0.7071068 -0.7071045 1.504325e-06 -0.707109 -0.09280099 0.6823596 -0.7251024 -0.9880144 0.09334147 0.1229427 -0.7071078 5.287766e-07 -0.7071058 -0.7071075 1.032918e-07 -0.7071062 -0.7071084 2.579754e-06 -0.707105 -0.2123775 -0.7926815 -0.5714472 0.0913293 -0.06217034 -0.9938781 -0.7597386 -0.55645 0.3363935 -0.707109 -3.795061e-07 -0.7071046 -0.04564727 0.8439857 -0.5344197 -0.7071081 -1.800941e-06 -0.7071054 -0.7071093 -1.277666e-05 -0.7071043 -0.7071069 -3.533867e-06 -0.7071066 -0.7071077 -1.310916e-06 -0.7071058 -0.8470246 0.2677104 0.4592173 0.1650747 0.9685389 0.1862332 -0.4212881 -0.892962 0.1585408 0.2470607 -0.9547315 -0.1656768 0.5948951 -0.1008601 -0.7974504 0.2795651 0.9386058 -0.2021443</float_array>
          <technique_common>
            <accessor count="4158" source="#cubenormals-array0-array" stride="3">
              <param type="float" name="X"/>
              <param type="float" name="Y"/>
              <param type="float" name="Z"/>
            </accessor>
          </technique_common>
        </source>
        <vertices id="cubeverts-array0-vertices">
          <input semantic="POSITION" source="#cubeverts-array0"/>
        </vertices>
        <triangles count="4158" material="ref_link_4_r_stl">
          <input offset="0" semantic="VERTEX" source="#cubeverts-array0-vertices"/>
          <input offset="1" semantic="NORMAL" source="#cubenormals-array0"/>
          <p>31 0 34 0 35 0 42 1 36 1 35 1 35 2 36 2 26 2 30 3 20 3 15 3 19 4 30 4 15 4 18 5 14 5 28 5 14 6 25 6 28 6 17 7 21 7 13 7 29 8 33 8 31 8 32 9 33 9 28 9 28 10 33 10 29 10 26 11 31 11 35 11 21 12 29 12 31 12 25 13 32 13 28 13 32 14 25 14 24 14 32 15 24 15 23 15 32 16 23 16 22 16 22 17 30 17 32 17 30 18 22 18 20 18 31 19 26 19 16 19 16 20 21 20 31 20 29 21 21 21 17 21 29 22 17 22 18 22 18 23 28 23 29 23 26 24 4 24 6 24 16 25 6 25 7 25 6 26 16 26 26 26 21 27 7 27 13 27 7 28 21 28 16 28 10 29 17 29 13 29 10 30 14 30 18 30 17 31 10 31 18 31 25 32 14 32 12 32 12 33 24 33 25 33 11 34 24 34 12 34 24 35 11 35 23 35 11 36 22 36 23 36 22 37 11 37 9 37 8 38 15 38 20 38 20 39 9 39 8 39 9 40 20 40 22 40 27 41 15 41 5 41 15 42 27 42 19 42 4 43 26 43 36 43 36 44 2 44 4 44 2 45 36 45 41 45 41 46 36 46 42 46 5 47 10 47 13 47 7 48 5 48 13 48 7 49 3 49 5 49 3 50 7 50 6 50 4 51 3 51 6 51 1 52 2 52 0 52 2 53 1 53 3 53 2 54 3 54 4 54 14 55 11 55 12 55 11 56 8 56 9 56 11 57 14 57 8 57 8 58 14 58 15 58 15 59 14 59 10 59 15 60 10 60 5 60 27 61 5 61 3 61 27 62 3 62 40 62 38 63 0 63 37 63 0 64 38 64 1 64 2 65 37 65 0 65 41 66 43 66 37 66 37 67 2 67 41 67 42 68 46 68 41 68 46 69 42 69 47 69 171 70 118 70 173 70 116 71 118 71 171 71 53 72 55 72 49 72 53 73 49 73 46 73 46 74 49 74 43 74 46 75 43 75 41 75 53 76 46 76 47 76 173 77 118 77 181 77 118 78 55 78 53 78 55 79 118 79 116 79 181 80 114 80 251 80 52 81 114 81 118 81 118 82 114 82 181 82 53 83 47 83 52 83 53 84 52 84 118 84 40 85 38 85 44 85 1 86 40 86 3 86 40 87 1 87 38 87 45 88 27 88 40 88 27 89 45 89 39 89 39 90 35 90 34 90 35 91 39 91 42 91 42 92 39 92 45 92 45 93 47 93 42 93 45 94 52 94 47 94 52 95 45 95 51 95 34 96 31 96 33 96 34 97 33 97 32 97 34 98 32 98 30 98 30 99 39 99 34 99 27 100 30 100 19 100 30 101 27 101 39 101 45 102 48 102 50 102 48 103 45 103 40 103 51 104 45 104 50 104 44 105 48 105 40 105 54 106 50 106 48 106 169 107 117 107 172 107 51 108 50 108 56 108 51 109 56 109 115 109 160 110 115 110 56 110 213 111 115 111 160 111 50 112 54 112 56 112 117 113 56 113 54 113 56 114 117 114 160 114 169 115 160 115 117 115 160 116 169 116 213 116 172 117 539 117 540 117 539 118 172 118 117 118 539 119 117 119 54 119 48 120 55 120 54 120 55 121 539 121 54 121 539 122 55 122 116 122 539 123 116 123 171 123 37 124 44 124 38 124 44 125 37 125 43 125 43 126 48 126 44 126 48 127 43 127 49 127 48 128 49 128 55 128 498 129 115 129 213 129 251 130 498 130 497 130 498 131 251 131 114 131 52 132 51 132 114 132 114 133 51 133 115 133 115 134 498 134 114 134 498 135 495 135 497 135 495 136 498 136 496 136 496 137 543 137 547 137 543 138 496 138 172 138 543 139 172 139 540 139 498 140 172 140 496 140 172 141 498 141 213 141 213 142 169 142 172 142 495 143 251 143 497 143 542 144 495 144 546 144 173 145 181 145 251 145 251 146 495 146 173 146 173 147 495 147 171 147 495 148 542 148 171 148 171 149 542 149 539 149 539 150 543 150 540 150 543 151 539 151 542 151 544 152 547 152 543 152 547 153 544 153 548 153 1228 154 544 154 1226 154 544 155 1228 155 548 155 542 156 545 156 541 156 545 157 542 157 546 157 1225 158 545 158 1227 158 545 159 1225 159 541 159 1229 160 1227 160 1233 160 1227 161 1229 161 1225 161 1233 162 1230 162 1229 162 1230 163 1233 163 1234 163 1217 164 1223 164 1219 164 1223 165 1217 165 1221 165 1221 166 1234 166 1223 166 1234 167 1221 167 1230 167 1217 168 1220 168 1218 168 1220 169 1217 169 1219 169 547 170 495 170 496 170 495 171 547 171 546 171 1227 172 1234 172 1233 172 1234 173 1227 173 545 173 1236 174 548 174 1228 174 548 175 1236 175 1235 175 548 176 1235 176 1224 176 1224 177 547 177 548 177 547 178 1224 178 1220 178 546 179 547 179 1220 179 1219 180 546 180 1220 180 1219 181 545 181 546 181 545 182 1219 182 1223 182 1234 183 545 183 1223 183 1229 184 541 184 1225 184 1226 185 1231 185 1232 185 1231 186 1226 186 544 186 541 187 1229 187 1230 187 541 188 1230 188 1221 188 1221 189 542 189 541 189 542 190 1221 190 1217 190 1217 191 543 191 542 191 543 192 1217 192 1218 192 1218 193 544 193 543 193 544 194 1218 194 1222 194 1231 195 544 195 1222 195 1231 196 1224 196 1235 196 1224 197 1231 197 1222 197 1222 198 1220 198 1224 198 1220 199 1222 199 1218 199 1232 200 1235 200 1236 200 1235 201 1232 201 1231 201 1236 202 1226 202 1232 202 1226 203 1236 203 1228 203 1110 204 1086 204 1065 204 1108 205 1086 205 1110 205 1065 206 1086 206 1108 206 1065 207 1108 207 1110 207 766 208 740 208 717 208 765 209 740 209 766 209 717 210 740 210 765 210 717 211 765 211 766 211 708 212 741 212 767 212 722 213 741 213 708 213 767 214 741 214 722 214 767 215 722 215 708 215 1100 216 1087 216 1103 216 1049 217 1087 217 1100 217 1103 218 1087 218 1049 218 1103 219 1049 219 1100 219 1638 220 1673 220 1656 220 1638 221 1626 221 1673 221 1638 222 1609 222 1626 222 1638 223 1656 223 1609 223 1673 224 1674 224 1656 224 1621 225 1656 225 1674 225 1656 226 1621 226 1609 226 1603 227 1609 227 1621 227 1609 228 1603 228 1626 228 1655 229 1626 229 1603 229 1626 230 1655 230 1673 230 1674 231 1673 231 1655 231 1674 232 1655 232 1603 232 1652 233 1621 233 1674 233 1621 234 1652 234 1605 234 1621 235 1605 235 1579 235 1621 236 1579 236 1569 236 1569 237 1603 237 1621 237 1603 238 1569 238 1568 238 1603 239 1568 239 1581 239 1603 240 1581 240 1607 240 1603 241 1607 241 1654 241 1654 242 1674 242 1603 242 1674 243 1654 243 1716 243 1674 244 1716 244 1728 244 1674 245 1728 245 1736 245 1674 246 1736 246 1729 246 1674 247 1729 247 1714 247 1674 248 1714 248 1652 248 1736 249 1727 249 1729 249 1717 250 1729 250 1727 250 1729 251 1717 251 1714 251 1651 252 1714 252 1717 252 1714 253 1651 253 1652 253 1604 254 1652 254 1651 254 1652 255 1604 255 1605 255 1578 256 1605 256 1604 256 1605 257 1578 257 1579 257 1567 258 1579 258 1578 258 1579 259 1567 259 1569 259 1566 260 1569 260 1567 260 1569 261 1566 261 1568 261 1580 262 1568 262 1566 262 1568 263 1580 263 1581 263 1606 264 1581 264 1580 264 1581 265 1606 265 1607 265 1653 266 1607 266 1606 266 1607 267 1653 267 1654 267 1715 268 1654 268 1653 268 1654 269 1715 269 1716 269 1726 270 1716 270 1715 270 1716 271 1726 271 1728 271 1735 272 1728 272 1726 272 1728 273 1735 273 1736 273 1727 274 1736 274 1735 274 1717 275 1735 275 1726 275 1717 276 1727 276 1735 276 1717 277 1567 277 1578 277 1717 278 1578 278 1604 278 1717 279 1604 279 1651 279 1717 280 1606 280 1580 280 1717 281 1580 281 1566 281 1717 282 1566 282 1567 282 1715 283 1717 283 1726 283 1717 284 1715 284 1653 284 1717 285 1653 285 1606 285 1590 286 1591 286 1586 286 1591 287 1589 287 1586 287 1590 288 1589 288 1591 288 1586 289 1589 289 1590 289 1710 290 1721 290 1722 290 1722 291 1718 291 1710 291 1721 292 1718 292 1722 292 1710 293 1718 293 1721 293 1132 294 1141 294 1055 294 1055 295 1062 295 1132 295 1062 296 1055 296 1033 296 1033 297 1038 297 1062 297 1033 298 1132 298 1038 298 1132 299 1033 299 1141 299 1038 300 775 300 824 300 1038 301 824 301 1062 301 746 302 677 302 824 302 746 303 674 303 677 303 746 304 775 304 674 304 824 305 823 305 734 305 734 306 746 306 824 306 746 307 734 307 776 307 776 308 775 308 746 308 776 309 824 309 775 309 824 310 776 310 823 310 674 311 775 311 863 311 863 312 775 312 1038 312 1157 313 863 313 1038 313 1157 314 1038 314 1132 314 677 315 968 315 824 315 1062 316 824 316 968 316 1062 317 968 317 1162 317 1132 318 1062 318 1162 318 677 319 646 319 968 319 646 320 677 320 628 320 628 321 677 321 674 321 1215 322 1157 322 1162 322 1157 323 1132 323 1162 323 1196 324 1157 324 1215 324 659 325 968 325 646 325 659 326 993 326 968 326 659 327 476 327 587 327 476 328 659 328 455 328 659 329 587 329 684 329 646 330 455 330 659 330 684 331 993 331 659 331 1166 332 1162 332 1119 332 968 333 1119 333 1162 333 968 334 993 334 1119 334 684 335 943 335 993 335 697 336 587 336 476 336 697 337 684 337 587 337 684 338 697 338 827 338 943 339 684 339 827 339 362 340 455 340 646 340 358 341 252 341 281 341 455 342 394 342 434 342 394 343 455 343 358 343 358 344 348 344 394 344 358 345 314 345 348 345 314 346 358 346 281 346 455 347 362 347 358 347 455 348 434 348 476 348 827 349 911 349 943 349 943 350 1119 350 993 350 1119 351 943 351 911 351 911 352 738 352 924 352 738 353 827 353 697 353 827 354 738 354 911 354 1119 355 911 355 924 355 614 356 670 356 622 356 648 357 670 357 669 357 669 358 738 358 697 358 738 359 669 359 670 359 670 360 614 360 618 360 658 361 670 361 618 361 658 362 704 362 670 362 704 363 738 363 670 363 670 364 648 364 622 364 476 365 669 365 697 365 669 366 476 366 434 366 434 367 648 367 669 367 648 368 434 368 394 368 394 369 622 369 648 369 622 370 394 370 348 370 348 371 614 371 622 371 614 372 348 372 314 372 609 373 613 373 665 373 613 374 609 374 605 374 609 375 600 375 605 375 600 376 609 376 599 376 609 377 601 377 599 377 601 378 609 378 618 378 601 379 618 379 606 379 606 380 618 380 614 380 618 381 609 381 624 381 609 382 657 382 624 382 657 383 609 383 665 383 613 384 277 384 313 384 277 385 613 385 605 385 605 386 275 386 277 386 275 387 605 387 600 387 600 388 273 388 275 388 273 389 600 389 599 389 599 390 276 390 273 390 276 391 599 391 601 391 606 392 276 392 601 392 606 393 292 393 276 393 614 394 292 394 606 394 292 395 614 395 314 395 696 396 665 396 656 396 656 397 665 397 621 397 621 398 665 398 613 398 665 399 796 399 835 399 665 400 696 400 796 400 277 401 278 401 313 401 269 402 271 402 278 402 269 403 281 403 252 403 278 404 277 404 275 404 275 405 269 405 278 405 269 406 275 406 273 406 269 407 273 407 276 407 276 408 281 408 269 408 281 409 276 409 292 409 314 410 281 410 292 410 461 411 696 411 656 411 313 412 621 412 613 412 621 413 313 413 372 413 372 414 656 414 621 414 656 415 372 415 430 415 461 416 656 416 430 416 961 417 1137 417 835 417 961 418 1032 418 1137 418 796 419 696 419 826 419 942 420 796 420 826 420 961 421 835 421 796 421 796 422 942 422 961 422 1032 423 961 423 942 423 1137 424 1018 424 1164 424 1018 425 1137 425 1032 425 1018 426 1032 426 925 426 452 427 652 427 629 427 925 428 1032 428 682 428 1018 429 925 429 629 429 925 430 682 430 629 430 682 431 461 431 452 431 452 432 629 432 682 432 1018 433 629 433 652 433 313 434 351 434 372 434 430 435 452 435 461 435 360 436 278 436 271 436 652 437 452 437 360 437 430 438 351 438 452 438 351 439 430 439 372 439 360 440 452 440 351 440 351 441 313 441 278 441 278 442 360 442 351 442 942 443 682 443 1032 443 682 444 942 444 826 444 682 445 826 445 696 445 682 446 696 446 461 446 1173 447 623 447 644 447 623 448 1173 448 1179 448 1157 449 1196 449 1202 449 1157 450 1202 450 863 450 1173 451 863 451 1202 451 863 452 1173 452 644 452 607 453 863 453 644 453 863 454 607 454 674 454 607 455 532 455 674 455 607 456 570 456 508 456 570 457 459 457 508 457 607 458 644 458 570 458 623 459 570 459 644 459 1181 460 623 460 1179 460 570 461 623 461 486 461 623 462 1181 462 486 462 1181 463 463 463 486 463 463 464 1181 464 1183 464 463 465 1183 465 443 465 1682 466 1504 466 1698 466 1504 467 1682 467 1497 467 1497 468 1373 468 1504 468 1373 469 1497 469 1366 469 1516 470 1698 470 1504 470 1504 471 1379 471 1516 471 1379 472 1504 472 1373 472 1196 473 1379 473 1202 473 1373 474 1202 474 1379 474 1202 475 1373 475 1173 475 1366 476 1173 476 1373 476 1173 477 1366 477 1179 477 1698 478 1520 478 1702 478 1520 479 1698 479 1516 479 1516 480 1436 480 1520 480 1379 481 1436 481 1516 481 1436 482 1379 482 1383 482 1379 483 1196 483 1383 483 1356 484 1183 484 1181 484 1183 485 1356 485 1346 485 1512 486 1346 486 1356 486 1346 487 1512 487 1487 487 1672 488 1497 488 1682 488 1487 489 1672 489 1661 489 1672 490 1487 490 1512 490 1497 491 1672 491 1512 491 1356 492 1497 492 1512 492 1497 493 1356 493 1366 493 1181 494 1366 494 1356 494 1366 495 1181 495 1179 495 1734 496 1661 496 1672 496 1739 497 1672 497 1682 497 1672 498 1739 498 1734 498 1801 499 1734 499 1739 499 1734 500 1801 500 1796 500 1849 501 1796 501 1801 501 1876 502 1796 502 1849 502 1796 503 1876 503 1806 503 1661 504 1734 504 1723 504 1796 505 1723 505 1734 505 1806 506 1723 506 1796 506 1723 507 1806 507 1754 507 1770 508 1801 508 1739 508 1849 509 1835 509 1892 509 1892 510 1876 510 1849 510 1702 511 1770 511 1698 511 1739 512 1698 512 1770 512 1698 513 1739 513 1682 513 1770 514 1702 514 1749 514 1801 515 1770 515 1835 515 1835 516 1849 516 1801 516 1770 517 1749 517 1773 517 1770 518 1773 518 1792 518 1792 519 1835 519 1770 519 1835 520 1792 520 1828 520 1835 521 1828 521 1867 521 1867 522 1892 522 1835 522 1892 523 1867 523 1886 523 1892 524 1886 524 1897 524 1876 525 1892 525 1894 525 1894 526 1892 526 1900 526 1897 527 1900 527 1892 527 1900 528 1897 528 1903 528 1703 529 1749 529 1702 529 1749 530 1703 530 1774 530 1749 531 1774 531 1773 531 1774 532 1792 532 1773 532 1826 533 1792 533 1774 533 1792 534 1826 534 1828 534 1826 535 1867 535 1828 535 1867 536 1826 536 1884 536 1867 537 1884 537 1886 537 1884 538 1897 538 1886 538 1902 539 1897 539 1884 539 1897 540 1902 540 1903 540 399 541 508 541 459 541 508 542 445 542 607 542 445 543 532 543 607 543 508 544 399 544 416 544 445 545 508 545 416 545 445 546 362 546 532 546 445 547 416 547 334 547 334 548 416 548 399 548 405 549 463 549 443 549 463 550 405 550 459 550 459 551 486 551 463 551 459 552 570 552 486 552 405 553 397 553 354 553 365 554 397 554 375 554 397 555 365 555 354 555 375 556 397 556 390 556 443 557 397 557 405 557 399 558 459 558 414 558 459 559 405 559 414 559 405 560 354 560 324 560 325 561 354 561 365 561 414 562 405 562 324 562 324 563 399 563 414 563 399 564 324 564 323 564 399 565 323 565 334 565 291 566 296 566 325 566 354 567 325 567 296 567 324 568 354 568 296 568 264 569 323 569 324 569 323 570 264 570 262 570 262 571 334 571 323 571 334 572 262 572 267 572 324 573 296 573 265 573 264 574 324 574 265 574 315 575 334 575 267 575 334 576 315 576 445 576 315 577 362 577 445 577 250 578 296 578 291 578 296 579 250 579 249 579 315 580 267 580 214 580 249 581 265 581 296 581 362 582 315 582 214 582 196 583 166 583 214 583 200 584 265 584 249 584 264 585 187 585 198 585 196 586 214 586 267 586 267 587 198 587 196 587 198 588 267 588 262 588 264 589 198 589 262 589 183 590 200 590 206 590 249 591 206 591 200 591 206 592 249 592 250 592 265 593 200 593 187 593 187 594 264 594 265 594 362 595 214 595 252 595 155 596 214 596 166 596 155 597 163 597 252 597 252 598 214 598 155 598 163 599 155 599 113 599 109 600 200 600 183 600 200 601 109 601 108 601 108 602 187 602 200 602 187 603 108 603 106 603 106 604 198 604 187 604 198 605 106 605 95 605 95 606 196 606 198 606 196 607 95 607 166 607 155 608 88 608 113 608 91 609 109 609 92 609 109 610 91 610 108 610 91 611 106 611 108 611 91 612 95 612 106 612 166 613 95 613 84 613 84 614 155 614 166 614 88 615 155 615 84 615 84 616 95 616 75 616 91 617 75 617 95 617 92 618 75 618 91 618 75 619 92 619 76 619 163 620 111 620 179 620 111 621 163 621 113 621 88 622 111 622 113 622 111 623 88 623 86 623 111 624 159 624 179 624 179 625 159 625 201 625 96 626 111 626 86 626 86 627 82 627 96 627 102 628 96 628 80 628 80 629 100 629 102 629 100 630 80 630 78 630 78 631 99 631 100 631 89 632 78 632 57 632 99 633 89 633 97 633 89 634 99 634 78 634 80 635 96 635 82 635 96 636 194 636 201 636 159 637 96 637 201 637 96 638 159 638 111 638 182 639 99 639 97 639 99 640 182 640 190 640 194 641 96 641 102 641 102 642 192 642 194 642 102 643 185 643 192 643 185 644 102 644 100 644 100 645 190 645 185 645 190 646 100 646 99 646 194 647 258 647 259 647 236 648 190 648 205 648 190 649 236 649 237 649 237 650 185 650 190 650 185 651 237 651 255 651 255 652 192 652 185 652 192 653 255 653 256 653 259 654 201 654 194 654 201 655 259 655 268 655 192 656 256 656 258 656 258 657 194 657 192 657 205 658 190 658 182 658 179 659 201 659 268 659 179 660 268 660 360 660 268 661 259 661 310 661 294 662 255 662 237 662 236 663 294 663 237 663 294 664 236 664 284 664 356 665 268 665 310 665 268 666 356 666 360 666 259 667 320 667 310 667 318 668 294 668 367 668 367 669 308 669 331 669 308 670 367 670 294 670 308 671 294 671 284 671 320 672 259 672 258 672 256 673 320 673 258 673 320 674 256 674 318 674 318 675 256 675 255 675 255 676 294 676 318 676 403 677 356 677 310 677 356 678 433 678 360 678 356 679 403 679 435 679 433 680 356 680 435 680 360 681 433 681 509 681 674 682 532 682 628 682 1193 683 1164 683 1018 683 1215 684 1164 684 1193 684 1166 685 1215 685 1162 685 1164 686 1215 686 1166 686 628 687 532 687 362 687 646 688 628 688 362 688 358 689 362 689 252 689 163 690 271 690 269 690 271 691 163 691 179 691 252 692 163 692 269 692 652 693 360 693 509 693 652 694 509 694 637 694 637 695 1018 695 652 695 1018 696 637 696 1193 696 179 697 360 697 271 697 435 698 403 698 494 698 509 699 581 699 637 699 531 700 435 700 494 700 581 701 435 701 531 701 435 702 581 702 433 702 509 703 433 703 581 703 422 704 457 704 413 704 320 705 403 705 310 705 403 706 457 706 494 706 457 707 403 707 413 707 367 708 331 708 364 708 320 709 413 709 403 709 413 710 320 710 318 710 318 711 422 711 413 711 422 712 318 712 367 712 581 713 632 713 637 713 531 714 494 714 580 714 494 715 457 715 580 715 625 716 630 716 580 716 632 717 580 717 630 717 580 718 632 718 581 718 580 719 581 719 531 719 437 720 457 720 422 720 457 721 437 721 466 721 457 722 466 722 484 722 457 723 484 723 580 723 1214 724 625 724 1208 724 625 725 1214 725 630 725 1185 726 630 726 1214 726 630 727 1185 727 632 727 1193 728 632 728 1185 728 632 729 1193 729 637 729 374 730 367 730 364 730 367 731 374 731 396 731 396 732 422 732 367 732 387 733 396 733 374 733 422 734 396 734 437 734 1204 735 466 735 437 735 1206 736 466 736 1204 736 466 737 1206 737 484 737 1208 738 484 738 1206 738 484 739 1208 739 625 739 580 740 484 740 625 740 1513 741 1663 741 1720 741 1663 742 1513 742 1489 742 1358 743 1489 743 1513 743 1489 744 1358 744 1348 744 1206 745 1362 745 1208 745 1348 746 1206 746 1204 746 1206 747 1348 747 1358 747 1362 748 1206 748 1358 748 1513 749 1362 749 1358 749 1362 750 1513 750 1536 750 1720 751 1536 751 1513 751 1536 752 1720 752 1684 752 1707 753 1517 753 1700 753 1185 754 1381 754 1193 754 1381 755 1185 755 1377 755 1377 756 1437 756 1381 756 1437 757 1377 757 1517 757 1437 758 1517 758 1521 758 1517 759 1707 759 1521 759 1505 760 1700 760 1517 760 1517 761 1375 761 1505 761 1375 762 1517 762 1377 762 1377 763 1214 763 1375 763 1214 764 1377 764 1185 764 1700 765 1536 765 1684 765 1536 766 1700 766 1505 766 1505 767 1362 767 1536 767 1362 768 1505 768 1375 768 1375 769 1208 769 1362 769 1208 770 1375 770 1214 770 1724 771 1720 771 1663 771 1720 772 1724 772 1781 772 1755 773 1781 773 1724 773 1781 774 1755 774 1807 774 1684 775 1720 775 1769 775 1781 776 1769 776 1720 776 1769 777 1781 777 1816 777 1816 778 1781 778 1851 778 1807 779 1851 779 1781 779 1851 780 1807 780 1877 780 1904 781 1871 781 1901 781 1700 782 1751 782 1707 782 1751 783 1700 783 1746 783 1746 784 1778 784 1751 784 1778 785 1746 785 1805 785 1871 786 1904 786 1899 786 1888 787 1871 787 1899 787 1871 788 1888 788 1869 788 1869 789 1805 789 1871 789 1805 790 1869 790 1830 790 1805 791 1830 791 1793 791 1778 792 1805 792 1793 792 1901 793 1871 793 1895 793 1895 794 1851 794 1877 794 1851 795 1895 795 1871 795 1871 796 1816 796 1851 796 1816 797 1871 797 1805 797 1805 798 1769 798 1816 798 1769 799 1805 799 1746 799 1746 800 1684 800 1769 800 1684 801 1746 801 1700 801 1751 802 1704 802 1707 802 1704 803 1751 803 1776 803 1776 804 1751 804 1778 804 1793 805 1776 805 1778 805 1793 806 1832 806 1776 806 1832 807 1793 807 1830 807 1869 808 1832 808 1830 808 1832 809 1869 809 1890 809 1905 810 1899 810 1904 810 1899 811 1905 811 1890 811 1899 812 1890 812 1888 812 1890 813 1869 813 1888 813 1877 814 1901 814 1895 814 1905 815 1858 815 1862 815 1858 816 1905 816 1904 816 1901 817 1858 817 1904 817 1901 818 1877 818 1858 818 1877 819 1804 819 1858 819 1804 820 1877 820 1807 820 1807 821 1756 821 1804 821 1756 822 1807 822 1755 822 1755 823 1668 823 1756 823 1668 824 1755 824 1669 824 1639 825 1646 825 1640 825 1646 826 1639 826 1645 826 1645 827 1650 827 1646 827 1650 828 1645 828 1649 828 1649 829 1660 829 1650 829 1660 830 1649 830 1659 830 1659 831 1669 831 1660 831 1669 832 1659 832 1668 832 1641 833 1640 833 1642 833 1640 834 1641 834 1639 834 1633 835 1641 835 1642 835 1641 836 1633 836 1632 836 1625 837 1632 837 1633 837 1632 838 1625 838 1624 838 1619 839 1624 839 1625 839 1624 840 1619 840 1618 840 1613 841 1618 841 1619 841 1618 842 1613 842 1612 842 1863 843 1858 843 1860 843 1858 844 1863 844 1862 844 1860 845 1846 845 1872 845 1804 846 1860 846 1858 846 1860 847 1804 847 1799 847 1846 848 1860 848 1799 848 1799 849 1820 849 1846 849 1820 850 1799 850 1766 850 1766 851 1785 851 1820 851 1766 852 1744 852 1785 852 1744 853 1766 853 1712 853 1712 854 1680 854 1744 854 1756 855 1799 855 1804 855 1799 856 1756 856 1738 856 1738 857 1766 857 1799 857 1766 858 1738 858 1676 858 1676 859 1712 859 1766 859 1863 860 1880 860 1882 860 1880 861 1863 861 1860 861 1860 862 1872 862 1880 862 1846 863 1840 863 1865 863 1872 864 1846 864 1865 864 1872 865 1865 865 1880 865 1695 866 1744 866 1688 866 1688 867 1744 867 1680 867 1744 868 1695 868 1747 868 1762 869 1744 869 1747 869 1762 870 1785 870 1744 870 1785 871 1762 871 1791 871 1813 872 1785 872 1791 872 1813 873 1820 873 1785 873 1820 874 1813 874 1824 874 1840 875 1820 875 1824 875 1820 876 1840 876 1846 876 1676 877 1509 877 1712 877 1712 878 1494 878 1680 878 1494 879 1712 879 1509 879 1354 880 1494 880 1509 880 1494 881 1354 881 1364 881 1212 882 1350 882 1210 882 1509 883 1676 883 1491 883 1350 884 1509 884 1491 884 1509 885 1350 885 1354 885 1350 886 1212 886 1354 886 1212 887 1364 887 1354 887 1364 888 1212 888 1187 888 1865 889 1882 889 1880 889 1882 890 1865 890 1842 890 1842 891 1865 891 1840 891 1824 892 1842 892 1840 892 1842 893 1824 893 1815 893 1815 894 1824 894 1813 894 1791 895 1815 895 1813 895 1791 896 1760 896 1815 896 1692 897 1747 897 1695 897 1747 898 1692 898 1760 898 1747 899 1760 899 1762 899 1760 900 1791 900 1762 900 1680 901 1499 901 1688 901 1499 902 1680 902 1494 902 1494 903 1368 903 1499 903 1368 904 1494 904 1364 904 1364 905 1189 905 1368 905 1189 906 1364 906 1187 906 1192 907 1368 907 1189 907 1688 908 1502 908 1695 908 1502 909 1688 909 1499 909 1499 910 1433 910 1502 910 1368 911 1433 911 1499 911 1433 912 1368 912 1340 912 1368 913 1192 913 1340 913 1212 914 633 914 1187 914 538 915 612 915 633 915 485 916 538 916 633 916 633 917 1212 917 485 917 1212 918 467 918 485 918 467 919 1212 919 1210 919 467 920 1210 920 439 920 514 921 612 921 538 921 1192 922 612 922 585 922 612 923 1192 923 1189 923 633 924 1189 924 1187 924 1189 925 633 925 612 925 424 926 467 926 439 926 467 927 424 927 483 927 483 928 485 928 467 928 483 929 538 929 485 929 381 930 407 930 388 930 407 931 381 931 392 931 392 932 439 932 407 932 439 933 392 933 424 933 538 934 483 934 444 934 514 935 538 935 444 935 585 936 612 936 514 936 444 937 483 937 421 937 352 938 392 938 381 938 392 939 352 939 339 939 483 940 424 940 384 940 421 941 483 941 384 941 421 942 384 942 355 942 339 943 424 943 392 943 424 944 339 944 340 944 384 945 424 945 340 945 444 946 355 946 386 946 355 947 444 947 421 947 514 948 444 948 386 948 386 949 585 949 514 949 355 950 298 950 302 950 298 951 355 951 384 951 384 952 340 952 298 952 285 953 339 953 328 953 328 954 339 954 352 954 339 955 285 955 286 955 286 956 340 956 339 956 340 957 286 957 287 957 287 958 298 958 340 958 330 959 386 959 355 959 330 960 355 960 302 960 302 961 229 961 330 961 302 962 223 962 229 962 238 963 286 963 285 963 286 964 238 964 240 964 240 965 287 965 286 965 287 966 240 966 225 966 225 967 298 967 287 967 298 968 225 968 241 968 298 969 241 969 222 969 222 970 302 970 298 970 302 971 222 971 223 971 174 972 222 972 225 972 208 973 215 973 219 973 225 974 215 974 174 974 223 975 175 975 229 975 241 976 225 976 222 976 219 977 240 977 238 977 240 978 219 978 215 978 215 979 225 979 240 979 229 980 180 980 330 980 175 981 164 981 229 981 180 982 229 982 164 982 156 983 180 983 164 983 151 984 215 984 208 984 215 985 151 985 153 985 153 986 174 986 215 986 222 987 174 987 152 987 152 988 223 988 222 988 175 989 223 989 152 989 152 990 174 990 153 990 164 991 175 991 152 991 180 992 157 992 188 992 157 993 180 993 156 993 472 994 388 994 473 994 388 995 472 995 387 995 387 996 381 996 388 996 381 997 387 997 374 997 381 998 374 998 364 998 364 999 352 999 381 999 352 1000 364 1000 331 1000 331 1001 328 1001 352 1001 328 1002 331 1002 308 1002 308 1003 285 1003 328 1003 285 1004 308 1004 284 1004 284 1005 238 1005 285 1005 238 1006 284 1006 236 1006 236 1007 219 1007 238 1007 219 1008 236 1008 205 1008 205 1009 208 1009 219 1009 208 1010 205 1010 182 1010 182 1011 151 1011 208 1011 151 1012 182 1012 97 1012 151 1013 97 1013 89 1013 151 1014 89 1014 57 1014 57 1015 121 1015 151 1015 121 1016 57 1016 58 1016 473 1017 489 1017 472 1017 489 1018 473 1018 490 1018 490 1019 503 1019 489 1019 503 1020 490 1020 504 1020 504 1021 510 1021 503 1021 510 1022 504 1022 511 1022 511 1023 516 1023 510 1023 516 1024 511 1024 518 1024 1646 1025 1489 1025 1348 1025 1489 1026 1646 1026 1650 1026 1650 1027 1663 1027 1489 1027 1646 1028 510 1028 516 1028 510 1029 1646 1029 1348 1029 1348 1030 503 1030 510 1030 503 1031 1348 1031 1204 1031 1204 1032 489 1032 503 1032 489 1033 1204 1033 437 1033 437 1034 472 1034 489 1034 396 1035 472 1035 437 1035 472 1036 396 1036 387 1036 1724 1037 1669 1037 1755 1037 573 1038 1642 1038 516 1038 516 1039 1642 1039 1640 1039 516 1040 1640 1040 1646 1040 550 1041 526 1041 533 1041 526 1042 550 1042 573 1042 526 1043 573 1043 515 1043 515 1044 573 1044 516 1044 1663 1045 1650 1045 1660 1045 1669 1046 1663 1046 1660 1046 1669 1047 1724 1047 1663 1047 1633 1048 1619 1048 1625 1048 1619 1049 1633 1049 1642 1049 1619 1050 1642 1050 1613 1050 1642 1051 573 1051 1613 1051 515 1052 518 1052 517 1052 518 1053 515 1053 516 1053 550 1054 574 1054 573 1054 574 1055 550 1055 551 1055 533 1056 551 1056 550 1056 551 1057 533 1057 534 1057 526 1058 534 1058 533 1058 534 1059 526 1059 527 1059 515 1060 527 1060 526 1060 527 1061 515 1061 517 1061 58 1062 124 1062 121 1062 124 1063 58 1063 60 1063 60 1064 126 1064 124 1064 126 1065 60 1065 62 1065 62 1066 129 1066 126 1066 129 1067 62 1067 64 1067 64 1068 133 1068 129 1068 133 1069 64 1069 66 1069 66 1070 134 1070 133 1070 134 1071 66 1071 68 1071 134 1072 68 1072 136 1072 84 1073 73 1073 70 1073 72 1074 75 1074 76 1074 70 1075 88 1075 84 1075 78 1076 58 1076 57 1076 75 1077 73 1077 84 1077 73 1078 75 1078 72 1078 78 1079 60 1079 58 1079 78 1080 62 1080 60 1080 62 1081 78 1081 80 1081 80 1082 64 1082 62 1082 68 1083 88 1083 70 1083 88 1084 68 1084 86 1084 86 1085 68 1085 66 1085 66 1086 82 1086 86 1086 82 1087 66 1087 64 1087 64 1088 80 1088 82 1088 141 1089 70 1089 73 1089 70 1090 141 1090 136 1090 136 1091 68 1091 70 1091 140 1092 73 1092 72 1092 73 1093 140 1093 141 1093 143 1094 140 1094 150 1094 147 1095 140 1095 143 1095 147 1096 141 1096 140 1096 141 1097 147 1097 149 1097 149 1098 136 1098 141 1098 136 1099 149 1099 157 1099 129 1100 156 1100 164 1100 129 1101 164 1101 152 1101 152 1102 126 1102 129 1102 152 1103 124 1103 126 1103 124 1104 152 1104 153 1104 153 1105 121 1105 124 1105 121 1106 153 1106 151 1106 156 1107 129 1107 133 1107 134 1108 156 1108 133 1108 134 1109 157 1109 156 1109 157 1110 134 1110 136 1110 143 1111 150 1111 178 1111 177 1112 143 1112 178 1112 147 1113 143 1113 177 1113 157 1114 149 1114 176 1114 147 1115 170 1115 149 1115 188 1116 157 1116 176 1116 188 1117 176 1117 230 1117 212 1118 178 1118 150 1118 149 1119 170 1119 224 1119 176 1120 149 1120 224 1120 178 1121 212 1121 220 1121 170 1122 233 1122 224 1122 224 1123 230 1123 176 1123 147 1124 233 1124 170 1124 233 1125 147 1125 177 1125 233 1126 177 1126 245 1126 177 1127 247 1127 245 1127 247 1128 177 1128 178 1128 220 1129 247 1129 178 1129 247 1130 220 1130 248 1130 347 1131 188 1131 230 1131 188 1132 347 1132 376 1132 230 1133 301 1133 347 1133 301 1134 230 1134 224 1134 224 1135 306 1135 301 1135 306 1136 224 1136 233 1136 233 1137 299 1137 306 1137 299 1138 233 1138 245 1138 245 1139 307 1139 299 1139 290 1140 247 1140 248 1140 247 1141 290 1141 307 1141 307 1142 245 1142 247 1142 347 1143 427 1143 376 1143 363 1144 347 1144 301 1144 301 1145 379 1145 363 1145 379 1146 301 1146 306 1146 299 1147 379 1147 306 1147 379 1148 299 1148 353 1148 307 1149 353 1149 299 1149 353 1150 307 1150 370 1150 343 1151 370 1151 307 1151 343 1152 307 1152 290 1152 347 1153 363 1153 427 1153 376 1154 427 1154 586 1154 363 1155 379 1155 458 1155 427 1156 363 1156 458 1156 571 1157 582 1157 458 1157 571 1158 458 1158 493 1158 493 1159 458 1159 379 1159 582 1160 427 1160 458 1160 586 1161 427 1161 582 1161 1613 1162 1599 1162 1612 1162 589 1163 573 1163 574 1163 780 1164 573 1164 589 1164 780 1165 1613 1165 573 1165 1613 1166 780 1166 1545 1166 1599 1167 1613 1167 1545 1167 447 1168 493 1168 379 1168 401 1169 353 1169 370 1169 370 1170 343 1170 382 1170 432 1171 353 1171 401 1171 353 1172 432 1172 447 1172 447 1173 379 1173 353 1173 441 1174 447 1174 432 1174 447 1175 441 1175 462 1175 447 1176 462 1176 487 1176 487 1177 493 1177 447 1177 493 1178 487 1178 571 1178 582 1179 571 1179 867 1179 370 1180 382 1180 401 1180 389 1181 401 1181 382 1181 401 1182 389 1182 408 1182 408 1183 432 1183 401 1183 432 1184 408 1184 441 1184 72 1185 150 1185 140 1185 150 1186 72 1186 76 1186 150 1187 76 1187 92 1187 150 1188 92 1188 109 1188 109 1189 212 1189 150 1189 212 1190 109 1190 183 1190 183 1191 220 1191 212 1191 220 1192 183 1192 206 1192 206 1193 248 1193 220 1193 248 1194 206 1194 250 1194 250 1195 290 1195 248 1195 290 1196 250 1196 291 1196 291 1197 343 1197 290 1197 343 1198 291 1198 325 1198 325 1199 382 1199 343 1199 382 1200 325 1200 365 1200 382 1201 365 1201 375 1201 375 1202 389 1202 382 1202 389 1203 375 1203 390 1203 390 1204 474 1204 389 1204 474 1205 390 1205 475 1205 1177 1206 462 1206 441 1206 1175 1207 462 1207 1177 1207 462 1208 1175 1208 487 1208 1200 1209 487 1209 1175 1209 487 1210 1200 1210 867 1210 571 1211 487 1211 867 1211 475 1212 491 1212 474 1212 491 1213 475 1213 492 1213 492 1214 505 1214 491 1214 505 1215 492 1215 506 1215 506 1216 512 1216 505 1216 512 1217 506 1217 513 1217 513 1218 520 1218 512 1218 520 1219 513 1219 522 1219 520 1220 521 1220 519 1220 521 1221 520 1221 522 1221 552 1222 576 1222 575 1222 576 1223 552 1223 553 1223 535 1224 553 1224 552 1224 553 1225 535 1225 536 1225 528 1226 536 1226 535 1226 536 1227 528 1227 529 1227 519 1228 529 1228 528 1228 529 1229 519 1229 521 1229 1177 1230 1352 1230 1175 1230 1175 1231 1359 1231 1200 1231 1359 1232 1175 1232 1352 1232 1508 1233 1359 1233 1352 1233 1359 1234 1508 1234 1524 1234 1670 1235 1485 1235 1675 1235 1352 1236 1177 1236 1344 1236 1485 1237 1352 1237 1344 1237 1352 1238 1485 1238 1508 1238 1485 1239 1670 1239 1508 1239 1670 1240 1524 1240 1508 1240 1524 1241 1670 1241 1678 1241 1342 1242 1198 1242 1370 1242 1198 1243 1342 1243 1170 1243 1690 1244 1498 1244 1686 1244 1498 1245 1690 1245 1565 1245 1426 1246 1498 1246 1565 1246 1426 1247 1370 1247 1498 1247 1370 1248 1426 1248 1342 1248 1686 1249 1524 1249 1678 1249 1524 1250 1686 1250 1498 1250 1498 1251 1359 1251 1524 1251 1359 1252 1498 1252 1370 1252 1370 1253 1200 1253 1359 1253 1200 1254 1370 1254 1198 1254 1854 1255 1903 1255 1902 1255 1903 1256 1854 1256 1857 1256 1857 1257 1900 1257 1903 1257 1857 1258 1894 1258 1900 1258 1666 1259 1753 1259 1667 1259 1753 1260 1666 1260 1754 1260 1754 1261 1803 1261 1753 1261 1803 1262 1754 1262 1806 1262 1806 1263 1857 1263 1803 1263 1857 1264 1806 1264 1876 1264 1894 1265 1857 1265 1876 1265 1634 1266 1644 1266 1635 1266 1644 1267 1634 1267 1643 1267 1643 1268 1648 1268 1644 1268 1648 1269 1643 1269 1647 1269 1647 1270 1658 1270 1648 1270 1658 1271 1647 1271 1657 1271 1657 1272 1667 1272 1658 1272 1667 1273 1657 1273 1666 1273 397 1274 475 1274 390 1274 475 1275 397 1275 443 1275 475 1276 443 1276 492 1276 443 1277 506 1277 492 1277 506 1278 443 1278 1183 1278 1183 1279 513 1279 506 1279 513 1280 1183 1280 1346 1280 1346 1281 522 1281 513 1281 1723 1282 1666 1282 1661 1282 1661 1283 1666 1283 1657 1283 1657 1284 1487 1284 1661 1284 1487 1285 1657 1285 1647 1285 1647 1286 1346 1286 1487 1286 1346 1287 1647 1287 1643 1287 522 1288 1346 1288 1643 1288 1634 1289 522 1289 1643 1289 1636 1290 522 1290 1634 1290 1666 1291 1723 1291 1754 1291 1622 1292 1636 1292 1630 1292 536 1293 576 1293 553 1293 576 1294 536 1294 529 1294 576 1295 529 1295 521 1295 576 1296 521 1296 522 1296 522 1297 1610 1297 576 1297 1610 1298 522 1298 1636 1298 1636 1299 1616 1299 1610 1299 1636 1300 1622 1300 1616 1300 1634 1301 1637 1301 1636 1301 1637 1302 1634 1302 1635 1302 1631 1303 1636 1303 1637 1303 1636 1304 1631 1304 1630 1304 1623 1305 1630 1305 1631 1305 1630 1306 1623 1306 1622 1306 1617 1307 1622 1307 1623 1307 1622 1308 1617 1308 1616 1308 1611 1309 1616 1309 1617 1309 1616 1310 1611 1310 1610 1310 576 1311 597 1311 575 1311 1596 1312 1610 1312 1611 1312 1541 1313 1610 1313 1596 1313 1541 1314 576 1314 1610 1314 576 1315 1541 1315 788 1315 597 1316 576 1316 788 1316 1783 1317 1757 1317 1742 1317 1757 1318 1783 1318 1789 1318 1783 1319 1811 1319 1789 1319 1818 1320 1811 1320 1783 1320 1811 1321 1818 1321 1822 1321 1818 1322 1848 1322 1822 1322 1848 1323 1818 1323 1844 1323 1844 1324 1874 1324 1848 1324 1757 1325 1686 1325 1742 1325 1686 1326 1757 1326 1690 1326 1678 1327 1742 1327 1686 1327 1874 1328 1855 1328 1879 1328 1855 1329 1874 1329 1852 1329 1879 1330 1848 1330 1874 1330 1848 1331 1879 1331 1838 1331 1838 1332 1822 1332 1848 1332 1822 1333 1838 1333 1809 1333 1822 1334 1809 1334 1811 1334 1809 1335 1789 1335 1811 1335 1759 1336 1789 1336 1809 1336 1789 1337 1759 1337 1757 1337 1691 1338 1757 1338 1759 1338 1757 1339 1691 1339 1690 1339 1857 1340 1852 1340 1803 1340 1844 1341 1852 1341 1874 1341 1852 1342 1844 1342 1786 1342 1786 1343 1675 1343 1737 1343 1675 1344 1786 1344 1732 1344 1675 1345 1732 1345 1670 1345 1852 1346 1786 1346 1803 1346 1737 1347 1803 1347 1786 1347 1803 1348 1737 1348 1753 1348 1670 1349 1742 1349 1678 1349 1742 1350 1670 1350 1732 1350 1732 1351 1783 1351 1742 1351 1732 1352 1818 1352 1783 1352 1818 1353 1732 1353 1786 1353 1786 1354 1844 1354 1818 1354 1854 1355 1852 1355 1857 1355 1852 1356 1854 1356 1855 1356 1600 1357 1545 1357 1548 1357 1545 1358 1600 1358 1599 1358 1549 1359 1600 1359 1548 1359 1600 1360 1549 1360 1601 1360 1599 1361 1600 1361 1601 1361 1601 1362 1597 1362 1599 1362 1597 1363 1601 1363 1598 1363 1547 1364 1545 1364 1546 1364 1545 1365 1547 1365 1549 1365 1549 1366 1548 1366 1545 1366 1549 1367 1598 1367 1601 1367 1598 1368 1549 1368 1547 1368 1598 1369 1546 1369 1597 1369 1546 1370 1598 1370 1547 1370 407 1371 473 1371 388 1371 1597 1372 1612 1372 1599 1372 590 1373 511 1373 504 1373 439 1374 590 1374 407 1374 590 1375 439 1375 1210 1375 590 1376 1210 1376 781 1376 1668 1377 1738 1377 1756 1377 1649 1378 1676 1378 1659 1378 1676 1379 1649 1379 1597 1379 1210 1380 780 1380 781 1380 780 1381 1210 1381 1350 1381 1350 1382 1545 1382 780 1382 504 1383 407 1383 590 1383 407 1384 504 1384 490 1384 473 1385 407 1385 490 1385 1645 1386 1597 1386 1649 1386 1639 1387 1597 1387 1645 1387 1641 1388 1597 1388 1639 1388 1545 1389 1350 1389 1546 1389 1491 1390 1546 1390 1350 1390 1491 1391 1597 1391 1546 1391 1597 1392 1491 1392 1676 1392 1597 1393 1618 1393 1612 1393 590 1394 527 1394 517 1394 590 1395 517 1395 518 1395 590 1396 518 1396 511 1396 1676 1397 1668 1397 1659 1397 1738 1398 1668 1398 1676 1398 1632 1399 1597 1399 1641 1399 1597 1400 1632 1400 1624 1400 1597 1401 1624 1401 1618 1401 527 1402 551 1402 534 1402 551 1403 527 1403 590 1403 551 1404 590 1404 574 1404 574 1405 590 1405 589 1405 782 1406 589 1406 591 1406 589 1407 782 1407 780 1407 593 1408 589 1408 590 1408 589 1409 593 1409 592 1409 592 1410 591 1410 589 1410 780 1411 782 1411 783 1411 783 1412 781 1412 780 1412 781 1413 783 1413 784 1413 592 1414 782 1414 591 1414 782 1415 592 1415 783 1415 592 1416 784 1416 783 1416 784 1417 592 1417 593 1417 784 1418 590 1418 781 1418 590 1419 784 1419 593 1419 1544 1420 1596 1420 1595 1420 1596 1421 1544 1421 1541 1421 1594 1422 1544 1422 1595 1422 1544 1423 1594 1423 1543 1423 1592 1424 1596 1424 1593 1424 1596 1425 1592 1425 1594 1425 1594 1426 1595 1426 1596 1426 1541 1427 1544 1427 1543 1427 1543 1428 1542 1428 1541 1428 1542 1429 1543 1429 1540 1429 1592 1430 1543 1430 1594 1430 1543 1431 1592 1431 1540 1431 1540 1432 1593 1432 1542 1432 1593 1433 1540 1433 1592 1433 598 1434 575 1434 597 1434 1593 1435 1637 1435 1635 1435 474 1436 408 1436 389 1436 408 1437 474 1437 491 1437 505 1438 408 1438 491 1438 408 1439 505 1439 598 1439 512 1440 598 1440 505 1440 1542 1441 788 1441 1541 1441 788 1442 1542 1442 1344 1442 1344 1443 789 1443 788 1443 789 1444 1344 1444 1177 1444 1177 1445 598 1445 789 1445 441 1446 598 1446 1177 1446 598 1447 441 1447 408 1447 1675 1448 1542 1448 1593 1448 1542 1449 1675 1449 1485 1449 1542 1450 1485 1450 1344 1450 1611 1451 1593 1451 1596 1451 1593 1452 1635 1452 1644 1452 1648 1453 1593 1453 1644 1453 1648 1454 1675 1454 1593 1454 1675 1455 1648 1455 1658 1455 1667 1456 1675 1456 1658 1456 1737 1457 1667 1457 1753 1457 520 1458 598 1458 512 1458 519 1459 598 1459 520 1459 528 1460 598 1460 519 1460 1637 1461 1623 1461 1631 1461 1623 1462 1637 1462 1593 1462 1623 1463 1593 1463 1617 1463 1617 1464 1593 1464 1611 1464 1667 1465 1737 1465 1675 1465 535 1466 598 1466 528 1466 598 1467 535 1467 552 1467 598 1468 552 1468 575 1468 595 1469 789 1469 598 1469 789 1470 595 1470 786 1470 786 1471 594 1471 785 1471 594 1472 786 1472 595 1472 786 1473 788 1473 789 1473 788 1474 786 1474 785 1474 785 1475 787 1475 788 1475 597 1476 596 1476 594 1476 594 1477 598 1477 597 1477 598 1478 594 1478 595 1478 785 1479 596 1479 787 1479 596 1480 785 1480 594 1480 596 1481 788 1481 787 1481 788 1482 596 1482 597 1482 1401 1483 1442 1483 1432 1483 1442 1484 1401 1484 1425 1484 1425 1485 1476 1485 1442 1485 1476 1486 1425 1486 1455 1486 1476 1487 1455 1487 1480 1487 1480 1488 1577 1488 1476 1488 1863 1489 1905 1489 1862 1489 1905 1490 1863 1490 1882 1490 1882 1491 1890 1491 1905 1491 1890 1492 1882 1492 1842 1492 1842 1493 1832 1493 1890 1493 1832 1494 1842 1494 1815 1494 1815 1495 1776 1495 1832 1495 1776 1496 1815 1496 1760 1496 1760 1497 1704 1497 1776 1497 1704 1498 1760 1498 1692 1498 1692 1499 1620 1499 1704 1499 1620 1500 1692 1500 1614 1500 1614 1501 1577 1501 1620 1501 1575 1502 1563 1502 1614 1502 1575 1503 1552 1503 1563 1503 1563 1504 1552 1504 1466 1504 1471 1505 1563 1505 1466 1505 1471 1506 1479 1506 1563 1506 1577 1507 1614 1507 1563 1507 1479 1508 1577 1508 1563 1508 1577 1509 1479 1509 1476 1509 1463 1510 1476 1510 1479 1510 1431 1511 1476 1511 1463 1511 1476 1512 1431 1512 1442 1512 1400 1513 1442 1513 1431 1513 1442 1514 1400 1514 1432 1514 1400 1515 1397 1515 1386 1515 1479 1516 1471 1516 1463 1516 1397 1517 1463 1517 1471 1517 1463 1518 1397 1518 1431 1518 1397 1519 1400 1519 1431 1519 1404 1520 1335 1520 1327 1520 1335 1521 1404 1521 1466 1521 1409 1522 1466 1522 1552 1522 1335 1523 1409 1523 1340 1523 1409 1524 1335 1524 1466 1524 1466 1525 1404 1525 1471 1525 1397 1526 1326 1526 1386 1526 1397 1527 1327 1527 1326 1527 1471 1528 1327 1528 1397 1528 1471 1529 1404 1529 1327 1529 1270 1530 1282 1530 1309 1530 1246 1531 1275 1531 1238 1531 1275 1532 1335 1532 1340 1532 1275 1533 1246 1533 1270 1533 1251 1534 1270 1534 1246 1534 1255 1535 1270 1535 1251 1535 1270 1536 1255 1536 1260 1536 1335 1537 1275 1537 1270 1537 1309 1538 1335 1538 1270 1538 1335 1539 1309 1539 1327 1539 1254 1540 1260 1540 1255 1540 1260 1541 1254 1541 1261 1541 1261 1542 1270 1542 1260 1542 1273 1543 1270 1543 1261 1543 1270 1544 1273 1544 1282 1544 1310 1545 1282 1545 1273 1545 1282 1546 1310 1546 1309 1546 1326 1547 1309 1547 1310 1547 1309 1548 1326 1548 1327 1548 1240 1549 1246 1549 1238 1549 1246 1550 1240 1550 1248 1550 1248 1551 1251 1551 1246 1551 1251 1552 1248 1552 1250 1552 1250 1553 1255 1553 1251 1553 1255 1554 1250 1554 1258 1554 1254 1555 1258 1555 1257 1555 1258 1556 1254 1556 1255 1556 1337 1557 1272 1557 1342 1557 1272 1558 1337 1558 1283 1558 1248 1559 1272 1559 1283 1559 1272 1560 1248 1560 1240 1560 1334 1561 1283 1561 1337 1561 1283 1562 1334 1562 1316 1562 1248 1563 1283 1563 1250 1563 1263 1564 1250 1564 1283 1564 1250 1565 1263 1565 1258 1565 1333 1566 1316 1566 1334 1566 1316 1567 1333 1567 1311 1567 1311 1568 1283 1568 1316 1568 1283 1569 1311 1569 1274 1569 1262 1570 1283 1570 1274 1570 1283 1571 1262 1571 1263 1571 1257 1572 1263 1572 1262 1572 1263 1573 1257 1573 1258 1573 1403 1574 1465 1574 1472 1574 1426 1575 1337 1575 1342 1575 1337 1576 1426 1576 1465 1576 1465 1577 1426 1577 1565 1577 1337 1578 1403 1578 1334 1578 1403 1579 1337 1579 1465 1579 1565 1580 1629 1580 1570 1580 1570 1581 1472 1581 1465 1581 1565 1582 1570 1582 1465 1582 1472 1583 1334 1583 1403 1583 1398 1584 1334 1584 1472 1584 1398 1585 1333 1585 1334 1585 1333 1586 1398 1586 1388 1586 1473 1587 1472 1587 1570 1587 1429 1588 1472 1588 1473 1588 1472 1589 1429 1589 1398 1589 1415 1590 1398 1590 1429 1590 1398 1591 1415 1591 1388 1591 1427 1592 1415 1592 1429 1592 1427 1593 1429 1593 1443 1593 1473 1594 1443 1594 1429 1594 1443 1595 1473 1595 1477 1595 1570 1596 1477 1596 1473 1596 1477 1597 1570 1597 1574 1597 1570 1598 1629 1598 1574 1598 1480 1599 1464 1599 1564 1599 1464 1600 1480 1600 1458 1600 1455 1601 1458 1601 1480 1601 1425 1602 1458 1602 1455 1602 1458 1603 1425 1603 1394 1603 1400 1604 1425 1604 1401 1604 1394 1605 1400 1605 1390 1605 1400 1606 1394 1606 1425 1606 1480 1607 1564 1607 1577 1607 1620 1608 1559 1608 1585 1608 1577 1609 1564 1609 1620 1609 1559 1610 1620 1610 1564 1610 1554 1611 1585 1611 1559 1611 1458 1612 1329 1612 1464 1612 1394 1613 1329 1613 1458 1613 1394 1614 1328 1614 1329 1614 1328 1615 1394 1615 1390 1615 1329 1616 1385 1616 1464 1616 1564 1617 1464 1617 1385 1617 1564 1618 1385 1618 1417 1618 1564 1619 1417 1619 1559 1619 1419 1620 1559 1620 1417 1620 1559 1621 1419 1621 1554 1621 1419 1622 1315 1622 1313 1622 1315 1623 1419 1623 1417 1623 1417 1624 1385 1624 1315 1624 1294 1625 1288 1625 1289 1625 1294 1626 1296 1626 1288 1626 1328 1627 1320 1627 1329 1627 1320 1628 1328 1628 1321 1628 1302 1629 1320 1629 1321 1629 1301 1630 1296 1630 1294 1630 1301 1631 1302 1631 1296 1631 1320 1632 1302 1632 1301 1632 1315 1633 1244 1633 1313 1633 1244 1634 1315 1634 1266 1634 1329 1635 1315 1635 1385 1635 1315 1636 1329 1636 1320 1636 1315 1637 1320 1637 1301 1637 1315 1638 1301 1638 1294 1638 1266 1639 1315 1639 1278 1639 1278 1640 1315 1640 1294 1640 1292 1641 1288 1641 1291 1641 1288 1642 1292 1642 1289 1642 1292 1643 1294 1643 1289 1643 1294 1644 1292 1644 1286 1644 1286 1645 1278 1645 1294 1645 1278 1646 1286 1646 1280 1646 1268 1647 1278 1647 1280 1647 1278 1648 1268 1648 1266 1648 1242 1649 1266 1649 1268 1649 1266 1650 1242 1650 1244 1650 1331 1651 1323 1651 1322 1651 1291 1652 1298 1652 1292 1652 1298 1653 1291 1653 1297 1653 1303 1654 1298 1654 1297 1654 1304 1655 1322 1655 1323 1655 1322 1656 1304 1656 1303 1656 1298 1657 1303 1657 1304 1657 1400 1658 1401 1658 1432 1658 1390 1659 1400 1659 1386 1659 1386 1660 1328 1660 1390 1660 1328 1661 1386 1661 1326 1661 1326 1662 1321 1662 1328 1662 1321 1663 1326 1663 1310 1663 1310 1664 1302 1664 1321 1664 1302 1665 1310 1665 1273 1665 1273 1666 1296 1666 1302 1666 1296 1667 1273 1667 1261 1667 1261 1668 1288 1668 1296 1668 1288 1669 1261 1669 1254 1669 1254 1670 1291 1670 1288 1670 1291 1671 1254 1671 1257 1671 1257 1672 1297 1672 1291 1672 1297 1673 1257 1673 1262 1673 1262 1674 1303 1674 1297 1674 1303 1675 1262 1675 1274 1675 1274 1676 1322 1676 1303 1676 1322 1677 1274 1677 1311 1677 1311 1678 1331 1678 1322 1678 1331 1679 1311 1679 1333 1679 1333 1680 1387 1680 1331 1680 1387 1681 1333 1681 1388 1681 1388 1682 1427 1682 1387 1682 1427 1683 1388 1683 1415 1683 1493 1684 1477 1684 1574 1684 1477 1685 1493 1685 1460 1685 1460 1686 1443 1686 1477 1686 1443 1687 1460 1687 1424 1687 1424 1688 1427 1688 1443 1688 1629 1689 1602 1689 1574 1689 1574 1690 1602 1690 1493 1690 1854 1691 1879 1691 1855 1691 1879 1692 1854 1692 1902 1692 1902 1693 1838 1693 1879 1693 1838 1694 1902 1694 1884 1694 1884 1695 1809 1695 1838 1695 1809 1696 1884 1696 1826 1696 1826 1697 1759 1697 1809 1697 1759 1698 1826 1698 1774 1698 1774 1699 1691 1699 1759 1699 1691 1700 1774 1700 1703 1700 1703 1701 1629 1701 1691 1701 1629 1702 1703 1702 1602 1702 1561 1703 1493 1703 1602 1703 1427 1704 1393 1704 1387 1704 1393 1705 1427 1705 1424 1705 1460 1706 1393 1706 1424 1706 1393 1707 1460 1707 1440 1707 1493 1708 1440 1708 1460 1708 1440 1709 1493 1709 1478 1709 1561 1710 1478 1710 1493 1710 1584 1711 1702 1711 1520 1711 1703 1712 1584 1712 1602 1712 1584 1713 1703 1713 1702 1713 1244 1714 1193 1714 1313 1714 1193 1715 1244 1715 1215 1715 1215 1716 1244 1716 1242 1716 1215 1717 1242 1717 1306 1717 1215 1718 1306 1718 1196 1718 1306 1719 1383 1719 1196 1719 1306 1720 1436 1720 1383 1720 1436 1721 1306 1721 1418 1721 1418 1722 1520 1722 1436 1722 1520 1723 1418 1723 1553 1723 1520 1724 1553 1724 1584 1724 1620 1725 1707 1725 1704 1725 1707 1726 1620 1726 1585 1726 1585 1727 1521 1727 1707 1727 1554 1728 1521 1728 1585 1728 1554 1729 1437 1729 1521 1729 1437 1730 1554 1730 1419 1730 1419 1731 1381 1731 1437 1731 1381 1732 1419 1732 1313 1732 1313 1733 1193 1733 1381 1733 1323 1734 1393 1734 1440 1734 1440 1735 1402 1735 1323 1735 1402 1736 1440 1736 1478 1736 1393 1737 1323 1737 1331 1737 1393 1738 1331 1738 1387 1738 1242 1739 1295 1739 1306 1739 1306 1740 1295 1740 1339 1740 1292 1741 1295 1741 1286 1741 1295 1742 1292 1742 1298 1742 1298 1743 1323 1743 1295 1743 1323 1744 1298 1744 1304 1744 1286 1745 1295 1745 1280 1745 1280 1746 1295 1746 1268 1746 1323 1747 1339 1747 1295 1747 1295 1748 1242 1748 1268 1748 1561 1749 1402 1749 1478 1749 1402 1750 1561 1750 1412 1750 1323 1751 1402 1751 1412 1751 1323 1752 1412 1752 1339 1752 1339 1753 1418 1753 1306 1753 1418 1754 1339 1754 1467 1754 1418 1755 1467 1755 1553 1755 1467 1756 1339 1756 1412 1756 1467 1757 1412 1757 1561 1757 1553 1758 1467 1758 1584 1758 1602 1759 1584 1759 1561 1759 1561 1760 1584 1760 1467 1760 1575 1761 1695 1761 1502 1761 1614 1762 1692 1762 1695 1762 1614 1763 1695 1763 1575 1763 1272 1764 1168 1764 1170 1764 1240 1765 1168 1765 1272 1765 1240 1766 1192 1766 1168 1766 1192 1767 1240 1767 1238 1767 1192 1768 1238 1768 1275 1768 1275 1769 1340 1769 1192 1769 1433 1770 1340 1770 1409 1770 1409 1771 1502 1771 1433 1771 1502 1772 1409 1772 1552 1772 1502 1773 1552 1773 1575 1773 1629 1774 1690 1774 1691 1774 1690 1775 1629 1775 1565 1775 1170 1776 1342 1776 1272 1776 1055 1777 1141 1777 1134 1777 1168 1778 1141 1778 1170 1778 1134 1779 1141 1779 1168 1779 1147 1780 1170 1780 1141 1780 867 1781 1147 1781 1033 1781 867 1782 1033 1782 776 1782 582 1783 661 1783 586 1783 1147 1784 1200 1784 1198 1784 867 1785 1200 1785 1147 1785 867 1786 661 1786 582 1786 1170 1787 1147 1787 1198 1787 867 1788 776 1788 661 1788 734 1789 661 1789 776 1789 895 1790 680 1790 823 1790 680 1791 661 1791 734 1791 680 1792 586 1792 661 1792 1141 1793 1033 1793 1147 1793 776 1794 1033 1794 823 1794 734 1795 823 1795 680 1795 823 1796 1033 1796 1055 1796 1055 1797 1134 1797 895 1797 1055 1798 895 1798 823 1798 1139 1799 1134 1799 1165 1799 1139 1800 1072 1800 1134 1800 1002 1801 1012 1801 1072 1801 1012 1802 1134 1802 1072 1802 1134 1803 1012 1803 895 1803 647 1804 554 1804 376 1804 554 1805 688 1805 470 1805 691 1806 470 1806 688 1806 482 1807 470 1807 691 1807 691 1808 1012 1808 1002 1808 1012 1809 691 1809 688 1809 688 1810 554 1810 647 1810 895 1811 688 1811 647 1811 688 1812 895 1812 1012 1812 691 1813 1002 1813 857 1813 716 1814 691 1814 857 1814 691 1815 716 1815 482 1815 716 1816 448 1816 482 1816 448 1817 716 1817 667 1817 448 1818 667 1818 415 1818 667 1819 361 1819 415 1819 361 1820 667 1820 627 1820 361 1821 627 1821 346 1821 376 1822 326 1822 270 1822 470 1823 482 1823 448 1823 470 1824 448 1824 415 1824 415 1825 326 1825 470 1825 326 1826 415 1826 361 1826 470 1827 376 1827 554 1827 376 1828 470 1828 326 1828 326 1829 361 1829 346 1829 627 1830 312 1830 346 1830 312 1831 627 1831 611 1831 312 1832 611 1832 293 1832 611 1833 279 1833 293 1833 279 1834 611 1834 610 1834 279 1835 610 1835 280 1835 610 1836 297 1836 280 1836 626 1837 297 1837 610 1837 297 1838 626 1838 345 1838 274 1839 270 1839 326 1839 283 1840 270 1840 274 1840 270 1841 283 1841 282 1841 326 1842 346 1842 312 1842 312 1843 274 1843 326 1843 274 1844 312 1844 293 1844 274 1845 293 1845 279 1845 274 1846 279 1846 280 1846 280 1847 283 1847 274 1847 283 1848 280 1848 297 1848 345 1849 283 1849 297 1849 481 1850 666 1850 715 1850 666 1851 481 1851 456 1851 666 1852 456 1852 383 1852 383 1853 626 1853 666 1853 626 1854 383 1854 345 1854 282 1855 283 1855 386 1855 478 1856 456 1856 481 1856 406 1857 488 1857 386 1857 283 1858 406 1858 386 1858 386 1859 488 1859 662 1859 406 1860 478 1860 488 1860 456 1861 478 1861 406 1861 456 1862 406 1862 383 1862 283 1863 383 1863 406 1863 383 1864 283 1864 345 1864 1001 1865 690 1865 856 1865 690 1866 715 1866 856 1866 715 1867 690 1867 481 1867 895 1868 647 1868 680 1868 647 1869 586 1869 680 1869 586 1870 647 1870 376 1870 1163 1871 1192 1871 1052 1871 270 1872 180 1872 188 1872 1192 1873 1163 1873 1168 1873 1168 1874 1163 1874 1165 1874 1168 1875 1165 1875 1134 1875 282 1876 180 1876 270 1876 585 1877 386 1877 662 1877 188 1878 376 1878 270 1878 330 1879 282 1879 386 1879 180 1880 282 1880 330 1880 662 1881 1192 1881 585 1881 1192 1882 662 1882 1052 1882 1052 1883 815 1883 880 1883 880 1884 1042 1884 1052 1884 1138 1885 1052 1885 1042 1885 1052 1886 1138 1886 1163 1886 880 1887 690 1887 1001 1887 1042 1888 880 1888 1001 1888 690 1889 880 1889 685 1889 880 1890 815 1890 685 1890 662 1891 815 1891 1052 1891 690 1892 478 1892 481 1892 478 1893 690 1893 685 1893 488 1894 478 1894 685 1894 815 1895 488 1895 685 1895 488 1896 815 1896 662 1896 1139 1897 1122 1897 1105 1897 1042 1898 1107 1898 1138 1898 1121 1899 1138 1899 1107 1899 1122 1900 1138 1900 1121 1900 1105 1901 1072 1901 1139 1901 1138 1902 1122 1902 1139 1902 1165 1903 1138 1903 1139 1903 1138 1904 1165 1904 1163 1904 1164 1905 1148 1905 1137 1905 1137 1906 1148 1906 1135 1906 1146 1907 1166 1907 1119 1907 1166 1908 1146 1908 1152 1908 1152 1909 1164 1909 1166 1909 1164 1910 1152 1910 1151 1910 1148 1911 1164 1911 1151 1911 1151 1912 1122 1912 1121 1912 1122 1913 1151 1913 1152 1913 1146 1914 1122 1914 1152 1914 1122 1915 1146 1915 1105 1915 1151 1916 1107 1916 1148 1916 1107 1917 1151 1917 1121 1917 720 1918 1146 1918 770 1918 1146 1919 720 1919 1105 1919 1107 1920 1135 1920 1148 1920 1107 1921 769 1921 1135 1921 769 1922 1107 1922 719 1922 676 1923 770 1923 704 1923 770 1924 676 1924 720 1924 719 1925 698 1925 769 1925 676 1926 627 1926 667 1926 620 1927 627 1927 676 1927 627 1928 620 1928 611 1928 619 1929 611 1929 620 1929 666 1930 698 1930 715 1930 716 1931 720 1931 676 1931 676 1932 667 1932 716 1932 653 1933 698 1933 666 1933 653 1934 666 1934 626 1934 626 1935 619 1935 653 1935 619 1936 626 1936 610 1936 611 1937 619 1937 610 1937 1105 1938 1002 1938 1072 1938 719 1939 715 1939 698 1939 719 1940 856 1940 715 1940 856 1941 719 1941 1107 1941 856 1942 1107 1942 1001 1942 1001 1943 1107 1943 1042 1943 716 1944 1105 1944 720 1944 1105 1945 716 1945 857 1945 1105 1946 857 1946 1002 1946 1135 1947 835 1947 1137 1947 835 1948 769 1948 698 1948 835 1949 698 1949 665 1949 658 1950 624 1950 657 1950 770 1951 738 1951 704 1951 770 1952 924 1952 738 1952 924 1953 770 1953 1146 1953 924 1954 1146 1954 1119 1954 835 1955 1135 1955 769 1955 698 1956 657 1956 665 1956 624 1957 658 1957 618 1957 676 1958 704 1958 658 1958 658 1959 620 1959 676 1959 657 1960 620 1960 658 1960 620 1961 657 1961 619 1961 657 1962 653 1962 619 1962 653 1963 657 1963 698 1963 1066 1964 1095 1964 1063 1964 1095 1965 1066 1965 1149 1965 1149 1966 1159 1966 1095 1966 1149 1967 1063 1967 1159 1967 1063 1968 1149 1968 1064 1968 1063 1969 1064 1969 1066 1969 1095 1970 748 1970 768 1970 768 1971 1063 1971 1095 1971 679 1972 721 1972 743 1972 743 1973 748 1973 679 1973 748 1974 743 1974 777 1974 777 1975 768 1975 748 1975 777 1976 679 1976 768 1976 679 1977 777 1977 721 1977 902 1978 1063 1978 768 1978 748 1979 1095 1979 1085 1979 1085 1980 689 1980 748 1980 768 1981 672 1981 902 1981 672 1982 768 1982 679 1982 679 1983 748 1983 689 1983 702 1984 902 1984 672 1984 702 1985 672 1985 616 1985 679 1986 616 1986 672 1986 616 1987 679 1987 615 1987 689 1988 615 1988 679 1988 615 1989 689 1989 701 1989 902 1990 702 1990 1089 1990 1159 1991 1063 1991 1158 1991 902 1992 1158 1992 1063 1992 1159 1993 1158 1993 1216 1993 1158 1994 902 1994 1089 1994 1136 1995 689 1995 1085 1995 689 1996 1136 1996 701 1996 1095 1997 1159 1997 1085 1997 1136 1998 1085 1998 1159 1998 1136 1999 1159 1999 1216 1999 655 2000 743 2000 721 2000 721 2001 651 2001 655 2001 1149 2002 1167 2002 1064 2002 777 2003 1064 2003 721 2003 1064 2004 777 2004 1066 2004 777 2005 743 2005 1066 2005 1167 2006 1149 2006 1171 2006 651 2007 721 2007 718 2007 655 2008 739 2008 743 2008 1066 2009 739 2009 1084 2009 739 2010 1066 2010 743 2010 721 2011 1088 2011 718 2011 1088 2012 721 2012 1064 2012 683 2013 739 2013 655 2013 683 2014 655 2014 608 2014 651 2015 608 2015 655 2015 608 2016 651 2016 650 2016 718 2017 650 2017 651 2017 650 2018 718 2018 742 2018 1083 2019 739 2019 683 2019 739 2020 1083 2020 1084 2020 1149 2021 1066 2021 1084 2021 1171 2022 1084 2022 1083 2022 1084 2023 1171 2023 1149 2023 1167 2024 1171 2024 1169 2024 1167 2025 1088 2025 1064 2025 1088 2026 1169 2026 1090 2026 1169 2027 1088 2027 1167 2027 718 2028 1090 2028 742 2028 1090 2029 718 2029 1088 2029 1190 2030 1136 2030 1216 2030 1158 2031 1194 2031 1216 2031 616 2032 162 2032 207 2032 162 2033 616 2033 161 2033 366 2034 702 2034 616 2034 702 2035 366 2035 419 2035 1158 2036 419 2036 471 2036 419 2037 1158 2037 1089 2037 702 2038 419 2038 1089 2038 1194 2039 579 2039 638 2039 579 2040 1194 2040 1158 2040 1158 2041 471 2041 579 2041 357 2042 204 2042 161 2042 357 2043 161 2043 616 2043 616 2044 477 2044 357 2044 1190 2045 701 2045 1136 2045 701 2046 1190 2046 635 2046 477 2047 701 2047 635 2047 477 2048 615 2048 701 2048 477 2049 616 2049 615 2049 616 2050 207 2050 366 2050 366 2051 336 2051 419 2051 417 2052 371 2052 335 2052 336 2053 371 2053 450 2053 419 2054 450 2054 471 2054 450 2055 419 2055 336 2055 371 2056 417 2056 453 2056 450 2057 371 2057 453 2057 471 2058 577 2058 579 2058 579 2059 577 2059 638 2059 453 2060 500 2060 577 2060 577 2061 471 2061 450 2061 453 2062 577 2062 450 2062 417 2063 500 2063 453 2063 337 2064 357 2064 477 2064 333 2065 359 2065 395 2065 359 2066 337 2066 449 2066 477 2067 449 2067 337 2067 449 2068 480 2068 359 2068 395 2069 359 2069 480 2069 395 2070 402 2070 333 2070 578 2071 477 2071 635 2071 499 2072 402 2072 395 2072 480 2073 499 2073 395 2073 480 2074 449 2074 578 2074 477 2075 578 2075 449 2075 578 2076 499 2076 480 2076 631 2077 578 2077 635 2077 499 2078 617 2078 549 2078 617 2079 499 2079 578 2079 617 2080 578 2080 631 2080 1207 2081 617 2081 1213 2081 631 2082 1213 2082 617 2082 1213 2083 631 2083 1184 2083 635 2084 1184 2084 631 2084 1184 2085 635 2085 1190 2085 549 2086 451 2086 499 2086 451 2087 549 2087 464 2087 464 2088 404 2088 451 2088 404 2089 464 2089 436 2089 316 2090 364 2090 332 2090 364 2091 316 2091 378 2091 404 2092 316 2092 317 2092 316 2093 404 2093 378 2093 451 2094 402 2094 499 2094 402 2095 451 2095 412 2095 451 2096 404 2096 412 2096 412 2097 404 2097 317 2097 317 2098 402 2098 412 2098 402 2099 317 2099 319 2099 402 2100 319 2100 333 2100 359 2101 333 2101 300 2101 300 2102 337 2102 359 2102 284 2103 316 2103 308 2103 317 2104 257 2104 319 2104 257 2105 300 2105 319 2105 316 2106 284 2106 253 2106 253 2107 317 2107 316 2107 317 2108 253 2108 254 2108 257 2109 317 2109 254 2109 308 2110 316 2110 332 2110 333 2111 319 2111 300 2111 236 2112 253 2112 284 2112 337 2113 243 2113 244 2113 243 2114 337 2114 300 2114 300 2115 257 2115 243 2115 357 2116 244 2116 204 2116 244 2117 357 2117 337 2117 244 2118 202 2118 204 2118 364 2119 378 2119 374 2119 436 2120 378 2120 404 2120 378 2121 436 2121 409 2121 409 2122 374 2122 378 2122 374 2123 409 2123 387 2123 1207 2124 549 2124 617 2124 549 2125 1207 2125 1205 2125 549 2126 1205 2126 464 2126 1203 2127 464 2127 1205 2127 464 2128 1203 2128 436 2128 1357 2129 1203 2129 1205 2129 1203 2130 1357 2130 1347 2130 1515 2131 1347 2131 1357 2131 1347 2132 1515 2132 1488 2132 1713 2133 1537 2133 1685 2133 1488 2134 1713 2134 1665 2134 1713 2135 1488 2135 1515 2135 1537 2136 1713 2136 1515 2136 1357 2137 1537 2137 1515 2137 1537 2138 1357 2138 1361 2138 1205 2139 1361 2139 1357 2139 1361 2140 1205 2140 1207 2140 1190 2141 1376 2141 1184 2141 1701 2142 1523 2142 1709 2142 1523 2143 1701 2143 1519 2143 1519 2144 1439 2144 1523 2144 1439 2145 1519 2145 1376 2145 1439 2146 1376 2146 1380 2146 1376 2147 1190 2147 1380 2147 1184 2148 1374 2148 1213 2148 1374 2149 1184 2149 1376 2149 1376 2150 1507 2150 1374 2150 1507 2151 1376 2151 1519 2151 1519 2152 1701 2152 1507 2152 1213 2153 1361 2153 1207 2153 1361 2154 1213 2154 1374 2154 1374 2155 1537 2155 1361 2155 1537 2156 1374 2156 1507 2156 1507 2157 1685 2157 1537 2157 1685 2158 1507 2158 1701 2158 1800 2159 1877 2159 1807 2159 1731 2160 1807 2160 1755 2160 1807 2161 1731 2161 1800 2161 1800 2162 1731 2162 1767 2162 1767 2163 1731 2163 1713 2163 1665 2164 1713 2164 1731 2164 1877 2165 1800 2165 1850 2165 1767 2166 1850 2166 1800 2166 1850 2167 1767 2167 1802 2167 1713 2168 1802 2168 1767 2168 1802 2169 1713 2169 1740 2169 1740 2170 1713 2170 1685 2170 1898 2171 1901 2171 1893 2171 1901 2172 1898 2172 1904 2172 1795 2173 1836 2173 1772 2173 1836 2174 1795 2174 1829 2174 1836 2175 1829 2175 1868 2175 1868 2176 1893 2176 1836 2176 1893 2177 1868 2177 1887 2177 1893 2178 1887 2178 1898 2178 1709 2179 1772 2179 1701 2179 1772 2180 1709 2180 1752 2180 1772 2181 1752 2181 1780 2181 1772 2182 1780 2182 1795 2182 1895 2183 1893 2183 1901 2183 1701 2184 1740 2184 1685 2184 1740 2185 1701 2185 1772 2185 1772 2186 1802 2186 1740 2186 1802 2187 1772 2187 1836 2187 1836 2188 1850 2188 1802 2188 1850 2189 1836 2189 1893 2189 1893 2190 1877 2190 1850 2190 1877 2191 1893 2191 1895 2191 244 2192 193 2192 202 2192 189 2193 254 2193 253 2193 257 2194 184 2194 191 2194 193 2195 244 2195 243 2195 243 2196 191 2196 193 2196 191 2197 243 2197 257 2197 182 2198 189 2198 205 2198 253 2199 205 2199 189 2199 205 2200 253 2200 236 2200 254 2201 189 2201 184 2201 184 2202 257 2202 254 2202 154 2203 161 2203 204 2203 204 2204 202 2204 154 2204 161 2205 154 2205 112 2205 97 2206 189 2206 182 2206 103 2207 202 2207 193 2207 154 2208 202 2208 103 2208 189 2209 97 2209 98 2209 98 2210 184 2210 189 2210 184 2211 98 2211 93 2211 184 2212 93 2212 101 2212 101 2213 191 2213 184 2213 101 2214 193 2214 191 2214 193 2215 101 2215 103 2215 154 2216 87 2216 112 2216 79 2217 93 2217 77 2217 77 2218 89 2218 57 2218 98 2219 89 2219 77 2219 89 2220 98 2220 97 2220 77 2221 93 2221 98 2221 101 2222 93 2222 79 2222 79 2223 103 2223 101 2223 103 2224 79 2224 81 2224 81 2225 154 2225 103 2225 87 2226 154 2226 81 2226 87 2227 110 2227 112 2227 110 2228 87 2228 85 2228 161 2229 110 2229 162 2229 110 2230 161 2230 112 2230 1898 2231 1905 2231 1904 2231 1905 2232 1898 2232 1889 2232 1889 2233 1898 2233 1887 2233 1868 2234 1889 2234 1887 2234 1868 2235 1831 2235 1889 2235 1831 2236 1868 2236 1829 2236 1795 2237 1831 2237 1829 2237 1831 2238 1795 2238 1779 2238 1708 2239 1752 2239 1709 2239 1752 2240 1708 2240 1779 2240 1752 2241 1779 2241 1780 2241 1779 2242 1795 2242 1780 2242 110 2243 158 2243 162 2243 638 2244 577 2244 642 2244 642 2245 577 2245 643 2245 643 2246 537 2246 645 2246 537 2247 643 2247 577 2247 537 2248 577 2248 500 2248 642 2249 1194 2249 638 2249 1194 2250 642 2250 1201 2250 643 2251 1201 2251 642 2251 1201 2252 643 2252 1172 2252 645 2253 1172 2253 643 2253 1172 2254 645 2254 1178 2254 500 2255 469 2255 537 2255 469 2256 500 2256 454 2256 454 2257 442 2257 469 2257 442 2258 454 2258 423 2258 423 2259 454 2259 368 2259 321 2260 417 2260 335 2260 417 2261 454 2261 500 2261 454 2262 417 2262 368 2262 373 2263 368 2263 322 2263 325 2264 373 2264 322 2264 373 2265 325 2265 365 2265 321 2266 368 2266 417 2266 423 2267 368 2267 373 2267 336 2268 261 2268 335 2268 335 2269 371 2269 336 2269 261 2270 321 2270 335 2270 266 2271 309 2271 322 2271 309 2272 266 2272 291 2272 321 2273 261 2273 263 2273 295 2274 321 2274 263 2274 322 2275 295 2275 266 2275 325 2276 322 2276 309 2276 295 2277 322 2277 368 2277 368 2278 321 2278 295 2278 221 2279 261 2279 336 2279 295 2280 263 2280 246 2280 246 2281 266 2281 295 2281 266 2282 250 2282 291 2282 221 2283 366 2283 207 2283 366 2284 221 2284 336 2284 221 2285 158 2285 165 2285 162 2286 158 2286 207 2286 221 2287 207 2287 158 2287 165 2288 83 2288 104 2288 110 2289 83 2289 165 2289 83 2290 110 2290 85 2290 83 2291 94 2291 104 2291 105 2292 94 2292 90 2292 90 2293 107 2293 105 2293 92 2294 74 2294 76 2294 107 2295 92 2295 109 2295 92 2296 107 2296 90 2296 74 2297 92 2297 90 2297 94 2298 74 2298 90 2298 83 2299 74 2299 94 2299 183 2300 107 2300 109 2300 107 2301 183 2301 199 2301 165 2302 158 2302 110 2302 195 2303 165 2303 104 2303 104 2304 197 2304 195 2304 197 2305 104 2305 94 2305 94 2306 186 2306 197 2306 186 2307 94 2307 105 2307 105 2308 199 2308 186 2308 199 2309 105 2309 107 2309 195 2310 263 2310 261 2310 250 2311 199 2311 206 2311 199 2312 250 2312 266 2312 266 2313 186 2313 199 2313 186 2314 266 2314 246 2314 246 2315 197 2315 186 2315 197 2316 246 2316 263 2316 165 2317 195 2317 221 2317 261 2318 221 2318 195 2318 263 2319 195 2319 197 2319 206 2320 199 2320 183 2320 375 2321 373 2321 365 2321 373 2322 375 2322 398 2322 398 2323 423 2323 373 2323 423 2324 398 2324 442 2324 390 2325 398 2325 375 2325 645 2326 1180 2326 1178 2326 1180 2327 645 2327 537 2327 1182 2328 469 2328 442 2328 469 2329 1182 2329 1180 2329 1180 2330 537 2330 469 2330 1514 2331 1677 2331 1719 2331 1677 2332 1514 2332 1486 2332 1355 2333 1486 2333 1514 2333 1486 2334 1355 2334 1345 2334 1180 2335 1360 2335 1178 2335 1345 2336 1180 2336 1182 2336 1180 2337 1345 2337 1355 2337 1360 2338 1180 2338 1355 2338 1514 2339 1360 2339 1355 2339 1360 2340 1514 2340 1535 2340 1719 2341 1535 2341 1514 2341 1535 2342 1719 2342 1683 2342 1178 2343 1372 2343 1172 2343 1372 2344 1178 2344 1360 2344 1360 2345 1506 2345 1372 2345 1506 2346 1360 2346 1535 2346 1172 2347 1378 2347 1201 2347 1378 2348 1172 2348 1372 2348 1372 2349 1518 2349 1378 2349 1518 2350 1372 2350 1506 2350 1705 2351 1518 2351 1699 2351 1506 2352 1699 2352 1518 2352 1535 2353 1699 2353 1506 2353 1699 2354 1535 2354 1683 2354 1201 2355 1382 2355 1194 2355 1382 2356 1201 2356 1378 2356 1378 2357 1438 2357 1382 2357 1518 2358 1438 2358 1378 2358 1438 2359 1518 2359 1522 2359 1518 2360 1705 2360 1522 2360 1797 2361 1754 2361 1806 2361 1870 2362 1806 2362 1876 2362 1806 2363 1870 2363 1797 2363 1833 2364 1797 2364 1870 2364 1768 2365 1797 2365 1833 2365 1797 2366 1768 2366 1719 2366 1683 2367 1719 2367 1768 2367 1754 2368 1797 2368 1741 2368 1741 2369 1797 2369 1677 2369 1719 2370 1677 2370 1797 2370 1683 2371 1771 2371 1699 2371 1771 2372 1683 2372 1768 2372 1768 2373 1834 2373 1771 2373 1834 2374 1768 2374 1833 2374 1833 2375 1891 2375 1834 2375 1891 2376 1833 2376 1870 2376 1903 2377 1891 2377 1900 2377 1900 2378 1891 2378 1894 2378 1870 2379 1894 2379 1891 2379 1894 2380 1870 2380 1876 2380 1891 2381 1903 2381 1896 2381 1885 2382 1891 2382 1896 2382 1885 2383 1834 2383 1891 2383 1834 2384 1885 2384 1866 2384 1834 2385 1866 2385 1827 2385 1827 2386 1771 2386 1834 2386 1699 2387 1750 2387 1705 2387 1750 2388 1699 2388 1771 2388 1771 2389 1775 2389 1750 2389 1775 2390 1771 2390 1794 2390 1771 2391 1827 2391 1794 2391 1902 2392 1896 2392 1903 2392 1896 2393 1902 2393 1883 2393 1896 2394 1883 2394 1885 2394 1883 2395 1866 2395 1885 2395 1825 2396 1866 2396 1883 2396 1866 2397 1825 2397 1827 2397 1825 2398 1794 2398 1827 2398 1794 2399 1825 2399 1777 2399 1794 2400 1777 2400 1775 2400 1777 2401 1750 2401 1775 2401 1706 2402 1750 2402 1777 2402 1750 2403 1706 2403 1705 2403 74 2404 72 2404 76 2404 67 2405 85 2405 87 2405 67 2406 87 2406 65 2406 87 2407 63 2407 65 2407 85 2408 67 2408 69 2408 69 2409 83 2409 85 2409 83 2410 69 2410 71 2410 71 2411 74 2411 83 2411 74 2412 71 2412 72 2412 63 2413 87 2413 81 2413 81 2414 61 2414 63 2414 61 2415 81 2415 79 2415 79 2416 59 2416 61 2416 59 2417 79 2417 77 2417 77 2418 58 2418 59 2418 58 2419 77 2419 57 2419 67 2420 132 2420 135 2420 132 2421 67 2421 65 2421 65 2422 128 2422 132 2422 128 2423 65 2423 63 2423 63 2424 125 2424 128 2424 125 2425 63 2425 61 2425 61 2426 123 2426 125 2426 123 2427 61 2427 59 2427 59 2428 121 2428 123 2428 121 2429 59 2429 58 2429 135 2430 69 2430 67 2430 69 2431 135 2431 137 2431 137 2432 71 2432 69 2432 71 2433 137 2433 139 2433 72 2434 139 2434 140 2434 139 2435 72 2435 71 2435 140 2436 146 2436 144 2436 137 2437 138 2437 142 2437 142 2438 139 2438 137 2438 139 2439 142 2439 145 2439 145 2440 140 2440 139 2440 140 2441 145 2441 148 2441 146 2442 140 2442 148 2442 119 2443 123 2443 121 2443 123 2444 119 2444 120 2444 120 2445 125 2445 123 2445 135 2446 138 2446 137 2446 138 2447 135 2447 131 2447 131 2448 135 2448 132 2448 132 2449 130 2449 131 2449 130 2450 132 2450 128 2450 128 2451 127 2451 130 2451 127 2452 128 2452 125 2452 127 2453 125 2453 122 2453 125 2454 120 2454 122 2454 208 2455 120 2455 119 2455 130 2456 167 2456 131 2456 203 2457 130 2457 127 2457 167 2458 130 2458 203 2458 210 2459 127 2459 122 2459 127 2460 210 2460 218 2460 203 2461 127 2461 218 2461 120 2462 208 2462 216 2462 209 2463 120 2463 216 2463 120 2464 209 2464 122 2464 122 2465 209 2465 210 2465 219 2466 216 2466 208 2466 209 2467 216 2467 226 2467 226 2468 210 2468 209 2468 203 2469 218 2469 232 2469 227 2470 218 2470 210 2470 239 2471 226 2471 216 2471 216 2472 238 2472 239 2472 238 2473 216 2473 219 2473 242 2474 227 2474 226 2474 210 2475 226 2475 227 2475 227 2476 272 2476 218 2476 168 2477 142 2477 138 2477 142 2478 168 2478 211 2478 211 2479 145 2479 142 2479 144 2480 146 2480 212 2480 145 2481 211 2481 217 2481 231 2482 217 2482 211 2482 145 2483 217 2483 228 2483 228 2484 148 2484 145 2484 234 2485 148 2485 228 2485 212 2486 235 2486 220 2486 235 2487 212 2487 146 2487 146 2488 234 2488 235 2488 148 2489 234 2489 146 2489 231 2490 260 2490 217 2490 260 2491 228 2491 217 2491 220 2492 235 2492 248 2492 232 2493 311 2493 385 2493 311 2494 232 2494 218 2494 218 2495 272 2495 311 2495 227 2496 288 2496 272 2496 288 2497 227 2497 242 2497 288 2498 242 2498 226 2498 226 2499 305 2499 288 2499 305 2500 226 2500 239 2500 238 2501 305 2501 239 2501 305 2502 238 2502 285 2502 341 2503 305 2503 369 2503 329 2504 369 2504 305 2504 369 2505 329 2505 352 2505 350 2506 272 2506 342 2506 288 2507 342 2507 272 2507 288 2508 341 2508 342 2508 288 2509 305 2509 341 2509 329 2510 305 2510 285 2510 311 2511 418 2511 385 2511 418 2512 311 2512 350 2512 350 2513 311 2513 272 2513 428 2514 426 2514 350 2514 350 2515 426 2515 418 2515 385 2516 418 2516 523 2516 525 2517 428 2517 501 2517 572 2518 636 2518 523 2518 428 2519 525 2519 426 2519 572 2520 426 2520 525 2520 426 2521 572 2521 418 2521 523 2522 418 2522 572 2522 400 2523 341 2523 369 2523 369 2524 352 2524 381 2524 342 2525 428 2525 350 2525 428 2526 446 2526 501 2526 431 2527 341 2527 400 2527 341 2528 431 2528 446 2528 446 2529 342 2529 341 2529 342 2530 446 2530 428 2530 438 2531 446 2531 431 2531 446 2532 438 2532 465 2532 465 2533 501 2533 446 2533 501 2534 465 2534 507 2534 369 2535 381 2535 400 2535 431 2536 410 2536 438 2536 410 2537 431 2537 400 2537 400 2538 388 2538 410 2538 388 2539 400 2539 381 2539 57 2540 121 2540 58 2540 121 2541 57 2541 119 2541 473 2542 387 2542 472 2542 387 2543 473 2543 388 2543 388 2544 374 2544 387 2544 374 2545 388 2545 381 2545 381 2546 364 2546 374 2546 381 2547 332 2547 364 2547 332 2548 381 2548 352 2548 352 2549 308 2549 332 2549 308 2550 352 2550 329 2550 329 2551 284 2551 308 2551 284 2552 329 2552 285 2552 285 2553 236 2553 284 2553 236 2554 285 2554 238 2554 238 2555 205 2555 236 2555 205 2556 238 2556 219 2556 219 2557 182 2557 205 2557 182 2558 219 2558 208 2558 208 2559 97 2559 182 2559 97 2560 208 2560 119 2560 97 2561 119 2561 89 2561 119 2562 57 2562 89 2562 489 2563 473 2563 472 2563 473 2564 489 2564 490 2564 503 2565 490 2565 489 2565 490 2566 503 2566 504 2566 510 2567 504 2567 503 2567 504 2568 510 2568 511 2568 516 2569 511 2569 510 2569 511 2570 516 2570 518 2570 516 2571 517 2571 518 2571 517 2572 516 2572 515 2572 574 2573 550 2573 573 2573 550 2574 574 2574 551 2574 551 2575 533 2575 550 2575 533 2576 551 2576 534 2576 534 2577 526 2577 533 2577 526 2578 534 2578 527 2578 527 2579 515 2579 526 2579 515 2580 527 2580 517 2580 572 2581 634 2581 636 2581 588 2582 634 2582 572 2582 588 2583 572 2583 525 2583 588 2584 525 2584 501 2584 501 2585 507 2585 588 2585 588 2586 1211 2586 1186 2586 1211 2587 588 2587 507 2587 1211 2588 507 2588 465 2588 465 2589 1209 2589 1211 2589 1209 2590 465 2590 438 2590 636 2591 1188 2591 1191 2591 1188 2592 636 2592 634 2592 634 2593 1186 2593 1188 2593 1186 2594 634 2594 588 2594 1209 2595 1353 2595 1211 2595 1211 2596 1363 2596 1186 2596 1363 2597 1211 2597 1353 2597 1511 2598 1363 2598 1353 2598 1363 2599 1511 2599 1496 2599 1671 2600 1490 2600 1664 2600 1353 2601 1209 2601 1349 2601 1490 2602 1353 2602 1349 2602 1353 2603 1490 2603 1511 2603 1490 2604 1671 2604 1511 2604 1671 2605 1496 2605 1511 2605 1496 2606 1671 2606 1681 2606 1186 2607 1367 2607 1188 2607 1367 2608 1186 2608 1363 2608 1363 2609 1501 2609 1367 2609 1501 2610 1363 2610 1496 2610 1496 2611 1689 2611 1501 2611 1689 2612 1496 2612 1681 2612 1697 2613 1501 2613 1689 2613 1188 2614 1371 2614 1191 2614 1371 2615 1188 2615 1367 2615 1367 2616 1435 2616 1371 2616 1501 2617 1435 2617 1367 2617 1435 2618 1501 2618 1538 2618 1501 2619 1697 2619 1538 2619 1862 2620 1904 2620 1905 2620 1904 2621 1862 2621 1858 2621 1895 2622 1904 2622 1858 2622 1904 2623 1895 2623 1901 2623 1669 2624 1756 2624 1668 2624 1756 2625 1669 2625 1755 2625 1755 2626 1804 2626 1756 2626 1804 2627 1755 2627 1807 2627 1807 2628 1858 2628 1804 2628 1858 2629 1807 2629 1877 2629 1895 2630 1858 2630 1877 2630 1845 2631 1859 2631 1875 2631 1859 2632 1845 2632 1787 2632 1787 2633 1858 2633 1859 2633 1858 2634 1787 2634 1804 2634 1671 2635 1745 2635 1681 2635 1745 2636 1671 2636 1733 2636 1733 2637 1784 2637 1745 2637 1733 2638 1819 2638 1784 2638 1819 2639 1733 2639 1787 2639 1787 2640 1845 2640 1819 2640 1664 2641 1733 2641 1671 2641 1733 2642 1664 2642 1725 2642 1725 2643 1787 2643 1733 2643 1725 2644 1804 2644 1787 2644 1804 2645 1725 2645 1756 2645 1862 2646 1859 2646 1858 2646 1859 2647 1862 2647 1861 2647 1875 2648 1861 2648 1881 2648 1861 2649 1875 2649 1859 2649 1819 2650 1839 2650 1823 2650 1845 2651 1875 2651 1864 2651 1681 2652 1745 2652 1689 2652 1839 2653 1845 2653 1864 2653 1839 2654 1819 2654 1845 2654 1819 2655 1812 2655 1784 2655 1812 2656 1819 2656 1823 2656 1689 2657 1748 2657 1697 2657 1748 2658 1689 2658 1745 2658 1745 2659 1764 2659 1748 2659 1784 2660 1764 2660 1745 2660 1764 2661 1784 2661 1790 2661 1784 2662 1812 2662 1790 2662 1748 2663 1696 2663 1697 2663 1696 2664 1748 2664 1763 2664 1763 2665 1748 2665 1764 2665 1790 2666 1763 2666 1764 2666 1763 2667 1790 2667 1814 2667 1814 2668 1790 2668 1812 2668 1823 2669 1814 2669 1812 2669 1823 2670 1841 2670 1814 2670 1881 2671 1864 2671 1875 2671 1864 2672 1881 2672 1841 2672 1864 2673 1841 2673 1839 2673 1841 2674 1823 2674 1839 2674 1646 2675 1639 2675 1640 2675 1639 2676 1646 2676 1645 2676 1650 2677 1645 2677 1646 2677 1645 2678 1650 2678 1649 2678 1660 2679 1649 2679 1650 2679 1649 2680 1660 2680 1659 2680 1669 2681 1659 2681 1660 2681 1659 2682 1669 2682 1668 2682 409 2683 472 2683 387 2683 1633 2684 1731 2684 1642 2684 1731 2685 1640 2685 1642 2685 1755 2686 1640 2686 1731 2686 409 2687 533 2687 526 2687 533 2688 409 2688 436 2688 436 2689 550 2689 533 2689 436 2690 573 2690 550 2690 1731 2691 1633 2691 1625 2691 1625 2692 1665 2692 1731 2692 1665 2693 1625 2693 1619 2693 1613 2694 1665 2694 1619 2694 515 2695 409 2695 526 2695 516 2696 409 2696 515 2696 510 2697 409 2697 516 2697 1646 2698 1660 2698 1650 2698 1660 2699 1646 2699 1640 2699 1660 2700 1640 2700 1669 2700 1640 2701 1755 2701 1669 2701 503 2702 409 2702 510 2702 409 2703 503 2703 489 2703 409 2704 489 2704 472 2704 1203 2705 573 2705 436 2705 1347 2706 573 2706 1203 2706 1347 2707 1613 2707 573 2707 1613 2708 1347 2708 1488 2708 1613 2709 1488 2709 1665 2709 1639 2710 1642 2710 1640 2710 1642 2711 1639 2711 1641 2711 1641 2712 1633 2712 1642 2712 1633 2713 1641 2713 1632 2713 1632 2714 1625 2714 1633 2714 1625 2715 1632 2715 1624 2715 1624 2716 1619 2716 1625 2716 1619 2717 1624 2717 1618 2717 1618 2718 1613 2718 1619 2718 1613 2719 1618 2719 1612 2719 573 2720 798 2720 574 2720 1530 2721 1613 2721 1612 2721 1450 2722 1613 2722 1530 2722 1450 2723 573 2723 1613 2723 573 2724 1450 2724 977 2724 573 2725 977 2725 798 2725 248 2726 289 2726 290 2726 289 2727 248 2727 235 2727 235 2728 304 2728 289 2728 304 2729 235 2729 234 2729 234 2730 303 2730 304 2730 303 2731 234 2731 228 2731 228 2732 260 2732 303 2732 349 2733 260 2733 231 2733 303 2734 260 2734 344 2734 289 2735 304 2735 338 2735 327 2736 289 2736 338 2736 289 2737 327 2737 290 2737 344 2738 380 2738 303 2738 380 2739 304 2739 303 2739 304 2740 380 2740 377 2740 377 2741 338 2741 304 2741 327 2742 338 2742 343 2742 420 2743 425 2743 349 2743 344 2744 349 2744 425 2744 260 2745 349 2745 344 2745 524 2746 425 2746 420 2746 425 2747 391 2747 344 2747 425 2748 479 2748 391 2748 380 2749 391 2749 479 2749 391 2750 380 2750 344 2750 349 2751 385 2751 420 2751 385 2752 608 2752 420 2752 608 2753 385 2753 523 2753 523 2754 683 2754 608 2754 1083 2755 1191 2755 1171 2755 1083 2756 636 2756 1191 2756 742 2757 1195 2757 639 2757 1195 2758 742 2758 1090 2758 1195 2759 1090 2759 1169 2759 349 2760 232 2760 385 2760 232 2761 349 2761 231 2761 683 2762 523 2762 636 2762 636 2763 1083 2763 683 2763 650 2764 420 2764 608 2764 650 2765 524 2765 420 2765 524 2766 650 2766 742 2766 524 2767 742 2767 639 2767 167 2768 211 2768 168 2768 138 2769 167 2769 168 2769 167 2770 138 2770 131 2770 232 2771 231 2771 203 2771 231 2772 211 2772 167 2772 231 2773 167 2773 203 2773 380 2774 479 2774 502 2774 583 2775 479 2775 425 2775 524 2776 583 2776 425 2776 583 2777 524 2777 639 2777 343 2778 393 2778 382 2778 393 2779 343 2779 338 2779 460 2780 380 2780 502 2780 380 2781 460 2781 429 2781 338 2782 377 2782 393 2782 380 2783 429 2783 377 2783 377 2784 429 2784 393 2784 440 2785 393 2785 429 2785 393 2786 440 2786 411 2786 411 2787 382 2787 393 2787 382 2788 411 2788 389 2788 140 2789 76 2789 72 2789 76 2790 140 2790 144 2790 212 2791 109 2791 144 2791 144 2792 109 2792 92 2792 76 2793 144 2793 92 2793 475 2794 389 2794 474 2794 389 2795 475 2795 390 2795 390 2796 382 2796 389 2796 382 2797 390 2797 375 2797 382 2798 375 2798 365 2798 365 2799 343 2799 382 2799 343 2800 365 2800 325 2800 325 2801 327 2801 343 2801 327 2802 325 2802 309 2802 309 2803 290 2803 327 2803 290 2804 309 2804 291 2804 291 2805 248 2805 290 2805 248 2806 291 2806 250 2806 250 2807 220 2807 248 2807 220 2808 250 2808 206 2808 206 2809 212 2809 220 2809 212 2810 206 2810 183 2810 109 2811 212 2811 183 2811 491 2812 475 2812 474 2812 475 2813 491 2813 492 2813 505 2814 492 2814 491 2814 492 2815 505 2815 506 2815 512 2816 506 2816 505 2816 506 2817 512 2817 513 2817 520 2818 513 2818 512 2818 513 2819 520 2819 522 2819 519 2820 522 2820 520 2820 522 2821 519 2821 521 2821 576 2822 552 2822 575 2822 552 2823 576 2823 553 2823 553 2824 535 2824 552 2824 535 2825 553 2825 536 2825 536 2826 528 2826 535 2826 528 2827 536 2827 529 2827 529 2828 519 2828 528 2828 519 2829 529 2829 521 2829 530 2830 460 2830 502 2830 460 2831 530 2831 468 2831 468 2832 429 2832 460 2832 429 2833 468 2833 440 2833 583 2834 641 2834 530 2834 639 2835 640 2835 583 2835 530 2836 502 2836 583 2836 502 2837 479 2837 583 2837 641 2838 583 2838 640 2838 1174 2839 641 2839 1199 2839 1174 2840 530 2840 641 2840 530 2841 1174 2841 468 2841 1176 2842 468 2842 1174 2842 468 2843 1176 2843 440 2843 641 2844 1197 2844 1199 2844 1197 2845 641 2845 640 2845 640 2846 1195 2846 1197 2846 1195 2847 640 2847 639 2847 1662 2848 1510 2848 1711 2848 1711 2849 1495 2849 1679 2849 1495 2850 1711 2850 1510 2850 1351 2851 1495 2851 1510 2851 1495 2852 1351 2852 1365 2852 1174 2853 1343 2853 1176 2853 1510 2854 1662 2854 1484 2854 1343 2855 1510 2855 1484 2855 1510 2856 1343 2856 1351 2856 1343 2857 1174 2857 1351 2857 1174 2858 1365 2858 1351 2858 1365 2859 1174 2859 1199 2859 1503 2860 1687 2860 1500 2860 1687 2861 1503 2861 1693 2861 1195 2862 1369 2862 1197 2862 1369 2863 1195 2863 1341 2863 1434 2864 1369 2864 1341 2864 1434 2865 1500 2865 1369 2865 1500 2866 1434 2866 1503 2866 1197 2867 1365 2867 1199 2867 1365 2868 1197 2868 1369 2868 1369 2869 1495 2869 1365 2869 1495 2870 1369 2870 1500 2870 1500 2871 1679 2871 1495 2871 1679 2872 1500 2872 1687 2872 1902 2873 1857 2873 1854 2873 1857 2874 1902 2874 1903 2874 1900 2875 1857 2875 1903 2875 1667 2876 1754 2876 1666 2876 1754 2877 1667 2877 1753 2877 1753 2878 1806 2878 1754 2878 1806 2879 1753 2879 1803 2879 1803 2880 1876 2880 1806 2880 1876 2881 1803 2881 1857 2881 1857 2882 1894 2882 1876 2882 1857 2883 1900 2883 1894 2883 1856 2884 1843 2884 1873 2884 1711 2885 1730 2885 1662 2885 1730 2886 1711 2886 1765 2886 1730 2887 1765 2887 1798 2887 1798 2888 1753 2888 1730 2888 1753 2889 1798 2889 1803 2889 1711 2890 1679 2890 1743 2890 1743 2891 1765 2891 1711 2891 1765 2892 1743 2892 1782 2892 1765 2893 1782 2893 1817 2893 1817 2894 1798 2894 1765 2894 1798 2895 1817 2895 1843 2895 1843 2896 1856 2896 1798 2896 1856 2897 1803 2897 1798 2897 1803 2898 1856 2898 1857 2898 1856 2899 1854 2899 1857 2899 1854 2900 1856 2900 1853 2900 1853 2901 1873 2901 1878 2901 1873 2902 1853 2902 1856 2902 1873 2903 1843 2903 1847 2903 1817 2904 1847 2904 1843 2904 1810 2905 1817 2905 1782 2905 1817 2906 1810 2906 1821 2906 1847 2907 1817 2907 1821 2907 1743 2908 1693 2908 1758 2908 1758 2909 1782 2909 1743 2909 1782 2910 1758 2910 1788 2910 1810 2911 1782 2911 1788 2911 1693 2912 1743 2912 1687 2912 1687 2913 1743 2913 1679 2913 1694 2914 1758 2914 1693 2914 1758 2915 1694 2915 1761 2915 1761 2916 1788 2916 1758 2916 1788 2917 1761 2917 1808 2917 1788 2918 1808 2918 1810 2918 1808 2919 1821 2919 1810 2919 1837 2920 1821 2920 1808 2920 1821 2921 1837 2921 1847 2921 1878 2922 1847 2922 1837 2922 1847 2923 1878 2923 1873 2923 1644 2924 1634 2924 1635 2924 1634 2925 1644 2925 1643 2925 1648 2926 1643 2926 1644 2926 1643 2927 1648 2927 1647 2927 1658 2928 1647 2928 1648 2928 1647 2929 1658 2929 1657 2929 1667 2930 1657 2930 1658 2930 1657 2931 1667 2931 1666 2931 398 2932 522 2932 521 2932 398 2933 521 2933 529 2933 529 2934 442 2934 398 2934 1741 2935 1666 2935 1754 2935 506 2936 475 2936 492 2936 1647 2937 1634 2937 1643 2937 522 2938 398 2938 390 2938 475 2939 522 2939 390 2939 475 2940 513 2940 522 2940 475 2941 506 2941 513 2941 442 2942 529 2942 536 2942 553 2943 442 2943 536 2943 576 2944 442 2944 553 2944 1741 2945 1636 2945 1666 2945 1634 2946 1666 2946 1636 2946 1634 2947 1657 2947 1666 2947 1634 2948 1647 2948 1657 2948 1610 2949 1345 2949 576 2949 576 2950 1345 2950 1182 2950 576 2951 1182 2951 442 2951 1677 2952 1636 2952 1741 2952 1677 2953 1630 2953 1636 2953 1677 2954 1622 2954 1630 2954 1677 2955 1616 2955 1622 2955 1677 2956 1610 2956 1616 2956 1486 2957 1610 2957 1677 2957 1345 2958 1610 2958 1486 2958 1636 2959 1631 2959 1637 2959 1631 2960 1636 2960 1630 2960 1630 2961 1623 2961 1631 2961 1623 2962 1630 2962 1622 2962 1622 2963 1617 2963 1623 2963 1617 2964 1622 2964 1616 2964 1616 2965 1611 2965 1617 2965 1611 2966 1616 2966 1610 2966 1636 2967 1635 2967 1634 2967 1635 2968 1636 2968 1637 2968 1610 2969 1527 2969 1611 2969 806 2970 576 2970 575 2970 985 2971 576 2971 806 2971 985 2972 1610 2972 576 2972 1610 2973 985 2973 1448 2973 1527 2974 1610 2974 1448 2974 1451 2975 1530 2975 1531 2975 1530 2976 1451 2976 1450 2976 1532 2977 1451 2977 1531 2977 1451 2978 1532 2978 1453 2978 1534 2979 1530 2979 1533 2979 1530 2980 1534 2980 1532 2980 1532 2981 1531 2981 1530 2981 1450 2982 1451 2982 1453 2982 1453 2983 1449 2983 1450 2983 1449 2984 1453 2984 1452 2984 1452 2985 1532 2985 1534 2985 1532 2986 1452 2986 1453 2986 1452 2987 1533 2987 1449 2987 1533 2988 1452 2988 1534 2988 797 2989 574 2989 798 2989 527 2990 438 2990 410 2990 438 2991 527 2991 534 2991 551 2992 438 2992 534 2992 1449 2993 977 2993 1450 2993 574 2994 438 2994 551 2994 574 2995 797 2995 438 2995 797 2996 1209 2996 438 2996 1209 2997 797 2997 976 2997 976 2998 1349 2998 1209 2998 410 2999 511 2999 518 2999 410 3000 518 3000 517 3000 410 3001 517 3001 527 3001 1349 3002 976 3002 977 3002 977 3003 1449 3003 1349 3003 1449 3004 1490 3004 1349 3004 1490 3005 1449 3005 1533 3005 1490 3006 1533 3006 1664 3006 1530 3007 1664 3007 1533 3007 1725 3008 1668 3008 1756 3008 511 3009 490 3009 504 3009 490 3010 511 3010 410 3010 490 3011 410 3011 473 3011 473 3012 410 3012 388 3012 1664 3013 1530 3013 1612 3013 1664 3014 1612 3014 1618 3014 1618 3015 1725 3015 1664 3015 1725 3016 1618 3016 1624 3016 1725 3017 1624 3017 1632 3017 1725 3018 1632 3018 1641 3018 1649 3019 1639 3019 1645 3019 1639 3020 1649 3020 1659 3020 1639 3021 1659 3021 1668 3021 1639 3022 1668 3022 1641 3022 1725 3023 1641 3023 1668 3023 799 3024 977 3024 978 3024 977 3025 799 3025 798 3025 979 3026 977 3026 976 3026 977 3027 979 3027 980 3027 980 3028 978 3028 977 3028 798 3029 799 3029 801 3029 801 3030 797 3030 798 3030 797 3031 801 3031 800 3031 980 3032 799 3032 978 3032 799 3033 980 3033 801 3033 800 3034 980 3034 979 3034 980 3035 800 3035 801 3035 800 3036 976 3036 797 3036 976 3037 800 3037 979 3037 1526 3038 1448 3038 1446 3038 1448 3039 1526 3039 1527 3039 1445 3040 1526 3040 1446 3040 1526 3041 1445 3041 1525 3041 1444 3042 1448 3042 1447 3042 1448 3043 1444 3043 1445 3043 1445 3044 1446 3044 1448 3044 1527 3045 1526 3045 1525 3045 1525 3046 1528 3046 1527 3046 1528 3047 1525 3047 1529 3047 1525 3048 1444 3048 1529 3048 1444 3049 1525 3049 1445 3049 1529 3050 1447 3050 1528 3050 1447 3051 1529 3051 1444 3051 1528 3052 1611 3052 1527 3052 1667 3053 1730 3053 1753 3053 1631 3054 1730 3054 1637 3054 1662 3055 1623 3055 1617 3055 1623 3056 1662 3056 1730 3056 1730 3057 1631 3057 1623 3057 985 3058 1176 3058 1343 3058 1611 3059 1662 3059 1617 3059 1611 3060 1528 3060 1662 3060 1528 3061 1484 3061 1662 3061 1447 3062 1484 3062 1528 3062 1484 3063 1447 3063 1343 3063 1448 3064 1343 3064 1447 3064 1343 3065 1448 3065 985 3065 440 3066 575 3066 552 3066 440 3067 552 3067 535 3067 535 3068 411 3068 440 3068 1644 3069 1658 3069 1648 3069 1658 3070 1644 3070 1635 3070 1658 3071 1635 3071 1667 3071 1667 3072 1635 3072 1637 3072 1637 3073 1730 3073 1667 3073 1176 3074 985 3074 984 3074 805 3075 1176 3075 984 3075 1176 3076 805 3076 440 3076 806 3077 440 3077 805 3077 440 3078 806 3078 575 3078 491 3079 512 3079 505 3079 512 3080 491 3080 474 3080 512 3081 474 3081 520 3081 520 3082 474 3082 389 3082 389 3083 519 3083 520 3083 519 3084 389 3084 411 3084 519 3085 411 3085 528 3085 411 3086 535 3086 528 3086 983 3087 806 3087 804 3087 806 3088 983 3088 985 3088 985 3089 983 3089 982 3089 982 3090 984 3090 985 3090 984 3091 982 3091 981 3091 802 3092 806 3092 805 3092 806 3093 802 3093 803 3093 803 3094 804 3094 806 3094 803 3095 983 3095 804 3095 983 3096 803 3096 982 3096 982 3097 802 3097 981 3097 802 3098 982 3098 803 3098 981 3099 805 3099 984 3099 805 3100 981 3100 802 3100 1432 3101 1422 3101 1401 3101 1422 3102 1432 3102 1441 3102 1441 3103 1459 3103 1422 3103 1459 3104 1441 3104 1475 3104 1475 3105 1560 3105 1459 3105 1560 3106 1475 3106 1572 3106 1628 3107 1615 3107 1572 3107 1572 3108 1615 3108 1560 3108 1862 3109 1881 3109 1861 3109 1881 3110 1862 3110 1905 3110 1905 3111 1841 3111 1881 3111 1841 3112 1905 3112 1889 3112 1889 3113 1814 3113 1841 3113 1814 3114 1889 3114 1831 3114 1831 3115 1763 3115 1814 3115 1763 3116 1831 3116 1779 3116 1779 3117 1696 3117 1763 3117 1696 3118 1779 3118 1708 3118 1708 3119 1628 3119 1696 3119 1628 3120 1708 3120 1615 3120 1562 3121 1560 3121 1615 3121 1560 3122 1492 3122 1459 3122 1560 3123 1562 3123 1492 3123 1422 3124 1390 3124 1401 3124 1391 3125 1390 3125 1422 3125 1459 3126 1391 3126 1422 3126 1391 3127 1459 3127 1456 3127 1492 3128 1456 3128 1459 3128 1555 3129 1468 3129 1588 3129 1468 3130 1562 3130 1588 3130 1588 3131 1562 3131 1615 3131 1324 3132 1391 3132 1456 3132 1456 3133 1407 3133 1324 3133 1492 3134 1407 3134 1456 3134 1391 3135 1324 3135 1328 3135 1391 3136 1328 3136 1390 3136 1562 3137 1407 3137 1492 3137 1407 3138 1562 3138 1413 3138 1324 3139 1407 3139 1413 3139 1324 3140 1413 3140 1318 3140 1318 3141 1421 3141 1307 3141 1421 3142 1318 3142 1468 3142 1421 3143 1468 3143 1555 3143 1468 3144 1318 3144 1413 3144 1468 3145 1413 3145 1562 3145 1328 3146 1324 3146 1321 3146 1288 3147 1299 3147 1287 3147 1299 3148 1288 3148 1296 3148 1302 3149 1299 3149 1296 3149 1305 3150 1321 3150 1324 3150 1321 3151 1305 3151 1302 3151 1299 3152 1302 3152 1305 3152 1241 3153 1318 3153 1307 3153 1287 3154 1318 3154 1285 3154 1318 3155 1287 3155 1299 3155 1299 3156 1324 3156 1318 3156 1324 3157 1299 3157 1305 3157 1285 3158 1318 3158 1277 3158 1277 3159 1318 3159 1265 3159 1318 3160 1241 3160 1265 3160 1287 3161 1291 3161 1288 3161 1291 3162 1287 3162 1290 3162 1287 3163 1293 3163 1290 3163 1293 3164 1287 3164 1285 3164 1285 3165 1279 3165 1293 3165 1279 3166 1285 3166 1277 3166 1265 3167 1279 3167 1277 3167 1279 3168 1265 3168 1267 3168 1241 3169 1267 3169 1265 3169 1267 3170 1241 3170 1243 3170 1293 3171 1291 3171 1290 3171 1293 3172 1297 3172 1291 3172 1331 3173 1319 3173 1330 3173 1319 3174 1331 3174 1322 3174 1303 3175 1319 3175 1322 3175 1300 3176 1297 3176 1293 3176 1300 3177 1303 3177 1297 3177 1319 3178 1303 3178 1300 3178 1314 3179 1243 3179 1312 3179 1243 3180 1314 3180 1267 3180 1330 3181 1314 3181 1389 3181 1314 3182 1330 3182 1319 3182 1314 3183 1319 3183 1300 3183 1314 3184 1300 3184 1293 3184 1267 3185 1314 3185 1279 3185 1279 3186 1314 3186 1293 3186 1588 3187 1709 3187 1523 3187 1708 3188 1588 3188 1615 3188 1588 3189 1708 3189 1709 3189 1243 3190 1194 3190 1312 3190 1216 3191 1194 3191 1243 3191 1216 3192 1243 3192 1241 3192 1307 3193 1190 3193 1216 3193 1216 3194 1241 3194 1307 3194 1307 3195 1380 3195 1190 3195 1307 3196 1439 3196 1380 3196 1439 3197 1307 3197 1421 3197 1421 3198 1523 3198 1439 3198 1523 3199 1421 3199 1555 3199 1523 3200 1555 3200 1588 3200 1608 3201 1705 3201 1706 3201 1608 3202 1522 3202 1705 3202 1522 3203 1608 3203 1558 3203 1558 3204 1438 3204 1522 3204 1438 3205 1558 3205 1420 3205 1420 3206 1382 3206 1438 3206 1382 3207 1420 3207 1312 3207 1312 3208 1194 3208 1382 3208 1556 3209 1389 3209 1416 3209 1556 3210 1416 3210 1558 3210 1420 3211 1558 3211 1416 3211 1420 3212 1314 3212 1312 3212 1314 3213 1420 3213 1416 3213 1416 3214 1389 3214 1314 3214 1389 3215 1481 3215 1457 3215 1457 3216 1330 3216 1389 3216 1330 3217 1457 3217 1392 3217 1392 3218 1331 3218 1330 3218 1331 3219 1392 3219 1387 3219 1454 3220 1457 3220 1481 3220 1423 3221 1457 3221 1454 3221 1457 3222 1423 3222 1392 3222 1399 3223 1423 3223 1427 3223 1392 3224 1399 3224 1387 3224 1399 3225 1392 3225 1423 3225 1454 3226 1481 3226 1482 3226 1583 3227 1482 3227 1481 3227 1583 3228 1558 3228 1608 3228 1389 3229 1556 3229 1481 3229 1558 3230 1583 3230 1556 3230 1583 3231 1481 3231 1556 3231 1462 3232 1469 3232 1539 3232 1428 3233 1469 3233 1462 3233 1469 3234 1428 3234 1395 3234 1414 3235 1395 3235 1428 3235 1395 3236 1414 3236 1386 3236 1414 3237 1441 3237 1432 3237 1441 3238 1414 3238 1428 3238 1462 3239 1441 3239 1428 3239 1441 3240 1462 3240 1475 3240 1539 3241 1475 3241 1462 3241 1475 3242 1539 3242 1572 3242 1587 3243 1572 3243 1539 3243 1587 3244 1628 3244 1572 3244 1538 3245 1582 3245 1550 3245 1582 3246 1628 3246 1587 3246 1539 3247 1469 3247 1550 3247 1582 3248 1587 3248 1550 3248 1539 3249 1550 3249 1587 3249 1325 3250 1469 3250 1395 3250 1395 3251 1326 3251 1325 3251 1326 3252 1395 3252 1386 3252 1469 3253 1325 3253 1406 3253 1406 3254 1550 3254 1469 3254 1411 3255 1384 3255 1338 3255 1411 3256 1550 3256 1384 3256 1550 3257 1411 3257 1538 3257 1384 3258 1406 3258 1325 3258 1550 3259 1406 3259 1384 3259 1326 3260 1317 3260 1325 3260 1317 3261 1326 3261 1310 3261 1310 3262 1284 3262 1317 3262 1284 3263 1310 3263 1273 3263 1261 3264 1284 3264 1273 3264 1284 3265 1261 3265 1264 3265 1254 3266 1264 3266 1261 3266 1264 3267 1254 3267 1253 3267 1284 3268 1338 3268 1384 3268 1245 3269 1271 3269 1284 3269 1271 3270 1245 3270 1237 3270 1338 3271 1284 3271 1271 3271 1325 3272 1284 3272 1384 3272 1284 3273 1325 3273 1317 3273 1245 3274 1284 3274 1249 3274 1264 3275 1249 3275 1284 3275 1249 3276 1264 3276 1253 3276 1257 3277 1253 3277 1254 3277 1253 3278 1257 3278 1256 3278 1237 3279 1247 3279 1239 3279 1247 3280 1237 3280 1245 3280 1245 3281 1252 3281 1247 3281 1256 3282 1249 3282 1253 3282 1249 3283 1256 3283 1252 3283 1252 3284 1245 3284 1249 3284 1257 3285 1259 3285 1256 3285 1259 3286 1257 3286 1262 3286 1262 3287 1269 3287 1259 3287 1274 3288 1269 3288 1262 3288 1269 3289 1274 3289 1281 3289 1311 3290 1281 3290 1274 3290 1281 3291 1311 3291 1308 3291 1333 3292 1308 3292 1311 3292 1308 3293 1333 3293 1332 3293 1401 3294 1414 3294 1432 3294 1390 3295 1414 3295 1401 3295 1387 3296 1399 3296 1388 3296 1388 3297 1331 3297 1387 3297 1331 3298 1388 3298 1333 3298 1333 3299 1322 3299 1331 3299 1322 3300 1333 3300 1311 3300 1311 3301 1303 3301 1322 3301 1303 3302 1311 3302 1274 3302 1274 3303 1297 3303 1303 3303 1297 3304 1274 3304 1262 3304 1262 3305 1291 3305 1297 3305 1291 3306 1262 3306 1257 3306 1257 3307 1288 3307 1291 3307 1288 3308 1257 3308 1254 3308 1254 3309 1296 3309 1288 3309 1296 3310 1254 3310 1261 3310 1261 3311 1302 3311 1296 3311 1302 3312 1261 3312 1273 3312 1273 3313 1321 3313 1302 3313 1321 3314 1273 3314 1310 3314 1310 3315 1328 3315 1321 3315 1328 3316 1310 3316 1326 3316 1326 3317 1390 3317 1328 3317 1390 3318 1326 3318 1386 3318 1390 3319 1386 3319 1414 3319 1423 3320 1461 3320 1427 3320 1461 3321 1423 3321 1454 3321 1454 3322 1483 3322 1461 3322 1483 3323 1454 3323 1482 3323 1482 3324 1573 3324 1483 3324 1583 3325 1573 3325 1482 3325 1583 3326 1627 3326 1573 3326 1627 3327 1583 3327 1608 3327 1853 3328 1902 3328 1854 3328 1902 3329 1853 3329 1878 3329 1878 3330 1883 3330 1902 3330 1883 3331 1878 3331 1837 3331 1837 3332 1825 3332 1883 3332 1825 3333 1837 3333 1808 3333 1808 3334 1777 3334 1825 3334 1777 3335 1808 3335 1761 3335 1761 3336 1706 3336 1777 3336 1706 3337 1761 3337 1694 3337 1694 3338 1608 3338 1706 3338 1608 3339 1694 3339 1627 3339 1470 3340 1474 3340 1571 3340 1571 3341 1573 3341 1627 3341 1474 3342 1573 3342 1571 3342 1573 3343 1474 3343 1483 3343 1483 3344 1474 3344 1461 3344 1430 3345 1461 3345 1474 3345 1461 3346 1430 3346 1427 3346 1399 3347 1427 3347 1430 3347 1399 3348 1396 3348 1388 3348 1396 3349 1474 3349 1470 3349 1474 3350 1396 3350 1430 3350 1396 3351 1399 3351 1430 3351 1628 3352 1697 3352 1696 3352 1697 3353 1628 3353 1582 3353 1582 3354 1538 3354 1697 3354 1191 3355 1338 3355 1271 3355 1338 3356 1191 3356 1371 3356 1371 3357 1411 3357 1338 3357 1411 3358 1371 3358 1435 3358 1435 3359 1538 3359 1411 3359 1237 3360 1195 3360 1169 3360 1195 3361 1237 3361 1239 3361 1195 3362 1239 3362 1276 3362 1237 3363 1169 3363 1171 3363 1171 3364 1271 3364 1237 3364 1271 3365 1171 3365 1191 3365 1276 3366 1341 3366 1195 3366 1434 3367 1341 3367 1410 3367 1410 3368 1503 3368 1434 3368 1503 3369 1410 3369 1551 3369 1576 3370 1693 3370 1503 3370 1503 3371 1551 3371 1576 3371 1627 3372 1694 3372 1693 3372 1627 3373 1693 3373 1576 3373 1332 3374 1396 3374 1470 3374 1470 3375 1405 3375 1332 3375 1396 3376 1332 3376 1333 3376 1396 3377 1333 3377 1388 3377 1576 3378 1557 3378 1571 3378 1576 3379 1571 3379 1627 3379 1576 3380 1551 3380 1557 3380 1470 3381 1571 3381 1557 3381 1405 3382 1336 3382 1332 3382 1336 3383 1405 3383 1408 3383 1410 3384 1557 3384 1551 3384 1336 3385 1410 3385 1341 3385 1410 3386 1336 3386 1408 3386 1557 3387 1410 3387 1408 3387 1405 3388 1557 3388 1408 3388 1557 3389 1405 3389 1470 3389 1269 3390 1281 3390 1308 3390 1247 3391 1276 3391 1239 3391 1276 3392 1336 3392 1341 3392 1276 3393 1247 3393 1269 3393 1252 3394 1269 3394 1247 3394 1256 3395 1269 3395 1252 3395 1269 3396 1256 3396 1259 3396 1336 3397 1276 3397 1269 3397 1308 3398 1336 3398 1269 3398 1336 3399 1308 3399 1332 3399 1056 3400 1020 3400 1092 3400 1056 3401 1045 3401 1026 3401 1056 3402 1113 3402 1045 3402 1092 3403 1113 3403 1056 3403 1092 3404 1057 3404 1113 3404 1020 3405 1057 3405 1092 3405 1020 3406 1026 3406 1057 3406 1026 3407 1020 3407 1056 3407 1113 3408 1026 3408 1045 3408 1057 3409 1026 3409 1113 3409 752 3410 791 3410 774 3410 774 3411 773 3411 712 3411 774 3412 810 3412 773 3412 791 3413 810 3413 774 3413 791 3414 763 3414 810 3414 763 3415 791 3415 752 3415 752 3416 712 3416 763 3416 712 3417 752 3417 774 3417 763 3418 712 3418 810 3418 773 3419 810 3419 712 3419 727 3420 710 3420 771 3420 727 3421 737 3421 700 3421 771 3422 737 3422 727 3422 771 3423 779 3423 737 3423 779 3424 771 3424 710 3424 710 3425 700 3425 779 3425 700 3426 710 3426 727 3426 779 3427 700 3427 737 3427 1079 3428 1043 3428 1115 3428 1079 3429 1130 3429 1040 3429 1115 3430 1130 3430 1079 3430 1115 3431 1074 3431 1130 3431 1043 3432 1074 3432 1115 3432 1043 3433 1040 3433 1074 3433 1040 3434 1043 3434 1079 3434 1074 3435 1040 3435 1130 3435 760 3436 759 3436 761 3436 694 3437 759 3437 693 3437 693 3438 761 3438 694 3438 761 3439 693 3439 760 3439 760 3440 556 3440 899 3440 693 3441 556 3441 760 3441 556 3442 693 3442 602 3442 602 3443 693 3443 759 3443 602 3444 759 3444 840 3444 759 3445 896 3445 840 3445 896 3446 759 3446 760 3446 760 3447 899 3447 896 3447 603 3448 556 3448 602 3448 556 3449 603 3449 555 3449 840 3450 896 3450 841 3450 840 3451 603 3451 602 3451 603 3452 840 3452 841 3452 557 3453 761 3453 897 3453 759 3454 603 3454 841 3454 694 3455 603 3455 759 3455 694 3456 555 3456 603 3456 555 3457 694 3457 557 3457 557 3458 694 3458 761 3458 761 3459 896 3459 897 3459 761 3460 841 3460 896 3460 841 3461 761 3461 759 3461 560 3462 899 3462 556 3462 899 3463 560 3463 900 3463 561 3464 900 3464 560 3464 897 3465 558 3465 557 3465 898 3466 900 3466 901 3466 900 3467 898 3467 897 3467 897 3468 899 3468 900 3468 897 3469 896 3469 899 3469 562 3470 558 3470 559 3470 558 3471 562 3471 561 3471 561 3472 557 3472 558 3472 557 3473 561 3473 560 3473 557 3474 560 3474 556 3474 556 3475 555 3475 557 3475 1097 3476 901 3476 1099 3476 901 3477 1097 3477 898 3477 729 3478 561 3478 562 3478 561 3479 901 3479 900 3479 561 3480 729 3480 901 3480 729 3481 1099 3481 901 3481 898 3482 1097 3482 728 3482 559 3483 898 3483 728 3483 898 3484 559 3484 558 3484 898 3485 558 3485 897 3485 866 3486 747 3486 703 3486 866 3487 1123 3487 747 3487 747 3488 1123 3488 1099 3488 1099 3489 729 3489 747 3489 755 3490 878 3490 705 3490 728 3491 1131 3491 755 3491 1131 3492 728 3492 1097 3492 878 3493 1131 3493 1144 3493 1131 3494 878 3494 755 3494 559 3495 729 3495 562 3495 729 3496 559 3496 728 3496 728 3497 747 3497 729 3497 747 3498 728 3498 755 3498 755 3499 703 3499 747 3499 703 3500 755 3500 705 3500 703 3501 673 3501 660 3501 673 3502 703 3502 705 3502 723 3503 660 3503 673 3503 660 3504 723 3504 687 3504 1099 3505 1131 3505 1097 3505 1131 3506 1099 3506 1123 3506 1123 3507 1144 3507 1131 3507 1123 3508 1145 3508 1144 3508 1145 3509 1123 3509 1126 3509 1126 3510 1140 3510 1145 3510 1140 3511 1126 3511 1120 3511 1120 3512 1109 3512 1140 3512 1109 3513 1120 3513 1098 3513 744 3514 926 3514 687 3514 1120 3515 926 3515 744 3515 744 3516 1098 3516 1120 3516 1098 3517 744 3517 730 3517 756 3518 1109 3518 731 3518 928 3519 756 3519 723 3519 1109 3520 756 3520 1140 3520 928 3521 1140 3521 756 3521 723 3522 744 3522 687 3522 744 3523 723 3523 756 3523 756 3524 730 3524 744 3524 730 3525 756 3525 731 3525 731 3526 564 3526 730 3526 564 3527 731 3527 567 3527 1109 3528 903 3528 906 3528 903 3529 1109 3529 1098 3529 903 3530 1098 3530 730 3530 564 3531 903 3531 730 3531 903 3532 564 3532 563 3532 903 3533 563 3533 904 3533 731 3534 566 3534 567 3534 566 3535 906 3535 907 3535 566 3536 731 3536 906 3536 731 3537 1109 3537 906 3537 569 3538 905 3538 565 3538 904 3539 565 3539 905 3539 565 3540 904 3540 563 3540 907 3541 568 3541 566 3541 568 3542 907 3542 908 3542 903 3543 907 3543 906 3543 907 3544 903 3544 904 3544 905 3545 907 3545 904 3545 905 3546 908 3546 907 3546 908 3547 905 3547 909 3547 567 3548 563 3548 564 3548 563 3549 567 3549 566 3549 566 3550 565 3550 563 3550 565 3551 566 3551 568 3551 569 3552 568 3552 584 3552 568 3553 569 3553 565 3553 584 3554 604 3554 569 3554 842 3555 909 3555 809 3555 909 3556 842 3556 908 3556 842 3557 604 3557 584 3557 604 3558 842 3558 809 3558 753 3559 568 3559 908 3559 711 3560 568 3560 753 3560 711 3561 584 3561 568 3561 584 3562 711 3562 842 3562 778 3563 842 3563 711 3563 778 3564 908 3564 842 3564 908 3565 778 3565 753 3565 762 3566 809 3566 909 3566 762 3567 909 3567 905 3567 695 3568 604 3568 809 3568 695 3569 569 3569 604 3569 569 3570 695 3570 762 3570 569 3571 762 3571 905 3571 762 3572 753 3572 778 3572 762 3573 711 3573 753 3573 711 3574 762 3574 695 3574 711 3575 695 3575 809 3575 809 3576 778 3576 711 3576 778 3577 809 3577 762 3577 745 3578 687 3578 843 3578 843 3579 687 3579 926 3579 660 3580 745 3580 732 3580 745 3581 660 3581 687 3581 866 3582 825 3582 843 3582 831 3583 703 3583 726 3583 866 3584 703 3584 831 3584 825 3585 866 3585 831 3585 726 3586 703 3586 660 3586 726 3587 660 3587 732 3587 732 3588 825 3588 726 3588 825 3589 732 3589 821 3589 825 3590 821 3590 843 3590 1123 3591 953 3591 1009 3591 953 3592 1123 3592 866 3592 1123 3593 1009 3593 988 3593 1093 3594 1123 3594 988 3594 1093 3595 1126 3595 1123 3595 1126 3596 1093 3596 1081 3596 953 3597 910 3597 988 3597 910 3598 953 3598 866 3598 893 3599 843 3599 960 3599 910 3600 843 3600 893 3600 843 3601 910 3601 866 3601 960 3602 1126 3602 1081 3602 1126 3603 960 3603 843 3603 991 3604 1120 3604 1126 3604 926 3605 1120 3605 991 3605 973 3606 843 3606 926 3606 973 3607 1126 3607 843 3607 1126 3608 973 3608 991 3608 673 3609 757 3609 764 3609 705 3610 836 3610 757 3610 757 3611 673 3611 705 3611 836 3612 705 3612 878 3612 878 3613 844 3613 836 3613 745 3614 723 3614 673 3614 673 3615 772 3615 745 3615 772 3616 673 3616 764 3616 764 3617 837 3617 772 3617 844 3618 837 3618 764 3618 928 3619 723 3619 852 3619 723 3620 745 3620 852 3620 995 3621 1145 3621 1140 3621 973 3622 1145 3622 995 3622 995 3623 1140 3623 928 3623 1145 3624 973 3624 852 3624 852 3625 973 3625 928 3625 972 3626 878 3626 969 3626 852 3627 915 3627 970 3627 1144 3628 969 3628 878 3628 878 3629 972 3629 920 3629 972 3630 1035 3630 920 3630 844 3631 878 3631 837 3631 852 3632 837 3632 878 3632 920 3633 852 3633 878 3633 852 3634 920 3634 915 3634 1009 3635 1035 3635 972 3635 1035 3636 1009 3636 1144 3636 969 3637 1144 3637 1009 3637 970 3638 1145 3638 852 3638 1145 3639 970 3639 1081 3639 1111 3640 1145 3640 1081 3640 1145 3641 1111 3641 1144 3641 1144 3642 1111 3642 1035 3642 970 3643 893 3643 960 3643 893 3644 970 3644 915 3644 920 3645 893 3645 915 3645 893 3646 920 3646 910 3646 920 3647 988 3647 910 3647 988 3648 920 3648 1035 3648 1035 3649 1093 3649 988 3649 1093 3650 1035 3650 1111 3650 1093 3651 1111 3651 1081 3651 960 3652 1081 3652 970 3652 969 3653 1009 3653 953 3653 988 3654 1009 3654 972 3654 972 3655 953 3655 988 3655 953 3656 972 3656 969 3656 732 3657 745 3657 772 3657 772 3658 821 3658 732 3658 821 3659 772 3659 837 3659 837 3660 843 3660 821 3660 843 3661 837 3661 852 3661 852 3662 745 3662 843 3662 726 3663 764 3663 757 3663 757 3664 831 3664 726 3664 831 3665 757 3665 836 3665 836 3666 825 3666 831 3666 825 3667 836 3667 844 3667 825 3668 844 3668 764 3668 764 3669 726 3669 825 3669 928 3670 973 3670 926 3670 991 3671 973 3671 995 3671 995 3672 926 3672 991 3672 926 3673 995 3673 928 3673 681 3674 733 3674 707 3674 733 3675 681 3675 713 3675 813 3676 795 3676 832 3676 813 3677 713 3677 795 3677 713 3678 813 3678 733 3678 816 3679 707 3679 733 3679 816 3680 814 3680 707 3680 816 3681 832 3681 814 3681 813 3682 832 3682 816 3682 724 3683 707 3683 814 3683 681 3684 795 3684 713 3684 707 3685 724 3685 649 3685 707 3686 649 3686 681 3686 681 3687 649 3687 663 3687 663 3688 795 3688 681 3688 709 3689 795 3689 663 3689 709 3690 832 3690 795 3690 832 3691 709 3691 749 3691 832 3692 749 3692 814 3692 724 3693 814 3693 749 3693 709 3694 671 3694 699 3694 671 3695 709 3695 663 3695 671 3696 663 3696 649 3696 649 3697 668 3697 671 3697 668 3698 649 3698 724 3698 724 3699 686 3699 668 3699 686 3700 724 3700 749 3700 749 3701 699 3701 686 3701 699 3702 749 3702 709 3702 860 3703 699 3703 671 3703 699 3704 860 3704 868 3704 868 3705 686 3705 699 3705 686 3706 868 3706 834 3706 834 3707 668 3707 686 3707 668 3708 834 3708 829 3708 829 3709 671 3709 668 3709 671 3710 829 3710 860 3710 860 3711 812 3711 891 3711 808 3712 829 3712 834 3712 834 3713 793 3713 808 3713 812 3714 829 3714 808 3714 829 3715 812 3715 860 3715 834 3716 850 3716 793 3716 850 3717 834 3717 868 3717 850 3718 868 3718 883 3718 868 3719 891 3719 883 3719 891 3720 868 3720 860 3720 733 3721 736 3721 793 3721 813 3722 883 3722 846 3722 816 3723 883 3723 813 3723 883 3724 816 3724 850 3724 816 3725 793 3725 850 3725 793 3726 816 3726 733 3726 733 3727 754 3727 736 3727 813 3728 754 3728 733 3728 813 3729 846 3729 754 3729 808 3730 736 3730 812 3730 812 3731 846 3731 891 3731 736 3732 754 3732 812 3732 754 3733 846 3733 812 3733 891 3734 846 3734 883 3734 736 3735 808 3735 793 3735 678 3736 751 3736 706 3736 751 3737 678 3737 750 3737 750 3738 822 3738 853 3738 830 3739 706 3739 751 3739 725 3740 706 3740 830 3740 725 3741 830 3741 794 3741 794 3742 830 3742 853 3742 794 3743 853 3743 790 3743 790 3744 853 3744 822 3744 790 3745 822 3745 758 3745 758 3746 822 3746 750 3746 750 3747 678 3747 758 3747 706 3748 725 3748 654 3748 706 3749 654 3749 678 3749 664 3750 758 3750 678 3750 692 3751 758 3751 664 3751 692 3752 790 3752 758 3752 654 3753 664 3753 678 3753 714 3754 725 3754 794 3754 714 3755 794 3755 790 3755 790 3756 692 3756 714 3756 654 3757 675 3757 664 3757 675 3758 654 3758 725 3758 725 3759 714 3759 675 3759 851 3760 692 3760 664 3760 692 3761 851 3761 865 3761 865 3762 714 3762 692 3762 865 3763 675 3763 714 3763 675 3764 865 3764 833 3764 675 3765 833 3765 828 3765 828 3766 664 3766 675 3766 664 3767 828 3767 851 3767 890 3768 865 3768 851 3768 807 3769 828 3769 833 3769 833 3770 792 3770 807 3770 811 3771 828 3771 807 3771 811 3772 851 3772 828 3772 851 3773 811 3773 890 3773 865 3774 792 3774 833 3774 865 3775 892 3775 792 3775 865 3776 890 3776 892 3776 751 3777 735 3777 792 3777 750 3778 735 3778 751 3778 845 3779 750 3779 853 3779 751 3780 792 3780 830 3780 807 3781 735 3781 811 3781 811 3782 845 3782 890 3782 735 3783 750 3783 811 3783 750 3784 845 3784 811 3784 890 3785 845 3785 853 3785 890 3786 853 3786 892 3786 892 3787 853 3787 830 3787 830 3788 792 3788 892 3788 735 3789 807 3789 792 3789 916 3790 881 3790 871 3790 838 3791 871 3791 881 3791 881 3792 873 3792 838 3792 873 3793 881 3793 916 3793 916 3794 871 3794 869 3794 871 3795 817 3795 869 3795 817 3796 871 3796 838 3796 873 3797 817 3797 838 3797 916 3798 869 3798 873 3798 873 3799 819 3799 817 3799 873 3800 869 3800 819 3800 817 3801 819 3801 869 3801 917 3802 882 3802 872 3802 839 3803 872 3803 882 3803 882 3804 874 3804 839 3804 874 3805 882 3805 917 3805 917 3806 872 3806 870 3806 872 3807 818 3807 870 3807 818 3808 872 3808 839 3808 874 3809 818 3809 839 3809 917 3810 870 3810 874 3810 874 3811 820 3811 818 3811 874 3812 870 3812 820 3812 818 3813 820 3813 870 3813 1022 3814 1078 3814 1143 3814 1022 3815 1143 3815 1124 3815 1022 3816 1124 3816 1078 3816 1078 3817 1070 3817 994 3817 1070 3818 1078 3818 1124 3818 1078 3819 1075 3819 1143 3819 1143 3820 1075 3820 1013 3820 1124 3821 1013 3821 990 3821 1013 3822 1124 3822 1143 3822 990 3823 1070 3823 1124 3823 990 3824 994 3824 1070 3824 1078 3825 994 3825 958 3825 958 3826 1075 3826 1078 3826 958 3827 994 3827 990 3827 1075 3828 958 3828 1013 3828 990 3829 931 3829 958 3829 1013 3830 931 3830 990 3830 1013 3831 923 3831 931 3831 931 3832 923 3832 889 3832 889 3833 958 3833 931 3833 958 3834 889 3834 939 3834 939 3835 923 3835 1013 3835 939 3836 1013 3836 958 3836 939 3837 864 3837 923 3837 889 3838 864 3838 939 3838 923 3839 864 3839 889 3839 1024 3840 1061 3840 1142 3840 1024 3841 1142 3841 1091 3841 1024 3842 1091 3842 1061 3842 1082 3843 1091 3843 1142 3843 1061 3844 1076 3844 1142 3844 1142 3845 1076 3845 1014 3845 1014 3846 1082 3846 1142 3846 1091 3847 1082 3847 975 3847 1061 3848 975 3848 955 3848 975 3849 1061 3849 1091 3849 1061 3850 955 3850 963 3850 963 3851 1076 3851 1061 3851 975 3852 1082 3852 1014 3852 975 3853 1014 3853 955 3853 1076 3854 945 3854 1014 3854 945 3855 1076 3855 963 3855 963 3856 955 3856 945 3856 945 3857 955 3857 956 3857 1014 3858 956 3858 955 3858 940 3859 1014 3859 945 3859 1014 3860 927 3860 956 3860 956 3861 927 3861 945 3861 886 3862 945 3862 927 3862 940 3863 945 3863 886 3863 940 3864 886 3864 937 3864 937 3865 927 3865 1014 3865 937 3866 1014 3866 940 3866 937 3867 855 3867 927 3867 886 3868 855 3868 937 3868 927 3869 855 3869 886 3869 944 3870 912 3870 932 3870 914 3871 875 3871 944 3871 879 3872 912 3872 854 3872 914 3873 861 3873 875 3873 861 3874 849 3874 875 3874 875 3875 849 3875 854 3875 854 3876 849 3876 879 3876 879 3877 862 3877 932 3877 862 3878 879 3878 849 3878 914 3879 944 3879 959 3879 879 3880 858 3880 912 3880 858 3881 932 3881 912 3881 932 3882 858 3882 879 3882 912 3883 859 3883 875 3883 859 3884 944 3884 875 3884 944 3885 859 3885 912 3885 854 3886 912 3886 875 3886 944 3887 964 3887 959 3887 914 3888 959 3888 861 3888 964 3889 944 3889 932 3889 862 3890 964 3890 932 3890 847 3891 848 3891 849 3891 862 3892 849 3892 848 3892 862 3893 933 3893 964 3893 964 3894 987 3894 959 3894 1000 3895 959 3895 987 3895 959 3896 894 3896 861 3896 861 3897 847 3897 849 3897 861 3898 894 3898 847 3898 848 3899 887 3899 888 3899 887 3900 848 3900 847 3900 862 3901 913 3901 933 3901 848 3902 913 3902 862 3902 913 3903 848 3903 888 3903 933 3904 913 3904 1003 3904 964 3905 1059 3905 987 3905 1059 3906 964 3906 1003 3906 933 3907 1003 3907 964 3907 1000 3908 1059 3908 1058 3908 1059 3909 1000 3909 987 3909 959 3910 1027 3910 894 3910 1000 3911 1027 3911 959 3911 1027 3912 1000 3912 1058 3912 894 3913 1027 3913 938 3913 887 3914 847 3914 938 3914 894 3915 938 3915 847 3915 1071 3916 1027 3916 1058 3916 1058 3917 1077 3917 1071 3917 1077 3918 1058 3918 1059 3918 1077 3919 1059 3919 1003 3919 1003 3920 967 3920 1077 3920 949 3921 1003 3921 913 3921 938 3922 1071 3922 929 3922 938 3923 1027 3923 1071 3923 877 3924 949 3924 913 3924 949 3925 877 3925 967 3925 947 3926 967 3926 877 3926 946 3927 929 3927 876 3927 938 3928 946 3928 876 3928 888 3929 877 3929 913 3929 888 3930 876 3930 877 3930 876 3931 888 3931 887 3931 876 3932 887 3932 938 3932 1071 3933 997 3933 929 3933 997 3934 1071 3934 1101 3934 1077 3935 1101 3935 1071 3935 1101 3936 1077 3936 1102 3936 967 3937 1102 3937 1077 3937 1102 3938 967 3938 947 3938 947 3939 877 3939 885 3939 877 3940 884 3940 885 3940 884 3941 877 3941 876 3941 929 3942 884 3942 876 3942 884 3943 929 3943 997 3943 929 3944 946 3944 992 3944 992 3945 938 3945 929 3945 938 3946 992 3946 954 3946 954 3947 946 3947 938 3947 1003 3948 949 3948 1021 3948 1003 3949 1021 3949 966 3949 966 3950 967 3950 1003 3950 966 3951 949 3951 967 3951 966 3952 947 3952 949 3952 1021 3953 1102 3953 966 3953 947 3954 966 3954 1102 3954 949 3955 947 3955 885 3955 930 3956 949 3956 885 3956 949 3957 930 3957 1006 3957 1006 3958 1021 3958 949 3958 954 3959 936 3959 884 3959 997 3960 954 3960 884 3960 997 3961 992 3961 946 3961 922 3962 884 3962 936 3962 922 3963 885 3963 884 3963 885 3964 922 3964 919 3964 885 3965 919 3965 930 3965 954 3966 1028 3966 936 3966 1028 3967 954 3967 992 3967 1028 3968 992 3968 1101 3968 997 3969 1101 3969 992 3969 954 3970 997 3970 946 3970 1060 3971 1102 3971 1021 3971 1060 3972 1101 3972 1102 3972 1101 3973 1060 3973 1028 3973 1017 3974 919 3974 999 3974 919 3975 1017 3975 930 3975 1118 3976 930 3976 1017 3976 1118 3977 1006 3977 930 3977 1006 3978 1118 3978 1021 3978 1156 3979 1021 3979 1118 3979 1161 3980 1021 3980 1156 3980 1021 3981 1161 3981 1060 3981 1060 3982 1161 3982 1160 3982 1155 3983 1060 3983 1160 3983 1060 3984 1155 3984 1028 3984 1117 3985 1028 3985 1155 3985 1117 3986 936 3986 1028 3986 1016 3987 936 3987 1117 3987 936 3988 1016 3988 922 3988 998 3989 922 3989 1016 3989 998 3990 919 3990 922 3990 919 3991 998 3991 999 3991 1008 3992 1017 3992 999 3992 999 3993 1007 3993 1008 3993 1007 3994 999 3994 998 3994 998 3995 1016 3995 1007 3995 1160 3996 1156 3996 1155 3996 1156 3997 1160 3997 1161 3997 1156 3998 1015 3998 1039 3998 1015 3999 1156 3999 1118 3999 1039 4000 1155 4000 1156 4000 1155 4001 1039 4001 1037 4001 1117 4002 1037 4002 957 4002 1037 4003 1117 4003 1155 4003 921 4004 1007 4004 1016 4004 1016 4005 957 4005 921 4005 957 4006 1016 4006 1117 4006 918 4007 1007 4007 921 4007 918 4008 1008 4008 1007 4008 934 4009 1118 4009 1017 4009 1017 4010 918 4010 934 4010 918 4011 1017 4011 1008 4011 1118 4012 934 4012 1015 4012 962 4013 934 4013 918 4013 934 4014 962 4014 1015 4014 962 4015 1039 4015 1015 4015 965 4016 1037 4016 1039 4016 965 4017 957 4017 1037 4017 962 4018 965 4018 1039 4018 962 4019 918 4019 965 4019 921 4020 965 4020 918 4020 921 4021 957 4021 965 4021 1116 4022 1023 4022 1053 4022 1023 4023 1116 4023 1133 4023 1023 4024 1133 4024 1112 4024 1112 4025 989 4025 1023 4025 989 4026 1112 4026 1116 4026 1116 4027 1053 4027 989 4027 1051 4028 1025 4028 1114 4028 1010 4029 1047 4029 1050 4029 1034 4030 1010 4030 1050 4030 1112 4031 1034 4031 1050 4031 1112 4032 1133 4032 1034 4032 1150 4033 1127 4033 1114 4033 1127 4034 1150 4034 1154 4034 1153 4035 1133 4035 1116 4035 1116 4036 1112 4036 1106 4036 1096 4037 1068 4037 1080 4037 1153 4038 1116 4038 1106 4038 1153 4039 1106 4039 1068 4039 1104 4040 1128 4040 1096 4040 1153 4041 1068 4041 1096 4041 1096 4042 1129 4042 1153 4042 1129 4043 1154 4043 1153 4043 1154 4044 1129 4044 1128 4044 1094 4045 1127 4045 1154 4045 1154 4046 1125 4046 1094 4046 1125 4047 1104 4047 1094 4047 1154 4048 1128 4048 1104 4048 1104 4049 1073 4049 1154 4049 1154 4050 1073 4050 1125 4050 1051 4051 1044 4051 1025 4051 1114 4052 1094 4052 1051 4052 1104 4053 1044 4053 1094 4053 1096 4054 1041 4054 1104 4054 1080 4055 1047 4055 1041 4055 1047 4056 1080 4056 1106 4056 1112 4057 1050 4057 1106 4057 1047 4058 1010 4058 1041 4058 1041 4059 1010 4059 1044 4059 1025 4060 1044 4060 1010 4060 1054 4061 1150 4061 1036 4061 1114 4062 1036 4062 1150 4062 1054 4063 1154 4063 1150 4063 1153 4064 1069 4064 1053 4064 1069 4065 1153 4065 1154 4065 1154 4066 1054 4066 1069 4066 1153 4067 1031 4067 1133 4067 1031 4068 1153 4068 1053 4068 1031 4069 1034 4069 1133 4069 1034 4070 1031 4070 941 4070 1034 4071 941 4071 1010 4071 1010 4072 935 4072 1025 4072 935 4073 1010 4073 941 4073 948 4074 1025 4074 935 4074 948 4075 1114 4075 1025 4075 1114 4076 948 4076 1036 4076 1030 4077 1068 4077 1106 4077 1106 4078 974 4078 1030 4078 974 4079 1106 4079 1080 4079 1080 4080 1068 4080 974 4080 1128 4081 1029 4081 1004 4081 1029 4082 1128 4082 1129 4082 1129 4083 1005 4083 1029 4083 1005 4084 1129 4084 1096 4084 1096 4085 1004 4085 1005 4085 1004 4086 1096 4086 1128 4086 1125 4087 1073 4087 996 4087 1004 4088 1073 4088 1104 4088 1004 4089 1104 4089 1125 4089 1125 4090 996 4090 1004 4090 1019 4091 1114 4091 1127 4091 1127 4092 1054 4092 1019 4092 1127 4093 986 4093 1054 4093 986 4094 1127 4094 1094 4094 1094 4095 1019 4095 986 4095 1019 4096 1094 4096 1114 4096 1051 4097 996 4097 986 4097 996 4098 1051 4098 1094 4098 996 4099 1094 4099 1044 4099 1044 4100 952 4100 996 4100 952 4101 1044 4101 1051 4101 1051 4102 986 4102 952 4102 1104 4103 1067 4103 1046 4103 1104 4104 1048 4104 1067 4104 1048 4105 1104 4105 1041 4105 1041 4106 1046 4106 1048 4106 1046 4107 1041 4107 1044 4107 1046 4108 1044 4108 1104 4108 952 4109 1046 4109 1067 4109 1067 4110 1004 4110 952 4110 1004 4111 1067 4111 1048 4111 1048 4112 951 4112 1004 4112 951 4113 1048 4113 1046 4113 1046 4114 952 4114 951 4114 1011 4115 1041 4115 1096 4115 1096 4116 971 4116 1011 4116 971 4117 1096 4117 1080 4117 1080 4118 951 4118 971 4118 951 4119 1080 4119 1041 4119 951 4120 1041 4120 1011 4120 1005 4121 1011 4121 971 4121 1019 4122 948 4122 986 4122 1019 4123 1036 4123 948 4123 1019 4124 1054 4124 1036 4124 989 4125 950 4125 1023 4125 1023 4126 1031 4126 1053 4126 1023 4127 950 4127 1031 4127 950 4128 941 4128 1031 4128 941 4129 950 4129 935 4129 935 4130 952 4130 948 4130 935 4131 951 4131 952 4131 935 4132 950 4132 951 4132 948 4133 952 4133 986 4133 952 4134 1004 4134 996 4134 951 4135 1011 4135 1005 4135 950 4136 971 4136 951 4136 950 4137 974 4137 971 4137 1054 4138 996 4138 1073 4138 1073 4139 1069 4139 1054 4139 1054 4140 986 4140 996 4140 951 4141 1005 4141 1004 4141 1069 4142 1004 4142 1029 4142 1004 4143 1069 4143 1073 4143 1068 4144 971 4144 974 4144 1069 4145 1068 4145 1030 4145 1030 4146 1053 4146 1069 4146 1068 4147 1069 4147 971 4147 1069 4148 1005 4148 971 4148 1005 4149 1069 4149 1029 4149 1053 4150 974 4150 989 4150 974 4151 1053 4151 1030 4151 1047 4152 989 4152 974 4152 989 4153 1047 4153 1106 4153 989 4154 1106 4154 1050 4154 1050 4155 950 4155 989 4155 950 4156 1050 4156 1047 4156 1047 4157 974 4157 950 4157</p>
        </triangles>
      </mesh>
    </geometry>
  </library_geometries>
  <library_materials>
    <material id="mat_link_4_r_stl" name="link_4_r_stl">
      <instance_effect url="#effect_link_4_r_stl"/>
    </material>
  </library_materials>
  <library_visual_scenes>
    <visual_scene id="myscene">
      <node id="node0" name="node0">
        <instance_geometry url="#geometry0">
          <bind_material>
            <technique_common>
              <instance_material symbol="ref_link_4_r_stl" target="#mat_link_4_r_stl"/>
            </technique_common>
          </bind_material>
        </instance_geometry>
      </node>
    </visual_scene>
  </library_visual_scenes>
  <scene>
    <instance_visual_scene url="#myscene"/>
  </scene>
</COLLADA>
