<COLLADA xmlns="http://www.collada.org/2005/11/COLLADASchema" version="1.4.1">
  <asset>
    <contributor/>
    <created>2026-02-17T13:35:53.099002</created>
    <modified>2026-02-17T13:35:53.099013</modified>
    <unit name="meter" meter="1.0"/>
    <up_axis>Z_UP</up_axis>
  </asset>
  <library_effects>
    <effect id="effect_Body_shape001" name="effect_Body_shape001">
      <profile_COMMON>
        <technique sid="common">
          <phong>
            <emission>
              <color>0.0 0.0 0.0 1.0</color>
            </emission>
            <ambient>
              <color>0.0 0.0 0.0 1.0</color>
            </ambient>
            <diffuse>
              <color>0.4470590054988861 0.4745100140571594 0.5019609928131104 1.0</color>
            </diffuse>
            <specular>
              <color>1 1 1 1.0</color>
            </specular>
            <shininess>
              <float>0.0</float>
            </shininess>
            <reflective>
              <color>0.0 0.0 0.0 1.0</color>
            </reflective>
            <reflectivity>
              <float>0.0</float>
            </reflectivity>
            <transparent>
              <color>0.0 0.0 0.0 1.0</color>
            </transparent>
            <transparency>
              <float>1.0</float>
            </transparency>
          </phong>
        </technique>
        <extra>
          <technique profile="GOOGLEEARTH">
            <double_sided>0</double_sided>
          </technique>
        </extra>
      </profile_COMMON>
    </effect>
  </library_effects>
  <library_geometries>
    <geometry id="geometry0" name="Body_shape001">
      <mesh>
        <source id="cubeverts-array0">
          <float_array count="4251" id="cubeverts-array0-array">0.21 0 0.062 0.2099876 0.0004984589 0.062 0.21 0 0.092 0.2099876 0.0004984589 0.092 0.2099503 0.0009956785 0.062 0.2099503 0.0009956785 0.092 0.2098883 0.001490423 0.062 0.2098883 0.001490423 0.092 0.2098017 0.001981461 0.092 0.2098017 0.001981461 0.062 0.2096908 0.002467574 0.092 0.2096908 0.002467574 0.062 0.2095557 0.002947552 0.062 0.2095557 0.002947552 0.092 0.2093969 0.003420202 0.092 0.2093969 0.003420202 0.062 0.2092148 0.003884348 0.092 0.2092148 0.003884348 0.062 0.2090097 0.004338838 0.062 0.2090097 0.004338838 0.092 0.2087822 0.00478254 0.062 0.2087822 0.00478254 0.092 0.2085329 0.005214352 0.062 0.2085329 0.005214352 0.092 0.2082624 0.005633201 0.062 0.2082624 0.005633201 0.092 0.2079713 0.006038044 0.092 0.2079713 0.006038044 0.062 0.2076604 0.006427876 0.062 0.2076604 0.006427876 0.092 0.2073305 0.006801727 0.062 0.2073305 0.006801727 0.092 0.2069824 0.007158669 0.062 0.2069824 0.007158669 0.092 0.2066169 0.007497812 0.062 0.2066169 0.007497812 0.092 0.2062349 0.007818315 0.092 0.2062349 0.007818315 0.062 0.2058374 0.00811938 0.062 0.2058374 0.00811938 0.092 0.2054255 0.008400259 0.092 0.2054255 0.008400259 0.062 0.205 0.008660254 0.062 0.205 0.008660254 0.092 0.2045621 0.008898718 0.092 0.2045621 0.008898718 0.062 0.2041129 0.009115059 0.092 0.2041129 0.009115059 0.062 0.2036534 0.009308738 0.062 0.2036534 0.009308738 0.092 0.2031849 0.009479274 0.092 0.2031849 0.009479274 0.062 0.2027084 0.009626243 0.062 0.2027084 0.009626243 0.092 0.2022252 0.009749279 0.062 0.2022252 0.009749279 0.092 0.2017365 0.009848078 0.062 0.2017365 0.009848078 0.092 0.2012434 0.009922392 0.092 0.2012434 0.009922392 0.062 0.2007473 0.009972038 0.062 0.2007473 0.009972038 0.092 0.2002493 0.009996892 0.062 0.2002493 0.009996892 0.092 0.1997507 0.009996892 0.062 0.1997507 0.009996892 0.092 0.1992527 0.009972038 0.062 0.1992527 0.009972038 0.092 0.1987566 0.009922392 0.062 0.1987566 0.009922392 0.092 0.1982635 0.009848078 0.092 0.1982635 0.009848078 0.062 0.1977748 0.009749279 0.092 0.1977748 0.009749279 0.062 0.1972916 0.009626243 0.062 0.1972916 0.009626243 0.092 0.1968151 0.009479274 0.062 0.1968151 0.009479274 0.092 0.1963466 0.009308738 0.062 0.1963466 0.009308738 0.092 0.1958871 0.009115059 0.062 0.1958871 0.009115059 0.092 0.1954379 0.008898718 0.062 0.1954379 0.008898718 0.092 0.195 0.008660254 0.062 0.195 0.008660254 0.092 0.1945745 0.008400259 0.092 0.1945745 0.008400259 0.062 0.1941626 0.00811938 0.062 0.1941626 0.00811938 0.092 0.1937651 0.007818315 0.062 0.1937651 0.007818315 0.092 0.1933831 0.007497812 0.092 0.1933831 0.007497812 0.062 0.1930176 0.007158669 0.062 0.1930176 0.007158669 0.092 0.1926695 0.006801727 0.062 0.1926695 0.006801727 0.092 0.1923396 0.006427876 0.092 0.1923396 0.006427876 0.062 0.1920287 0.006038044 0.062 0.1920287 0.006038044 0.092 0.1917376 0.005633201 0.062 0.1917376 0.005633201 0.092 0.1914671 0.005214352 0.092 0.1914671 0.005214352 0.062 0.1912178 0.00478254 0.062 0.1912178 0.00478254 0.092 0.1909903 0.004338838 0.062 0.1909903 0.004338838 0.092 0.1907852 0.003884348 0.062 0.1907852 0.003884348 0.092 0.1906031 0.003420202 0.092 0.1906031 0.003420202 0.062 0.1904443 0.002947552 0.062 0.1904443 0.002947552 0.092 0.1903092 0.002467574 0.062 0.1903092 0.002467574 0.092 0.1901983 0.001981461 0.092 0.1901983 0.001981461 0.062 0.1901117 0.001490423 0.062 0.1901117 0.001490423 0.092 0.1900497 0.0009956785 0.062 0.1900497 0.0009956785 0.092 0.1900124 0.0004984589 0.092 0.1900124 0.0004984589 0.062 0.19 -3.430249e-17 0.062 0.19 -3.430249e-17 0.092 0.1900124 -0.0004984589 0.062 0.1900124 -0.0004984589 0.092 0.1900497 -0.0009956785 0.092 0.1900497 -0.0009956785 0.062 0.1901117 -0.001490423 0.062 0.1901117 -0.001490423 0.092 0.1901983 -0.001981461 0.092 0.1901983 -0.001981461 0.062 0.1903092 -0.002467574 0.062 0.1903092 -0.002467574 0.092 0.1904443 -0.002947552 0.092 0.1904443 -0.002947552 0.062 0.1906031 -0.003420202 0.062 0.1906031 -0.003420202 0.092 0.1907852 -0.003884348 0.062 0.1907852 -0.003884348 0.092 0.1909903 -0.004338838 0.062 0.1909903 -0.004338838 0.092 0.1912178 -0.00478254 0.062 0.1912178 -0.00478254 0.092 0.1914671 -0.005214352 0.062 0.1914671 -0.005214352 0.092 0.1917376 -0.005633201 0.092 0.1917376 -0.005633201 0.062 0.1920287 -0.006038044 0.062 0.1920287 -0.006038044 0.092 0.1923396 -0.006427876 0.062 0.1923396 -0.006427876 0.092 0.1926695 -0.006801727 0.092 0.1926695 -0.006801727 0.062 0.1930176 -0.007158669 0.062 0.1930176 -0.007158669 0.092 0.1933831 -0.007497812 0.062 0.1933831 -0.007497812 0.092 0.1937651 -0.007818315 0.092 0.1937651 -0.007818315 0.062 0.1941626 -0.00811938 0.062 0.1941626 -0.00811938 0.092 0.1945745 -0.008400259 0.062 0.1945745 -0.008400259 0.092 0.195 -0.008660254 0.092 0.195 -0.008660254 0.062 0.1954379 -0.008898718 0.062 0.1954379 -0.008898718 0.092 0.1958871 -0.009115059 0.092 0.1958871 -0.009115059 0.062 0.1963466 -0.009308738 0.062 0.1963466 -0.009308738 0.092 0.1968151 -0.009479274 0.062 0.1968151 -0.009479274 0.092 0.1972916 -0.009626243 0.062 0.1972916 -0.009626243 0.092 0.1977748 -0.009749279 0.062 0.1977748 -0.009749279 0.092 0.1982635 -0.009848078 0.062 0.1982635 -0.009848078 0.092 0.1987566 -0.009922392 0.092 0.1987566 -0.009922392 0.062 0.1992527 -0.009972038 0.062 0.1992527 -0.009972038 0.092 0.1997507 -0.009996892 0.062 0.1997507 -0.009996892 0.092 0.2002493 -0.009996892 0.062 0.2002493 -0.009996892 0.092 0.2007473 -0.009972038 0.092 0.2007473 -0.009972038 0.062 0.2012434 -0.009922392 0.062 0.2012434 -0.009922392 0.092 0.2017365 -0.009848078 0.092 0.2017365 -0.009848078 0.062 0.2022252 -0.009749279 0.062 0.2022252 -0.009749279 0.092 0.2027084 -0.009626243 0.062 0.2027084 -0.009626243 0.092 0.2031849 -0.009479274 0.092 0.2031849 -0.009479274 0.062 0.2036534 -0.009308738 0.092 0.2036534 -0.009308738 0.062 0.2041129 -0.009115059 0.062 0.2041129 -0.009115059 0.092 0.2045621 -0.008898718 0.062 0.2045621 -0.008898718 0.092 0.205 -0.008660254 0.062 0.205 -0.008660254 0.092 0.2054255 -0.008400259 0.062 0.2054255 -0.008400259 0.092 0.2058374 -0.00811938 0.062 0.2058374 -0.00811938 0.092 0.2062349 -0.007818315 0.062 0.2062349 -0.007818315 0.092 0.2066169 -0.007497812 0.092 0.2066169 -0.007497812 0.062 0.2069824 -0.007158669 0.062 0.2069824 -0.007158669 0.092 0.2073305 -0.006801727 0.062 0.2073305 -0.006801727 0.092 0.2076604 -0.006427876 0.092 0.2076604 -0.006427876 0.062 0.2079713 -0.006038044 0.092 0.2079713 -0.006038044 0.062 0.2082624 -0.005633201 0.062 0.2082624 -0.005633201 0.092 0.2085329 -0.005214352 0.092 0.2085329 -0.005214352 0.062 0.2087822 -0.00478254 0.062 0.2087822 -0.00478254 0.092 0.2090097 -0.004338838 0.062 0.2090097 -0.004338838 0.092 0.2092148 -0.003884348 0.092 0.2092148 -0.003884348 0.062 0.2093969 -0.003420202 0.062 0.2093969 -0.003420202 0.092 0.2095557 -0.002947552 0.062 0.2095557 -0.002947552 0.092 0.2096908 -0.002467574 0.062 0.2096908 -0.002467574 0.092 0.2098017 -0.001981461 0.092 0.2098017 -0.001981461 0.062 0.2098883 -0.001490423 0.062 0.2098883 -0.001490423 0.092 0.2099503 -0.0009956785 0.062 0.2099503 -0.0009956785 0.092 0.2099876 -0.0004984589 0.062 0.2099876 -0.0004984589 0.092 0.2085714 0 0.09342857 0.2085288 0.0008534387 0.09342857 0.2084015 0.001698395 0.09342857 0.2081906 0.002526473 0.09342857 0.2078984 0.003329441 0.09342857 0.2075276 0.00409932 0.09342857 0.2071074 0.0007111989 0.09485714 0.2071429 0 0.09485714 0.2057143 0 0.09628571 0.207082 0.004828458 0.09342857 0.2070012 0.00141533 0.09485714 0.2065661 0.005509608 0.09342857 0.2068255 0.002105394 0.09485714 0.2059849 0.006136002 0.09342857 0.206582 0.002774534 0.09485714 0.2053442 0.006701413 0.09342857 0.206273 0.0034161 0.09485714 0.2056859 0.0005689591 0.09628571 0.2046504 0.007200222 0.09342857 0.2059017 0.004023715 0.09485714 0.205601 0.001132264 0.09628571 0.2039104 0.007627473 0.09342857 0.2054717 0.00459134 0.09485714 0.2054604 0.001684315 0.09628571 0.2031315 0.007978918 0.09342857 0.2049874 0.005113335 0.09485714 0.2052656 0.002219627 0.09628571 0.2023215 0.008251065 0.09342857 0.2044535 0.005584511 0.09485714 0.2050184 0.00273288 0.09628571 0.2042644 0.0004267193 0.09771429 0.2042857 0 0.09771429 0.2028571 0 0.09914286 0.2014884 0.008441209 0.09342857 0.2038753 0.006000185 0.09485714 0.2047214 0.003218972 0.09628571 0.2042007 0.0008491977 0.09771429 0.2006405 0.008547462 0.09342857 0.2032587 0.006356227 0.09485714 0.2043774 0.003673072 0.09628571 0.2040953 0.001263236 0.09771429 0.1997863 0.008568765 0.09342857 0.2026096 0.006649098 0.09485714 0.2039899 0.004090668 0.09628571 0.2039492 0.001664721 0.09771429 0.1989342 0.008504908 0.09342857 0.2019346 0.006875887 0.09485714 0.2035628 0.004467608 0.09628571 0.2037638 0.00204966 0.09771429 0.2028429 0.0002844796 0.09914286 0.2014286 0 0.1005714 0.1980927 0.008356525 0.09342857 0.2012403 0.007034341 0.09485714 0.2031003 0.004800148 0.09628571 0.203541 0.002414229 0.09771429 0.2028005 0.0005661318 0.09914286 0.1972701 0.008125092 0.09342857 0.2005338 0.007122884 0.09485714 0.2026069 0.005084982 0.09628571 0.2032831 0.002754804 0.09771429 0.2027302 0.0008421577 0.09914286 0.1964747 0.007812907 0.09342857 0.1998219 0.007140637 0.09485714 0.2020877 0.005319279 0.09628571 0.2029924 0.003068001 0.09771429 0.2026328 0.001109814 0.09914286 0.1957143 0.007423075 0.09342857 0.1991118 0.007087423 0.09485714 0.2015477 0.00550071 0.09628571 0.2026721 0.003350706 0.09771429 0.2025092 0.00136644 0.09914286 0.2014215 0.0001422398 0.1005714 0.2 0 0.102 0.1949965 0.006959469 0.09342857 0.1984106 0.006963771 0.09485714 0.2009923 0.005627473 0.09628571 0.2023252 0.003600111 0.09771429 0.2023607 0.001609486 0.09914286 0.2014003 0.0002830659 0.1005714 0.1943284 0.006426696 0.09342857 0.1977251 0.00677091 0.09485714 0.200427 0.005698308 0.09628571 0.2019552 0.003813736 0.09771429 0.2021887 0.001836536 0.09914286 0.2013651 0.0004210788 0.1005714 0.1937167 0.005830052 0.09342857 0.1970622 0.006510756 0.09485714 0.1998575 0.00571251 0.09628571 0.2015658 0.003989459 0.09771429 0.201995 0.002045334 0.09914286 0.2013164 0.0005549068 0.1005714 0.1931674 0.005175467 0.09342857 0.1964286 0.006185896 0.09485714 0.1992895 0.005669938 0.09628571 0.2011608 0.004125533 0.09771429 0.2017814 0.002233804 0.09914286 0.2012546 0.00068322 0.1005714 0.1926861 0.004469445 0.09342857 0.1958304 0.005799557 0.09485714 0.1987285 0.005571017 0.09628571 0.2007442 0.004220604 0.09771429 0.2015501 0.002400074 0.09914286 0.2011803 0.0008047429 0.1005714 0.1922774 0.003719003 0.09342857 0.1952737 0.00535558 0.09485714 0.1981801 0.005416728 0.09628571 0.2003203 0.004273731 0.09771429 0.2013035 0.002542491 0.09914286 0.2010943 0.000918268 0.1005714 0.1919455 0.002931601 0.09342857 0.1947639 0.004858377 0.09485714 0.1976498 0.005208605 0.09628571 0.1998932 0.004284382 0.09771429 0.2010438 0.002659639 0.09914286 0.2009975 0.001022667 0.1005714 0.1916936 0.002115063 0.09342857 0.1943062 0.004312889 0.09485714 0.1971429 0.004948717 0.09628571 0.1994671 0.004252454 0.09771429 0.2007738 0.002750355 0.09914286 0.2008907 0.001116902 0.1005714 0.1915243 0.001277505 0.09342857 0.1939051 0.003724537 0.09485714 0.1966643 0.004639646 0.09628571 0.1990463 0.004178263 0.09771429 0.2004961 0.002813736 0.09914286 0.2007751 0.001200037 0.1005714 0.1914392 0.0004272504 0.09342857 0.1935645 0.003099169 0.09485714 0.1962189 0.004284464 0.09628571 0.1986351 0.004062546 0.09771429 0.2002135 0.002849154 0.09914286 0.2006517 0.001271245 0.1005714 0.1914392 -0.0004272504 0.09342857 0.1932879 0.002443001 0.09485714 0.1958111 0.003886701 0.09628571 0.1982373 0.003906454 0.09771429 0.1999288 0.002856255 0.09914286 0.2005219 0.00132982 0.1005714 0.1915243 -0.001277505 0.09342857 0.193078 0.001762553 0.09485714 0.195445 0.003450311 0.09628571 0.1978571 0.003711537 0.09771429 0.1996447 0.002834969 0.09914286 0.2003869 0.001375178 0.1005714 0.1916936 -0.002115063 0.09342857 0.1929369 0.001064588 0.09485714 0.1951241 0.00297963 0.09628571 0.1974982 0.003479734 0.09771429 0.1993642 0.002785508 0.09914286 0.2002481 0.001406868 0.1005714 0.1919455 -0.002931601 0.09342857 0.192866 0.000356042 0.09485714 0.1948516 0.002479336 0.09628571 0.1971642 0.003213348 0.09771429 0.19909 0.002708364 0.09914286 0.2001068 0.001424577 0.1005714 0.1922774 -0.003719003 0.09342857 0.192866 -0.000356042 0.09485714 0.1946303 0.001954401 0.09628571 0.1968584 0.002915026 0.09771429 0.1988249 0.002604302 0.09914286 0.1999644 0.001428127 0.1005714 0.1926861 -0.004469445 0.09342857 0.1929369 -0.001064588 0.09485714 0.1944624 0.001410042 0.09628571 0.1965837 0.002587733 0.09771429 0.1985714 0.002474358 0.09914286 0.1998224 0.001417485 0.1005714 0.1931674 -0.005175467 0.09342857 0.193078 -0.001762553 0.09485714 0.1943495 0.0008516701 0.09628571 0.196343 0.002234722 0.09771429 0.1983322 0.002319823 0.09914286 0.1996821 0.001392754 0.1005714 0.1937167 -0.005830052 0.09342857 0.1932879 -0.002443001 0.09485714 0.1942928 0.0002848336 0.09628571 0.1961387 0.001859502 0.09771429 0.1981095 0.002142232 0.09914286 0.199545 0.001354182 0.1005714 0.1943284 -0.006426696 0.09342857 0.1935645 -0.003099169 0.09485714 0.1942928 -0.0002848336 0.09628571 0.1959727 0.001465801 0.09771429 0.1979056 0.001943351 0.09914286 0.1994124 0.001302151 0.1005714 0.1949965 -0.006959469 0.09342857 0.1939051 -0.003724537 0.09485714 0.1943495 -0.0008516701 0.09628571 0.1958468 0.001057532 0.09771429 0.1977225 0.001725155 0.09914286 0.1992857 0.001237179 0.1005714 0.1957143 -0.007423075 0.09342857 0.1943062 -0.004312889 0.09485714 0.1944624 -0.001410042 0.09628571 0.1957621 0.0006387526 0.09771429 0.197562 0.001489815 0.09914286 0.1991661 0.001159911 0.1005714 0.1964747 -0.007812907 0.09342857 0.1947639 -0.004858377 0.09485714 0.1946303 -0.001954401 0.09628571 0.1957196 0.0002136252 0.09771429 0.1974258 0.001239668 0.09914286 0.1990547 0.001071116 0.1005714 0.1972701 -0.008125092 0.09342857 0.1952737 -0.00535558 0.09485714 0.1948516 -0.002479336 0.09628571 0.1957196 -0.0002136252 0.09771429 0.1973152 0.0009772004 0.09914286 0.1989528 0.0009716753 0.1005714 0.1980927 -0.008356525 0.09342857 0.1958304 -0.005799557 0.09485714 0.1951241 -0.00297963 0.09628571 0.1957621 -0.0006387526 0.09771429 0.1972312 0.0007050211 0.09914286 0.1988612 0.0008625777 0.1005714 0.1989342 -0.008504908 0.09342857 0.1964286 -0.006185896 0.09485714 0.195445 -0.003450311 0.09628571 0.1958468 -0.001057532 0.09771429 0.1971748 0.000425835 0.09914286 0.198781 0.0007449074 0.1005714 0.1997863 -0.008568765 0.09342857 0.1970622 -0.006510756 0.09485714 0.1958111 -0.003886701 0.09628571 0.1959727 -0.001465801 0.09771429 0.1971464 0.0001424168 0.09914286 0.1987129 0.0006198339 0.1005714 0.2006405 -0.008547462 0.09342857 0.1977251 -0.00677091 0.09485714 0.1962189 -0.004284464 0.09628571 0.1961387 -0.001859502 0.09771429 0.1971464 -0.0001424168 0.09914286 0.1986576 0.0004886002 0.1005714 0.2014884 -0.008441209 0.09342857 0.1984106 -0.006963771 0.09485714 0.1966643 -0.004639646 0.09628571 0.196343 -0.002234722 0.09771429 0.1971748 -0.000425835 0.09914286 0.1986156 0.0003525106 0.1005714 0.2023215 -0.008251065 0.09342857 0.1991118 -0.007087423 0.09485714 0.1971429 -0.004948717 0.09628571 0.1965837 -0.002587733 0.09771429 0.1972312 -0.0007050211 0.09914286 0.1985874 0.0002129175 0.1005714 0.2031315 -0.007978918 0.09342857 0.1998219 -0.007140637 0.09485714 0.1976498 -0.005208605 0.09628571 0.1968584 -0.002915026 0.09771429 0.1973152 -0.0009772004 0.09914286 0.1985732 7.120841e-05 0.1005714 0.2039104 -0.007627473 0.09342857 0.2005338 -0.007122884 0.09485714 0.1981801 -0.005416728 0.09628571 0.1971642 -0.003213348 0.09771429 0.1974258 -0.001239668 0.09914286 0.1985732 -7.120841e-05 0.1005714 0.2046504 -0.007200222 0.09342857 0.2012403 -0.007034341 0.09485714 0.1987285 -0.005571017 0.09628571 0.1974982 -0.003479734 0.09771429 0.197562 -0.001489815 0.09914286 0.1985874 -0.0002129175 0.1005714 0.2053442 -0.006701413 0.09342857 0.2019346 -0.006875887 0.09485714 0.1992895 -0.005669938 0.09628571 0.1978571 -0.003711537 0.09771429 0.1977225 -0.001725155 0.09914286 0.1986156 -0.0003525106 0.1005714 0.2059849 -0.006136002 0.09342857 0.2026096 -0.006649098 0.09485714 0.1998575 -0.00571251 0.09628571 0.1982373 -0.003906454 0.09771429 0.1979056 -0.001943351 0.09914286 0.1986576 -0.0004886002 0.1005714 0.2065661 -0.005509608 0.09342857 0.2032587 -0.006356227 0.09485714 0.200427 -0.005698308 0.09628571 0.1986351 -0.004062546 0.09771429 0.1981095 -0.002142232 0.09914286 0.1987129 -0.0006198339 0.1005714 0.207082 -0.004828458 0.09342857 0.2038753 -0.006000185 0.09485714 0.2009923 -0.005627473 0.09628571 0.1990463 -0.004178263 0.09771429 0.1983322 -0.002319823 0.09914286 0.198781 -0.0007449074 0.1005714 0.2075276 -0.00409932 0.09342857 0.2044535 -0.005584511 0.09485714 0.2015477 -0.00550071 0.09628571 0.1994671 -0.004252454 0.09771429 0.1985714 -0.002474358 0.09914286 0.1988612 -0.0008625777 0.1005714 0.2078984 -0.003329441 0.09342857 0.2049874 -0.005113335 0.09485714 0.2020877 -0.005319279 0.09628571 0.1998932 -0.004284382 0.09771429 0.1988249 -0.002604302 0.09914286 0.1989528 -0.0009716753 0.1005714 0.2081906 -0.002526473 0.09342857 0.2054717 -0.00459134 0.09485714 0.2026069 -0.005084982 0.09628571 0.2003203 -0.004273731 0.09771429 0.19909 -0.002708364 0.09914286 0.1990547 -0.001071116 0.1005714 0.2084015 -0.001698395 0.09342857 0.2059017 -0.004023715 0.09485714 0.2031003 -0.004800148 0.09628571 0.2007442 -0.004220604 0.09771429 0.1993642 -0.002785508 0.09914286 0.1991661 -0.001159911 0.1005714 0.2085288 -0.0008534387 0.09342857 0.206273 -0.0034161 0.09485714 0.2035628 -0.004467608 0.09628571 0.2011608 -0.004125533 0.09771429 0.1996447 -0.002834969 0.09914286 0.1992857 -0.001237179 0.1005714 0.206582 -0.002774534 0.09485714 0.2039899 -0.004090668 0.09628571 0.2015658 -0.003989459 0.09771429 0.1999288 -0.002856255 0.09914286 0.1994124 -0.001302151 0.1005714 0.2068255 -0.002105394 0.09485714 0.2043774 -0.003673072 0.09628571 0.2019552 -0.003813736 0.09771429 0.2002135 -0.002849154 0.09914286 0.199545 -0.001354182 0.1005714 0.2070012 -0.00141533 0.09485714 0.2047214 -0.003218972 0.09628571 0.2023252 -0.003600111 0.09771429 0.2004961 -0.002813736 0.09914286 0.1996821 -0.001392754 0.1005714 0.2071074 -0.0007111989 0.09485714 0.2050184 -0.00273288 0.09628571 0.2026721 -0.003350706 0.09771429 0.2007738 -0.002750355 0.09914286 0.1998224 -0.001417485 0.1005714 0.2052656 -0.002219627 0.09628571 0.2029924 -0.003068001 0.09771429 0.2010438 -0.002659639 0.09914286 0.1999644 -0.001428127 0.1005714 0.2054604 -0.001684315 0.09628571 0.2032831 -0.002754804 0.09771429 0.2013035 -0.002542491 0.09914286 0.2001068 -0.001424577 0.1005714 0.205601 -0.001132264 0.09628571 0.203541 -0.002414229 0.09771429 0.2015501 -0.002400074 0.09914286 0.2002481 -0.001406868 0.1005714 0.2056859 -0.0005689591 0.09628571 0.2037638 -0.00204966 0.09771429 0.2017814 -0.002233804 0.09914286 0.2003869 -0.001375178 0.1005714 0.2039492 -0.001664721 0.09771429 0.201995 -0.002045334 0.09914286 0.2005219 -0.00132982 0.1005714 0.2040953 -0.001263236 0.09771429 0.2021887 -0.001836536 0.09914286 0.2006517 -0.001271245 0.1005714 0.2042007 -0.0008491977 0.09771429 0.2023607 -0.001609486 0.09914286 0.2007751 -0.001200037 0.1005714 0.2042644 -0.0004267193 0.09771429 0.2025092 -0.00136644 0.09914286 0.2008907 -0.001116902 0.1005714 0.2026328 -0.001109814 0.09914286 0.2009975 -0.001022667 0.1005714 0.2027302 -0.0008421577 0.09914286 0.2010943 -0.000918268 0.1005714 0.2028005 -0.0005661318 0.09914286 0.2011803 -0.0008047429 0.1005714 0.2028429 -0.0002844796 0.09914286 0.2012546 -0.00068322 0.1005714 0.2013164 -0.0005549068 0.1005714 0.2013651 -0.0004210788 0.1005714 0.2014003 -0.0002830659 0.1005714 0.2014215 -0.0001422398 0.1005714 0.222 0 0.05 0.225 0 0.047 0.2249689 0.001246147 0.047 0.213 0 0.059 0.2249689 -0.001246147 0.047 0.2218907 0.002190493 0.05 0.2248758 0.002489196 0.047 0.2247208 0.003726057 0.047 0.2215638 0.004359215 0.05 0.2245043 0.004953654 0.047 0.2242269 0.006168935 0.047 0.2210226 0.006484614 0.05 0.2238893 0.007368879 0.047 0.2234923 0.008550504 0.047 0.2189056 0.001891789 0.053 0.219 0 0.053 0.2202725 0.008545566 0.05 0.2230369 0.00971087 0.047 0.2225242 0.01084709 0.047 0.2186233 0.003764777 0.053 0.2193209 0.01052159 0.05 0.2219555 0.01195635 0.047 0.2213323 0.01303588 0.047 0.2181559 0.005600348 0.053 0.2159205 0.001593086 0.056 0.216 0 0.056 0.2181772 0.01239304 0.05 0.220656 0.014083 0.047 0.2199283 0.01509511 0.047 0.217508 0.007380261 0.053 0.2156828 0.003170338 0.056 0.216853 0.01414133 0.05 0.2191511 0.01606969 0.047 0.2183263 0.01700432 0.047 0.2166862 0.009086825 0.053 0.2152892 0.004716083 0.056 0.2153612 0.01574907 0.05 0.2174559 0.01789667 0.047 0.2165421 0.01874453 0.047 0.2129354 0.001294382 0.059 0.2156985 0.01070308 0.053 0.2147436 0.006214957 0.056 0.2137168 0.01720029 0.05 0.2155872 0.01954579 0.047 0.2145936 0.02029845 0.047 0.2127422 0.0025759 0.059 0.2145548 0.01221297 0.053 0.2140515 0.007652064 0.056 0.211936 0.01848057 0.05 0.2135637 0.02100065 0.047 0.2125 0.02165063 0.047 0.2124224 0.003831817 0.059 0.2132665 0.01360147 0.053 0.2132198 0.009013121 0.056 0.2100366 0.01957718 0.05 0.2114053 0.0222468 0.047 0.2102822 0.02278765 0.047 0.2119792 0.005049653 0.059 0.2118463 0.0148548 0.053 0.2122567 0.0102846 0.056 0.2080375 0.02047922 0.05 0.2091335 0.02327184 0.047 0.2079622 0.02369818 0.047 0.2114169 0.006217302 0.059 0.2103084 0.01596049 0.053 0.2111718 0.01145387 0.056 0.2059585 0.02117773 0.05 0.206771 0.02406561 0.047 0.205563 0.0243732 0.047 0.2107411 0.007323161 0.059 0.208668 0.01690756 0.053 0.2099758 0.0125093 0.056 0.2038203 0.02166577 0.05 0.2043412 0.02462019 0.047 0.2031086 0.02480598 0.047 0.2099586 0.008356239 0.059 0.2069415 0.0176866 0.053 0.2086807 0.01344041 0.056 0.2016441 0.02193848 0.05 0.2018683 0.0249301 0.047 0.2006233 0.02499223 0.047 0.2090771 0.009306269 0.059 0.205146 0.01828986 0.053 0.2072994 0.01423795 0.056 0.1994515 0.02199316 0.05 0.1993767 0.02499223 0.047 0.1981317 0.0249301 0.047 0.2081054 0.01016381 0.059 0.2032993 0.01871135 0.053 0.2058455 0.01489398 0.056 0.1972644 0.02182926 0.05 0.1968914 0.02480598 0.047 0.1956588 0.02462019 0.047 0.2070531 0.01092034 0.059 0.2014199 0.01894687 0.053 0.2043335 0.01540199 0.056 0.1951045 0.02144841 0.05 0.194437 0.0243732 0.047 0.193229 0.02406561 0.047 0.2059307 0.01156833 0.059 0.1995263 0.01899409 0.053 0.2027784 0.01575692 0.056 0.1929933 0.0208544 0.05 0.1920378 0.02369818 0.047 0.1908665 0.02327184 0.047 0.2047494 0.01210136 0.059 0.1976375 0.01885254 0.053 0.2011957 0.01595526 0.056 0.1909517 0.02005313 0.05 0.1897178 0.02278765 0.047 0.1885947 0.0222468 0.047 0.2035209 0.01251412 0.059 0.1957721 0.01852363 0.053 0.1996011 0.01599503 0.056 0.189 0.01905256 0.05 0.1875 0.02165063 0.047 0.1864363 0.02100065 0.047 0.2022574 0.0128025 0.059 0.1939488 0.01801062 0.053 0.1980105 0.01587583 0.056 0.1871576 0.01786264 0.05 0.1854064 0.02029845 0.047 0.1844128 0.01954579 0.047 0.2009715 0.01296365 0.059 0.1921855 0.01731861 0.053 0.1964397 0.01559885 0.056 0.1854429 0.01649519 0.05 0.1834579 0.01874453 0.047 0.1825441 0.01789667 0.047 0.1996759 0.01299596 0.059 0.1905 0.01645448 0.053 0.1949042 0.01516684 0.056 0.1838729 0.0149638 0.05 0.1816737 0.01700432 0.047 0.1808489 0.01606969 0.047 0.1983835 0.01289911 0.059 0.1889089 0.01542682 0.053 0.1934194 0.01458409 0.056 0.1824631 0.0132837 0.05 0.1800717 0.01509511 0.047 0.179344 0.014083 0.047 0.1971072 0.01267406 0.059 0.187428 0.01424584 0.053 0.192 0.01385641 0.056 0.1812276 0.01147157 0.05 0.1786677 0.01303588 0.047 0.1780445 0.01195635 0.047 0.1958597 0.01232306 0.059 0.186072 0.01292328 0.053 0.1906601 0.01299101 0.056 0.1801787 0.009545443 0.05 0.1774758 0.01084709 0.047 0.1769631 0.00971087 0.047 0.1946533 0.01184958 0.059 0.1848545 0.01147228 0.053 0.189413 0.0119965 0.056 0.1793268 0.007524443 0.05 0.1765077 0.008550504 0.047 0.1761107 0.007368879 0.047 0.1935 0.01125833 0.059 0.1837875 0.009907269 0.053 0.1882712 0.01088276 0.056 0.1786803 0.005428663 0.05 0.1757731 0.006168935 0.047 0.1754957 0.004953654 0.047 0.1924113 0.01055519 0.059 0.1828816 0.008243791 0.053 0.1872459 0.009660871 0.056 0.1782457 0.00327893 0.05 0.1752792 0.003726057 0.047 0.1751242 0.002489196 0.047 0.1913981 0.009747155 0.059 0.1821458 0.006498383 0.053 0.1863474 0.008342963 0.056 0.1780273 0.001096609 0.05 0.1750311 0.001246147 0.047 0.175 -8.575622e-17 0.047 0.1904703 0.008842246 0.059 0.1815875 0.004688391 0.053 0.1855845 0.00694214 0.056 0.1780273 -0.001096609 0.05 0.1750311 -0.001246147 0.047 0.1751242 -0.002489196 0.047 0.1896373 0.007849457 0.059 0.1812122 0.002831803 0.053 0.1849649 0.005472322 0.056 0.1782457 -0.00327893 0.05 0.1752792 -0.003726057 0.047 0.1754957 -0.004953654 0.047 0.1889072 0.006778657 0.059 0.1810236 0.0009470719 0.053 0.1844948 0.003948118 0.056 0.1786803 -0.005428663 0.05 0.1757731 -0.006168935 0.047 0.1761107 -0.007368879 0.047 0.1882874 0.005640489 0.059 0.1810236 -0.0009470719 0.053 0.1841787 0.002384676 0.056 0.1793268 -0.007524443 0.05 0.1765077 -0.008550504 0.047 0.1769631 -0.00971087 0.047 0.187784 0.004446262 0.059 0.1812122 -0.002831803 0.053 0.1840199 0.0007975342 0.056 0.1801787 -0.009545443 0.05 0.1774758 -0.01084709 0.047 0.1780445 -0.01195635 0.047 0.187402 0.003207846 0.059 0.1815875 -0.004688391 0.053 0.1840199 -0.0007975342 0.056 0.1812276 -0.01147157 0.05 0.1786677 -0.01303588 0.047 0.179344 -0.014083 0.047 0.1871452 0.001937549 0.059 0.1821458 -0.006498383 0.053 0.1841787 -0.002384676 0.056 0.1824631 -0.0132837 0.05 0.1800717 -0.01509511 0.047 0.1808489 -0.01606969 0.047 0.1870162 0.0006479965 0.059 0.1828816 -0.008243791 0.053 0.1844948 -0.003948118 0.056 0.1838729 -0.0149638 0.05 0.1816737 -0.01700432 0.047 0.1825441 -0.01789667 0.047 0.1870162 -0.0006479965 0.059 0.1837875 -0.009907269 0.053 0.1849649 -0.005472322 0.056 0.1854429 -0.01649519 0.05 0.1834579 -0.01874453 0.047 0.1844128 -0.01954579 0.047 0.1871452 -0.001937549 0.059 0.1848545 -0.01147228 0.053 0.1855845 -0.00694214 0.056 0.1871576 -0.01786264 0.05 0.1854064 -0.02029845 0.047 0.1864363 -0.02100065 0.047 0.187402 -0.003207846 0.059 0.186072 -0.01292328 0.053 0.1863474 -0.008342963 0.056 0.189 -0.01905256 0.05 0.1875 -0.02165063 0.047 0.1885947 -0.0222468 0.047 0.187784 -0.004446262 0.059 0.187428 -0.01424584 0.053 0.1872459 -0.009660871 0.056 0.1909517 -0.02005313 0.05 0.1897178 -0.02278765 0.047 0.1908665 -0.02327184 0.047 0.1882874 -0.005640489 0.059 0.1889089 -0.01542682 0.053 0.1882712 -0.01088276 0.056 0.1929933 -0.0208544 0.05 0.1920378 -0.02369818 0.047 0.193229 -0.02406561 0.047 0.1889072 -0.006778657 0.059 0.1905 -0.01645448 0.053 0.189413 -0.0119965 0.056 0.1951045 -0.02144841 0.05 0.194437 -0.0243732 0.047 0.1956588 -0.02462019 0.047 0.1896373 -0.007849457 0.059 0.1921855 -0.01731861 0.053 0.1906601 -0.01299101 0.056 0.1972644 -0.02182926 0.05 0.1968914 -0.02480598 0.047 0.1981317 -0.0249301 0.047 0.1904703 -0.008842246 0.059 0.1939488 -0.01801062 0.053 0.192 -0.01385641 0.056 0.1994515 -0.02199316 0.05 0.1993767 -0.02499223 0.047 0.2006233 -0.02499223 0.047 0.1913981 -0.009747155 0.059 0.1957721 -0.01852363 0.053 0.1934194 -0.01458409 0.056 0.2016441 -0.02193848 0.05 0.2018683 -0.0249301 0.047 0.2031086 -0.02480598 0.047 0.1924113 -0.01055519 0.059 0.1976375 -0.01885254 0.053 0.1949042 -0.01516684 0.056 0.2038203 -0.02166577 0.05 0.2043412 -0.02462019 0.047 0.205563 -0.0243732 0.047 0.1935 -0.01125833 0.059 0.1995263 -0.01899409 0.053 0.1964397 -0.01559885 0.056 0.2059585 -0.02117773 0.05 0.206771 -0.02406561 0.047 0.2079622 -0.02369818 0.047 0.1946533 -0.01184958 0.059 0.2014199 -0.01894687 0.053 0.1980105 -0.01587583 0.056 0.2080375 -0.02047922 0.05 0.2091335 -0.02327184 0.047 0.2102822 -0.02278765 0.047 0.1958597 -0.01232306 0.059 0.2032993 -0.01871135 0.053 0.1996011 -0.01599503 0.056 0.2100366 -0.01957718 0.05 0.2114053 -0.0222468 0.047 0.2125 -0.02165063 0.047 0.1971072 -0.01267406 0.059 0.205146 -0.01828986 0.053 0.2011957 -0.01595526 0.056 0.211936 -0.01848057 0.05 0.2135637 -0.02100065 0.047 0.2145936 -0.02029845 0.047 0.1983835 -0.01289911 0.059 0.2069415 -0.0176866 0.053 0.2027784 -0.01575692 0.056 0.2137168 -0.01720029 0.05 0.2155872 -0.01954579 0.047 0.2165421 -0.01874453 0.047 0.1996759 -0.01299596 0.059 0.208668 -0.01690756 0.053 0.2043335 -0.01540199 0.056 0.2153612 -0.01574907 0.05 0.2174559 -0.01789667 0.047 0.2183263 -0.01700432 0.047 0.2009715 -0.01296365 0.059 0.2103084 -0.01596049 0.053 0.2058455 -0.01489398 0.056 0.216853 -0.01414133 0.05 0.2191511 -0.01606969 0.047 0.2199283 -0.01509511 0.047 0.2022574 -0.0128025 0.059 0.2118463 -0.0148548 0.053 0.2072994 -0.01423795 0.056 0.2181772 -0.01239304 0.05 0.220656 -0.014083 0.047 0.2213323 -0.01303588 0.047 0.2035209 -0.01251412 0.059 0.2132665 -0.01360147 0.053 0.2086807 -0.01344041 0.056 0.2193209 -0.01052159 0.05 0.2219555 -0.01195635 0.047 0.2225242 -0.01084709 0.047 0.2047494 -0.01210136 0.059 0.2145548 -0.01221297 0.053 0.2099758 -0.0125093 0.056 0.2202725 -0.008545566 0.05 0.2230369 -0.00971087 0.047 0.2234923 -0.008550504 0.047 0.2059307 -0.01156833 0.059 0.2156985 -0.01070308 0.053 0.2111718 -0.01145387 0.056 0.2210226 -0.006484614 0.05 0.2238893 -0.007368879 0.047 0.2242269 -0.006168935 0.047 0.2070531 -0.01092034 0.059 0.2166862 -0.009086825 0.053 0.2122567 -0.0102846 0.056 0.2215638 -0.004359215 0.05 0.2245043 -0.004953654 0.047 0.2247208 -0.003726057 0.047 0.2081054 -0.01016381 0.059 0.217508 -0.007380261 0.053 0.2132198 -0.009013121 0.056 0.2218907 -0.002190493 0.05 0.2248758 -0.002489196 0.047 0.2090771 -0.009306269 0.059 0.2181559 -0.005600348 0.053 0.2140515 -0.007652064 0.056 0.2099586 -0.008356239 0.059 0.2186233 -0.003764777 0.053 0.2147436 -0.006214957 0.056 0.2107411 -0.007323161 0.059 0.2189056 -0.001891789 0.053 0.2152892 -0.004716083 0.056 0.2114169 -0.006217302 0.059 0.2156828 -0.003170338 0.056 0.2119792 -0.005049653 0.059 0.2159205 -0.001593086 0.056 0.2124224 -0.003831817 0.059 0.2127422 -0.0025759 0.059 0.2129354 -0.001294382 0.059 0.225 0 0.042 0.2249689 0.001246147 0.042 0.2248758 0.002489196 0.042 0.2247208 0.003726057 0.042 0.2245043 0.004953654 0.042 0.2242269 0.006168935 0.042 0.2238893 0.007368879 0.042 0.2234923 0.008550504 0.042 0.2230369 0.00971087 0.042 0.2225242 0.01084709 0.042 0.2219555 0.01195635 0.042 0.2213323 0.01303588 0.042 0.220656 0.014083 0.042 0.2199283 0.01509511 0.042 0.2191511 0.01606969 0.042 0.2183263 0.01700432 0.042 0.2174559 0.01789667 0.042 0.2165421 0.01874453 0.042 0.2155872 0.01954579 0.042 0.2145936 0.02029845 0.042 0.2135637 0.02100065 0.042 0.2125 0.02165063 0.042 0.2114053 0.0222468 0.042 0.2102822 0.02278765 0.042 0.2091335 0.02327184 0.042 0.2079622 0.02369818 0.042 0.206771 0.02406561 0.042 0.205563 0.0243732 0.042 0.2043412 0.02462019 0.042 0.2031086 0.02480598 0.042 0.2018683 0.0249301 0.042 0.2006233 0.02499223 0.042 0.1993767 0.02499223 0.042 0.1981317 0.0249301 0.042 0.1968914 0.02480598 0.042 0.1956588 0.02462019 0.042 0.194437 0.0243732 0.042 0.193229 0.02406561 0.042 0.1920378 0.02369818 0.042 0.1908665 0.02327184 0.042 0.1897178 0.02278765 0.042 0.1885947 0.0222468 0.042 0.1875 0.02165063 0.042 0.1864363 0.02100065 0.042 0.1854064 0.02029845 0.042 0.1844128 0.01954579 0.042 0.1834579 0.01874453 0.042 0.1825441 0.01789667 0.042 0.1816737 0.01700432 0.042 0.1808489 0.01606969 0.042 0.1800717 0.01509511 0.042 0.179344 0.014083 0.042 0.1786677 0.01303588 0.042 0.1780445 0.01195635 0.042 0.1774758 0.01084709 0.042 0.1769631 0.00971087 0.042 0.1765077 0.008550504 0.042 0.1761107 0.007368879 0.042 0.1757731 0.006168935 0.042 0.1754957 0.004953654 0.042 0.1752792 0.003726057 0.042 0.1751242 0.002489196 0.042 0.1750311 0.001246147 0.042 0.175 -8.575622e-17 0.042 0.1750311 -0.001246147 0.042 0.1751242 -0.002489196 0.042 0.1752792 -0.003726057 0.042 0.1754957 -0.004953654 0.042 0.1757731 -0.006168935 0.042 0.1761107 -0.007368879 0.042 0.1765077 -0.008550504 0.042 0.1769631 -0.00971087 0.042 0.1774758 -0.01084709 0.042 0.1780445 -0.01195635 0.042 0.1786677 -0.01303588 0.042 0.179344 -0.014083 0.042 0.1800717 -0.01509511 0.042 0.1808489 -0.01606969 0.042 0.1816737 -0.01700432 0.042 0.1825441 -0.01789667 0.042 0.1834579 -0.01874453 0.042 0.1844128 -0.01954579 0.042 0.1854064 -0.02029845 0.042 0.1864363 -0.02100065 0.042 0.1875 -0.02165063 0.042 0.1885947 -0.0222468 0.042 0.1897178 -0.02278765 0.042 0.1908665 -0.02327184 0.042 0.1920378 -0.02369818 0.042 0.193229 -0.02406561 0.042 0.194437 -0.0243732 0.042 0.1956588 -0.02462019 0.042 0.1968914 -0.02480598 0.042 0.1981317 -0.0249301 0.042 0.1993767 -0.02499223 0.042 0.2006233 -0.02499223 0.042 0.2018683 -0.0249301 0.042 0.2031086 -0.02480598 0.042 0.2043412 -0.02462019 0.042 0.205563 -0.0243732 0.042 0.206771 -0.02406561 0.042 0.2079622 -0.02369818 0.042 0.2091335 -0.02327184 0.042 0.2102822 -0.02278765 0.042 0.2114053 -0.0222468 0.042 0.2125 -0.02165063 0.042 0.2135637 -0.02100065 0.042 0.2145936 -0.02029845 0.042 0.2155872 -0.01954579 0.042 0.2165421 -0.01874453 0.042 0.2174559 -0.01789667 0.042 0.2183263 -0.01700432 0.042 0.2191511 -0.01606969 0.042 0.2199283 -0.01509511 0.042 0.220656 -0.014083 0.042 0.2213323 -0.01303588 0.042 0.2219555 -0.01195635 0.042 0.2225242 -0.01084709 0.042 0.2230369 -0.00971087 0.042 0.2234923 -0.008550504 0.042 0.2238893 -0.007368879 0.042 0.2242269 -0.006168935 0.042 0.2245043 -0.004953654 0.042 0.2247208 -0.003726057 0.042 0.2248758 -0.002489196 0.042 0.2249689 -0.001246147 0.042 0.15 -0.25 0.042 0.25 -0.25 0.042 0.15 0.25 0.042 0.25 0.25 0.042 0.15 -0.25 -0.058 0.25 -0.25 -0.058 0.15 0.25 -0.058 0.25 0.25 -0.058 -0.2507961 -0.2551793 -0.058 -0.375 -0.375 -0.058 -0.225 -0.295 -0.058 -0.2534696 -0.2525928 -0.058 -0.2560116 -0.2498768 -0.058 -0.2479976 -0.2576301 -0.058 -0.2584158 -0.2470382 -0.058 -0.2450811 -0.2599391 -0.058 -0.2606763 -0.2440839 -0.058 -0.2420536 -0.2621006 -0.058 -0.2627875 -0.2410211 -0.058 -0.2389227 -0.2641095 -0.058 -0.2647442 -0.2378574 -0.058 -0.2356961 -0.2659605 -0.058 -0.2665417 -0.2346006 -0.058 -0.2323816 -0.2676494 -0.058 -0.225 -0.275 -0.058 -0.2681755 -0.2312586 -0.058 -0.2289874 -0.2691717 -0.058 -0.2696415 -0.2278398 -0.058 -0.225522 -0.270524 -0.058 -0.2709363 -0.2243525 -0.058 -0.2219938 -0.2717027 -0.058 -0.2720565 -0.2208052 -0.058 -0.2184114 -0.272705 -0.058 -0.2729995 -0.2172068 -0.058 -0.2147838 -0.2735285 -0.058 -0.2737629 -0.213566 -0.058 -0.2743448 -0.2098919 -0.058 -0.2747438 -0.2061935 -0.058 -0.274959 -0.2024798 -0.058 -0.2749897 -0.1987599 -0.058 -0.175 -0.295 -0.058 -0.274836 -0.1950432 -0.058 -0.2744982 -0.1913387 -0.058 -0.2739771 -0.1876554 -0.058 -0.273274 -0.1840025 -0.058 -0.2723907 -0.180389 -0.058 -0.175 -0.275 -0.058 -0.1817765 -0.2727523 -0.058 -0.1853682 -0.2735589 -0.058 -0.1782287 -0.2717705 -0.058 -0.2713292 -0.1768237 -0.058 -0.1747333 -0.2706158 -0.058 -0.1712987 -0.269291 -0.058 -0.1679334 -0.2677992 -0.058 -0.1646452 -0.2661441 -0.058 -0.1614423 -0.2643297 -0.058 -0.1583322 -0.2623602 -0.058 -0.1553226 -0.2602406 -0.058 -0.1524205 -0.2579758 -0.058 -0.1496331 -0.2555713 -0.058 -0.146967 -0.253033 -0.058 -0.1444287 -0.2503669 -0.058 -0.1250923 -0.1962812 -0.058 -0.125 -0.2 -0.058 -0.1253688 -0.1925716 -0.058 -0.1258289 -0.1888802 -0.058 -0.1264715 -0.1852162 -0.058 -0.127295 -0.1815886 -0.058 -0.1282973 -0.1780062 -0.058 -0.129476 -0.174478 -0.058 -0.1308283 -0.1710126 -0.058 -0.1323507 -0.1676184 -0.058 -0.1340395 -0.1643039 -0.058 -0.1358905 -0.1610773 -0.058 -0.1420242 -0.2475795 -0.058 -0.1378993 -0.1579464 -0.058 -0.1397594 -0.2446774 -0.058 -0.1400609 -0.1549189 -0.058 -0.1376398 -0.2416678 -0.058 -0.1356703 -0.2385577 -0.058 -0.1338559 -0.2353548 -0.058 -0.1322008 -0.2320666 -0.058 -0.130709 -0.2287013 -0.058 -0.1293842 -0.2252667 -0.058 -0.1282295 -0.2217713 -0.058 -0.1272477 -0.2182235 -0.058 -0.1264411 -0.2146318 -0.058 -0.1258118 -0.2110048 -0.058 -0.1253611 -0.2073513 -0.058 -0.1250903 -0.2036801 -0.058 0.375 -0.375 -0.058 -0.375 0.375 -0.058 -0.1938065 -0.1252562 -0.058 -0.1901081 -0.1256552 -0.058 -0.1975202 -0.125041 -0.058 -0.2012401 -0.1250103 -0.058 -0.2049568 -0.125164 -0.058 -0.2086613 -0.1255018 -0.058 -0.2123446 -0.1260229 -0.058 -0.2159975 -0.126726 -0.058 -0.219611 -0.1276093 -0.058 -0.2231763 -0.1286708 -0.058 -0.2266845 -0.1299077 -0.058 -0.2301272 -0.131317 -0.058 -0.2334957 -0.1328953 -0.058 -0.2367818 -0.1346387 -0.058 -0.2399774 -0.1365429 -0.058 -0.2430746 -0.1386031 -0.058 -0.2460659 -0.1408145 -0.058 -0.2489439 -0.1431714 -0.058 -0.2517015 -0.1456681 -0.058 -0.2543319 -0.1482985 -0.058 -0.2568286 -0.1510561 -0.058 -0.2591855 -0.1539341 -0.058 -0.2613969 -0.1569254 -0.058 -0.2634572 -0.1600226 -0.058 -0.2653613 -0.1632182 -0.058 -0.2671047 -0.1665043 -0.058 -0.268683 -0.1698728 -0.058 -0.2700923 -0.1733155 -0.058 -0.1423699 -0.1520024 -0.058 -0.1448207 -0.1492039 -0.058 -0.1474072 -0.1465304 -0.058 -0.1501232 -0.1439884 -0.058 -0.1529618 -0.1415842 -0.058 -0.1559161 -0.1393237 -0.058 -0.1589789 -0.1372125 -0.058 -0.1621426 -0.1352558 -0.058 -0.1653994 -0.1334583 -0.058 -0.1687414 -0.1318245 -0.058 -0.1721602 -0.1303584 -0.058 -0.1756475 -0.1290637 -0.058 -0.1791948 -0.1279435 -0.058 -0.1827932 -0.1270005 -0.058 -0.186434 -0.1262371 -0.058 0.375 0.375 -0.058 -0.2 -0.275 -0.058 -0.2037188 -0.2749077 -0.058 -0.2074284 -0.2746312 -0.058 -0.2111198 -0.2741711 -0.058 -0.1963199 -0.2749097 -0.058 -0.1926487 -0.2746389 -0.058 -0.1889952 -0.2741882 -0.058 -0.375 -0.375 -0.068 0.375 -0.375 -0.068 -0.375 0.375 -0.068 0.375 0.375 -0.068 -0.225 -0.275 0.277 -0.175 -0.275 0.277 -0.225 -0.295 0.292 -0.175 -0.295 0.292 -0.125 -0.2 -0.008 -0.1250923 -0.1962812 -0.008 -0.1253688 -0.1925716 -0.008 -0.1258289 -0.1888802 -0.008 -0.1264715 -0.1852162 -0.008 -0.127295 -0.1815886 -0.008 -0.1282973 -0.1780062 -0.008 -0.129476 -0.174478 -0.008 -0.1308283 -0.1710126 -0.008 -0.1323507 -0.1676184 -0.008 -0.1340395 -0.1643039 -0.008 -0.1358905 -0.1610773 -0.008 -0.1378993 -0.1579464 -0.008 -0.1400609 -0.1549189 -0.008 -0.1423699 -0.1520024 -0.008 -0.1448207 -0.1492039 -0.008 -0.1474072 -0.1465304 -0.008 -0.1501232 -0.1439884 -0.008 -0.1529618 -0.1415842 -0.008 -0.1559161 -0.1393237 -0.008 -0.1589789 -0.1372125 -0.008 -0.1621426 -0.1352558 -0.008 -0.1653994 -0.1334583 -0.008 -0.1687414 -0.1318245 -0.008 -0.1721602 -0.1303584 -0.008 -0.1756475 -0.1290637 -0.008 -0.1791948 -0.1279435 -0.008 -0.1827932 -0.1270005 -0.008 -0.186434 -0.1262371 -0.008 -0.1901081 -0.1256552 -0.008 -0.1938065 -0.1252562 -0.008 -0.1975202 -0.125041 -0.008 -0.2012401 -0.1250103 -0.008 -0.2049568 -0.125164 -0.008 -0.2086613 -0.1255018 -0.008 -0.2123446 -0.1260229 -0.008 -0.2159975 -0.126726 -0.008 -0.219611 -0.1276093 -0.008 -0.2231763 -0.1286708 -0.008 -0.2266845 -0.1299077 -0.008 -0.2301272 -0.131317 -0.008 -0.2334957 -0.1328953 -0.008 -0.2367818 -0.1346387 -0.008 -0.2399774 -0.1365429 -0.008 -0.2430746 -0.1386031 -0.008 -0.2460659 -0.1408145 -0.008 -0.2489439 -0.1431714 -0.008 -0.2517015 -0.1456681 -0.008 -0.2543319 -0.1482985 -0.008 -0.2568286 -0.1510561 -0.008 -0.2591855 -0.1539341 -0.008 -0.2613969 -0.1569254 -0.008 -0.2634572 -0.1600226 -0.008 -0.2653613 -0.1632182 -0.008 -0.2671047 -0.1665043 -0.008 -0.268683 -0.1698728 -0.008 -0.2700923 -0.1733155 -0.008 -0.2713292 -0.1768237 -0.008 -0.2723907 -0.180389 -0.008 -0.273274 -0.1840025 -0.008 -0.2739771 -0.1876554 -0.008 -0.2744982 -0.1913387 -0.008 -0.274836 -0.1950432 -0.008 -0.2749897 -0.1987599 -0.008 -0.274959 -0.2024798 -0.008 -0.2747438 -0.2061935 -0.008 -0.2743448 -0.2098919 -0.008 -0.2737629 -0.213566 -0.008 -0.2729995 -0.2172068 -0.008 -0.2720565 -0.2208052 -0.008 -0.2709363 -0.2243525 -0.008 -0.2696415 -0.2278398 -0.008 -0.2681755 -0.2312586 -0.008 -0.2665417 -0.2346006 -0.008 -0.2647442 -0.2378574 -0.008 -0.2627875 -0.2410211 -0.008 -0.2606763 -0.2440839 -0.008 -0.2584158 -0.2470382 -0.008 -0.2560116 -0.2498768 -0.008 -0.2534696 -0.2525928 -0.008 -0.2507961 -0.2551793 -0.008 -0.2479976 -0.2576301 -0.008 -0.2450811 -0.2599391 -0.008 -0.2420536 -0.2621006 -0.008 -0.2389227 -0.2641095 -0.008 -0.2356961 -0.2659605 -0.008 -0.2323816 -0.2676494 -0.008 -0.2289874 -0.2691717 -0.008 -0.225522 -0.270524 -0.008 -0.2219938 -0.2717027 -0.008 -0.2184114 -0.272705 -0.008 -0.2147838 -0.2735285 -0.008 -0.2111198 -0.2741711 -0.008 -0.2074284 -0.2746312 -0.008 -0.2037188 -0.2749077 -0.008 -0.2 -0.275 -0.008 -0.1963199 -0.2749097 -0.008 -0.1926487 -0.2746389 -0.008 -0.1889952 -0.2741882 -0.008 -0.1853682 -0.2735589 -0.008 -0.1817765 -0.2727523 -0.008 -0.1782287 -0.2717705 -0.008 -0.1747333 -0.2706158 -0.008 -0.1712987 -0.269291 -0.008 -0.1679334 -0.2677992 -0.008 -0.1646452 -0.2661441 -0.008 -0.1614423 -0.2643297 -0.008 -0.1583322 -0.2623602 -0.008 -0.1553226 -0.2602406 -0.008 -0.1524205 -0.2579758 -0.008 -0.1496331 -0.2555713 -0.008 -0.146967 -0.253033 -0.008 -0.1444287 -0.2503669 -0.008 -0.1420242 -0.2475795 -0.008 -0.1397594 -0.2446774 -0.008 -0.1376398 -0.2416678 -0.008 -0.1356703 -0.2385577 -0.008 -0.1338559 -0.2353548 -0.008 -0.1322008 -0.2320666 -0.008 -0.130709 -0.2287013 -0.008 -0.1293842 -0.2252667 -0.008 -0.1282295 -0.2217713 -0.008 -0.1272477 -0.2182235 -0.008 -0.1264411 -0.2146318 -0.008 -0.1258118 -0.2110048 -0.008 -0.1253611 -0.2073513 -0.008 -0.1250903 -0.2036801 -0.008 -0.175 -0.2 0.292 -0.175 -0.2 0.277 -0.225 -0.2 0.277 -0.225 -0.2 0.292</float_array>
          <technique_common>
            <accessor count="1417" source="#cubeverts-array0-array" stride="3">
              <param type="float" name="X"/>
              <param type="float" name="Y"/>
              <param type="float" name="Z"/>
            </accessor>
          </technique_common>
        </source>
        <source id="cubenormals-array0">
          <float_array count="8490" id="cubenormals-array0-array">0.9996889 0.02494096 -0 0.9996889 0.02494096 0 0.9972037 0.0747311 0 0.9972037 0.0747311 -0 0.99224 0.1243377 0 0.9848095 0.1736384 0 0.99224 0.1243377 -0 0.9749236 0.2225398 0 0.9848095 0.1736384 0 0.9749236 0.2225398 0 0.9626266 0.270832 0 0.9479296 0.31848 0 0.9626266 0.270832 -0 0.9308769 0.3653331 0 0.9479296 0.31848 0 0.9308769 0.3653331 0 0.9115025 0.4112947 0 0.9115025 0.4112947 -0 0.8898676 0.4562189 0 0.8898676 0.4562189 -0 0.8660331 0.4999867 -0 0.8660331 0.4999867 0 0.8400241 0.5425491 -0 0.8400241 0.5425491 0 0.8119391 0.5837421 0 0.8119391 0.5837421 0 0.7818296 0.6234921 -0 0.7818296 0.6234921 0 0.7497814 0.6616856 0 0.7497814 0.6616856 -0 0.7158577 0.6982462 0 0.7158577 0.6982462 -0 0.6801733 0.7330514 0 0.6427904 0.7660421 0 0.6801733 0.7330514 -0 0.6427904 0.7660421 0 0.6038044 0.7971325 -0 0.6038044 0.7971325 0 0.5633218 0.8262376 0 0.5633218 0.8262376 0 0.5214378 0.8532893 0 0.4782502 0.8782237 0 0.5214378 0.8532893 -0 0.4338859 0.9009678 0 0.4782502 0.8782237 0 0.4338859 0.9009678 0 0.388437 0.9214752 0 0.3420152 0.9396945 0 0.388437 0.9214752 -0 0.3420152 0.9396945 0 0.2947583 0.9555718 0 0.2947583 0.9555718 -0 0.2467546 0.969078 0 0.2467546 0.969078 -0 0.1981483 0.980172 0 0.1490422 0.9888308 0 0.1981483 0.980172 -0 0.1490422 0.9888308 0 0.0995681 0.9950307 0 0.0995681 0.9950307 -0 0.04984642 0.9987569 0 0.04984642 0.9987569 -0 0 1 0 0 1 -0 -0.04984642 0.9987569 0 -0.04984642 0.9987569 0 -0.0995681 0.9950307 0 -0.1490422 0.9888308 0 -0.0995681 0.9950307 0 -0.1981483 0.980172 0 -0.1490422 0.9888308 0 -0.1981483 0.980172 0 -0.2467546 0.969078 0 -0.2467546 0.969078 0 -0.2947583 0.9555718 0 -0.2947583 0.9555718 0 -0.3420152 0.9396945 0 -0.3420152 0.9396945 0 -0.388437 0.9214752 0 -0.388437 0.9214752 0 -0.4338859 0.9009678 0 -0.4338859 0.9009678 0 -0.4782502 0.8782237 0 -0.4782502 0.8782237 0 -0.5214378 0.8532893 0 -0.5214378 0.8532893 0 -0.5633218 0.8262376 0 -0.5633218 0.8262376 0 -0.6038044 0.7971325 0 -0.6038044 0.7971325 0 -0.6427904 0.7660421 0 -0.6427904 0.7660421 0 -0.6801733 0.7330514 0 -0.6801733 0.7330514 0 -0.7158577 0.6982462 0 -0.7158577 0.6982462 0 -0.7497814 0.6616856 0 -0.7497814 0.6616856 0 -0.7818296 0.6234921 0 -0.7818296 0.6234921 0 -0.8119391 0.5837421 0 -0.8400241 0.5425491 0 -0.8119391 0.5837421 0 -0.8400241 0.5425491 0 -0.8660331 0.4999867 0 -0.8660331 0.4999867 0 -0.8898676 0.4562189 0 -0.8898676 0.4562189 0 -0.9115025 0.4112947 0 -0.9308769 0.3653331 0 -0.9115025 0.4112947 0 -0.9308769 0.3653331 0 -0.9479296 0.31848 0 -0.9479296 0.31848 0 -0.9626266 0.270832 0 -0.9749236 0.2225398 0 -0.9626266 0.270832 0 -0.9749236 0.2225398 0 -0.9848095 0.1736384 0 -0.9848095 0.1736384 0 -0.99224 0.1243377 0 -0.9972037 0.0747311 0 -0.99224 0.1243377 0 -0.9972037 0.0747311 0 -0.9996889 0.02494096 0 -0.9996889 0.02494096 0 -0.9996889 -0.02494096 0 -0.9996889 -0.02494096 0 -0.9972037 -0.0747311 -0 -0.9972037 -0.0747311 0 -0.99224 -0.1243377 0 -0.99224 -0.1243377 0 -0.9848095 -0.1736384 -0 -0.9848095 -0.1736384 0 -0.9749236 -0.2225398 0 -0.9749236 -0.2225398 0 -0.9626266 -0.270832 -0 -0.9626266 -0.270832 0 -0.9479296 -0.31848 0 -0.9479296 -0.31848 0 -0.9308769 -0.3653331 0 -0.9308769 -0.3653331 0 -0.9115025 -0.4112947 0 -0.9115025 -0.4112947 0 -0.8898676 -0.4562189 0 -0.8898676 -0.4562189 0 -0.8660331 -0.4999867 0 -0.8660331 -0.4999867 0 -0.8400241 -0.5425491 -0 -0.8400241 -0.5425491 0 -0.8119391 -0.5837421 0 -0.8119391 -0.5837421 0 -0.7818296 -0.6234921 0 -0.7818296 -0.6234921 0 -0.7497814 -0.6616856 -0 -0.7497814 -0.6616856 0 -0.7158577 -0.6982462 0 -0.7158577 -0.6982462 0 -0.6801733 -0.7330514 0 -0.6801733 -0.7330514 0 -0.6427904 -0.7660421 -0 -0.6427904 -0.7660421 0 -0.6038044 -0.7971325 0 -0.6038044 -0.7971325 0 -0.5633218 -0.8262376 0 -0.5633218 -0.8262376 0 -0.5214378 -0.8532893 -0 -0.5214378 -0.8532893 0 -0.4782502 -0.8782237 0 -0.4338859 -0.9009678 -0 -0.4782502 -0.8782237 0 -0.4338859 -0.9009678 0 -0.388437 -0.9214752 0 -0.388437 -0.9214752 0 -0.3420152 -0.9396945 0 -0.3420152 -0.9396945 0 -0.2947583 -0.9555718 0 -0.2947583 -0.9555718 0 -0.2467546 -0.969078 0 -0.2467546 -0.969078 0 -0.1981483 -0.980172 0 -0.1981483 -0.980172 0 -0.1490422 -0.9888308 -0 -0.1490422 -0.9888308 0 -0.0995681 -0.9950307 0 -0.0995681 -0.9950307 0 -0.04984642 -0.9987569 0 -0.04984642 -0.9987569 0 0 -1 0 0 -1 0 0.04984642 -0.9987569 0 0.04984642 -0.9987569 0 0.0995681 -0.9950307 0 0.0995681 -0.9950307 0 0.1490422 -0.9888308 0 0.1490422 -0.9888308 0 0.1981483 -0.980172 0 0.1981483 -0.980172 0 0.2467546 -0.969078 0 0.2947583 -0.9555718 0 0.2467546 -0.969078 0 0.3420152 -0.9396945 0 0.2947583 -0.9555718 0 0.3420152 -0.9396945 0 0.388437 -0.9214752 0 0.388437 -0.9214752 0 0.4338859 -0.9009678 0 0.4338859 -0.9009678 0 0.4782502 -0.8782237 0 0.4782502 -0.8782237 0 0.5214378 -0.8532893 0 0.5214378 -0.8532893 0 0.5633218 -0.8262376 0 0.5633218 -0.8262376 0 0.6038044 -0.7971325 0 0.6427904 -0.7660421 0 0.6038044 -0.7971325 0 0.6427904 -0.7660421 0 0.6801733 -0.7330514 0 0.6801733 -0.7330514 0 0.7158577 -0.6982462 0 0.7497814 -0.6616856 0 0.7158577 -0.6982462 0 0.7818296 -0.6234921 0 0.7497814 -0.6616856 0 0.7818296 -0.6234921 0 0.8119391 -0.5837421 0 0.8119391 -0.5837421 0 0.8400241 -0.5425491 0 0.8400241 -0.5425491 0 0.8660331 -0.4999867 0 0.8660331 -0.4999867 0 0.8898676 -0.4562189 0 0.8898676 -0.4562189 0 0.9115025 -0.4112947 0 0.9115025 -0.4112947 0 0.9308769 -0.3653331 0 0.9308769 -0.3653331 0 0.9479296 -0.31848 0 0.9479296 -0.31848 0 0.9626266 -0.270832 0 0.9749236 -0.2225398 0 0.9626266 -0.270832 0 0.9749236 -0.2225398 0 0.9848095 -0.1736384 0 0.9848095 -0.1736384 0 0.99224 -0.1243377 0 0.99224 -0.1243377 0 0.9972037 -0.0747311 0 0.9972037 -0.0747311 0 0.9996889 -0.02494096 0 0.9996889 -0.02494096 0 0.7069967 0.01763857 0.7069967 0.7069967 -0.01763857 0.7069967 0.7052419 0.05285131 0.706994 0.7017314 0.08793399 0.706994 0.7036014 0.03511028 0.709727 0.6964726 0.1227997 0.7069979 0.6966065 0.1050034 0.7097279 0.6894813 0.1573838 0.7069978 0.6807877 0.1915375 0.7069945 0.6703935 0.2252351 0.7069948 0.6826944 0.1738284 0.7097268 0.6583297 0.2583688 0.7069989 0.6446279 0.2908737 0.7069988 0.6619871 0.2409521 0.709729 0.6293315 0.3226467 0.7069944 0.6124752 0.3536001 0.7069945 0.6347136 0.3056527 0.7097288 0.7066651 0.03526568 0.7066689 0.7066669 0.03526578 0.7066669 0.7066645 0.03526324 0.7066694 0.594079 0.3836998 0.7069968 0.5742169 0.4128322 0.7069969 0.6011201 0.367341 0.7097289 0.6996432 0.1054613 0.7066664 0.6996417 0.1054483 0.7066698 0.5615624 0.4253621 0.7097286 0.552924 0.4409449 0.7069955 0.530259 0.4679559 0.7069955 0.6856661 0.1746002 0.7066661 0.6856657 0.174585 0.70667 0.5062686 0.4938133 0.706994 0.4810318 0.5184284 0.7069939 0.5164179 0.4791651 0.7097276 0.6374803 0.306985 0.7066676 0.6648735 0.2419926 0.7066702 0.6648728 0.2420024 0.7066676 0.4545923 0.5417579 0.7069966 0.4270208 0.5637456 0.7069966 0.466137 0.5282078 0.7097273 0.6374756 0.3069903 0.7066696 0.7066659 0.03526952 0.7066678 0.3983905 0.584329 0.7069969 0.3687696 0.6034604 0.7069968 0.4112327 0.5719901 0.7097288 0.60374 0.3689395 0.7066695 0.6037393 0.3689416 0.7066689 0.6996436 0.1054485 0.7066678 0.6996436 0.1054486 0.7066678 0.6856642 0.1745998 0.7066678 0.3382266 0.6210945 0.7069967 0.3068514 0.6371797 0.7069967 0.352237 0.6100928 0.7097294 0.5640056 0.4272201 0.7066687 0.5640078 0.4272145 0.7066704 0.6856712 0.1745863 0.7066645 0.2747096 0.6516836 0.7069959 0.241879 0.6645685 0.706996 0.2897457 0.6421316 0.7097284 0.518671 0.4812455 0.7066705 0.5186675 0.4812523 0.7066684 0.6648775 0.2419979 0.7066647 0.664878 0.2419942 0.7066655 0.2084581 0.6757968 0.7069964 0.174509 0.6853485 0.7069964 0.2243642 0.6677927 0.7097279 0.4130247 0.5744827 0.7066685 0.4681662 0.5305096 0.7066681 0.4681671 0.5305083 0.7066686 0.6374773 0.3069912 0.7066676 0.637475 0.3070014 0.7066653 0.6037416 0.3689406 0.7066675 0.7066704 0.03527606 0.7066629 0.7066667 0.03527588 0.7066666 0.7066696 0.03526974 0.706664 0.1567614 0.6868128 0.7097282 0.1401341 0.6931947 0.7069961 0.1054051 0.6993183 0.7069963 0.4130317 0.5744801 0.7066665 0.6037439 0.3689381 0.7066668 0.6996473 0.1054491 0.7066641 0.6996472 0.1054491 0.7066641 0.07041636 0.703703 0.7069961 0.0352522 0.7063382 0.7069962 0.08759773 0.6990081 0.7097284 0.3537731 0.6127533 0.7066669 0.2910086 0.6449306 0.7066672 0.3537731 0.6127533 0.7066668 0.564008 0.4272221 0.7066656 0.5640106 0.4272164 0.7066669 0.5186745 0.4812486 0.7066658 0.6856657 0.1746102 0.7066638 0.6856676 0.1745853 0.7066681 0 0.7072172 0.7069963 -0.03525218 0.706338 0.7069964 0.01756301 0.7042564 0.7097285 0.2910001 0.644932 0.7066695 0.5186721 0.4812503 0.7066665 0.6648799 0.2419797 0.7066687 0.6648766 0.2419976 0.7066656 -0.07041632 0.7037027 0.7069965 -0.1054052 0.6993179 0.7069966 -0.0526456 0.7025053 0.7097287 0.2253415 0.6707017 0.7066686 0.2253434 0.6707005 0.7066692 0.1574444 0.689805 0.7066685 0.4681747 0.5305043 0.7066666 0.4681688 0.5305126 0.7066643 0.4130328 0.5744815 0.7066646 0.6374773 0.3069961 0.7066655 0.6037459 0.3689393 0.7066644 0.6374757 0.3070018 0.7066644 0.7066645 0.0352884 0.7066682 0.7066644 0.0352884 0.7066683 -0.1223301 0.6937727 0.7097287 -0.1401339 0.6931947 0.7069962 -0.1745092 0.6853487 0.7069961 0.1574437 0.689805 0.7066686 0.4130225 0.574486 0.7066671 0.6037496 0.3689352 0.7066634 0.6996436 0.1054486 0.7066678 0.6996436 0.1054486 0.7066679 -0.1907991 0.6781453 0.7097285 -0.2084583 0.6757974 0.7069957 -0.2418792 0.6645688 0.7069956 0.08797893 0.7020537 0.7066684 0.08797937 0.7020535 0.7066685 0.3537731 0.6127533 0.7066668 0.353773 0.6127534 0.7066668 0.2910013 0.6449345 0.7066666 0.5640118 0.4272174 0.7066654 0.5640071 0.4272265 0.7066636 0.5186726 0.4812507 0.7066658 0.6648831 0.241981 0.7066651 0.6856646 0.1746098 0.7066651 0.6856676 0.1745854 0.7066681 -0.2573757 0.6557766 0.7097287 -0.2747093 0.6516829 0.7069966 -0.3068514 0.6371797 0.7069966 0.01763972 0.707325 0.7066684 -0.05287502 0.7055665 0.7066683 0.0176395 0.707325 0.7066683 0.2910044 0.6449339 0.706666 0.5186688 0.4812536 0.7066665 0.6648668 0.2420129 0.7066696 0.6374742 0.3069947 0.7066689 -0.321386 0.6268949 0.7097279 -0.3382272 0.6210955 0.7069955 -0.3687702 0.6034614 0.7069956 -0.05287448 0.7055667 0.7066682 0.2253443 0.6707029 0.7066664 0.2253422 0.6707042 0.7066659 0.4681748 0.5305043 0.7066666 0.4681747 0.5305043 0.7066666 0.6374804 0.3069851 0.7066675 0.7066673 0.03525064 0.7066673 0.6996453 0.1054489 0.7066661 0.7066692 0.03525073 0.7066654 -0.3822105 0.591779 0.7097273 -0.3983918 0.5843309 0.7069947 -0.4270219 0.5637472 0.7069946 -0.1228642 0.6967961 0.7066679 -0.1228632 0.696796 0.7066683 0.1574467 0.6898065 0.7066665 0.1574443 0.6898077 0.7066659 0.4130199 0.5744886 0.7066664 0.4130225 0.574486 0.7066671 0.6037512 0.3689236 0.706668 0.6037468 0.3689335 0.7066667 0.6996454 0.1054489 0.7066661 0.6996435 0.1054486 0.7066678 -0.4545938 0.5417599 0.7069941 -0.4810319 0.5184283 0.706994 -0.4392345 0.5507821 0.7097268 -0.2584971 0.6586339 0.7066686 -0.1916314 0.6811001 0.7066683 -0.1916304 0.6811001 0.7066685 0.08797925 0.702056 0.7066661 0.0879791 0.7020561 0.7066661 0.353773 0.6127533 0.7066668 0.2910042 0.6449332 0.7066667 0.3537731 0.6127533 0.7066669 0.5640055 0.4272253 0.7066657 0.5640106 0.4272164 0.7066669 0.6856658 0.174585 0.7066701 0.6856529 0.1746574 0.7066645 0.6856512 0.174657 0.7066664 -0.5062658 0.4938107 0.7069978 -0.530257 0.4679543 0.706998 -0.4918974 0.5043056 0.7097272 -0.2584965 0.6586344 0.7066684 0.01763984 0.7073271 0.7066664 -0.05287464 0.7055686 0.7066663 0.01763959 0.707327 0.7066662 0.2253421 0.6707042 0.706666 0.2910092 0.6449319 0.7066658 0.5186688 0.4812536 0.7066665 0.5186633 0.4812612 0.7066653 0.6648831 0.241981 0.7066651 0.6648684 0.2420134 0.7066678 0.6374803 0.3069849 0.7066677 0.6648781 0.2419791 0.7066706 -0.552923 0.440944 0.7069967 -0.5742169 0.4128322 0.7069969 -0.5396553 0.4528314 0.7097294 -0.3227879 0.629625 0.7066685 -0.3227858 0.6296254 0.7066691 -0.05287441 0.7055686 0.7066662 -0.1228645 0.6967979 0.7066661 0.2253464 0.6707035 0.7066652 0.4681747 0.5305043 0.7066666 0.4681747 0.5305043 0.7066666 0.41302 0.5744886 0.7066664 0.637496 0.3069547 0.7066666 0.6374974 0.3069554 0.7066651 0.6037524 0.3689244 0.7066666 -0.5820657 0.3968426 0.7097292 -0.5940783 0.3836994 0.7069977 -0.6124723 0.3535984 0.7069978 -0.3838727 0.5943569 0.7066694 -0.383875 0.5943561 0.7066688 -0.1228655 0.6967975 0.7066664 0.1574396 0.6898093 0.7066655 0.1574467 0.6898062 0.7066667 0.4130134 0.5744922 0.7066673 0.6037351 0.3689517 0.7066672 0.6037335 0.3689507 0.7066692 -0.6186838 0.3369235 0.7097273 -0.6293306 0.3226462 0.7069953 -0.6446309 0.2908751 0.7069954 -0.4411472 0.5531806 0.7066684 -0.49404 0.5065022 0.7066681 -0.4411457 0.5531814 0.7066689 -0.1916294 0.6811026 0.7066664 -0.1916322 0.6811025 0.7066658 0.0879796 0.7020554 0.7066666 0.08797912 0.7020555 0.7066665 0.2910089 0.6449308 0.7066669 0.353773 0.6127534 0.7066669 0.3537731 0.6127533 0.7066668 0.5639915 0.4272398 0.7066681 0.5640078 0.4272144 0.7066703 0.563993 0.427241 0.7066662 -0.6491588 0.2736362 0.7097296 -0.6583312 0.2583693 0.7069975 -0.6703912 0.2252342 0.7069973 -0.4940382 0.5065054 0.7066673 -0.2584971 0.6586362 0.7066666 -0.2585025 0.6586354 0.7066654 -0.05287446 0.7055686 0.7066663 0.0176399 0.707327 0.7066664 0.01763953 0.707327 0.7066663 0.2910187 0.6449278 0.7066655 0.518661 0.4812589 0.7066687 0.5186818 0.4812403 0.7066661 0.5186784 0.4812372 0.7066708 -0.6731762 0.2076542 0.7097277 -0.6807889 0.1915378 0.7069935 -0.6894854 0.1573846 0.7069936 -0.5420073 0.454805 0.7066686 -0.5420123 0.4548016 0.7066671 -0.3227842 0.6296289 0.7066667 -0.3227892 0.6296275 0.7066656 -0.05287515 0.7055684 0.7066664 0.1574392 0.6898083 0.7066664 0.225346 0.6707023 0.7066665 0.2253422 0.6707042 0.7066659 0.4130128 0.5744916 0.7066681 0.4681736 0.5305029 0.7066683 0.4681747 0.5305043 0.7066666 0.4681735 0.5305029 0.7066684 -0.690508 0.1395855 0.7097286 -0.6964747 0.1228002 0.7069958 -0.7017299 0.08793391 0.7069956 -0.6213801 0.3383919 0.7066666 -0.5846039 0.3985731 0.7066667 -0.5845973 0.3985787 0.706669 -0.4411469 0.5531828 0.706667 -0.3838741 0.5943591 0.7066668 -0.3838801 0.5943568 0.7066655 -0.1228656 0.6967975 0.7066663 -0.1228635 0.6967975 0.7066667 0.1574427 0.689808 0.7066659 0.4130317 0.5744797 0.7066668 0.4130318 0.5744799 0.7066664 -0.7052414 0.05285127 0.7069945 -0.7069989 0.01763863 0.7069946 -0.7009761 0.07014504 0.7097269 -0.6213838 0.3383763 0.7066709 -0.4411452 0.5531849 0.7066664 -0.1916311 0.6811023 0.7066663 -0.1916293 0.6811025 0.7066666 0.0879791 0.7020561 0.7066661 0.08797961 0.7020559 0.7066661 0.3537731 0.6127533 0.7066668 0.353773 0.6127533 0.7066668 0.291018 0.6449261 0.7066674 0.353773 0.6127533 0.7066667 -0.7044758 0 0.709728 -0.7069989 -0.01763863 0.7069946 -0.7052414 -0.05285127 0.7069945 -0.6519787 0.2748451 0.706671 -0.6519907 0.27483 0.7066659 -0.4940348 0.5065096 0.7066666 -0.4940395 0.5065067 0.7066653 -0.2584935 0.6586373 0.7066668 -0.2585025 0.6586354 0.7066653 0.01763991 0.707327 0.7066664 0.01763959 0.707327 0.7066663 0.29099 0.64494 0.7066664 0.2909886 0.6449368 0.7066697 -0.7017299 -0.08793391 0.7069956 -0.6964747 -0.1228002 0.7069958 -0.7009761 -0.07014504 0.7097269 -0.676115 0.2085481 0.7066655 -0.6761083 0.2085587 0.7066689 -0.5420125 0.4548016 0.7066668 -0.5420196 0.4547962 0.7066649 -0.322784 0.6296285 0.7066671 -0.3838791 0.5943551 0.7066675 -0.3227981 0.6296241 0.7066646 -0.05287523 0.7055685 0.7066662 -0.0528744 0.7055685 0.7066663 0.2253414 0.6707018 0.7066684 0.2253536 0.6707001 0.7066663 0.2253526 0.6706972 0.7066694 -0.6894854 -0.1573846 0.7069936 -0.6807889 -0.1915378 0.7069935 -0.690508 -0.1395855 0.7097286 -0.7040295 0.07045048 0.7066676 -0.6935151 0.1401984 0.706669 -0.6935174 0.1401939 0.7066677 -0.5845984 0.3985794 0.7066676 -0.5846007 0.3985772 0.7066669 -0.3838761 0.5943578 0.7066668 -0.1228635 0.6967978 0.7066663 -0.1228655 0.6967977 0.7066661 0.157442 0.6898053 0.7066687 0.1574341 0.6898078 0.7066681 0.1574345 0.6898095 0.7066662 -0.6731762 -0.2076542 0.7097277 -0.6703912 -0.2252342 0.7069973 -0.6583312 -0.2583693 0.7069975 -0.7040278 0.07044031 0.7066704 -0.6213884 0.3383787 0.7066657 -0.6213816 0.3383864 0.7066679 -0.4411452 0.5531849 0.7066665 -0.441142 0.5531866 0.706667 -0.4940348 0.5065096 0.7066665 -0.1916344 0.6811013 0.7066662 -0.191631 0.6811019 0.7066666 -0.2584934 0.6586373 0.7066669 0.08797884 0.7020537 0.7066685 0.0879788 0.7020537 0.7066685 0.08797909 0.702056 0.7066661 -0.6491588 -0.2736363 0.7097296 -0.6446309 -0.2908751 0.7069954 -0.6293306 -0.3226462 0.7069953 -0.7075431 0 0.7066702 -0.7075431 0 0.7066702 -0.6519865 0.2748408 0.7066655 -0.6761134 0.2085477 0.7066672 -0.6519824 0.2748466 0.7066671 -0.4940401 0.5065023 0.7066681 -0.2584892 0.6586396 0.7066663 0.01764053 0.7073271 0.7066664 0.01764048 0.707325 0.7066683 0.01763937 0.7073251 0.7066683 -0.6186838 -0.3369235 0.7097273 -0.6124723 -0.3535984 0.7069978 -0.5940783 -0.3836994 0.7069977 -0.7040295 -0.07045048 0.7066676 -0.6935174 -0.1401939 0.7066677 -0.7040278 -0.07044031 0.7066704 -0.6761134 0.2085476 0.7066673 -0.542014 0.454798 0.706668 -0.5420179 0.4547947 0.7066671 -0.5846007 0.3985772 0.7066669 -0.3227919 0.6296251 0.7066665 -0.3227977 0.6296231 0.7066657 -0.0528771 0.7055665 0.7066682 -0.05287428 0.7055665 0.7066684 -0.05287724 0.7055684 0.7066663 -0.5742169 -0.4128322 0.7069969 -0.552923 -0.440944 0.7069967 -0.5820657 -0.3968426 0.7097292 -0.6935151 -0.1401984 0.706669 -0.6935184 0.1401991 0.7066657 -0.6935153 0.140206 0.7066674 -0.5845942 0.3985918 0.7066642 -0.3838714 0.5943623 0.7066656 -0.3838772 0.5943595 0.7066649 -0.122859 0.6967988 0.7066662 -0.1228586 0.6967964 0.7066687 -0.1228653 0.6967957 0.7066683 -0.5396553 -0.4528314 0.7097294 -0.530257 -0.4679543 0.706998 -0.5062658 -0.4938107 0.7069978 -0.6519907 -0.27483 0.7066659 -0.6761115 -0.208547 0.7066691 -0.6761112 -0.2085595 0.7066659 -0.7040321 0.07044454 0.7066656 -0.7040334 0.07044083 0.7066647 -0.6213874 0.3383832 0.7066644 -0.6213838 0.3383875 0.7066655 -0.4940413 0.5065036 0.7066664 -0.4411557 0.5531791 0.7066644 -0.4411424 0.5531872 0.7066664 -0.2584888 0.6586385 0.7066676 -0.1916244 0.6811039 0.7066665 -0.1916239 0.681102 0.7066684 -0.1916339 0.6811001 0.7066677 -0.4918974 -0.5043056 0.7097272 -0.4810319 -0.5184283 0.706994 -0.4545938 -0.5417599 0.7069941 -0.6519787 -0.2748451 0.706671 -0.7075488 0 0.7066645 -0.7075487 0 0.7066645 -0.6519913 0.2748302 0.7066652 -0.6519849 0.2748401 0.7066672 -0.6761134 0.2085476 0.7066672 -0.4940357 0.5065106 0.7066652 -0.258502 0.6586341 0.7066667 -0.2585013 0.6586324 0.7066686 -0.4392345 -0.5507821 0.7097267 -0.4270219 -0.5637472 0.7069946 -0.3983918 -0.5843309 0.7069947 -0.6213801 -0.3383919 0.7066666 -0.6213838 -0.3383763 0.7066709 -0.6935184 -0.1401991 0.7066657 -0.7040327 -0.07044084 0.7066655 -0.7040331 -0.07044464 0.7066646 -0.6761134 0.2085475 0.7066672 -0.542017 0.4548005 0.706664 -0.5420099 0.454807 0.7066652 -0.3227908 0.6296226 0.7066693 -0.3228076 0.6296177 0.7066661 -0.3228067 0.6296159 0.706668 -0.3822105 -0.591779 0.7097273 -0.3687702 -0.6034614 0.7069956 -0.3382272 -0.6210955 0.7069955 -0.5846022 -0.3985719 0.7066687 -0.5845994 -0.3985801 0.7066665 -0.5420073 -0.454805 0.7066686 -0.6935153 -0.140206 0.7066674 -0.7040322 0.07044444 0.7066656 -0.6935171 0.1402065 0.7066655 -0.6935126 0.1402181 0.7066677 -0.5846124 0.3985662 0.7066634 -0.5845916 0.3985899 0.7066674 -0.6213844 0.3383816 0.7066677 -0.3838517 0.5943696 0.7066701 -0.3838538 0.5943729 0.7066661 -0.3838697 0.5943597 0.7066686 -0.321386 -0.626895 0.7097279 -0.3068514 -0.6371797 0.7069966 -0.2747093 -0.6516829 0.7069966 -0.5420123 -0.4548016 0.7066671 -0.4940405 -0.5065028 0.7066674 -0.6761134 -0.2085476 0.7066673 -0.6761134 -0.2085477 0.7066672 -0.7040308 0.07042545 0.7066689 -0.6213762 0.3384024 0.706665 -0.4411542 0.5531772 0.7066666 -0.4411531 0.5531757 0.7066686 -0.441153 0.5531757 0.7066686 -0.4940334 0.5065084 0.7066684 -0.2573757 -0.6557766 0.7097287 -0.2418792 -0.6645688 0.7069956 -0.2084583 -0.6757974 0.7069957 -0.4940375 -0.5065046 0.7066683 -0.6519849 -0.2748401 0.7066672 -0.6519836 -0.2748472 0.7066657 -0.707545 0 0.7066683 -0.707545 0 0.7066683 -0.6520008 0.2748089 0.7066646 -0.6519891 0.2748293 0.7066676 -0.4940511 0.5064884 0.7066704 -0.4940542 0.5064916 0.7066659 -0.1907991 -0.6781453 0.7097285 -0.1745092 -0.6853487 0.7069961 -0.1401339 -0.6931947 0.7069962 -0.383875 -0.5943561 0.7066688 -0.441146 -0.5531818 0.7066683 -0.441147 -0.5531803 0.7066688 -0.6213866 -0.3383778 0.7066676 -0.5845984 -0.3985794 0.7066676 -0.6213838 -0.3383876 0.7066655 -0.7040322 -0.07044444 0.7066656 -0.6935171 -0.1402065 0.7066655 -0.7040308 -0.07042544 0.7066689 -0.6761018 0.2085819 0.7066681 -0.6761169 0.2085486 0.7066637 -0.5419907 0.4548288 0.706666 -0.5420071 0.4548051 0.7066686 -0.5419871 0.4548257 0.7066708 -0.1223301 -0.6937727 0.7097287 -0.1054052 -0.6993179 0.7069966 -0.07041632 -0.7037027 0.7069965 -0.3838727 -0.5943569 0.7066694 -0.5420125 -0.4548016 0.7066668 -0.5846007 -0.3985772 0.7066669 -0.6761134 -0.2085476 0.7066672 -0.6935126 -0.1402181 0.7066677 -0.6935114 0.1402178 0.706669 -0.6935273 0.1401705 0.7066627 -0.7040308 0.0704255 0.7066689 -0.58459 0.3985889 0.7066692 -0.6213745 0.3384014 0.7066669 -0.5846096 0.3985643 0.7066668 -0.5845916 0.3985899 0.7066673 -0.03525218 -0.706338 0.7069964 0 -0.7072172 0.7069963 -0.0526456 -0.7025053 0.7097287 -0.3227861 -0.6296259 0.7066686 -0.3227876 -0.6296244 0.706669 -0.5420196 -0.4547962 0.7066649 -0.6761134 -0.2085475 0.7066672 -0.7040316 0.07046344 0.7066641 -0.6214066 0.3383431 0.7066666 -0.621402 0.3383406 0.7066718 0.0352522 -0.7063382 0.7069962 0.07041636 -0.703703 0.7069961 0.01756301 -0.7042563 0.7097285 -0.2584965 -0.6586344 0.7066684 -0.2584971 -0.6586339 0.7066686 -0.1916304 -0.6811001 0.7066685 -0.4940358 -0.5065106 0.7066652 -0.4940388 -0.506506 0.7066665 -0.4411471 -0.5531833 0.7066665 -0.6519892 -0.2748293 0.7066675 -0.6213838 -0.3383875 0.7066655 -0.6519865 -0.2748408 0.7066655 -0.7075488 0 0.7066646 -0.7075487 0 0.7066645 -0.6519721 0.2748727 0.7066663 -0.6519672 0.2748706 0.7066717 -0.6519992 0.2748084 0.7066665 -0.6761035 0.2085824 0.7066665 0.1054051 -0.6993183 0.7069963 0.1401341 -0.6931947 0.7069961 0.08759773 -0.6990081 0.7097284 -0.1916314 -0.6811001 0.7066683 -0.4411448 -0.5531843 0.706667 -0.5846027 -0.3985786 0.7066646 -0.6213874 -0.3383832 0.7066644 -0.7040317 -0.07046345 0.7066642 -0.7040308 -0.0704255 0.7066689 -0.6935114 -0.1402178 0.706669 -0.6761134 0.2085476 0.7066673 -0.6761116 0.208547 0.7066692 0.174509 -0.6853485 0.7069964 0.2084581 -0.6757968 0.7069964 0.1567614 -0.6868128 0.7097282 -0.1228633 -0.6967962 0.706668 -0.1228642 -0.6967958 0.7066683 -0.05287496 -0.7055668 0.7066681 -0.3838748 -0.5943601 0.7066656 -0.3227892 -0.6296275 0.7066656 -0.3838793 -0.5943555 0.7066669 -0.5845916 -0.39859 0.7066674 -0.6935273 -0.1401705 0.7066627 -0.6935236 0.1401698 0.7066664 -0.704028 0.07046305 0.7066679 -0.6935218 0.1401694 0.7066683 -0.6935218 0.1401696 0.7066683 0.241879 -0.6645685 0.706996 0.2747096 -0.6516836 0.7069959 0.2243642 -0.6677927 0.7097279 0.0176395 -0.707325 0.7066683 -0.05287448 -0.7055666 0.7066683 -0.3227842 -0.6296288 0.7066667 -0.5420172 -0.4547943 0.7066678 -0.4940339 -0.5065086 0.7066678 -0.5420148 -0.4547986 0.7066669 -0.6519891 -0.2748293 0.7066676 -0.6761071 -0.2085835 0.7066628 -0.6761134 -0.2085476 0.7066672 -0.7040289 0.07042526 0.7066708 -0.7040345 0.07042583 0.7066652 0.3068514 -0.6371797 0.7069967 0.3382266 -0.6210945 0.7069967 0.2897457 -0.6421316 0.7097285 0.01763972 -0.707325 0.7066684 -0.2584976 -0.6586372 0.7066655 -0.258502 -0.6586341 0.7066667 -0.4411452 -0.5531849 0.7066665 -0.4940413 -0.5065036 0.7066663 -0.6520008 -0.2748089 0.7066646 -0.6213863 -0.3383825 0.7066655 -0.7075487 0 0.7066645 -0.7075431 0 0.7066702 -0.7075431 0 0.7066702 0.3687696 -0.6034604 0.7069968 0.3983905 -0.584329 0.7069969 0.352237 -0.6100928 0.7097294 0.08797891 -0.7020535 0.7066686 0.08797939 -0.7020536 0.7066684 0.1574443 -0.6898049 0.7066686 -0.1916296 -0.6811033 0.7066657 -0.1228646 -0.6967977 0.7066663 -0.1916319 -0.6811021 0.7066663 -0.441142 -0.5531866 0.7066671 -0.6213733 -0.3384008 0.7066683 -0.704028 -0.07046305 0.7066679 -0.7040345 -0.07042583 0.7066652 -0.6935218 -0.1401696 0.7066683 -0.7040289 -0.07042526 0.7066708 0.4112327 -0.5719901 0.7097288 0.4270208 -0.5637456 0.7069966 0.4545923 -0.5417579 0.7069966 0.1574437 -0.6898052 0.7066684 -0.1228655 -0.6967977 0.7066661 -0.3838791 -0.5943551 0.7066675 -0.322784 -0.6296285 0.7066671 -0.3838761 -0.5943578 0.7066668 -0.542017 -0.4548005 0.706664 -0.5846086 -0.3985636 0.7066681 -0.5845941 -0.3985918 0.7066642 -0.6935218 -0.1401694 0.7066683 -0.6935236 -0.1401698 0.7066664 0.4810318 -0.5184284 0.7069939 0.5062686 -0.4938133 0.706994 0.466137 -0.5282078 0.7097273 0.2253436 -0.670701 0.7066685 0.2253414 -0.6707011 0.7066691 0.01763984 -0.7073271 0.7066664 -0.05287441 -0.7055686 0.7066662 -0.05287464 -0.7055686 0.7066663 -0.3227981 -0.6296241 0.7066646 -0.5420099 -0.454807 0.7066652 -0.4940419 -0.5065042 0.7066655 -0.6761035 -0.2085824 0.7066665 -0.6519992 -0.2748084 0.7066665 -0.6761116 -0.208547 0.7066692 -0.6761134 -0.2085476 0.7066673 0.530259 -0.4679559 0.7069955 0.552924 -0.4409449 0.7069955 0.5164179 -0.4791651 0.7097276 0.2910086 -0.6449306 0.7066672 0.2910001 -0.644932 0.7066695 0.3537731 -0.6127533 0.7066668 0.01763959 -0.707327 0.7066662 -0.258502 -0.6586342 0.7066666 -0.2584942 -0.658639 0.7066651 -0.4940348 -0.5065096 0.7066666 -0.6519672 -0.2748706 0.7066717 -0.6213717 -0.3383998 0.7066701 -0.6519721 -0.2748727 0.7066663 0.5615624 -0.4253621 0.7097286 0.5742169 -0.4128322 0.7069969 0.594079 -0.3836998 0.7069968 0.3537731 -0.6127533 0.7066669 0.08797909 -0.702056 0.7066661 0.1574443 -0.6898077 0.7066659 0.08797925 -0.7020561 0.7066661 -0.191631 -0.6811019 0.7066666 -0.1916293 -0.6811026 0.7066664 -0.4411434 -0.5531884 0.7066647 -0.3838772 -0.5943595 0.7066649 -0.4411542 -0.5531772 0.7066666 -0.6214079 -0.3383438 0.7066653 -0.6214066 -0.3383431 0.7066667 0.6124752 -0.3536001 0.7069945 0.6293315 -0.3226467 0.7069944 0.6011202 -0.367341 0.7097289 0.4130247 -0.5744827 0.7066685 0.4130317 -0.5744801 0.7066665 0.1574467 -0.6898065 0.7066665 0.2253443 -0.6707029 0.7066664 -0.1228635 -0.6967979 0.7066662 -0.05287456 -0.7055684 0.7066664 -0.1228654 -0.6967973 0.7066666 -0.3227977 -0.6296231 0.7066657 -0.3838714 -0.5943623 0.7066656 -0.5846084 -0.3985633 0.7066684 -0.5420071 -0.4548051 0.7066686 -0.5845926 -0.3985907 0.7066661 -0.5845916 -0.3985899 0.7066673 0.6446279 -0.2908737 0.7069988 0.6583297 -0.2583688 0.7069989 0.6347136 -0.3056527 0.7097288 0.4681659 -0.5305092 0.7066686 0.4681673 -0.5305086 0.7066683 0.2253422 -0.6707042 0.706666 0.01763953 -0.707327 0.7066663 -0.05287516 -0.7055686 0.7066663 -0.3227919 -0.6296251 0.7066665 -0.5419871 -0.4548257 0.7066708 -0.5419907 -0.4548288 0.706666 -0.4940325 -0.5065074 0.7066698 0.6703935 -0.2252351 0.7069948 0.6807877 -0.1915375 0.7069945 0.6619871 -0.2409521 0.709729 0.5186726 -0.481247 0.7066683 0.5640078 -0.4272145 0.7066704 0.5186661 -0.481251 0.7066703 0.353773 -0.6127534 0.7066668 0.2910044 -0.6449339 0.706666 0.2910013 -0.6449345 0.7066666 0.0176399 -0.707327 0.7066664 -0.2584892 -0.6586396 0.7066663 -0.2584934 -0.6586373 0.7066669 -0.191631 -0.6811019 0.7066666 -0.4940542 -0.5064916 0.7066659 -0.4940529 -0.5064902 0.7066678 0.6894813 -0.1573838 0.7069978 0.6964726 -0.1227997 0.7069979 0.6826944 -0.1738284 0.7097268 0.5640056 -0.4272201 0.7066687 0.3537731 -0.6127533 0.7066668 0.08797962 -0.7020556 0.7066665 0.08797901 -0.7020555 0.7066666 -0.1916344 -0.6811013 0.7066663 -0.441153 -0.5531757 0.7066686 -0.4411531 -0.5531757 0.7066686 -0.4411542 -0.5531772 0.7066666 0.7017314 -0.08793399 0.706994 0.7052419 -0.05285131 0.706994 0.7036014 -0.03511028 0.709727 0.6966063 -0.1050034 0.7097279 0.6374787 -0.3069842 0.7066693 0.6037405 -0.3689398 0.7066689 0.6037388 -0.3689413 0.7066694 0.4130328 -0.5744815 0.7066646 0.4130225 -0.574486 0.706667 0.4681688 -0.5305126 0.7066643 0.157447 -0.6898074 0.7066656 0.1574392 -0.6898077 0.706667 0.2253424 -0.6707048 0.7066653 -0.1228636 -0.696798 0.7066662 -0.1228655 -0.6967974 0.7066664 -0.05287523 -0.7055685 0.7066662 -0.3838528 -0.5943714 0.706668 -0.3838691 -0.5943589 0.7066696 -0.3227908 -0.6296226 0.7066693 -0.3838538 -0.5943729 0.7066661 0.6648728 -0.2420024 0.7066676 0.6374775 -0.3069912 0.7066675 0.4681747 -0.5305043 0.7066666 0.2253462 -0.6707028 0.7066661 0.2910044 -0.6449339 0.706666 -0.0528744 -0.7055685 0.7066663 0.01763991 -0.707327 0.7066664 -0.3228076 -0.6296177 0.7066662 -0.3228067 -0.6296159 0.706668 0.6648735 -0.2419926 0.7066702 0.5186721 -0.4812503 0.7066665 0.5186745 -0.4812486 0.7066658 0.564008 -0.4272221 0.7066656 0.2910088 -0.6449309 0.7066669 0.01763959 -0.707327 0.7066664 -0.2585013 -0.6586324 0.7066686 -0.258502 -0.6586341 0.7066667 -0.2584888 -0.6586385 0.7066676 -0.1916339 -0.6811001 0.7066677 0.6856618 -0.1745991 0.7066705 0.6856693 -0.1745858 0.7066664 0.5640106 -0.4272164 0.7066669 0.6037422 -0.3689408 0.7066669 0.353773 -0.6127533 0.7066668 0.3537731 -0.6127533 0.7066669 0.4130225 -0.574486 0.7066671 0.08797909 -0.702056 0.7066662 0.08797963 -0.7020561 0.7066661 -0.1916244 -0.6811039 0.7066665 -0.1916239 -0.681102 0.7066684 0.7066651 -0.03526568 0.7066689 0.6996453 -0.1054489 0.706666 0.7066645 -0.03526324 0.7066694 0.6996401 -0.1054607 0.7066695 0.6037432 -0.3689377 0.7066676 0.4681747 -0.5305043 0.7066666 0.4130199 -0.5744886 0.7066664 0.225346 -0.6707023 0.7066665 0.1574427 -0.689808 0.7066659 0.1574392 -0.6898083 0.7066664 -0.1228587 -0.696797 0.7066681 -0.122859 -0.6967988 0.7066662 -0.122865 -0.6967953 0.7066686 -0.05287428 -0.7055665 0.7066684 0.6374791 -0.3069921 0.7066655 0.6374726 -0.3070003 0.7066678 0.664878 -0.2419942 0.7066655 0.4681748 -0.5305043 0.7066666 0.2253422 -0.6707042 0.706666 0.01763937 -0.7073251 0.7066683 -0.0528771 -0.7055665 0.7066681 -0.05287724 -0.7055684 0.7066663 0.6648775 -0.2419979 0.7066646 0.5186726 -0.4812507 0.7066658 0.5640118 -0.4272174 0.7066654 0.5186688 -0.4812536 0.7066665 0.353773 -0.6127534 0.7066669 0.2910089 -0.6449308 0.7066669 0.2910187 -0.6449278 0.7066655 0.01764048 -0.707325 0.7066683 0.01764053 -0.7073269 0.7066663 0.6856712 -0.1745863 0.7066645 0.6856642 -0.1745998 0.7066678 0.6996436 -0.1054485 0.7066678 0.6037467 -0.3689397 0.7066636 0.5640071 -0.4272265 0.7066636 0.3537731 -0.6127533 0.7066668 0.4130194 -0.574488 0.7066671 0.157442 -0.6898053 0.7066687 0.0879788 -0.7020537 0.7066685 0.08797884 -0.7020537 0.7066685 0.08797909 -0.702056 0.7066661 0.7066669 -0.03526957 0.7066669 0.7066662 -0.03526571 0.7066677 0.6996436 -0.1054486 0.7066678 0.6374757 -0.3070018 0.7066644 0.6037487 -0.3689346 0.7066645 0.4130141 -0.5744931 0.7066662 0.1574341 -0.6898078 0.7066681 0.1574345 -0.6898095 0.7066662 0.2253414 -0.6707018 0.7066684 0.6374773 -0.3069961 0.7066655 0.4681747 -0.5305043 0.7066666 0.4681747 -0.5305043 0.7066666 0.2253526 -0.6706972 0.7066694 0.2253536 -0.6707001 0.7066663 0.6648831 -0.2419809 0.7066651 0.6856676 -0.1745853 0.7066681 0.6648741 -0.2419966 0.7066682 0.5186694 -0.4812542 0.7066657 0.5640055 -0.4272253 0.7066657 0.5186624 -0.4812603 0.7066668 0.29099 -0.6449399 0.7066663 0.291018 -0.6449261 0.7066674 0.353773 -0.6127533 0.7066667 0.2909886 -0.6449368 0.7066698 0.6996472 -0.1054491 0.7066641 0.6856657 -0.1746102 0.7066638 0.5640106 -0.4272164 0.706667 0.3537731 -0.6127533 0.7066668 0.353773 -0.6127533 0.7066668 0.4130134 -0.5744925 0.7066671 0.6996473 -0.1054491 0.7066641 0.7066704 -0.03527606 0.7066629 0.7066696 -0.03526974 0.706664 0.6037526 -0.3689245 0.7066664 0.6037459 -0.3689329 0.7066678 0.6374753 -0.3069952 0.7066677 0.4130306 -0.5744782 0.7066687 0.4130317 -0.5744797 0.7066668 0.6374788 -0.3069843 0.7066692 0.6648799 -0.2419796 0.7066686 0.4681735 -0.5305029 0.7066684 0.4681735 -0.5305029 0.7066684 0.4681747 -0.5305043 0.7066666 0.6648718 -0.2420148 0.7066642 0.5186601 -0.4812579 0.70667 0.5640078 -0.4272144 0.7066703 0.5186805 -0.4812391 0.706668 0.5186818 -0.4812403 0.7066661 0.6856621 -0.1746095 0.7066675 0.6996436 -0.1054486 0.7066679 0.6856712 -0.1745863 0.7066645 0.5639915 -0.4272398 0.7066681 0.563993 -0.427241 0.7066662 0.6996436 -0.1054486 0.7066678 0.7066664 -0.03528849 0.7066664 0.7066655 -0.03527568 0.706668 0.6037524 -0.3689244 0.7066666 0.6037335 -0.3689507 0.7066692 0.6374818 -0.3069856 0.7066659 0.6037351 -0.3689517 0.7066672 0.6648684 -0.2420134 0.7066678 0.637496 -0.3069547 0.7066666 0.6374943 -0.3069538 0.7066685 0.6648831 -0.241981 0.7066651 0.6648781 -0.2419791 0.7066706 0.6856693 -0.1745857 0.7066664 0.6996453 -0.1054491 0.7066661 0.6856458 -0.1746556 0.7066718 0.6856512 -0.174657 0.7066663 0.7066655 -0.03525054 0.7066692 0.7066673 -0.03525064 0.7066673 0.7066664 -0.03528863 0.7066664 0.6996436 -0.1054486 0.7066678 0.6996454 -0.1054489 0.7066661 0.7069968 0.01763434 0.7069968 0.7069968 0.01763867 0.7069968 0.7069968 -0.01763434 0.7069968 0.7069968 -0.01763867 0.7069968 0.7052391 0.05285108 0.7069969 0.7017282 0.08793797 0.7069969 0.7030164 0.03508811 0.7103076 0.6964734 0.1227999 0.7069972 0.6894837 0.1573756 0.7069972 0.6960303 0.1049069 0.7103073 0.6807837 0.1915451 0.7069964 0.6703907 0.2252385 0.7069964 0.6821249 0.1736922 0.7103075 0.7066668 0.03527056 0.7066668 0.7066668 0.0352703 0.7066669 0.6583312 0.2583694 0.7069975 0.6446292 0.2908744 0.7069975 0.6614421 0.2407443 0.7103074 0.6996437 0.1054516 0.7066672 0.699644 0.1054526 0.7066669 0.6293333 0.322639 0.7069962 0.6124698 0.3536057 0.7069963 0.6341851 0.3054065 0.7103071 0.6856672 0.1745942 0.7066665 0.6856669 0.1745915 0.7066674 0.7066668 0.03527091 0.7066668 0.7066667 0.03527056 0.7066669 0.5940799 0.3836961 0.7069981 0.574214 0.4128343 0.7069981 0.6006222 0.3670355 0.7103084 0.6648758 0.2419977 0.7066664 0.6648758 0.241994 0.7066675 0.6996436 0.1054526 0.7066672 0.6996438 0.105454 0.7066668 0.5529236 0.4409443 0.7069962 0.5302582 0.4679557 0.7069962 0.5610961 0.4250103 0.710308 0.6374767 0.3069927 0.7066676 0.6374767 0.3069917 0.7066678 0.6856678 0.1745917 0.7066664 0.6856677 0.1745882 0.7066674 0.506273 0.4938047 0.7069969 0.4810299 0.5184261 0.7069969 0.5159878 0.4787692 0.7103075 0.708132 0.03534457 0.7051948 0.7052391 0.05285108 0.7069969 0.7017286 0.08793371 0.7069969 0.7066668 0.03527144 0.7066668 0.7066667 0.03527091 0.7066669 0.6037425 0.3689384 0.7066678 0.6037417 0.3689418 0.7066667 0.6648763 0.241996 0.7066664 0.6648762 0.2419979 0.7066659 0.4545921 0.5417578 0.7069968 0.4270207 0.5637454 0.7069969 0.4657565 0.5277632 0.7103077 0.699645 0.1054542 0.7066655 0.6964733 0.1227999 0.7069972 0.689482 0.1573838 0.7069971 0.6996446 0.1054479 0.706667 0.7010954 0.1056666 0.705195 0.5640094 0.427217 0.7066675 0.5640085 0.4272197 0.7066667 0.6374776 0.3069945 0.7066659 0.6374779 0.3069933 0.7066663 0.3983887 0.5843302 0.706997 0.3687665 0.6034621 0.706997 0.4108912 0.5715164 0.710308 0.6807861 0.1915371 0.7069964 0.670392 0.2252345 0.7069964 0.6856669 0.1745994 0.7066654 0.6870867 0.1749609 0.7051954 0.6856671 0.174588 0.7066681 0.6648747 0.2419955 0.7066681 0.5186669 0.4812551 0.7066671 0.5186675 0.4812535 0.7066675 0.6037431 0.3689404 0.7066662 0.6037435 0.3689391 0.7066666 0.3519455 0.6095878 0.7103077 0.338231 0.6210915 0.7069973 0.306849 0.6371801 0.7069973 0.6648761 0.2419933 0.7066675 0.6583328 0.25837 0.7069957 0.6446307 0.2908749 0.7069958 0.6662562 0.2424956 0.7051939 0.468175 0.5305037 0.7066667 0.4681756 0.5305029 0.7066671 0.5640095 0.4272182 0.7066668 0.5640089 0.4272199 0.7066662 0.289502 0.6416006 0.710308 0.274707 0.6516837 0.7069967 0.2418831 0.6645662 0.7069967 0.6374772 0.3069943 0.7066663 0.6293283 0.3226451 0.7069979 0.6124721 0.3535984 0.7069979 0.6374785 0.3069887 0.7066677 0.6388012 0.3076257 0.7051946 0.4130246 0.5744848 0.7066667 0.413025 0.5744843 0.7066669 0.518668 0.481254 0.7066669 0.5186668 0.4812563 0.7066662 0.2084554 0.6757973 0.7069966 0.1745098 0.6853482 0.7069967 0.2241803 0.6672378 0.7103078 0.5940792 0.3836999 0.7069967 0.574217 0.4128323 0.7069966 0.6049939 0.3697068 0.7051944 0.6037428 0.3689402 0.7066666 0.6037422 0.3689419 0.7066662 0.3537725 0.6127535 0.7066669 0.3537729 0.612753 0.7066671 0.2910053 0.6449322 0.7066671 0.4681751 0.5305023 0.706668 0.4681732 0.5305052 0.7066669 0.1401325 0.6931946 0.7069965 0.1054063 0.6993178 0.7069966 0.1566307 0.6862435 0.7103074 0.5651771 0.4281078 0.7051941 0.5529234 0.4409444 0.7069963 0.5302584 0.4679555 0.7069963 0.5640089 0.4272177 0.7066676 0.5640072 0.4272216 0.7066666 0.2910058 0.6449322 0.7066669 0.4130245 0.5744846 0.7066669 0.4130264 0.5744821 0.7066678 0.08752393 0.6984285 0.7103078 0.07041611 0.7037023 0.706997 0.03525108 0.7063376 0.7069969 0.5186662 0.4812557 0.7066671 0.5062664 0.4938113 0.706997 0.4810298 0.5184261 0.7069969 0.5197439 0.4822529 0.7051939 0.5186672 0.4812538 0.7066675 0.2253442 0.670702 0.7066674 0.2253429 0.670703 0.7066669 0.3537729 0.6127542 0.7066663 0.3537747 0.6127521 0.7066669 0 0.7072167 0.7069968 -0.03525109 0.7063377 0.7069968 0.01754835 0.7036725 0.7103077 0.4545923 0.5417579 0.7069967 0.4270206 0.5637455 0.7069967 0.4681733 0.5305052 0.7066669 0.4681736 0.5305047 0.706667 0.4691446 0.531605 0.7051946 0.1574439 0.6898065 0.7066671 0.1574446 0.6898061 0.7066674 0.2910058 0.6449322 0.7066669 0.2910041 0.6449336 0.7066663 -0.0526021 0.7019229 0.710308 -0.07041611 0.7037023 0.706997 -0.1054062 0.6993174 0.706997 0.413027 0.5744829 0.7066669 0.413027 0.5744829 0.7066669 0.4138836 0.5756744 0.7051946 0.3983905 0.584329 0.7069969 0.3687695 0.6034604 0.706997 0.08797918 0.7020551 0.706667 0.08797844 0.7020555 0.7066667 0.225343 0.6707034 0.7066666 0.2253441 0.6707025 0.7066669 0.1574447 0.6898069 0.7066666 -0.1401324 0.6931944 0.7069967 -0.1745098 0.6853481 0.7069967 -0.1222294 0.6931975 0.7103077 0.3537746 0.612752 0.7066671 0.353774 0.6127527 0.7066669 0.3382263 0.6210941 0.7069973 0.3068512 0.6371792 0.7069971 0.2910038 0.6449329 0.7066671 0.3545077 0.6140236 0.7051945 0.01763947 0.7073265 0.7066669 -0.05287526 0.7055679 0.7066668 0.01763956 0.7073265 0.7066669 0.1574429 0.6898067 0.7066671 -0.2084554 0.6757973 0.7069966 -0.2418831 0.6645663 0.7069967 -0.1906414 0.6775831 0.7103078 0.2910045 0.6449327 0.7066669 0.2916081 0.6462702 0.7051947 0.2747092 0.6516827 0.7069968 0.2418789 0.6645676 0.7069968 -0.1228641 0.6967973 0.7066668 -0.052875 0.705568 0.7066668 0.0879794 0.7020551 0.706667 0.08797919 0.7020552 0.706667 -0.2747067 0.6516832 0.7069974 -0.306849 0.63718 0.7069975 -0.2571621 0.6552332 0.7103078 0.225344 0.6707023 0.7066672 0.2258102 0.6720939 0.7051947 0.2084581 0.6757966 0.7069966 0.174509 0.6853484 0.7069967 0.2253429 0.6707029 0.7066669 -0.1228639 0.6967974 0.7066667 0.01763925 0.7073265 0.7066669 0.01763956 0.7073264 0.706667 -0.05287499 0.705568 0.7066669 -0.3382312 0.6210919 0.7069969 -0.3687666 0.6034622 0.7069969 -0.3211216 0.6263728 0.7103084 0.157443 0.6898072 0.7066666 0.157445 0.6898062 0.7066671 0.1401338 0.6931939 0.7069969 0.1054052 0.6993176 0.7069969 0.1577716 0.691237 0.7051947 -0.1916335 0.6811012 0.7066666 -0.1916312 0.6811011 0.7066674 -0.1228639 0.6967972 0.7066669 -0.05287512 0.7055679 0.7066669 -0.3983885 0.58433 0.7069972 -0.4270204 0.5637451 0.7069972 -0.3818932 0.5912868 0.710308 0.08797944 0.7020553 0.7066668 0.07041622 0.7037023 0.706997 0.03525222 0.7063375 0.706997 0.08797924 0.7020554 0.7066667 0.08816168 0.7035112 0.7051947 -0.2584975 0.6586359 0.7066668 -0.258495 0.658636 0.7066676 -0.1228643 0.696797 0.7066671 -0.4545918 0.5417574 0.7069972 -0.4810297 0.5184259 0.7069972 -0.4388697 0.5503229 0.7103084 0.01767591 0.7087935 0.7051946 0.01763925 0.7073265 0.7066668 0.01763932 0.7073265 0.7066669 0 0.7072167 0.7069968 -0.03525222 0.7063376 0.7069968 -0.3227894 0.629626 0.7066668 -0.3227899 0.629626 0.7066667 -0.1916326 0.6811009 0.7066671 -0.1916334 0.6811009 0.7066668 -0.5062729 0.4938046 0.706997 -0.5302576 0.4679552 0.706997 -0.4914824 0.5038924 0.710308 -0.05287469 0.705568 0.7066669 -0.07041622 0.7037023 0.7069969 -0.05287513 0.705568 0.7066668 -0.1054052 0.6993176 0.7069969 -0.05298436 0.7070313 0.7051946 -0.1228644 0.6967973 0.7066668 -0.3838763 0.5943571 0.7066672 -0.3838776 0.5943568 0.7066668 -0.258494 0.658637 0.7066669 -0.2584953 0.6586369 0.7066666 -0.5392118 0.4524526 0.710308 -0.5529227 0.4409435 0.7069973 -0.5742145 0.4128346 0.7069975 -0.1228641 0.6967973 0.7066667 -0.1231189 0.6982422 0.7051947 -0.1401337 0.6931939 0.7069972 -0.1745089 0.6853479 0.7069972 -0.4411496 0.5531818 0.706666 -0.4411457 0.5531832 0.7066674 -0.3227912 0.6296255 0.7066665 -0.3227898 0.6296258 0.7066669 -0.3838776 0.5943567 0.7066669 -0.5815809 0.3965167 0.7103085 -0.5940807 0.3836966 0.7069972 -0.6124691 0.3536053 0.7069971 -0.1916327 0.6811011 0.7066669 -0.208458 0.6757963 0.7069969 -0.2418789 0.6645676 0.7069969 -0.1920313 0.6825135 0.7051945 -0.1916339 0.6811011 0.7066666 -0.4940382 0.5065073 0.7066658 -0.4940346 0.5065091 0.7066671 -0.3838758 0.5943587 0.7066662 -0.6293338 0.3226392 0.7069958 -0.6446307 0.290875 0.7069958 -0.6181725 0.3366401 0.7103072 -0.259032 0.6600028 0.7051942 -0.2584939 0.6586366 0.7066673 -0.2584957 0.6586364 0.7066669 -0.2747093 0.6516829 0.7069966 -0.3068515 0.6371799 0.7069965 -0.5420095 0.4548046 0.7066672 -0.5420125 0.4548027 0.7066661 -0.4411494 0.5531819 0.7066661 -0.4411459 0.5531834 0.7066672 -0.6583318 0.2583696 0.7069968 -0.6486195 0.2734131 0.7103084 -0.6703904 0.2252384 0.7069967 -0.322791 0.6296252 0.7066669 -0.3838755 0.5943581 0.7066669 -0.323458 0.6309322 0.7051946 -0.3227883 0.6296259 0.7066675 -0.3382266 0.6210945 0.7069969 -0.3687695 0.6034604 0.7069968 -0.5846013 0.398576 0.7066672 -0.5846044 0.3985737 0.7066659 -0.4940382 0.5065073 0.7066658 -0.4940336 0.5065097 0.7066672 -0.6807839 0.1915451 0.7069962 -0.6894847 0.1573758 0.7069963 -0.6726194 0.2074777 0.7103072 -0.3846726 0.5955899 0.7051948 -0.3983903 0.5843287 0.7069972 -0.4270202 0.5637452 0.7069973 -0.4411487 0.5531811 0.7066672 -0.3838763 0.5943572 0.7066672 -0.6213819 0.3383873 0.7066672 -0.6213816 0.3383877 0.7066674 -0.5420094 0.4548045 0.7066672 -0.5420144 0.4548012 0.7066656 -0.5846033 0.3985729 0.7066674 -0.6964737 0.1228 0.7069968 -0.7017282 0.08793798 0.7069967 -0.6899344 0.1394708 0.7103087 -0.4420638 0.5543283 0.7051948 -0.4545919 0.5417575 0.7069972 -0.4810297 0.518426 0.7069972 -0.4411488 0.5531809 0.7066672 -0.6519871 0.2748345 0.7066674 -0.6519884 0.2748332 0.7066668 -0.5846031 0.3985734 0.7066672 -0.7003937 0.07008807 0.7103071 -0.7052402 0.05285117 0.7069958 -0.7069978 0.01763437 0.7069958 -0.4950571 0.507561 0.7051952 -0.4940326 0.5065107 0.7066673 -0.4940338 0.5065099 0.706667 -0.5062664 0.4938113 0.706997 -0.5302578 0.467955 0.706997 -0.6935186 0.1401954 0.7066662 -0.676111 0.2085566 0.7066668 -0.6761122 0.2085551 0.7066662 -0.6213818 0.3383873 0.7066674 -0.6213822 0.3383867 0.7066672 -0.7038916 0 0.7103073 -0.7069978 -0.01763437 0.7069958 -0.7052402 -0.05285117 0.7069958 -0.5431391 0.4557421 0.7051944 -0.5846029 0.3985733 0.7066674 -0.5420148 0.4547987 0.7066669 -0.5529236 0.4409446 0.706996 -0.5742176 0.4128328 0.7069958 -0.542013 0.4548 0.7066674 -0.6935185 0.1401933 0.7066669 -0.6519877 0.2748348 0.7066668 -0.6519862 0.2748367 0.7066674 -0.7003937 -0.07008807 0.7103071 -0.7017282 -0.08793798 0.7069967 -0.6964737 -0.1228 0.7069968 -0.5858116 0.3994067 0.7051944 -0.5846001 0.3985807 0.7066656 -0.5940788 0.3836997 0.7069972 -0.612473 0.3535989 0.7069969 -0.7075457 0 0.7066676 -0.7040295 0.0704519 0.7066675 -0.7040304 0.07044992 0.7066668 -0.67611 0.2085562 0.7066679 -0.6761124 0.2085527 0.7066668 -0.6894847 -0.1573758 0.7069963 -0.6807839 -0.1915451 0.7069962 -0.6899344 -0.1394708 0.7103087 -0.621384 0.3383868 0.7066656 -0.6519877 0.2748373 0.7066657 -0.6226707 0.3390874 0.7051957 -0.6293288 0.3226454 0.7069973 -0.6446292 0.2908743 0.7069975 -0.6213834 0.3383874 0.7066658 -0.7075457 0 0.7066676 -0.7040304 0.07044992 0.7066668 -0.6935184 0.1401933 0.7066669 -0.6935166 0.1401968 0.706668 -0.6726194 -0.2074777 0.7103072 -0.6703904 -0.2252384 0.7069967 -0.6583318 -0.2583696 0.7069968 -0.6761124 0.2085527 0.7066668 -0.6533409 0.2754029 0.7051943 -0.6519884 0.2748329 0.7066668 -0.6583318 0.2583696 0.7069968 -0.6703919 0.2252345 0.7069966 -0.7040302 -0.07045197 0.7066668 -0.7040297 -0.07044984 0.7066675 -0.7040312 0.07045393 0.7066657 -0.6486195 -0.2734131 0.7103084 -0.6446307 -0.290875 0.7069958 -0.6293338 -0.3226392 0.7069958 -0.6775134 0.2089869 0.705195 -0.6761122 0.2085547 0.7066662 -0.6935182 0.1401971 0.7066662 -0.6807844 0.1915366 0.7069981 -0.689481 0.1573836 0.7069981 -0.6935186 -0.1401954 0.7066662 -0.6935183 -0.1401932 0.7066669 -0.7075475 0 0.7066658 -0.7075475 0 0.7066658 -0.6181725 -0.3366401 0.7103072 -0.6124691 -0.3536053 0.7069971 -0.5940807 -0.3836966 0.7069972 -0.6935182 0.1401945 0.7066669 -0.6949568 0.1404853 0.7051942 -0.6964737 0.1228 0.7069969 -0.7017288 0.08793374 0.7069967 -0.6761117 -0.2085568 0.7066662 -0.6761116 -0.2085549 0.7066668 -0.7040304 -0.07044992 0.7066668 -0.7040312 -0.07045393 0.7066657 -0.5815809 -0.3965167 0.7103085 -0.5742145 -0.4128346 0.7069975 -0.5529227 -0.4409435 0.7069973 -0.7040293 0.07045373 0.7066675 -0.7052384 0.05285103 0.7069975 -0.7075457 0 0.7066677 -0.7040303 0.07045123 0.7066668 -0.7069958 0.01763864 0.7069976 -0.7054898 0.07059728 0.7051951 -0.6519877 -0.2748348 0.7066668 -0.6519878 -0.2748329 0.7066674 -0.6935174 -0.140193 0.7066679 -0.67611 -0.2085562 0.7066679 -0.6935177 -0.140197 0.7066668 -0.5392118 -0.4524526 0.710308 -0.5302576 -0.4679552 0.706997 -0.5062729 -0.4938046 0.706997 -0.7075457 0 0.7066675 -0.7090137 0 0.7051947 -0.7069958 -0.01763864 0.7069976 -0.7052384 -0.05285103 0.7069975 -0.6213818 -0.3383872 0.7066674 -0.6213817 -0.3383877 0.7066673 -0.6761124 -0.2085527 0.7066668 -0.4914824 -0.5038924 0.710308 -0.4810297 -0.5184259 0.7069972 -0.4545918 -0.5417574 0.7069972 -0.7040299 -0.07045379 0.7066669 -0.7054898 -0.07059728 0.7051951 -0.7040296 -0.07045116 0.7066675 -0.6935177 -0.140197 0.7066668 -0.7017288 -0.08793374 0.7069967 -0.6964737 -0.1228 0.7069969 -0.5846033 -0.3985729 0.7066672 -0.5846023 -0.3985766 0.7066661 -0.6519871 -0.2748345 0.7066674 -0.6519868 -0.2748369 0.7066666 -0.4388697 -0.5503229 0.7103084 -0.4270204 -0.5637451 0.7069972 -0.3983885 -0.58433 0.7069972 -0.6935188 -0.1401947 0.7066662 -0.6761128 -0.2085528 0.7066663 -0.6949568 -0.1404853 0.7051942 -0.689481 -0.1573836 0.7069981 -0.6807844 -0.1915366 0.7069981 -0.5420104 -0.4548054 0.706666 -0.4940346 -0.5065091 0.7066671 -0.5420117 -0.4548021 0.7066671 -0.621382 -0.3383873 0.7066672 -0.6213821 -0.3383867 0.7066674 -0.3818932 -0.5912868 0.710308 -0.3687666 -0.6034622 0.7069969 -0.3382312 -0.6210919 0.7069969 -0.6583318 -0.2583696 0.7069968 -0.6761118 -0.2085546 0.7066668 -0.6775135 -0.2089869 0.705195 -0.6703919 -0.2252345 0.7069966 -0.4940382 -0.5065073 0.7066658 -0.5846033 -0.3985729 0.7066674 -0.5846031 -0.3985734 0.7066672 -0.3211216 -0.6263728 0.7103084 -0.306849 -0.63718 0.7069975 -0.2747067 -0.6516832 0.7069974 -0.6446292 -0.2908743 0.7069975 -0.6293288 -0.3226454 0.7069973 -0.6519877 -0.2748373 0.7066657 -0.6213834 -0.3383874 0.7066658 -0.6519884 -0.2748329 0.7066668 -0.6533409 -0.2754029 0.7051943 -0.4411489 -0.5531808 0.7066673 -0.4411466 -0.5531843 0.7066659 -0.5420105 -0.4548055 0.7066658 -0.542013 -0.4548001 0.7066675 -0.2571621 -0.6552332 0.7103078 -0.2418831 -0.6645663 0.7069967 -0.2084554 -0.6757973 0.7069966 -0.612473 -0.3535989 0.7069969 -0.5940788 -0.3836997 0.7069972 -0.6226707 -0.3390874 0.7051957 -0.621384 -0.3383868 0.7066656 -0.3838765 -0.5943575 0.7066668 -0.3838774 -0.5943564 0.7066673 -0.4940372 -0.5065064 0.7066671 -0.4411459 -0.5531834 0.7066672 -0.4940347 -0.5065109 0.7066658 -0.1906414 -0.6775831 0.7103078 -0.1745098 -0.6853481 0.7069967 -0.1401324 -0.6931944 0.7069967 -0.5742176 -0.4128328 0.7069958 -0.5529236 -0.4409446 0.706996 -0.5846029 -0.3985733 0.7066674 -0.542013 -0.4548 0.7066674 -0.5858116 -0.3994067 0.7051944 -0.5846001 -0.3985807 0.7066655 -0.3227898 -0.6296259 0.7066669 -0.3227895 -0.6296262 0.7066667 -0.4411494 -0.5531819 0.7066661 -0.1222294 -0.6931975 0.7103077 -0.1054062 -0.6993174 0.706997 -0.07041611 -0.7037023 0.706997 -0.5302578 -0.467955 0.706997 -0.5062664 -0.4938113 0.706997 -0.5420148 -0.4547987 0.7066669 -0.543139 -0.4557421 0.7051944 -0.2584972 -0.6586351 0.7066675 -0.2584953 -0.6586367 0.7066667 -0.3838758 -0.5943587 0.7066662 -0.3227898 -0.6296258 0.7066669 -0.3838776 -0.5943567 0.7066669 -0.05260209 -0.7019228 0.710308 -0.03525109 -0.7063377 0.7069968 0 -0.7072167 0.7069968 -0.4940336 -0.5065097 0.7066672 -0.4810297 -0.518426 0.7069972 -0.4940329 -0.5065109 0.7066669 -0.4545919 -0.5417575 0.7069972 -0.4950571 -0.507561 0.7051952 -0.4411487 -0.5531811 0.7066672 -0.1916332 -0.6811004 0.7066674 -0.1916314 -0.6811017 0.7066667 -0.3227912 -0.6296255 0.7066665 -0.2584953 -0.6586369 0.7066666 0.01754835 -0.7036725 0.7103077 0.03525108 -0.7063376 0.7069969 0.07041611 -0.7037023 0.706997 -0.4420638 -0.5543284 0.7051948 -0.4270202 -0.5637452 0.7069973 -0.3983903 -0.5843287 0.7069972 -0.4411488 -0.553181 0.7066672 -0.1228639 -0.6967974 0.7066667 -0.1228641 -0.6967973 0.7066668 -0.258494 -0.658637 0.7066669 0.08752393 -0.6984285 0.7103078 0.1054063 -0.6993178 0.7069966 0.1401325 -0.6931946 0.7069965 -0.3838755 -0.5943581 0.7066669 -0.3687695 -0.6034604 0.7069968 -0.3382266 -0.6210945 0.7069969 -0.3838763 -0.5943572 0.7066672 -0.3846726 -0.5955899 0.7051948 -0.05287526 -0.7055679 0.7066668 -0.052875 -0.705568 0.7066668 -0.1916333 -0.6811007 0.7066671 -0.1916327 -0.6811011 0.7066669 0.2084554 -0.6757973 0.7069966 0.1566307 -0.6862435 0.7103074 0.1745098 -0.6853482 0.7069967 -0.3068515 -0.6371799 0.7069965 -0.2747093 -0.6516829 0.7069966 -0.3227887 -0.6296265 0.7066668 -0.3227908 -0.6296247 0.7066674 -0.323458 -0.6309322 0.7051946 0.01763956 -0.7073266 0.7066669 0.01763947 -0.7073265 0.7066668 -0.05287499 -0.705568 0.7066669 -0.1228643 -0.696797 0.7066671 -0.1228639 -0.6967972 0.7066669 0.2418831 -0.6645662 0.7069967 0.274707 -0.6516837 0.7069967 0.2241803 -0.6672378 0.7103078 -0.259032 -0.6600028 0.7051942 -0.2418789 -0.6645676 0.7069969 -0.208458 -0.6757963 0.7069969 -0.258494 -0.658637 0.7066669 -0.2584955 -0.6586359 0.7066674 0.08797842 -0.7020552 0.706667 0.08797922 -0.7020554 0.7066668 0.1574439 -0.6898065 0.7066671 -0.05287512 -0.705568 0.7066669 0.306849 -0.6371801 0.7069973 0.338231 -0.6210915 0.7069973 0.289502 -0.6416006 0.710308 -0.1745089 -0.6853479 0.7069972 -0.1401337 -0.6931939 0.7069972 -0.1916327 -0.6811014 0.7066666 -0.1920313 -0.6825135 0.7051945 -0.1916338 -0.6811008 0.7066669 0.1574446 -0.6898061 0.7066674 0.01763956 -0.7073265 0.706667 0.01763925 -0.7073264 0.706667 0.3519455 -0.6095878 0.7103077 0.3687665 -0.6034621 0.706997 0.3983887 -0.5843302 0.706997 -0.1054052 -0.6993176 0.7069969 -0.07041622 -0.7037023 0.7069969 -0.1228644 -0.6967973 0.7066668 -0.1231189 -0.6982422 0.7051947 -0.1228641 -0.6967973 0.7066667 0.2253427 -0.6707025 0.7066675 0.2910053 -0.6449324 0.7066669 0.2253443 -0.6707025 0.7066669 0.1574446 -0.6898063 0.7066671 0.08797918 -0.7020551 0.7066671 0.08797941 -0.7020552 0.706667 0.4270207 -0.5637454 0.7069969 0.4545921 -0.5417578 0.7069968 0.4108912 -0.5715164 0.710308 -0.03525222 -0.7063376 0.7069968 0 -0.7072167 0.7069968 -0.05287512 -0.705568 0.7066669 -0.05298436 -0.7070313 0.7051946 -0.0528747 -0.7055681 0.7066668 0.2910057 -0.644932 0.7066671 0.157443 -0.6898072 0.7066666 0.4810299 -0.5184261 0.7069969 0.506273 -0.4938047 0.7069969 0.4657565 -0.5277632 0.7103077 0.01767591 -0.7087935 0.7051946 0.01763932 -0.7073265 0.7066668 0.03525222 -0.7063375 0.706997 0.07041622 -0.7037023 0.706997 0.01763925 -0.7073265 0.7066669 0.3537725 -0.6127533 0.7066672 0.3537731 -0.6127532 0.7066669 0.2253442 -0.6707029 0.7066665 0.2253429 -0.670703 0.7066669 0.5159878 -0.4787692 0.7103075 0.5302582 -0.4679557 0.7069962 0.5529236 -0.4409443 0.7069962 0.08797944 -0.7020554 0.7066666 0.157443 -0.6898072 0.7066666 0.1054052 -0.6993176 0.7069969 0.1401338 -0.6931939 0.7069969 0.08797924 -0.7020554 0.7066668 0.08816168 -0.7035112 0.7051947 0.4130251 -0.5744844 0.7066668 0.4130245 -0.5744846 0.7066669 0.468175 -0.5305037 0.7066667 0.3537729 -0.6127542 0.7066663 0.2910038 -0.644933 0.7066669 0.291006 -0.6449327 0.7066664 0.574214 -0.4128343 0.7069981 0.5940799 -0.3836961 0.7069981 0.5610961 -0.4250103 0.7103081 0.174509 -0.6853484 0.7069967 0.2084581 -0.6757966 0.7069966 0.1577716 -0.691237 0.7051947 0.157445 -0.6898062 0.7066671 0.4681756 -0.5305029 0.7066671 0.3537747 -0.6127521 0.7066669 0.6124698 -0.3536057 0.7069963 0.6293333 -0.322639 0.7069962 0.6006222 -0.3670355 0.7103084 0.2253441 -0.6707025 0.7066669 0.2253428 -0.6707026 0.7066672 0.2418789 -0.6645676 0.7069968 0.2747092 -0.6516827 0.7069968 0.2258102 -0.6720939 0.7051947 0.5186664 -0.4812547 0.7066676 0.5186679 -0.4812539 0.7066671 0.413027 -0.5744829 0.7066669 0.413024 -0.5744839 0.7066678 0.4681751 -0.5305023 0.706668 0.6446292 -0.2908744 0.7069975 0.6583312 -0.2583694 0.7069975 0.6341851 -0.3054066 0.7103071 0.2916081 -0.6462702 0.7051947 0.2910038 -0.6449329 0.7066671 0.3068512 -0.6371792 0.7069971 0.3382263 -0.6210941 0.7069973 0.2910046 -0.6449327 0.7066669 0.3537746 -0.612752 0.7066671 0.56401 -0.4272175 0.7066668 0.5640078 -0.427219 0.7066676 0.4681732 -0.5305052 0.7066669 0.6703907 -0.2252385 0.7069964 0.6807837 -0.1915451 0.7069964 0.661442 -0.2407442 0.7103074 0.3687695 -0.6034604 0.706997 0.3983905 -0.584329 0.7069969 0.3545077 -0.6140236 0.7051945 0.353774 -0.6127527 0.7066669 0.6037435 -0.3689391 0.7066666 0.6037409 -0.3689413 0.7066678 0.5186685 -0.4812544 0.7066663 0.5640089 -0.4272199 0.7066662 0.5186663 -0.4812558 0.706667 0.6894837 -0.1573756 0.7069972 0.6964734 -0.1227999 0.7069972 0.6821249 -0.1736922 0.7103075 0.4270206 -0.5637455 0.7069967 0.4545923 -0.5417579 0.7069967 0.413027 -0.5744829 0.7066669 0.413027 -0.5744829 0.7066669 0.4138836 -0.5756744 0.7051946 0.637477 -0.3069918 0.7066676 0.6374764 -0.3069925 0.7066679 0.5640095 -0.4272182 0.7066668 0.7017282 -0.08793797 0.7069969 0.7052391 -0.05285108 0.7069969 0.7066668 -0.0352703 0.7066668 0.7030164 -0.03508811 0.7103076 0.6960303 -0.1049069 0.7103073 0.4810298 -0.5184261 0.7069969 0.5062664 -0.4938113 0.706997 0.4681731 -0.5305051 0.706667 0.4691446 -0.531605 0.7051946 0.4681737 -0.5305048 0.7066668 0.6648769 -0.2419944 0.7066665 0.6648746 -0.2419972 0.7066676 0.6037428 -0.3689402 0.7066667 0.6037438 -0.3689393 0.7066662 0.5186676 -0.4812542 0.706667 0.5302584 -0.4679555 0.7069963 0.5529234 -0.4409444 0.7069963 0.5186659 -0.4812554 0.7066674 0.5197439 -0.4822529 0.7051939 0.6856678 -0.1745917 0.7066664 0.6856663 -0.1745939 0.7066672 0.6374772 -0.3069943 0.7066663 0.6374782 -0.3069934 0.7066659 0.5640096 -0.4272182 0.7066667 0.574217 -0.4128323 0.7069966 0.5940792 -0.3836999 0.7069967 0.5651771 -0.4281078 0.7051941 0.5640063 -0.4272209 0.7066677 0.7066667 -0.03527056 0.7066669 0.6996441 -0.1054516 0.7066669 0.6996436 -0.1054526 0.7066672 0.7066668 -0.03527056 0.7066668 0.6856678 -0.1745917 0.7066664 0.6648768 -0.2419962 0.7066659 0.6648757 -0.2419977 0.7066664 0.6374772 -0.3069943 0.7066663 0.6049939 -0.3697068 0.7051944 0.6124721 -0.3535984 0.7069979 0.6293283 -0.3226451 0.7069979 0.6037419 -0.3689417 0.7066667 0.6037432 -0.3689404 0.7066662 0.6856677 -0.1745882 0.7066674 0.6388012 -0.3076257 0.7051946 0.6374785 -0.3069887 0.7066677 0.6446307 -0.2908749 0.7069958 0.6583328 -0.25837 0.7069957 0.6996433 -0.105454 0.7066672 0.7066667 -0.03527091 0.7066669 0.699644 -0.1054526 0.7066669 0.6648747 -0.2419955 0.7066681 0.6648761 -0.2419933 0.7066675 0.6856671 -0.174588 0.7066681 0.670392 -0.2252345 0.7069964 0.6807861 -0.1915371 0.7069964 0.6662562 -0.2424956 0.7051939 0.6856669 -0.1745994 0.7066654 0.6870867 -0.1749609 0.7051954 0.689482 -0.1573838 0.7069971 0.6964733 -0.1227999 0.7069972 0.6996438 -0.105454 0.7066668 0.7066668 -0.03527144 0.7066668 0.7066667 -0.03527091 0.7066669 0.6996461 -0.1054481 0.7066654 0.7010954 -0.1056666 0.705195 0.7017286 -0.08793371 0.7069969 0.7052391 -0.05285108 0.7069969 0.708132 -0.03534457 0.7051948 0.9996891 0.02493485 -0 0.9996891 0.02493485 0 0.9972037 0.07473111 0 0.9922392 0.1243438 0 0.9972037 0.07473111 -0 0.9922392 0.1243438 0 0.9848095 0.1736384 0 0.9749262 0.2225282 0 0.9848095 0.1736384 -0 0.9749262 0.2225282 0 0.9626235 0.2708434 0 0.9626235 0.2708434 -0 0.9479277 0.3184856 0 0.9308769 0.365333 0 0.9479277 0.3184856 -0 0.9308769 0.365333 0 0.9115024 0.4112948 0 0.9115024 0.4112948 -0 0.8898726 0.4562091 0 0.8898726 0.4562091 -0 0.8660278 0.4999959 -0 0.8660278 0.4999959 0 0.8400268 0.5425449 0 0.8400268 0.5425449 0 0.8119363 0.583746 -0 0.8119363 0.583746 0 0.7818299 0.6234919 -0 0.7818299 0.6234919 0 0.7497811 0.6616859 0 0.7158669 0.6982368 0 0.7497811 0.6616859 -0 0.7158669 0.6982368 0 0.6801733 0.7330513 0 0.6801733 0.7330513 -0 0.6427904 0.7660421 0 0.6038045 0.7971324 0 0.6427904 0.7660421 -0 0.6038045 0.7971324 0 0.5633191 0.8262394 0 0.5633191 0.8262394 -0 0.5214337 0.8532918 0 0.5214337 0.8532918 -0 0.4782569 0.8782201 0 0.4782569 0.8782201 -0 0.4338829 0.9009693 0 0.4338829 0.9009693 -0 0.3884339 0.9214765 0 0.3884339 0.9214765 -0 0.3420211 0.9396923 0 0.3420211 0.9396923 -0 0.2947546 0.955573 0 0.2947546 0.955573 -0 0.2467557 0.9690776 0 0.2467557 0.9690776 -0 0.1981464 0.9801725 0 0.1490438 0.9888306 0 0.1981464 0.9801725 -0 0.1490438 0.9888306 0 0.09956796 0.9950308 0 0.09956796 0.9950308 -0 0.04984482 0.9987569 0 0.04984482 0.9987569 -0 0 1 0 0 1 -0 -0.04984482 0.9987569 0 -0.04984482 0.9987569 0 -0.09956796 0.9950308 0 -0.09956796 0.9950308 0 -0.1490438 0.9888306 0 -0.1490438 0.9888306 0 -0.1981464 0.9801725 0 -0.1981464 0.9801725 0 -0.2467557 0.9690776 0 -0.2947546 0.955573 0 -0.2467557 0.9690776 0 -0.2947546 0.955573 0 -0.3420211 0.9396923 0 -0.3420211 0.9396923 0 -0.3884339 0.9214765 0 -0.3884339 0.9214765 0 -0.4338829 0.9009693 0 -0.4338829 0.9009693 0 -0.4782569 0.8782201 0 -0.4782569 0.8782201 0 -0.5214337 0.8532918 0 -0.5214337 0.8532918 0 -0.5633191 0.8262394 0 -0.5633191 0.8262394 0 -0.6038045 0.7971324 0 -0.6038045 0.7971324 0 -0.6427904 0.7660421 0 -0.6427904 0.7660421 0 -0.6801733 0.7330513 0 -0.6801733 0.7330513 0 -0.7158669 0.6982368 0 -0.7158669 0.6982368 0 -0.7497811 0.6616859 0 -0.7497811 0.6616859 0 -0.7818299 0.6234919 0 -0.8119363 0.583746 0 -0.7818299 0.6234919 0 -0.8119363 0.583746 0 -0.8400268 0.5425449 0 -0.8660278 0.4999959 0 -0.8400268 0.5425449 0 -0.8660278 0.4999959 0 -0.8898726 0.4562091 0 -0.9115024 0.4112948 0 -0.8898726 0.4562091 0 -0.9115024 0.4112948 0 -0.9308769 0.365333 0 -0.9308769 0.365333 0 -0.9479277 0.3184856 0 -0.9626235 0.2708434 0 -0.9479277 0.3184856 0 -0.9626235 0.2708434 0 -0.9749262 0.2225282 0 -0.9749262 0.2225282 0 -0.9848095 0.1736384 0 -0.9848095 0.1736384 0 -0.9922392 0.1243438 0 -0.9922392 0.1243438 0 -0.9972037 0.07473111 0 -0.9972037 0.07473111 0 -0.9996891 0.02493485 0 -0.9996891 0.02493485 0 -0.9996891 -0.02493485 -0 -0.9996891 -0.02493485 0 -0.9972037 -0.07473111 0 -0.9972037 -0.07473111 0 -0.9922392 -0.1243438 -0 -0.9922392 -0.1243438 0 -0.9848095 -0.1736384 -0 -0.9848095 -0.1736384 0 -0.9749262 -0.2225282 -0 -0.9749262 -0.2225282 0 -0.9626235 -0.2708434 0 -0.9626235 -0.2708434 0 -0.9479277 -0.3184856 -0 -0.9479277 -0.3184856 0 -0.9308769 -0.365333 0 -0.9308769 -0.365333 0 -0.9115024 -0.4112948 0 -0.9115024 -0.4112948 0 -0.8898726 -0.4562091 -0 -0.8898726 -0.4562091 0 -0.8660278 -0.4999959 0 -0.8660278 -0.4999959 0 -0.8400268 -0.5425449 0 -0.8400268 -0.5425449 0 -0.8119363 -0.583746 0 -0.8119363 -0.583746 0 -0.7818299 -0.6234919 -0 -0.7818299 -0.6234919 0 -0.7497811 -0.6616859 0 -0.7497811 -0.6616859 0 -0.7158669 -0.6982368 0 -0.7158669 -0.6982368 0 -0.6801733 -0.7330513 -0 -0.6801733 -0.7330513 0 -0.6427904 -0.7660421 0 -0.6427904 -0.7660421 0 -0.6038045 -0.7971324 0 -0.6038045 -0.7971324 0 -0.5633191 -0.8262394 0 -0.5633191 -0.8262394 0 -0.5214337 -0.8532918 -0 -0.5214337 -0.8532918 0 -0.4782569 -0.8782201 0 -0.4782569 -0.8782201 0 -0.4338829 -0.9009693 0 -0.4338829 -0.9009693 0 -0.3884339 -0.9214765 0 -0.3884339 -0.9214765 0 -0.3420211 -0.9396923 0 -0.3420211 -0.9396923 0 -0.2947546 -0.955573 0 -0.2947546 -0.955573 0 -0.2467557 -0.9690776 0 -0.2467557 -0.9690776 0 -0.1981464 -0.9801725 0 -0.1981464 -0.9801725 0 -0.1490438 -0.9888306 -0 -0.1490438 -0.9888306 0 -0.09956796 -0.9950308 0 -0.09956796 -0.9950308 0 -0.04984482 -0.9987569 0 -0.04984482 -0.9987569 0 0 -1 0 0 -1 0 0.04984482 -0.9987569 0 0.04984482 -0.9987569 0 0.09956796 -0.9950308 0 0.09956796 -0.9950308 0 0.1490438 -0.9888306 0 0.1490438 -0.9888306 0 0.1981464 -0.9801725 0 0.1981464 -0.9801725 0 0.2467557 -0.9690776 0 0.2467557 -0.9690776 0 0.2947546 -0.955573 0 0.2947546 -0.955573 0 0.3420211 -0.9396923 0 0.3420211 -0.9396923 0 0.3884339 -0.9214765 0 0.3884339 -0.9214765 0 0.4338829 -0.9009693 0 0.4782569 -0.8782201 0 0.4338829 -0.9009693 0 0.4782569 -0.8782201 0 0.5214337 -0.8532918 0 0.5214337 -0.8532918 0 0.5633191 -0.8262394 0 0.5633191 -0.8262394 0 0.6038045 -0.7971324 0 0.6038045 -0.7971324 0 0.6427904 -0.7660421 0 0.6427904 -0.7660421 0 0.6801733 -0.7330513 0 0.6801733 -0.7330513 0 0.7158669 -0.6982368 0 0.7158669 -0.6982368 0 0.7497811 -0.6616859 0 0.7497811 -0.6616859 0 0.7818299 -0.6234919 0 0.7818299 -0.6234919 0 0.8119363 -0.583746 0 0.8119363 -0.583746 0 0.8400268 -0.5425449 0 0.8400268 -0.5425449 0 0.8660278 -0.4999959 0 0.8660278 -0.4999959 0 0.8898726 -0.4562091 0 0.8898726 -0.4562091 0 0.9115024 -0.4112948 0 0.9115024 -0.4112948 0 0.9308769 -0.365333 0 0.9479277 -0.3184856 0 0.9308769 -0.365333 0 0.9479277 -0.3184856 0 0.9626235 -0.2708434 0 0.9626235 -0.2708434 0 0.9749262 -0.2225282 0 0.9749262 -0.2225282 0 0.9848095 -0.1736384 0 0.9848095 -0.1736384 0 0.9922392 -0.1243438 0 0.9922392 -0.1243438 0 0.9972037 -0.07473111 0 0.9996891 -0.02493485 0 0.9972037 -0.07473111 0 0.9996891 -0.02493485 0 0 0 1 0 0 1 0 0 1 0 0 1 0 0 1 0 0 1 0 0 1 0 0 1 0 0 1 0 0 1 0 0 1 0 0 1 0 0 1 0 0 1 0 0 1 0 0 1 0 0 1 0 0 1 0 0 1 0 0 1 0 0 1 0 0 1 0 0 1 0 0 1 0 0 1 0 0 1 0 0 1 0 0 1 0 0 1 0 0 1 0 0 1 0 0 1 0 0 1 0 0 1 0 0 1 0 0 1 0 0 1 0 0 1 0 0 1 0 0 1 0 0 1 0 0 1 0 0 1 0 0 1 0 0 1 0 0 1 0 0 1 0 0 1 0 0 1 0 0 1 0 0 1 0 0 1 0 0 1 0 0 1 0 0 1 0 0 1 0 0 1 0 0 1 0 0 1 0 0 1 0 0 1 0 0 1 0 0 1 0 0 1 0 0 1 0 0 1 0 0 1 0 0 1 0 0 1 0 0 1 0 0 1 0 0 1 0 0 1 0 0 1 0 0 1 0 0 1 0 0 1 0 0 1 0 0 1 0 0 1 0 0 1 0 0 1 0 0 1 0 0 1 0 0 1 0 0 1 0 0 1 0 0 1 0 0 1 0 0 1 0 0 1 0 0 1 0 0 1 0 0 1 0 0 1 0 0 1 0 0 1 0 0 1 0 0 1 0 0 1 0 0 1 0 0 1 0 0 1 0 0 1 0 0 1 0 0 1 0 0 1 0 0 1 0 0 1 0 0 1 0 0 1 0 0 1 0 -0 1 0 -0 1 0 -0 1 0 -0 1 0 0 1 0 0 1 0 0 1 0 0 1 0 0 1 0 0 1 0 0 1 0 0 1 0 0 1 0 0 1 0 0 1 0 0 1 0 0 1 0 0 1 0 -1 0 0 -1 0 -1 0 0 -1 -0 0 1 0 0 1 -0 0 0 1 -0 0 1 0 0 0 1 0 0 1 0 0 1 0 0 1 0 0 1 0 0 1 0 0 1 0 0 1 0 0 1 0 0 1 0 0 1 0 0 1 0 0 1 0 0 1 0 0 1 0 0 1 0 0 1 0 0 1 0 0 1 0 0 1 0 0 1 0 0 1 0 0 1 0 0 1 0 0 1 0 0 1 0 0 1 0 0 1 0 0 1 0 0 1 0 0 1 0 0 1 0 0 1 0 0 1 0 0 1 0 0 1 0 0 1 0 0 1 0 0 1 0 0 1 0 0 1 0 0 1 0 0 1 0 0 1 0 0 1 0 0 1 0 0 1 0 0 1 0 0 1 0 0 1 0 0 1 0 0 1 0 0 1 0 0 1 0 0 1 0 0 1 0 0 1 0 0 1 0 0 1 0 0 1 0 0 1 0 0 1 0 0 1 0 0 1 0 0 1 0 0 1 0 0 1 0 0 1 0 0 1 0 0 1 0 0 1 0 0 1 0 0 1 0 0 1 0 0 1 0 0 1 0 0 1 0 0 1 0 0 1 0 0 1 0 0 1 0 0 1 0 0 1 0 0 1 0 0 1 0 0 1 0 0 1 0 0 1 0 0 1 0 0 1 0 0 1 0 0 1 0 0 1 0 0 1 0 0 1 0 0 1 0 0 1 0 0 1 0 0 1 0 0 1 0 0 1 0 0 1 0 0 1 0 0 1 0 0 1 0 0 1 0 0 1 0 0 1 0 0 1 0 0 1 0 0 1 0 0 1 0 0 1 0 0 1 0 0 1 0 0 1 0 0 1 0 0 1 0 0 1 0 0 1 0 0 1 0 0 1 0 0 1 0 0 1 0 0 1 0 0 1 0 0 1 0 0 1 0 0 1 0 0 1 0 0 1 0 0 1 0 0 1 0 0 1 0 0 1 0 0 1 0 0 1 0 0 1 0 0 1 -0 0 1 -0 0 1 -0 0 1 0 -1 0 0 -1 0 -1 0 0 -1 -0 0 1 0 0 1 -0 0 0 1 -0 0 1 0 0 1 0 0 1 0 0 1 0 -1 0 -0 -1 0 0 -1 0 0 -1 0 0 0 -1 0 0 -1 0 1 0 0 1 0 0 1 -0 0 1 0 0 0.9996924 0.02480014 -0 0.9996924 0.02480014 0 0.9972332 0.07433666 -0 0.9972332 0.07433666 0 0.9923205 0.1236934 -0 0.9923205 0.1236934 0 0.9849669 0.172743 0 0.9849669 0.172743 0 0.9751899 0.2213702 0 0.9751899 0.2213702 -0 0.9630145 0.2694495 0 0.9630145 0.2694495 -0 0.9484693 0.3168688 0 0.9484693 0.3168688 -0 0.9315916 0.3635066 0 0.9315916 0.3635066 -0 0.9124199 0.4092554 0 0.9124199 0.4092554 -0 0.8910066 0.4539902 0 0.8910066 0.4539902 -0 0.8673998 0.4976119 0 0.8673998 0.4976119 -0 0.8416606 0.5400069 -0 0.8416606 0.5400069 0 0.8138485 0.5810772 0 0.7840346 0.6207171 0 0.8138485 0.5810772 0 0.7840346 0.6207171 0 0.7522939 0.6588278 -0 0.7522939 0.6588278 0 0.7187026 0.6953176 0 0.6833413 0.730099 0 0.7187026 0.6953176 -0 0.6833413 0.730099 0 0.6462991 0.7630842 0 0.6076662 0.7941926 0 0.6462991 0.7630842 -0 0.6076662 0.7941926 0 0.567544 0.8233431 0 0.567544 0.8233431 -0 0.5260169 0.8504741 0 0.5260169 0.8504741 -0 0.4832031 0.8755082 0 0.4832031 0.8755082 -0 0.4391953 0.8983915 0 0.4391953 0.8983915 -0 0.3941119 0.9190625 0 0.3941119 0.9190625 -0 0.3480549 0.9374741 0 0.3480549 0.9374741 -0 0.3011436 0.9535788 0 0.3011436 0.9535788 -0 0.253491 0.9673377 0 0.2052147 0.978717 0 0.253491 0.9673377 -0 0.2052147 0.978717 0 0.1564342 0.9876884 0 0.1072691 0.9942301 0 0.1564342 0.9876884 -0 0.05783892 0.9983259 0 0.1072691 0.9942301 0 0.05783892 0.9983259 0 0.008267384 0.9999658 0 0.008267384 0.9999658 -0 -0.0413248 0.9991458 0 -0.09081609 0.9958677 0 -0.0413248 0.9991458 0 -0.09081609 0.9958677 0 -0.1400823 0.9901398 0 -0.1400823 0.9901398 0 -0.1890056 0.981976 0 -0.1890056 0.981976 0 -0.2374614 0.971397 0 -0.2374614 0.971397 0 -0.2853369 0.9584273 0 -0.2853369 0.9584273 0 -0.3325081 0.9431005 0 -0.3325081 0.9431005 0 -0.3788611 0.9254536 0 -0.3788611 0.9254536 0 -0.4242799 0.9055311 0 -0.4242799 0.9055311 0 -0.4686627 0.8833772 0 -0.4686627 0.8833772 0 -0.511885 0.8590539 0 -0.511885 0.8590539 0 -0.5538499 0.8326166 0 -0.5538499 0.8326166 0 -0.5944556 0.8041283 0 -0.5944556 0.8041283 0 -0.6335918 0.7736676 0 -0.6335918 0.7736676 0 -0.6711759 0.7412981 0 -0.6711759 0.7412981 0 -0.7071068 0.7071068 0 -0.7071068 0.7071068 0 -0.7412981 0.6711759 0 -0.7412981 0.6711759 0 -0.7736655 0.6335942 0 -0.7736655 0.6335942 0 -0.8041323 0.5944504 0 -0.8041323 0.5944504 0 -0.8326128 0.5538555 0 -0.8326128 0.5538555 0 -0.8590539 0.511885 0 -0.8833789 0.4686595 0 -0.8590539 0.511885 0 -0.8833789 0.4686595 0 -0.9055295 0.4242833 0 -0.9055295 0.4242833 0 -0.9254536 0.3788611 0 -0.943103 0.3325008 0 -0.9254536 0.3788611 0 -0.943103 0.3325008 0 -0.9584273 0.2853369 0 -0.9584273 0.2853369 0 -0.9713956 0.2374672 0 -0.9713956 0.2374672 0 -0.9819757 0.1890076 0 -0.9901401 0.1400803 0 -0.9819757 0.1890076 0 -0.9901401 0.1400803 0 -0.9958677 0.09081609 0 -0.9958677 0.09081609 0 -0.9991458 0.04132275 0 -0.9991458 0.04132275 0 -0.9999658 -0.008269435 0 -0.9999658 -0.008269435 0 -0.9983261 -0.05783688 0 -0.9983261 -0.05783688 0 -0.9942305 -0.1072651 -0 -0.9942305 -0.1072651 0 -0.9876878 -0.1564382 -0 -0.9876878 -0.1564382 0 -0.9787161 -0.2052186 0 -0.9787161 -0.2052186 0 -0.9673382 -0.2534891 0 -0.9673382 -0.2534891 0 -0.9535782 -0.3011455 0 -0.9535782 -0.3011455 0 -0.9374741 -0.3480549 0 -0.9374741 -0.3480549 0 -0.9190625 -0.3941119 0 -0.9190625 -0.3941119 0 -0.8983932 -0.439192 0 -0.8983932 -0.439192 0 -0.8755082 -0.4832031 0 -0.8755082 -0.4832031 0 -0.8504723 -0.5260199 0 -0.8504723 -0.5260199 0 -0.8233449 -0.5675412 0 -0.8233449 -0.5675412 0 -0.7941926 -0.6076662 0 -0.7941926 -0.6076662 0 -0.7630821 -0.6463014 0 -0.7630821 -0.6463014 0 -0.7301011 -0.6833392 0 -0.7301011 -0.6833392 0 -0.6953176 -0.7187026 0 -0.6953176 -0.7187026 0 -0.6588301 -0.7522919 0 -0.6588301 -0.7522919 0 -0.6207121 -0.7840386 0 -0.6207121 -0.7840386 0 -0.5810772 -0.8138485 0 -0.5810772 -0.8138485 0 -0.5400127 -0.8416569 0 -0.5400127 -0.8416569 0 -0.4976119 -0.8673998 0 -0.4976119 -0.8673998 0 -0.4539902 -0.8910066 0 -0.4539902 -0.8910066 0 -0.4092486 -0.912423 0 -0.4092486 -0.912423 0 -0.3635102 -0.9315903 0 -0.3635102 -0.9315903 0 -0.3168725 -0.9484681 0 -0.3168725 -0.9484681 0 -0.2694457 -0.9630156 0 -0.2694457 -0.9630156 0 -0.2213722 -0.9751894 -0 -0.2213722 -0.9751894 0 -0.172739 -0.9849676 0 -0.172739 -0.9849676 0 -0.1236975 -0.99232 -0 -0.1236975 -0.99232 0 -0.07433463 -0.9972333 0 -0.07433463 -0.9972333 0 -0.02480014 -0.9996924 0 -0.02480014 -0.9996924 0 0.0245389 -0.9996989 0 0.0245389 -0.9996989 0 0.07356662 -0.9972903 0 0.07356662 -0.9972903 0 0.1224122 -0.9924793 0 0.1224122 -0.9924793 0 0.1709598 -0.985278 0 0.1709598 -0.985278 0 0.2191007 -0.9757023 0 0.2191007 -0.9757023 0 0.266711 -0.9637766 0 0.266711 -0.9637766 0 0.3136824 -0.949528 0 0.3136824 -0.949528 0 0.3598991 -0.9329913 0 0.3598991 -0.9329913 0 0.4052399 -0.9142104 0 0.4052399 -0.9142104 0 0.4496095 -0.8932252 0 0.4496095 -0.8932252 0 0.4928983 -0.870087 0 0.4928983 -0.870087 0 0.5349969 -0.8448539 0 0.5349969 -0.8448539 0 0.5758096 -0.8175838 0 0.5758096 -0.8175838 0 0.6152343 -0.7883443 0 0.6531698 -0.7572114 0 0.6152343 -0.7883443 0 0.6531698 -0.7572114 0 0.6895425 -0.7242451 0 0.7242451 -0.6895425 0 0.6895425 -0.7242451 0 0.7242451 -0.6895425 0 0.7572094 -0.6531722 0 0.7883463 -0.6152317 0 0.7572094 -0.6531722 0 0.7883463 -0.6152317 0 0.8175858 -0.5758069 0 0.8175858 -0.5758069 0 0.8448521 -0.5349999 0 0.8448521 -0.5349999 0 0.8700888 -0.4928951 0 0.8932235 -0.4496128 0 0.8700888 -0.4928951 0 0.8932235 -0.4496128 0 0.9142089 -0.4052433 0 0.9329939 -0.3598919 0 0.9142089 -0.4052433 0 0.9329939 -0.3598919 0 0.949528 -0.3136824 0 0.949528 -0.3136824 0 0.963776 -0.2667129 0 0.963776 -0.2667129 0 0.9757018 -0.2191027 0 0.9757018 -0.2191027 0 0.9852777 -0.1709618 0 0.9852777 -0.1709618 0 0.9924796 -0.1224102 0 0.9924796 -0.1224102 0 0.9972904 -0.07356456 0 0.9972904 -0.07356456 0 0.9996988 -0.02454097 0 0.9996988 -0.02454097 0 0 0 -1 0 0 -1 -0 -0 -1 0 0 -1 0 0 1 -0 0 1 0 1 0 0 1 0 0 0 1 0 0 1 0 0 1 0 0 1 0 0 1 0 0 1 0 0 1 0 0 1 0 0 1 0 0 1 0 0 1 0 0 1 0 0 1 0 0 1 0 0 1 0 0 1 0 0 1 0 0 1 0 0 1 0 0 1 0 0 1 0 0 1 0 0 1 0 0 1 0 0 1 0 0 1 0 0 1 0 0 1 0 0 1 0 0 1 0 0 1 0 0 1 0 0 1 0 0 1 0 0 1 0 0 1 0 0 1 0 0 1 0 0 1 0 0 1 0 0 1 0 0 1 0 0 1 0 0 1 0 0 1 0 0 1 0 0 1 0 0 1 0 0 1 0 0 1 0 0 1 0 0 1 0 0 1 0 0 1 0 0 1 0 0 1 0 0 1 0 0 1 0 0 1 0 0 1 0 0 1 0 0 1 0 0 1 0 0 1 0 0 1 0 0 1 0 0 1 0 0 1 0 0 1 0 0 1 0 0 1 0 0 1 0 0 1 0 0 1 0 0 1 0 0 1 0 0 1 0 0 1 0 0 1 0 0 1 0 0 1 0 0 1 0 0 1 0 0 1 0 0 1 0 0 1 0 0 1 0 0 1 0 0 1 0 0 1 0 0 1 0 0 1 0 0 1 0 0 1 0 0 1 0 0 1 0 0 1 0 0 1 0 0 1 0 0 1 0 0 1 0 0 1 0 0 1 0 0 1 0 0 1 0 0 1 0 0 1 0 0 1 0 0 1 0 0 1 0 0 1 0 0 1 0 0 1 0 0 1 0 0 1 0 0 1 0 0 1 0 0 1 0 0 1 0 0 1 0 0 1 0 0 1 0 0 1 0 0 1 0 0 1</float_array>
          <technique_common>
            <accessor count="2830" source="#cubenormals-array0-array" stride="3">
              <param type="float" name="X"/>
              <param type="float" name="Y"/>
              <param type="float" name="Z"/>
            </accessor>
          </technique_common>
        </source>
        <vertices id="cubeverts-array0-vertices">
          <input semantic="POSITION" source="#cubeverts-array0"/>
        </vertices>
        <triangles count="2830" material="ref_Body_shape001">
          <input offset="0" semantic="VERTEX" source="#cubeverts-array0-vertices"/>
          <input offset="1" semantic="NORMAL" source="#cubenormals-array0"/>
          <p>0 0 1 0 2 0 2 1 1 1 3 1 3 2 4 2 5 2 1 3 4 3 3 3 5 4 6 4 7 4 7 5 6 5 8 5 4 6 6 6 5 6 8 7 9 7 10 7 6 8 9 8 8 8 9 9 11 9 10 9 10 10 12 10 13 10 13 11 12 11 14 11 11 12 12 12 10 12 14 13 15 13 16 13 12 14 15 14 14 14 15 15 17 15 16 15 16 16 18 16 19 16 17 17 18 17 16 17 19 18 20 18 21 18 18 19 20 19 19 19 20 20 22 20 21 20 21 21 22 21 23 21 22 22 24 22 23 22 23 23 24 23 25 23 25 24 24 24 26 24 24 25 27 25 26 25 27 26 28 26 26 26 26 27 28 27 29 27 29 28 30 28 31 28 28 29 30 29 29 29 31 30 32 30 33 30 30 31 32 31 31 31 33 32 34 32 35 32 35 33 34 33 36 33 32 34 34 34 33 34 34 35 37 35 36 35 37 36 38 36 36 36 36 37 38 37 39 37 39 38 38 38 40 38 38 39 41 39 40 39 40 40 42 40 43 40 43 41 42 41 44 41 41 42 42 42 40 42 44 43 45 43 46 43 42 44 45 44 44 44 45 45 47 45 46 45 46 46 48 46 49 46 49 47 48 47 50 47 47 48 48 48 46 48 48 49 51 49 50 49 50 50 52 50 53 50 51 51 52 51 50 51 53 52 54 52 55 52 52 53 54 53 53 53 55 54 56 54 57 54 57 55 56 55 58 55 54 56 56 56 55 56 56 57 59 57 58 57 58 58 60 58 61 58 59 59 60 59 58 59 61 60 62 60 63 60 60 61 62 61 61 61 63 62 64 62 65 62 62 63 64 63 63 63 65 64 66 64 67 64 64 65 66 65 65 65 67 66 68 66 69 66 69 67 68 67 70 67 66 68 68 68 67 68 70 69 71 69 72 69 68 70 71 70 70 70 71 71 73 71 72 71 73 72 74 72 72 72 72 73 74 73 75 73 74 74 76 74 75 74 75 75 76 75 77 75 76 76 78 76 77 76 77 77 78 77 79 77 78 78 80 78 79 78 79 79 80 79 81 79 80 80 82 80 81 80 81 81 82 81 83 81 82 82 84 82 83 82 83 83 84 83 85 83 85 84 84 84 86 84 84 85 87 85 86 85 87 86 88 86 86 86 86 87 88 87 89 87 88 88 90 88 89 88 89 89 90 89 91 89 91 90 90 90 92 90 90 91 93 91 92 91 93 92 94 92 92 92 92 93 94 93 95 93 95 94 96 94 97 94 94 95 96 95 95 95 97 96 96 96 98 96 96 97 99 97 98 97 99 98 100 98 98 98 98 99 100 99 101 99 101 100 102 100 103 100 103 101 102 101 104 101 100 102 102 102 101 102 102 103 105 103 104 103 104 104 106 104 107 104 105 105 106 105 104 105 107 106 108 106 109 106 106 107 108 107 107 107 109 108 110 108 111 108 111 109 110 109 112 109 108 110 110 110 109 110 110 111 113 111 112 111 112 112 114 112 115 112 113 113 114 113 112 113 115 114 116 114 117 114 117 115 116 115 118 115 114 116 116 116 115 116 116 117 119 117 118 117 118 118 120 118 121 118 119 119 120 119 118 119 121 120 122 120 123 120 123 121 122 121 124 121 120 122 122 122 121 122 122 123 125 123 124 123 125 124 126 124 124 124 124 125 126 125 127 125 126 126 128 126 127 126 127 127 128 127 129 127 129 128 128 128 130 128 128 129 131 129 130 129 131 130 132 130 130 130 130 131 132 131 133 131 133 132 132 132 134 132 132 133 135 133 134 133 135 134 136 134 134 134 134 135 136 135 137 135 137 136 136 136 138 136 136 137 139 137 138 137 139 138 140 138 138 138 138 139 140 139 141 139 140 140 142 140 141 140 141 141 142 141 143 141 142 142 144 142 143 142 143 143 144 143 145 143 144 144 146 144 145 144 145 145 146 145 147 145 146 146 148 146 147 146 147 147 148 147 149 147 149 148 148 148 150 148 148 149 151 149 150 149 151 150 152 150 150 150 150 151 152 151 153 151 152 152 154 152 153 152 153 153 154 153 155 153 155 154 154 154 156 154 154 155 157 155 156 155 157 156 158 156 156 156 156 157 158 157 159 157 158 158 160 158 159 158 159 159 160 159 161 159 161 160 160 160 162 160 160 161 163 161 162 161 163 162 164 162 162 162 162 163 164 163 165 163 165 164 166 164 167 164 164 165 166 165 165 165 167 166 166 166 168 166 166 167 169 167 168 167 168 168 170 168 171 168 171 169 170 169 172 169 169 170 170 170 168 170 170 171 173 171 172 171 172 172 174 172 175 172 173 173 174 173 172 173 174 174 176 174 175 174 175 175 176 175 177 175 176 176 178 176 177 176 177 177 178 177 179 177 178 178 180 178 179 178 179 179 180 179 181 179 180 180 182 180 181 180 181 181 182 181 183 181 183 182 182 182 184 182 182 183 185 183 184 183 185 184 186 184 184 184 184 185 186 185 187 185 186 186 188 186 187 186 187 187 188 187 189 187 188 188 190 188 189 188 189 189 190 189 191 189 191 190 190 190 192 190 190 191 193 191 192 191 193 192 194 192 192 192 192 193 194 193 195 193 195 194 194 194 196 194 194 195 197 195 196 195 197 196 198 196 196 196 196 197 198 197 199 197 199 198 200 198 201 198 201 199 200 199 202 199 198 200 200 200 199 200 202 201 203 201 204 201 200 202 203 202 202 202 203 203 205 203 204 203 204 204 206 204 207 204 205 205 206 205 204 205 207 206 208 206 209 206 206 207 208 207 207 207 209 208 210 208 211 208 208 209 210 209 209 209 211 210 212 210 213 210 210 211 212 211 211 211 213 212 214 212 215 212 212 213 214 213 213 213 215 214 216 214 217 214 217 215 216 215 218 215 214 216 216 216 215 216 216 217 219 217 218 217 218 218 220 218 221 218 219 219 220 219 218 219 221 220 222 220 223 220 223 221 222 221 224 221 220 222 222 222 221 222 224 223 225 223 226 223 222 224 225 224 224 224 225 225 227 225 226 225 227 226 228 226 226 226 226 227 228 227 229 227 229 228 228 228 230 228 228 229 231 229 230 229 230 230 232 230 233 230 231 231 232 231 230 231 233 232 234 232 235 232 232 233 234 233 233 233 235 234 234 234 236 234 234 235 237 235 236 235 236 236 238 236 239 236 237 237 238 237 236 237 239 238 240 238 241 238 238 239 240 239 239 239 241 240 242 240 243 240 243 241 242 241 244 241 240 242 242 242 241 242 242 243 245 243 244 243 244 244 246 244 247 244 245 245 246 245 244 245 247 246 248 246 249 246 246 247 248 247 247 247 249 248 250 248 251 248 248 249 250 249 249 249 251 250 0 250 2 250 250 251 0 251 251 251 252 252 2 252 3 252 252 253 251 253 2 253 253 254 3 254 5 254 253 255 5 255 7 255 253 256 252 256 3 256 254 257 7 257 8 257 254 258 253 258 7 258 254 259 8 259 10 259 255 260 10 260 13 260 255 261 13 261 14 261 255 262 254 262 10 262 256 263 14 263 16 263 256 264 16 264 19 264 256 265 255 265 14 265 257 266 19 266 21 266 257 267 21 267 23 267 257 268 256 268 19 268 258 269 259 269 252 269 258 270 260 270 259 270 258 271 252 271 253 271 261 272 23 272 25 272 261 273 25 273 26 273 261 274 257 274 23 274 262 275 253 275 254 275 262 276 258 276 253 276 263 277 261 277 26 277 263 278 26 278 29 278 263 279 29 279 31 279 264 280 262 280 254 280 264 281 254 281 255 281 265 282 31 282 33 282 265 283 33 283 35 283 265 284 263 284 31 284 266 285 256 285 257 285 266 286 264 286 255 286 266 287 255 287 256 287 267 288 35 288 36 288 267 289 36 289 39 289 267 290 265 290 35 290 268 291 266 291 257 291 269 292 260 292 258 292 270 293 39 293 40 293 270 294 40 294 43 294 270 295 267 295 39 295 271 296 268 296 257 296 271 297 257 297 261 297 272 298 258 298 262 298 272 299 269 299 258 299 272 300 262 300 264 300 273 301 43 301 44 301 273 302 44 302 46 302 273 303 270 303 43 303 274 304 271 304 261 304 274 305 261 305 263 305 275 306 272 306 264 306 276 307 46 307 49 307 276 308 49 308 50 308 276 309 273 309 46 309 277 310 274 310 263 310 277 311 263 311 265 311 278 312 275 312 264 312 278 313 264 313 266 313 279 314 50 314 53 314 279 315 53 315 55 315 279 316 276 316 50 316 280 317 267 317 270 317 280 318 277 318 265 318 280 319 265 319 267 319 281 320 266 320 268 320 281 321 278 321 266 321 281 322 268 322 271 322 282 323 283 323 260 323 282 324 284 324 283 324 282 325 260 325 269 325 285 326 279 326 55 326 285 327 55 327 57 327 285 328 57 328 58 328 286 329 280 329 270 329 287 330 281 330 271 330 288 331 282 331 269 331 288 332 269 332 272 332 289 333 58 333 61 333 289 334 61 334 63 334 289 335 285 335 58 335 290 336 286 336 270 336 290 337 273 337 276 337 290 338 270 338 273 338 291 339 271 339 274 339 291 340 287 340 271 340 291 341 274 341 277 341 292 342 288 342 272 342 292 343 272 343 275 343 293 344 63 344 65 344 293 345 65 345 67 345 293 346 289 346 63 346 294 347 290 347 276 347 295 348 291 348 277 348 296 349 292 349 275 349 296 350 275 350 278 350 297 351 67 351 69 351 297 352 69 352 70 352 297 353 293 353 67 353 298 354 276 354 279 354 298 355 294 355 276 355 298 356 279 356 285 356 299 357 295 357 277 357 299 358 277 358 280 358 299 359 280 359 286 359 300 360 296 360 278 360 300 361 281 361 287 361 300 362 278 362 281 362 301 363 302 363 284 363 301 364 284 364 282 364 303 365 297 365 70 365 303 366 70 366 72 366 303 367 72 367 75 367 304 368 298 368 285 368 305 369 299 369 286 369 306 370 300 370 287 370 307 371 301 371 282 371 307 372 282 372 288 372 308 373 303 373 75 373 308 374 75 374 77 374 308 375 77 375 79 375 309 376 304 376 285 376 309 377 285 377 289 377 310 378 305 378 286 378 310 379 286 379 290 379 310 380 290 380 294 380 311 381 287 381 291 381 311 382 306 382 287 382 311 383 291 383 295 383 312 384 292 384 296 384 312 385 288 385 292 385 312 386 307 386 288 386 313 387 308 387 79 387 313 388 79 388 81 388 313 389 81 389 83 389 314 390 309 390 289 390 314 391 293 391 297 391 314 392 289 392 293 392 315 393 310 393 294 393 316 394 311 394 295 394 317 395 312 395 296 395 317 396 296 396 300 396 318 397 313 397 83 397 318 398 83 398 85 398 318 399 85 399 86 399 319 400 314 400 297 400 320 401 294 401 298 401 320 402 315 402 294 402 321 403 316 403 295 403 321 404 295 404 299 404 322 405 317 405 300 405 323 406 324 406 302 406 323 407 301 407 307 407 323 408 302 408 301 408 325 409 318 409 86 409 325 410 86 410 89 410 325 411 89 411 91 411 326 412 319 412 297 412 326 413 297 413 303 413 327 414 320 414 298 414 327 415 298 415 304 415 328 416 321 416 299 416 328 417 299 417 305 417 329 418 322 418 300 418 329 419 300 419 306 419 330 420 323 420 307 420 330 421 324 421 323 421 331 422 91 422 92 422 331 423 92 423 95 423 331 424 325 424 91 424 332 425 308 425 313 425 332 426 326 426 303 426 332 427 303 427 308 427 333 428 304 428 309 428 333 429 327 429 304 429 334 430 305 430 310 430 334 431 310 431 315 431 334 432 328 432 305 432 335 433 306 433 311 433 335 434 329 434 306 434 336 435 307 435 312 435 336 436 330 436 307 436 336 437 324 437 330 437 337 438 95 438 97 438 337 439 97 439 98 439 337 440 331 440 95 440 338 441 332 441 313 441 339 442 309 442 314 442 339 443 314 443 319 443 339 444 333 444 309 444 340 445 315 445 320 445 340 446 334 446 315 446 341 447 311 447 316 447 341 448 335 448 311 448 342 449 324 449 336 449 342 450 312 450 317 450 342 451 317 451 322 451 342 452 336 452 312 452 343 453 98 453 101 453 343 454 101 454 103 454 343 455 337 455 98 455 344 456 338 456 313 456 344 457 313 457 318 457 345 458 339 458 319 458 345 459 319 459 326 459 346 460 340 460 320 460 347 461 341 461 316 461 347 462 316 462 321 462 347 463 321 463 328 463 348 464 324 464 342 464 348 465 342 465 322 465 348 466 322 466 329 466 349 467 343 467 103 467 349 468 103 468 104 468 349 469 104 469 107 469 350 470 344 470 318 470 350 471 318 471 325 471 351 472 345 472 326 472 352 473 346 473 320 473 352 474 320 474 327 474 353 475 347 475 328 475 354 476 324 476 348 476 354 477 348 477 329 477 355 478 349 478 107 478 355 479 107 479 109 479 355 480 109 480 111 480 356 481 325 481 331 481 356 482 331 482 337 482 356 483 350 483 325 483 357 484 351 484 326 484 357 485 326 485 332 485 358 486 352 486 327 486 358 487 327 487 333 487 359 488 334 488 340 488 359 489 328 489 334 489 359 490 353 490 328 490 360 491 354 491 329 491 360 492 329 492 335 492 360 493 324 493 354 493 361 494 355 494 111 494 361 495 111 495 112 495 361 496 112 496 115 496 362 497 356 497 337 497 363 498 332 498 338 498 363 499 357 499 332 499 364 500 339 500 345 500 364 501 358 501 333 501 364 502 333 502 339 502 365 503 359 503 340 503 366 504 335 504 341 504 366 505 324 505 360 505 366 506 360 506 335 506 367 507 361 507 115 507 367 508 115 508 117 508 367 509 117 509 118 509 368 510 337 510 343 510 368 511 362 511 337 511 369 512 363 512 338 512 369 513 338 513 344 513 370 514 364 514 345 514 371 515 346 515 352 515 371 516 340 516 346 516 371 517 365 517 340 517 372 518 347 518 353 518 372 519 341 519 347 519 372 520 324 520 366 520 372 521 366 521 341 521 373 522 367 522 118 522 373 523 118 523 121 523 373 524 121 524 123 524 374 525 349 525 355 525 374 526 343 526 349 526 374 527 368 527 343 527 375 528 350 528 356 528 375 529 344 529 350 529 375 530 369 530 344 530 376 531 345 531 351 531 376 532 370 532 345 532 377 533 371 533 352 533 378 534 324 534 372 534 378 535 372 535 353 535 379 536 123 536 124 536 379 537 124 537 127 537 379 538 373 538 123 538 380 539 374 539 355 539 381 540 375 540 356 540 382 541 376 541 351 541 382 542 351 542 357 542 383 543 377 543 352 543 383 544 352 544 358 544 384 545 324 545 378 545 384 546 378 546 353 546 384 547 359 547 365 547 384 548 353 548 359 548 385 549 379 549 127 549 385 550 127 550 129 550 385 551 129 551 130 551 386 552 380 552 355 552 386 553 355 553 361 553 387 554 381 554 356 554 387 555 356 555 362 555 388 556 382 556 357 556 388 557 357 557 363 557 389 558 358 558 364 558 389 559 383 559 358 559 390 560 324 560 384 560 390 561 384 561 365 561 391 562 130 562 133 562 391 563 133 563 134 563 391 564 385 564 130 564 392 565 386 565 361 565 392 566 361 566 367 566 393 567 362 567 368 567 393 568 387 568 362 568 394 569 363 569 369 569 394 570 369 570 375 570 394 571 388 571 363 571 395 572 364 572 370 572 395 573 389 573 364 573 396 574 365 574 371 574 396 575 324 575 390 575 396 576 390 576 365 576 397 577 134 577 137 577 397 578 137 578 138 578 397 579 391 579 134 579 398 580 373 580 379 580 398 581 392 581 367 581 398 582 367 582 373 582 399 583 368 583 374 583 399 584 393 584 368 584 400 585 394 585 375 585 401 586 370 586 376 586 401 587 395 587 370 587 402 588 371 588 377 588 402 589 396 589 371 589 402 590 324 590 396 590 403 591 397 591 138 591 403 592 138 592 141 592 403 593 141 593 143 593 404 594 398 594 379 594 405 595 374 595 380 595 405 596 399 596 374 596 406 597 375 597 381 597 406 598 400 598 375 598 406 599 381 599 387 599 407 600 401 600 376 600 407 601 376 601 382 601 407 602 382 602 388 602 408 603 377 603 383 603 408 604 402 604 377 604 408 605 324 605 402 605 409 606 403 606 143 606 409 607 143 607 145 607 409 608 145 608 147 608 410 609 404 609 379 609 410 610 379 610 385 610 411 611 405 611 380 611 411 612 386 612 392 612 411 613 380 613 386 613 412 614 406 614 387 614 413 615 407 615 388 615 414 616 324 616 408 616 414 617 408 617 383 617 414 618 383 618 389 618 415 619 409 619 147 619 415 620 147 620 149 620 415 621 149 621 150 621 416 622 385 622 391 622 416 623 391 623 397 623 416 624 410 624 385 624 417 625 411 625 392 625 418 626 412 626 387 626 418 627 387 627 393 627 418 628 393 628 399 628 419 629 413 629 388 629 419 630 388 630 394 630 420 631 414 631 389 631 420 632 389 632 395 632 420 633 324 633 414 633 421 634 150 634 153 634 421 635 153 635 155 635 421 636 415 636 150 636 422 637 416 637 397 637 423 638 392 638 398 638 423 639 417 639 392 639 424 640 418 640 399 640 425 641 419 641 394 641 425 642 394 642 400 642 426 643 324 643 420 643 426 644 420 644 395 644 426 645 395 645 401 645 427 646 421 646 155 646 427 647 155 647 156 647 427 648 156 648 159 648 428 649 403 649 409 649 428 650 422 650 397 650 428 651 397 651 403 651 429 652 423 652 398 652 429 653 398 653 404 653 430 654 424 654 399 654 430 655 399 655 405 655 431 656 406 656 412 656 431 657 425 657 400 657 431 658 400 658 406 658 432 659 407 659 413 659 432 660 324 660 426 660 432 661 426 661 401 661 432 662 401 662 407 662 433 663 427 663 159 663 433 664 159 664 161 664 433 665 161 665 162 665 434 666 428 666 409 666 435 667 404 667 410 667 435 668 429 668 404 668 436 669 430 669 405 669 436 670 405 670 411 670 436 671 411 671 417 671 437 672 431 672 412 672 438 673 324 673 432 673 438 674 432 674 413 674 439 675 433 675 162 675 439 676 162 676 165 676 439 677 165 677 167 677 440 678 409 678 415 678 440 679 434 679 409 679 441 680 416 680 422 680 441 681 410 681 416 681 441 682 435 682 410 682 442 683 436 683 417 683 443 684 412 684 418 684 443 685 437 685 412 685 444 686 413 686 419 686 444 687 324 687 438 687 444 688 438 688 413 688 445 689 439 689 167 689 445 690 167 690 168 690 445 691 168 691 171 691 446 692 415 692 421 692 446 693 440 693 415 693 446 694 421 694 427 694 447 695 441 695 422 695 448 696 423 696 429 696 448 697 417 697 423 697 448 698 442 698 417 698 449 699 443 699 418 699 449 700 418 700 424 700 449 701 424 701 430 701 450 702 444 702 419 702 450 703 324 703 444 703 450 704 419 704 425 704 451 705 445 705 171 705 451 706 171 706 172 706 451 707 172 707 175 707 452 708 446 708 427 708 452 709 427 709 433 709 453 710 447 710 422 710 453 711 422 711 428 711 454 712 448 712 429 712 455 713 449 713 430 713 456 714 324 714 450 714 456 715 450 715 425 715 456 716 425 716 431 716 456 717 431 717 437 717 457 718 451 718 175 718 457 719 175 719 177 719 457 720 177 720 179 720 458 721 452 721 433 721 459 722 453 722 428 722 459 723 428 723 434 723 460 724 429 724 435 724 460 725 454 725 429 725 461 726 455 726 430 726 461 727 430 727 436 727 462 728 456 728 437 728 462 729 324 729 456 729 463 730 457 730 179 730 463 731 179 731 181 731 463 732 181 732 183 732 464 733 439 733 445 733 464 734 458 734 433 734 464 735 433 735 439 735 465 736 434 736 440 736 465 737 440 737 446 737 465 738 459 738 434 738 466 739 435 739 441 739 466 740 441 740 447 740 466 741 460 741 435 741 467 742 461 742 436 742 467 743 436 743 442 743 468 744 324 744 462 744 468 745 437 745 443 745 468 746 462 746 437 746 469 747 463 747 183 747 469 748 183 748 184 748 469 749 184 749 187 749 470 750 464 750 445 750 471 751 446 751 452 751 471 752 465 752 446 752 472 753 447 753 453 753 472 754 466 754 447 754 473 755 442 755 448 755 473 756 467 756 442 756 473 757 448 757 454 757 474 758 468 758 443 758 474 759 449 759 455 759 474 760 443 760 449 760 474 761 324 761 468 761 475 762 187 762 189 762 475 763 189 763 191 763 475 764 469 764 187 764 476 765 445 765 451 765 476 766 470 766 445 766 477 767 471 767 452 767 478 768 472 768 453 768 479 769 473 769 454 769 480 770 324 770 474 770 480 771 474 771 455 771 481 772 191 772 192 772 481 773 192 773 195 773 481 774 475 774 191 774 482 775 476 775 451 775 482 776 451 776 457 776 482 777 457 777 463 777 483 778 477 778 452 778 483 779 452 779 458 779 483 780 458 780 464 780 484 781 478 781 453 781 484 782 459 782 465 782 484 783 453 783 459 783 485 784 454 784 460 784 485 785 479 785 454 785 486 786 324 786 480 786 486 787 480 787 455 787 486 788 455 788 461 788 486 789 461 789 467 789 487 790 195 790 196 790 487 791 196 791 199 791 487 792 481 792 195 792 488 793 482 793 463 793 489 794 483 794 464 794 490 795 465 795 471 795 490 796 484 796 465 796 491 797 485 797 460 797 491 798 460 798 466 798 491 799 466 799 472 799 492 800 324 800 486 800 492 801 486 801 467 801 493 802 199 802 201 802 493 803 201 803 202 803 493 804 487 804 199 804 494 805 463 805 469 805 494 806 488 806 463 806 494 807 469 807 475 807 495 808 464 808 470 808 495 809 470 809 476 809 495 810 489 810 464 810 496 811 490 811 471 811 497 812 491 812 472 812 498 813 324 813 492 813 498 814 473 814 479 814 498 815 492 815 467 815 498 816 467 816 473 816 499 817 202 817 204 817 499 818 204 818 207 818 499 819 493 819 202 819 500 820 475 820 481 820 500 821 494 821 475 821 501 822 495 822 476 822 502 823 471 823 477 823 502 824 477 824 483 824 502 825 496 825 471 825 503 826 478 826 484 826 503 827 497 827 472 827 503 828 472 828 478 828 504 829 498 829 479 829 504 830 324 830 498 830 505 831 207 831 209 831 505 832 209 832 211 832 505 833 499 833 207 833 506 834 500 834 481 834 507 835 476 835 482 835 507 836 501 836 476 836 508 837 483 837 489 837 508 838 502 838 483 838 509 839 503 839 484 839 509 840 484 840 490 840 510 841 324 841 504 841 510 842 479 842 485 842 510 843 504 843 479 843 511 844 211 844 213 844 511 845 213 845 215 845 511 846 505 846 211 846 512 847 506 847 481 847 512 848 481 848 487 848 512 849 487 849 493 849 513 850 507 850 482 850 513 851 488 851 494 851 513 852 482 852 488 852 514 853 508 853 489 853 515 854 509 854 490 854 516 855 485 855 491 855 516 856 324 856 510 856 516 857 491 857 497 857 516 858 510 858 485 858 517 859 511 859 215 859 517 860 215 860 217 860 517 861 217 861 218 861 518 862 512 862 493 862 519 863 513 863 494 863 520 864 489 864 495 864 520 865 495 865 501 865 520 866 514 866 489 866 521 867 496 867 502 867 521 868 515 868 490 868 521 869 490 869 496 869 522 870 516 870 497 870 522 871 324 871 516 871 523 872 218 872 221 872 523 873 221 873 223 873 523 874 517 874 218 874 524 875 518 875 493 875 524 876 493 876 499 876 525 877 500 877 506 877 525 878 519 878 494 878 525 879 494 879 500 879 526 880 520 880 501 880 527 881 521 881 502 881 527 882 502 882 508 882 528 883 497 883 503 883 528 884 503 884 509 884 528 885 522 885 497 885 528 886 324 886 522 886 529 887 223 887 224 887 529 888 224 888 226 888 529 889 523 889 223 889 530 890 499 890 505 890 530 891 524 891 499 891 530 892 505 892 511 892 531 893 525 893 506 893 532 894 501 894 507 894 532 895 526 895 501 895 533 896 527 896 508 896 534 897 528 897 509 897 534 898 509 898 515 898 534 899 324 899 528 899 535 900 529 900 226 900 535 901 226 901 229 901 535 902 229 902 230 902 536 903 530 903 511 903 537 904 531 904 506 904 537 905 512 905 518 905 537 906 506 906 512 906 538 907 532 907 507 907 538 908 507 908 513 908 539 909 508 909 514 909 539 910 514 910 520 910 539 911 533 911 508 911 540 912 534 912 515 912 540 913 324 913 534 913 541 914 230 914 233 914 541 915 233 915 235 915 541 916 535 916 230 916 542 917 511 917 517 917 542 918 536 918 511 918 543 919 537 919 518 919 543 920 518 920 524 920 544 921 538 921 513 921 544 922 519 922 525 922 544 923 513 923 519 923 545 924 520 924 526 924 545 925 539 925 520 925 546 926 515 926 521 926 546 927 521 927 527 927 546 928 540 928 515 928 546 929 324 929 540 929 547 930 235 930 236 930 547 931 236 931 239 931 547 932 541 932 235 932 548 933 542 933 517 933 548 934 517 934 523 934 549 935 543 935 524 935 550 936 525 936 531 936 550 937 544 937 525 937 551 938 545 938 526 938 552 939 546 939 527 939 552 940 324 940 546 940 552 941 527 941 533 941 553 942 239 942 241 942 553 943 241 943 243 943 553 944 547 944 239 944 554 945 548 945 523 945 554 946 529 946 535 946 554 947 523 947 529 947 555 948 530 948 536 948 555 949 549 949 524 949 555 950 524 950 530 950 556 951 550 951 531 951 557 952 551 952 526 952 557 953 526 953 532 953 557 954 532 954 538 954 558 955 324 955 552 955 558 956 552 956 533 956 559 957 243 957 244 957 559 958 244 958 247 958 559 959 553 959 243 959 560 960 554 960 535 960 561 961 555 961 536 961 562 962 556 962 531 962 562 963 531 963 537 963 563 964 557 964 538 964 564 965 533 965 539 965 564 966 558 966 533 966 564 967 324 967 558 967 565 968 247 968 249 968 565 969 249 969 251 969 565 970 251 970 252 970 565 971 559 971 247 971 566 972 541 972 547 972 566 973 560 973 535 973 566 974 535 974 541 974 567 975 536 975 542 975 567 976 561 976 536 976 567 977 542 977 548 977 568 978 537 978 543 978 568 979 562 979 537 979 568 980 543 980 549 980 569 981 538 981 544 981 569 982 563 982 538 982 569 983 544 983 550 983 570 984 564 984 539 984 570 985 539 985 545 985 570 986 545 986 551 986 570 987 324 987 564 987 571 988 547 988 553 988 571 989 566 989 547 989 572 990 567 990 548 990 573 991 568 991 549 991 573 992 549 992 555 992 574 993 569 993 550 993 574 994 550 994 556 994 575 995 324 995 570 995 575 996 570 996 551 996 576 997 571 997 553 997 577 998 572 998 548 998 577 999 548 999 554 999 577 1000 554 1000 560 1000 578 1001 573 1001 555 1001 579 1002 574 1002 556 1002 580 1003 575 1003 551 1003 580 1004 324 1004 575 1004 580 1005 551 1005 557 1005 580 1006 557 1006 563 1006 581 1007 576 1007 553 1007 581 1008 553 1008 559 1008 582 1009 577 1009 560 1009 582 1010 560 1010 566 1010 583 1011 555 1011 561 1011 583 1012 578 1012 555 1012 583 1013 561 1013 567 1013 584 1014 579 1014 556 1014 584 1015 556 1015 562 1015 585 1016 324 1016 580 1016 585 1017 580 1017 563 1017 586 1018 252 1018 259 1018 586 1019 581 1019 559 1019 586 1020 565 1020 252 1020 586 1021 559 1021 565 1021 587 1022 582 1022 566 1022 588 1023 567 1023 572 1023 588 1024 583 1024 567 1024 589 1025 568 1025 573 1025 589 1026 584 1026 562 1026 589 1027 562 1027 568 1027 590 1028 585 1028 563 1028 590 1029 324 1029 585 1029 590 1030 563 1030 569 1030 590 1031 569 1031 574 1031 591 1032 566 1032 571 1032 591 1033 587 1033 566 1033 591 1034 571 1034 576 1034 592 1035 588 1035 572 1035 593 1036 589 1036 573 1036 594 1037 574 1037 579 1037 594 1038 590 1038 574 1038 594 1039 324 1039 590 1039 595 1040 591 1040 576 1040 596 1041 572 1041 577 1041 596 1042 577 1042 582 1042 596 1043 592 1043 572 1043 597 1044 578 1044 583 1044 597 1045 573 1045 578 1045 597 1046 593 1046 573 1046 598 1047 594 1047 579 1047 598 1048 324 1048 594 1048 599 1049 595 1049 576 1049 599 1050 576 1050 581 1050 599 1051 581 1051 586 1051 600 1052 582 1052 587 1052 600 1053 596 1053 582 1053 601 1054 597 1054 583 1054 601 1055 583 1055 588 1055 602 1056 584 1056 589 1056 602 1057 598 1057 579 1057 602 1058 579 1058 584 1058 602 1059 324 1059 598 1059 603 1060 259 1060 260 1060 603 1061 586 1061 259 1061 603 1062 599 1062 586 1062 604 1063 587 1063 591 1063 604 1064 600 1064 587 1064 605 1065 601 1065 588 1065 606 1066 602 1066 589 1066 606 1067 324 1067 602 1067 606 1068 589 1068 593 1068 607 1069 604 1069 591 1069 608 1070 588 1070 592 1070 608 1071 605 1071 588 1071 609 1072 606 1072 593 1072 609 1073 324 1073 606 1073 610 1074 607 1074 591 1074 610 1075 595 1075 599 1075 610 1076 591 1076 595 1076 611 1077 592 1077 596 1077 611 1078 596 1078 600 1078 611 1079 608 1079 592 1079 612 1080 324 1080 609 1080 612 1081 593 1081 597 1081 612 1082 597 1082 601 1082 612 1083 609 1083 593 1083 613 1084 599 1084 603 1084 613 1085 610 1085 599 1085 614 1086 611 1086 600 1086 615 1087 324 1087 612 1087 615 1088 612 1088 601 1088 615 1089 601 1089 605 1089 616 1090 613 1090 603 1090 616 1091 260 1091 283 1091 616 1092 603 1092 260 1092 617 1093 614 1093 600 1093 617 1094 600 1094 604 1094 617 1095 604 1095 607 1095 618 1096 615 1096 605 1096 618 1097 324 1097 615 1097 619 1098 617 1098 607 1098 619 1099 607 1099 610 1099 620 1100 605 1100 608 1100 620 1101 618 1101 605 1101 620 1102 324 1102 618 1102 621 1103 619 1103 610 1103 622 1104 608 1104 611 1104 622 1105 611 1105 614 1105 622 1106 620 1106 608 1106 622 1107 324 1107 620 1107 623 1108 610 1108 613 1108 623 1109 613 1109 616 1109 623 1110 621 1110 610 1110 624 1111 622 1111 614 1111 624 1112 324 1112 622 1112 625 1113 623 1113 616 1113 625 1114 283 1114 284 1114 625 1115 616 1115 283 1115 626 1116 614 1116 617 1116 626 1117 624 1117 614 1117 626 1118 617 1118 619 1118 626 1119 324 1119 624 1119 627 1120 619 1120 621 1120 627 1121 324 1121 626 1121 627 1122 626 1122 619 1122 628 1123 324 1123 627 1123 628 1124 627 1124 621 1124 629 1125 621 1125 623 1125 629 1126 623 1126 625 1126 629 1127 628 1127 621 1127 629 1128 324 1128 628 1128 630 1129 284 1129 302 1129 630 1130 302 1130 324 1130 630 1131 625 1131 284 1131 630 1132 324 1132 629 1132 630 1133 629 1133 625 1133 631 1134 632 1134 633 1134 1 1135 0 1135 634 1135 631 1136 635 1136 632 1136 0 1137 250 1137 634 1137 636 1138 633 1138 637 1138 636 1139 637 1139 638 1139 636 1140 631 1140 633 1140 639 1141 638 1141 640 1141 639 1142 640 1142 641 1142 639 1143 636 1143 638 1143 642 1144 641 1144 643 1144 642 1145 643 1145 644 1145 642 1146 639 1146 641 1146 645 1147 646 1147 631 1147 645 1148 631 1148 636 1148 647 1149 644 1149 648 1149 647 1150 648 1150 649 1150 647 1151 642 1151 644 1151 650 1152 636 1152 639 1152 650 1153 645 1153 636 1153 651 1154 649 1154 652 1154 651 1155 652 1155 653 1155 651 1156 647 1156 649 1156 654 1157 639 1157 642 1157 654 1158 650 1158 639 1158 655 1159 656 1159 646 1159 655 1160 646 1160 645 1160 657 1161 653 1161 658 1161 657 1162 658 1162 659 1162 657 1163 651 1163 653 1163 660 1164 654 1164 642 1164 660 1165 642 1165 647 1165 661 1166 645 1166 650 1166 661 1167 655 1167 645 1167 662 1168 659 1168 663 1168 662 1169 663 1169 664 1169 662 1170 657 1170 659 1170 665 1171 660 1171 647 1171 665 1172 647 1172 651 1172 666 1173 650 1173 654 1173 666 1174 661 1174 650 1174 667 1175 664 1175 668 1175 667 1176 668 1176 669 1176 667 1177 662 1177 664 1177 670 1178 1 1178 634 1178 670 1179 4 1179 1 1179 670 1180 6 1180 4 1180 670 1181 634 1181 656 1181 670 1182 656 1182 655 1182 671 1183 665 1183 651 1183 671 1184 651 1184 657 1184 672 1185 666 1185 654 1185 672 1186 654 1186 660 1186 673 1187 669 1187 674 1187 673 1188 674 1188 675 1188 673 1189 667 1189 669 1189 676 1190 655 1190 661 1190 676 1191 9 1191 6 1191 676 1192 11 1192 9 1192 676 1193 670 1193 655 1193 676 1194 6 1194 670 1194 677 1195 657 1195 662 1195 677 1196 671 1196 657 1196 678 1197 672 1197 660 1197 678 1198 660 1198 665 1198 679 1199 675 1199 680 1199 679 1200 680 1200 681 1200 679 1201 673 1201 675 1201 682 1202 12 1202 11 1202 682 1203 15 1203 12 1203 682 1204 676 1204 661 1204 682 1205 11 1205 676 1205 682 1206 661 1206 666 1206 682 1207 666 1207 672 1207 683 1208 662 1208 667 1208 683 1209 677 1209 662 1209 684 1210 678 1210 665 1210 684 1211 665 1211 671 1211 685 1212 679 1212 681 1212 685 1213 681 1213 686 1213 685 1214 686 1214 687 1214 688 1215 682 1215 672 1215 688 1216 17 1216 15 1216 688 1217 18 1217 17 1217 688 1218 15 1218 682 1218 689 1219 667 1219 673 1219 689 1220 683 1220 667 1220 690 1221 684 1221 671 1221 690 1222 671 1222 677 1222 691 1223 685 1223 687 1223 691 1224 687 1224 692 1224 691 1225 692 1225 693 1225 694 1226 672 1226 678 1226 694 1227 20 1227 18 1227 694 1228 22 1228 20 1228 694 1229 688 1229 672 1229 694 1230 18 1230 688 1230 695 1231 689 1231 673 1231 695 1232 673 1232 679 1232 696 1233 677 1233 683 1233 696 1234 690 1234 677 1234 697 1235 693 1235 698 1235 697 1236 698 1236 699 1236 697 1237 691 1237 693 1237 700 1238 24 1238 22 1238 700 1239 27 1239 24 1239 700 1240 22 1240 694 1240 700 1241 678 1241 684 1241 700 1242 694 1242 678 1242 701 1243 695 1243 679 1243 701 1244 679 1244 685 1244 701 1245 685 1245 691 1245 702 1246 683 1246 689 1246 702 1247 696 1247 683 1247 703 1248 699 1248 704 1248 703 1249 704 1249 705 1249 703 1250 697 1250 699 1250 706 1251 27 1251 700 1251 706 1252 28 1252 27 1252 706 1253 30 1253 28 1253 706 1254 684 1254 690 1254 706 1255 700 1255 684 1255 707 1256 701 1256 691 1256 708 1257 689 1257 695 1257 708 1258 702 1258 689 1258 709 1259 703 1259 705 1259 709 1260 705 1260 710 1260 709 1261 710 1261 711 1261 712 1262 690 1262 696 1262 712 1263 32 1263 30 1263 712 1264 34 1264 32 1264 712 1265 30 1265 706 1265 712 1266 706 1266 690 1266 713 1267 691 1267 697 1267 713 1268 707 1268 691 1268 714 1269 695 1269 701 1269 714 1270 708 1270 695 1270 715 1271 711 1271 716 1271 715 1272 716 1272 717 1272 715 1273 709 1273 711 1273 718 1274 37 1274 34 1274 718 1275 38 1275 37 1275 718 1276 696 1276 702 1276 718 1277 712 1277 696 1277 718 1278 34 1278 712 1278 719 1279 697 1279 703 1279 719 1280 713 1280 697 1280 720 1281 701 1281 707 1281 720 1282 714 1282 701 1282 721 1283 715 1283 717 1283 721 1284 717 1284 722 1284 721 1285 722 1285 723 1285 724 1286 718 1286 702 1286 724 1287 702 1287 708 1287 724 1288 38 1288 718 1288 724 1289 41 1289 38 1289 724 1290 42 1290 41 1290 725 1291 719 1291 703 1291 725 1292 703 1292 709 1292 726 1293 707 1293 713 1293 726 1294 720 1294 707 1294 726 1295 713 1295 719 1295 727 1296 723 1296 728 1296 727 1297 728 1297 729 1297 727 1298 721 1298 723 1298 730 1299 708 1299 714 1299 730 1300 724 1300 708 1300 730 1301 45 1301 42 1301 730 1302 47 1302 45 1302 730 1303 714 1303 720 1303 730 1304 42 1304 724 1304 731 1305 709 1305 715 1305 731 1306 715 1306 721 1306 731 1307 725 1307 709 1307 732 1308 726 1308 719 1308 733 1309 729 1309 734 1309 733 1310 734 1310 735 1310 733 1311 727 1311 729 1311 736 1312 730 1312 720 1312 736 1313 47 1313 730 1313 736 1314 48 1314 47 1314 736 1315 51 1315 48 1315 737 1316 721 1316 727 1316 737 1317 731 1317 721 1317 738 1318 732 1318 719 1318 738 1319 719 1319 725 1319 739 1320 735 1320 740 1320 739 1321 740 1321 741 1321 739 1322 733 1322 735 1322 742 1323 720 1323 726 1323 742 1324 51 1324 736 1324 742 1325 52 1325 51 1325 742 1326 54 1326 52 1326 742 1327 736 1327 720 1327 743 1328 737 1328 727 1328 744 1329 738 1329 725 1329 744 1330 725 1330 731 1330 744 1331 731 1331 737 1331 745 1332 741 1332 746 1332 745 1333 746 1333 747 1333 745 1334 739 1334 741 1334 748 1335 726 1335 732 1335 748 1336 742 1336 726 1336 748 1337 56 1337 54 1337 748 1338 59 1338 56 1338 748 1339 54 1339 742 1339 749 1340 743 1340 727 1340 749 1341 727 1341 733 1341 750 1342 737 1342 743 1342 750 1343 744 1343 737 1343 751 1344 747 1344 752 1344 751 1345 752 1345 753 1345 751 1346 745 1346 747 1346 754 1347 732 1347 738 1347 754 1348 60 1348 59 1348 754 1349 62 1349 60 1349 754 1350 748 1350 732 1350 754 1351 59 1351 748 1351 755 1352 733 1352 739 1352 755 1353 749 1353 733 1353 756 1354 750 1354 743 1354 757 1355 753 1355 758 1355 757 1356 758 1356 759 1356 757 1357 751 1357 753 1357 760 1358 62 1358 754 1358 760 1359 738 1359 744 1359 760 1360 754 1360 738 1360 760 1361 64 1361 62 1361 760 1362 66 1362 64 1362 761 1363 739 1363 745 1363 761 1364 755 1364 739 1364 762 1365 756 1365 743 1365 762 1366 743 1366 749 1366 763 1367 759 1367 764 1367 763 1368 764 1368 765 1368 763 1369 757 1369 759 1369 766 1370 760 1370 744 1370 766 1371 68 1371 66 1371 766 1372 744 1372 750 1372 766 1373 71 1373 68 1373 766 1374 66 1374 760 1374 766 1375 750 1375 756 1375 767 1376 745 1376 751 1376 767 1377 761 1377 745 1377 768 1378 762 1378 749 1378 768 1379 749 1379 755 1379 769 1380 763 1380 765 1380 769 1381 765 1381 770 1381 769 1382 770 1382 771 1382 772 1383 766 1383 756 1383 772 1384 71 1384 766 1384 772 1385 73 1385 71 1385 772 1386 74 1386 73 1386 773 1387 751 1387 757 1387 773 1388 767 1388 751 1388 774 1389 768 1389 755 1389 774 1390 755 1390 761 1390 774 1391 761 1391 767 1391 775 1392 769 1392 771 1392 775 1393 771 1393 776 1393 775 1394 776 1394 777 1394 778 1395 756 1395 762 1395 778 1396 76 1396 74 1396 778 1397 78 1397 76 1397 778 1398 74 1398 772 1398 778 1399 772 1399 756 1399 779 1400 773 1400 757 1400 779 1401 757 1401 763 1401 780 1402 774 1402 767 1402 781 1403 777 1403 782 1403 781 1404 782 1404 783 1404 781 1405 775 1405 777 1405 784 1406 78 1406 778 1406 784 1407 762 1407 768 1407 784 1408 778 1408 762 1408 784 1409 80 1409 78 1409 784 1410 82 1410 80 1410 785 1411 779 1411 763 1411 785 1412 763 1412 769 1412 786 1413 780 1413 767 1413 786 1414 767 1414 773 1414 787 1415 783 1415 788 1415 787 1416 781 1416 783 1416 787 1417 788 1417 789 1417 790 1418 768 1418 774 1418 790 1419 774 1419 780 1419 790 1420 82 1420 784 1420 790 1421 784 1421 768 1421 790 1422 84 1422 82 1422 790 1423 87 1423 84 1423 791 1424 769 1424 775 1424 791 1425 785 1425 769 1425 792 1426 773 1426 779 1426 792 1427 786 1427 773 1427 793 1428 789 1428 794 1428 793 1429 794 1429 795 1429 793 1430 787 1430 789 1430 796 1431 87 1431 790 1431 796 1432 88 1432 87 1432 796 1433 90 1433 88 1433 796 1434 780 1434 786 1434 796 1435 790 1435 780 1435 797 1436 791 1436 775 1436 797 1437 775 1437 781 1437 798 1438 779 1438 785 1438 798 1439 792 1439 779 1439 798 1440 785 1440 791 1440 799 1441 795 1441 800 1441 799 1442 800 1442 801 1442 799 1443 793 1443 795 1443 802 1444 90 1444 796 1444 802 1445 93 1445 90 1445 802 1446 94 1446 93 1446 802 1447 796 1447 786 1447 803 1448 797 1448 781 1448 803 1449 781 1449 787 1449 804 1450 798 1450 791 1450 805 1451 799 1451 801 1451 805 1452 801 1452 806 1452 805 1453 806 1453 807 1453 808 1454 94 1454 802 1454 808 1455 802 1455 786 1455 808 1456 786 1456 792 1456 808 1457 96 1457 94 1457 808 1458 99 1458 96 1458 809 1459 793 1459 799 1459 809 1460 803 1460 787 1460 809 1461 787 1461 793 1461 810 1462 791 1462 797 1462 810 1463 804 1463 791 1463 811 1464 805 1464 807 1464 811 1465 807 1465 812 1465 811 1466 812 1466 813 1466 814 1467 99 1467 808 1467 814 1468 798 1468 804 1468 814 1469 808 1469 792 1469 814 1470 100 1470 99 1470 814 1471 102 1471 100 1471 814 1472 792 1472 798 1472 815 1473 809 1473 799 1473 816 1474 797 1474 803 1474 816 1475 810 1475 797 1475 817 1476 811 1476 813 1476 817 1477 813 1477 818 1477 817 1478 818 1478 819 1478 820 1479 102 1479 814 1479 820 1480 814 1480 804 1480 820 1481 105 1481 102 1481 820 1482 106 1482 105 1482 821 1483 805 1483 811 1483 821 1484 799 1484 805 1484 821 1485 815 1485 799 1485 822 1486 803 1486 809 1486 822 1487 816 1487 803 1487 823 1488 819 1488 824 1488 823 1489 824 1489 825 1489 823 1490 817 1490 819 1490 826 1491 820 1491 804 1491 826 1492 810 1492 816 1492 826 1493 106 1493 820 1493 826 1494 108 1494 106 1494 826 1495 110 1495 108 1495 826 1496 804 1496 810 1496 827 1497 821 1497 811 1497 828 1498 815 1498 821 1498 828 1499 809 1499 815 1499 828 1500 822 1500 809 1500 829 1501 823 1501 825 1501 829 1502 825 1502 830 1502 829 1503 830 1503 831 1503 832 1504 816 1504 822 1504 832 1505 110 1505 826 1505 832 1506 826 1506 816 1506 832 1507 113 1507 110 1507 832 1508 114 1508 113 1508 833 1509 811 1509 817 1509 833 1510 827 1510 811 1510 834 1511 828 1511 821 1511 835 1512 829 1512 831 1512 835 1513 831 1513 836 1513 835 1514 836 1514 837 1514 838 1515 114 1515 832 1515 838 1516 832 1516 822 1516 838 1517 822 1517 828 1517 838 1518 116 1518 114 1518 838 1519 119 1519 116 1519 839 1520 817 1520 823 1520 839 1521 833 1521 817 1521 840 1522 834 1522 821 1522 840 1523 821 1523 827 1523 841 1524 835 1524 837 1524 841 1525 837 1525 842 1525 841 1526 842 1526 843 1526 844 1527 838 1527 828 1527 844 1528 119 1528 838 1528 844 1529 120 1529 119 1529 844 1530 122 1530 120 1530 845 1531 839 1531 823 1531 845 1532 823 1532 829 1532 846 1533 827 1533 833 1533 846 1534 840 1534 827 1534 847 1535 841 1535 843 1535 847 1536 843 1536 848 1536 847 1537 848 1537 849 1537 850 1538 828 1538 834 1538 850 1539 125 1539 122 1539 850 1540 834 1540 840 1540 850 1541 844 1541 828 1541 850 1542 126 1542 125 1542 850 1543 122 1543 844 1543 851 1544 845 1544 829 1544 851 1545 829 1545 835 1545 852 1546 833 1546 839 1546 852 1547 839 1547 845 1547 852 1548 846 1548 833 1548 853 1549 847 1549 849 1549 853 1550 849 1550 854 1550 853 1551 854 1551 855 1551 856 1552 850 1552 840 1552 856 1553 126 1553 850 1553 856 1554 128 1554 126 1554 856 1555 131 1555 128 1555 857 1556 851 1556 835 1556 857 1557 835 1557 841 1557 858 1558 852 1558 845 1558 859 1559 853 1559 855 1559 859 1560 855 1560 860 1560 859 1561 860 1561 861 1561 862 1562 840 1562 846 1562 862 1563 131 1563 856 1563 862 1564 856 1564 840 1564 862 1565 846 1565 852 1565 862 1566 132 1566 131 1566 862 1567 135 1567 132 1567 863 1568 857 1568 841 1568 863 1569 841 1569 847 1569 864 1570 845 1570 851 1570 864 1571 858 1571 845 1571 865 1572 859 1572 861 1572 865 1573 861 1573 866 1573 865 1574 866 1574 867 1574 868 1575 862 1575 852 1575 868 1576 852 1576 858 1576 868 1577 135 1577 862 1577 868 1578 136 1578 135 1578 868 1579 139 1579 136 1579 869 1580 863 1580 847 1580 869 1581 853 1581 859 1581 869 1582 847 1582 853 1582 870 1583 851 1583 857 1583 870 1584 864 1584 851 1584 871 1585 865 1585 867 1585 871 1586 867 1586 872 1586 871 1587 872 1587 873 1587 874 1588 142 1588 140 1588 874 1589 868 1589 858 1589 874 1590 139 1590 868 1590 874 1591 140 1591 139 1591 875 1592 869 1592 859 1592 876 1593 857 1593 863 1593 876 1594 870 1594 857 1594 877 1595 871 1595 873 1595 877 1596 873 1596 878 1596 877 1597 878 1597 879 1597 880 1598 144 1598 142 1598 880 1599 146 1599 144 1599 880 1600 858 1600 864 1600 880 1601 864 1601 870 1601 880 1602 874 1602 858 1602 880 1603 142 1603 874 1603 881 1604 859 1604 865 1604 881 1605 875 1605 859 1605 882 1606 863 1606 869 1606 882 1607 876 1607 863 1607 883 1608 877 1608 879 1608 883 1609 879 1609 884 1609 883 1610 884 1610 885 1610 886 1611 148 1611 146 1611 886 1612 151 1612 148 1612 886 1613 146 1613 880 1613 886 1614 880 1614 870 1614 887 1615 865 1615 871 1615 887 1616 881 1616 865 1616 888 1617 869 1617 875 1617 888 1618 875 1618 881 1618 888 1619 882 1619 869 1619 889 1620 883 1620 885 1620 889 1621 885 1621 890 1621 889 1622 890 1622 891 1622 892 1623 152 1623 151 1623 892 1624 154 1624 152 1624 892 1625 870 1625 876 1625 892 1626 876 1626 882 1626 892 1627 151 1627 886 1627 892 1628 886 1628 870 1628 893 1629 887 1629 871 1629 893 1630 871 1630 877 1630 894 1631 888 1631 881 1631 895 1632 889 1632 891 1632 895 1633 891 1633 896 1633 895 1634 896 1634 897 1634 898 1635 157 1635 154 1635 898 1636 158 1636 157 1636 898 1637 892 1637 882 1637 898 1638 154 1638 892 1638 899 1639 877 1639 883 1639 899 1640 893 1640 877 1640 900 1641 894 1641 881 1641 900 1642 887 1642 893 1642 900 1643 881 1643 887 1643 901 1644 895 1644 897 1644 901 1645 897 1645 902 1645 901 1646 902 1646 903 1646 904 1647 882 1647 888 1647 904 1648 160 1648 158 1648 904 1649 898 1649 882 1649 904 1650 163 1650 160 1650 904 1651 158 1651 898 1651 904 1652 888 1652 894 1652 905 1653 899 1653 883 1653 905 1654 883 1654 889 1654 906 1655 900 1655 893 1655 906 1656 893 1656 899 1656 907 1657 901 1657 903 1657 907 1658 903 1658 908 1658 907 1659 908 1659 909 1659 910 1660 163 1660 904 1660 910 1661 164 1661 163 1661 910 1662 166 1662 164 1662 910 1663 904 1663 894 1663 911 1664 905 1664 889 1664 911 1665 889 1665 895 1665 912 1666 906 1666 899 1666 913 1667 907 1667 909 1667 913 1668 909 1668 914 1668 913 1669 914 1669 915 1669 916 1670 894 1670 900 1670 916 1671 169 1671 166 1671 916 1672 170 1672 169 1672 916 1673 910 1673 894 1673 916 1674 166 1674 910 1674 917 1675 895 1675 901 1675 917 1676 911 1676 895 1676 918 1677 899 1677 905 1677 918 1678 912 1678 899 1678 919 1679 920 1679 921 1679 919 1680 913 1680 915 1680 919 1681 915 1681 920 1681 922 1682 173 1682 170 1682 922 1683 174 1683 173 1683 922 1684 916 1684 900 1684 922 1685 900 1685 906 1685 922 1686 170 1686 916 1686 923 1687 917 1687 901 1687 923 1688 901 1688 907 1688 924 1689 911 1689 917 1689 924 1690 918 1690 905 1690 924 1691 905 1691 911 1691 925 1692 921 1692 926 1692 925 1693 926 1693 927 1693 925 1694 919 1694 921 1694 928 1695 174 1695 922 1695 928 1696 176 1696 174 1696 928 1697 178 1697 176 1697 928 1698 906 1698 912 1698 928 1699 922 1699 906 1699 929 1700 907 1700 913 1700 929 1701 923 1701 907 1701 929 1702 913 1702 919 1702 930 1703 924 1703 917 1703 931 1704 927 1704 932 1704 931 1705 932 1705 933 1705 931 1706 925 1706 927 1706 934 1707 180 1707 178 1707 934 1708 182 1708 180 1708 934 1709 912 1709 918 1709 934 1710 178 1710 928 1710 934 1711 928 1711 912 1711 935 1712 929 1712 919 1712 936 1713 917 1713 923 1713 936 1714 930 1714 917 1714 937 1715 931 1715 933 1715 937 1716 933 1716 938 1716 937 1717 938 1717 939 1717 940 1718 185 1718 182 1718 940 1719 186 1719 185 1719 940 1720 918 1720 924 1720 940 1721 182 1721 934 1721 940 1722 934 1722 918 1722 941 1723 935 1723 919 1723 941 1724 925 1724 931 1724 941 1725 919 1725 925 1725 942 1726 929 1726 935 1726 942 1727 923 1727 929 1727 942 1728 936 1728 923 1728 943 1729 939 1729 944 1729 943 1730 944 1730 945 1730 943 1731 937 1731 939 1731 946 1732 188 1732 186 1732 946 1733 190 1733 188 1733 946 1734 924 1734 930 1734 946 1735 186 1735 940 1735 946 1736 940 1736 924 1736 947 1737 941 1737 931 1737 948 1738 942 1738 935 1738 949 1739 945 1739 950 1739 949 1740 950 1740 951 1740 949 1741 943 1741 945 1741 952 1742 190 1742 946 1742 952 1743 946 1743 930 1743 952 1744 193 1744 190 1744 952 1745 194 1745 193 1745 952 1746 930 1746 936 1746 953 1747 947 1747 931 1747 953 1748 931 1748 937 1748 954 1749 948 1749 935 1749 954 1750 935 1750 941 1750 955 1751 949 1751 951 1751 955 1752 951 1752 956 1752 955 1753 956 1753 957 1753 958 1754 936 1754 942 1754 958 1755 942 1755 948 1755 958 1756 197 1756 194 1756 958 1757 198 1757 197 1757 958 1758 952 1758 936 1758 958 1759 194 1759 952 1759 959 1760 937 1760 943 1760 959 1761 953 1761 937 1761 959 1762 943 1762 949 1762 960 1763 947 1763 953 1763 960 1764 954 1764 941 1764 960 1765 941 1765 947 1765 961 1766 957 1766 962 1766 961 1767 962 1767 963 1767 961 1768 955 1768 957 1768 964 1769 200 1769 198 1769 964 1770 203 1770 200 1770 964 1771 198 1771 958 1771 964 1772 958 1772 948 1772 965 1773 959 1773 949 1773 966 1774 960 1774 953 1774 967 1775 963 1775 968 1775 967 1776 968 1776 969 1776 967 1777 961 1777 963 1777 970 1778 948 1778 954 1778 970 1779 964 1779 948 1779 970 1780 205 1780 203 1780 970 1781 206 1781 205 1781 970 1782 203 1782 964 1782 971 1783 949 1783 955 1783 971 1784 965 1784 949 1784 972 1785 966 1785 953 1785 972 1786 953 1786 959 1786 972 1787 959 1787 965 1787 973 1788 969 1788 974 1788 973 1789 974 1789 975 1789 973 1790 967 1790 969 1790 976 1791 206 1791 970 1791 976 1792 954 1792 960 1792 976 1793 208 1793 206 1793 976 1794 210 1794 208 1794 976 1795 970 1795 954 1795 976 1796 960 1796 966 1796 977 1797 955 1797 961 1797 977 1798 971 1798 955 1798 978 1799 972 1799 965 1799 979 1800 975 1800 980 1800 979 1801 980 1801 981 1801 979 1802 973 1802 975 1802 982 1803 212 1803 210 1803 982 1804 214 1804 212 1804 982 1805 210 1805 976 1805 982 1806 976 1806 966 1806 983 1807 977 1807 961 1807 983 1808 961 1808 967 1808 984 1809 965 1809 971 1809 984 1810 971 1810 977 1810 984 1811 978 1811 965 1811 985 1812 981 1812 986 1812 985 1813 986 1813 987 1813 985 1814 979 1814 981 1814 988 1815 216 1815 214 1815 988 1816 219 1816 216 1816 988 1817 982 1817 966 1817 988 1818 966 1818 972 1818 988 1819 214 1819 982 1819 989 1820 967 1820 973 1820 989 1821 983 1821 967 1821 990 1822 984 1822 977 1822 991 1823 987 1823 992 1823 991 1824 992 1824 635 1824 991 1825 631 1825 646 1825 991 1826 635 1826 631 1826 991 1827 985 1827 987 1827 993 1828 220 1828 219 1828 993 1829 222 1829 220 1829 993 1830 972 1830 978 1830 993 1831 219 1831 988 1831 993 1832 988 1832 972 1832 994 1833 973 1833 979 1833 994 1834 989 1834 973 1834 995 1835 990 1835 977 1835 995 1836 977 1836 983 1836 996 1837 993 1837 978 1837 996 1838 225 1838 222 1838 996 1839 227 1839 225 1839 996 1840 978 1840 984 1840 996 1841 222 1841 993 1841 997 1842 994 1842 979 1842 997 1843 979 1843 985 1843 998 1844 995 1844 983 1844 998 1845 983 1845 989 1845 999 1846 984 1846 990 1846 999 1847 228 1847 227 1847 999 1848 231 1848 228 1848 999 1849 227 1849 996 1849 999 1850 996 1850 984 1850 1000 1851 991 1851 646 1851 1000 1852 985 1852 991 1852 1000 1853 997 1853 985 1853 1000 1854 646 1854 656 1854 1001 1855 994 1855 997 1855 1001 1856 998 1856 989 1856 1001 1857 989 1857 994 1857 1002 1858 995 1858 998 1858 1002 1859 231 1859 999 1859 1002 1860 232 1860 231 1860 1002 1861 234 1861 232 1861 1002 1862 999 1862 990 1862 1002 1863 990 1863 995 1863 1003 1864 1001 1864 997 1864 1004 1865 234 1865 1002 1865 1004 1866 1002 1866 998 1866 1004 1867 237 1867 234 1867 1004 1868 238 1868 237 1868 1005 1869 1003 1869 997 1869 1005 1870 1000 1870 656 1870 1005 1871 997 1871 1000 1871 1006 1872 998 1872 1001 1872 1006 1873 1004 1873 998 1873 1006 1874 1001 1874 1003 1874 1006 1875 240 1875 238 1875 1006 1876 242 1876 240 1876 1006 1877 238 1877 1004 1877 1007 1878 1006 1878 1003 1878 1007 1879 242 1879 1006 1879 1007 1880 245 1880 242 1880 1007 1881 246 1881 245 1881 1008 1882 1003 1882 1005 1882 1008 1883 656 1883 634 1883 1008 1884 1005 1884 656 1884 1008 1885 1007 1885 1003 1885 1008 1886 246 1886 1007 1886 1008 1887 248 1887 246 1887 1008 1888 250 1888 248 1888 1008 1889 634 1889 250 1889 1009 1890 1010 1890 632 1890 632 1891 1010 1891 633 1891 633 1892 1011 1892 637 1892 637 1893 1011 1893 638 1893 1010 1894 1011 1894 633 1894 1011 1895 1012 1895 638 1895 638 1896 1013 1896 640 1896 640 1897 1013 1897 641 1897 1012 1898 1013 1898 638 1898 1013 1899 1014 1899 641 1899 641 1900 1015 1900 643 1900 1014 1901 1015 1901 641 1901 643 1902 1016 1902 644 1902 644 1903 1016 1903 648 1903 1015 1904 1016 1904 643 1904 1016 1905 1017 1905 648 1905 648 1906 1018 1906 649 1906 1017 1907 1018 1907 648 1907 649 1908 1019 1908 652 1908 1018 1909 1019 1909 649 1909 1019 1910 1020 1910 652 1910 652 1911 1020 1911 653 1911 653 1912 1020 1912 658 1912 1020 1913 1021 1913 658 1913 1021 1914 1022 1914 658 1914 658 1915 1022 1915 659 1915 1022 1916 1023 1916 659 1916 659 1917 1023 1917 663 1917 663 1918 1024 1918 664 1918 664 1919 1024 1919 668 1919 1023 1920 1024 1920 663 1920 1024 1921 1025 1921 668 1921 668 1922 1026 1922 669 1922 1025 1923 1026 1923 668 1923 669 1924 1027 1924 674 1924 674 1925 1027 1925 675 1925 1026 1926 1027 1926 669 1926 1027 1927 1028 1927 675 1927 675 1928 1029 1928 680 1928 1028 1929 1029 1929 675 1929 680 1930 1030 1930 681 1930 1029 1931 1030 1931 680 1931 681 1932 1031 1932 686 1932 1030 1933 1031 1933 681 1933 686 1934 1032 1934 687 1934 1031 1935 1032 1935 686 1935 687 1936 1033 1936 692 1936 1032 1937 1033 1937 687 1937 692 1938 1034 1938 693 1938 1033 1939 1034 1939 692 1939 693 1940 1035 1940 698 1940 1034 1941 1035 1941 693 1941 698 1942 1036 1942 699 1942 1035 1943 1036 1943 698 1943 699 1944 1037 1944 704 1944 704 1945 1037 1945 705 1945 1036 1946 1037 1946 699 1946 1037 1947 1038 1947 705 1947 705 1948 1039 1948 710 1948 1038 1949 1039 1949 705 1949 710 1950 1040 1950 711 1950 1039 1951 1040 1951 710 1951 711 1952 1041 1952 716 1952 1040 1953 1041 1953 711 1953 716 1954 1042 1954 717 1954 1041 1955 1042 1955 716 1955 717 1956 1043 1956 722 1956 1042 1957 1043 1957 717 1957 722 1958 1044 1958 723 1958 1043 1959 1044 1959 722 1959 723 1960 1045 1960 728 1960 1044 1961 1045 1961 723 1961 728 1962 1046 1962 729 1962 729 1963 1046 1963 734 1963 1045 1964 1046 1964 728 1964 1046 1965 1047 1965 734 1965 734 1966 1047 1966 735 1966 1047 1967 1048 1967 735 1967 1048 1968 1049 1968 735 1968 735 1969 1049 1969 740 1969 1049 1970 1050 1970 740 1970 740 1971 1050 1971 741 1971 1050 1972 1051 1972 741 1972 741 1973 1051 1973 746 1973 1051 1974 1052 1974 746 1974 746 1975 1052 1975 747 1975 1052 1976 1053 1976 747 1976 747 1977 1053 1977 752 1977 1053 1978 1054 1978 752 1978 752 1979 1054 1979 753 1979 1054 1980 1055 1980 753 1980 753 1981 1055 1981 758 1981 758 1982 1055 1982 759 1982 1055 1983 1056 1983 759 1983 759 1984 1057 1984 764 1984 1056 1985 1057 1985 759 1985 764 1986 1058 1986 765 1986 1057 1987 1058 1987 764 1987 765 1988 1059 1988 770 1988 770 1989 1059 1989 771 1989 1058 1990 1059 1990 765 1990 1059 1991 1060 1991 771 1991 771 1992 1061 1992 776 1992 776 1993 1061 1993 777 1993 1060 1994 1061 1994 771 1994 1061 1995 1062 1995 777 1995 777 1996 1063 1996 782 1996 782 1997 1063 1997 783 1997 1062 1998 1063 1998 777 1998 1063 1999 1064 1999 783 1999 783 2000 1065 2000 788 2000 1064 2001 1065 2001 783 2001 788 2002 1066 2002 789 2002 789 2003 1066 2003 794 2003 1065 2004 1066 2004 788 2004 1066 2005 1067 2005 794 2005 794 2006 1068 2006 795 2006 1067 2007 1068 2007 794 2007 795 2008 1069 2008 800 2008 1068 2009 1069 2009 795 2009 800 2010 1070 2010 801 2010 1069 2011 1070 2011 800 2011 1070 2012 1071 2012 801 2012 801 2013 1071 2013 806 2013 806 2014 1071 2014 807 2014 1071 2015 1072 2015 807 2015 807 2016 1072 2016 812 2016 1072 2017 1073 2017 812 2017 1073 2018 1074 2018 812 2018 812 2019 1074 2019 813 2019 813 2020 1074 2020 818 2020 1074 2021 1075 2021 818 2021 818 2022 1075 2022 819 2022 1075 2023 1076 2023 819 2023 819 2024 1076 2024 824 2024 1076 2025 1077 2025 824 2025 1077 2026 1078 2026 824 2026 824 2027 1078 2027 825 2027 825 2028 1078 2028 830 2028 1078 2029 1079 2029 830 2029 1079 2030 1080 2030 830 2030 830 2031 1080 2031 831 2031 1080 2032 1081 2032 831 2032 831 2033 1081 2033 836 2033 836 2034 1081 2034 837 2034 1081 2035 1082 2035 837 2035 1082 2036 1083 2036 837 2036 837 2037 1083 2037 842 2037 1083 2038 1084 2038 842 2038 842 2039 1084 2039 843 2039 1084 2040 1085 2040 843 2040 843 2041 1085 2041 848 2041 848 2042 1085 2042 849 2042 1085 2043 1086 2043 849 2043 1086 2044 1087 2044 849 2044 849 2045 1087 2045 854 2045 1087 2046 1088 2046 854 2046 854 2047 1088 2047 855 2047 855 2048 1088 2048 860 2048 1088 2049 1089 2049 860 2049 1089 2050 1090 2050 860 2050 860 2051 1090 2051 861 2051 1090 2052 1091 2052 861 2052 861 2053 1091 2053 866 2053 866 2054 1092 2054 867 2054 1091 2055 1092 2055 866 2055 867 2056 1092 2056 872 2056 1092 2057 1093 2057 872 2057 872 2058 1094 2058 873 2058 1093 2059 1094 2059 872 2059 873 2060 1095 2060 878 2060 1094 2061 1095 2061 873 2061 878 2062 1096 2062 879 2062 1095 2063 1096 2063 878 2063 1096 2064 1097 2064 879 2064 879 2065 1097 2065 884 2065 1097 2066 1098 2066 884 2066 884 2067 1098 2067 885 2067 1098 2068 1099 2068 885 2068 885 2069 1099 2069 890 2069 1099 2070 1100 2070 890 2070 890 2071 1100 2071 891 2071 891 2072 1100 2072 896 2072 1100 2073 1101 2073 896 2073 1101 2074 1102 2074 896 2074 896 2075 1102 2075 897 2075 1102 2076 1103 2076 897 2076 897 2077 1103 2077 902 2077 1103 2078 1104 2078 902 2078 902 2079 1104 2079 903 2079 1104 2080 1105 2080 903 2080 903 2081 1105 2081 908 2081 1105 2082 1106 2082 908 2082 908 2083 1106 2083 909 2083 1106 2084 1107 2084 909 2084 909 2085 1107 2085 914 2085 1107 2086 1108 2086 914 2086 914 2087 1108 2087 915 2087 915 2088 1109 2088 920 2088 1108 2089 1109 2089 915 2089 920 2090 1110 2090 921 2090 1109 2091 1110 2091 920 2091 921 2092 1111 2092 926 2092 1110 2093 1111 2093 921 2093 926 2094 1112 2094 927 2094 1111 2095 1112 2095 926 2095 927 2096 1113 2096 932 2096 932 2097 1113 2097 933 2097 1112 2098 1113 2098 927 2098 1113 2099 1114 2099 933 2099 933 2100 1115 2100 938 2100 1114 2101 1115 2101 933 2101 938 2102 1116 2102 939 2102 1115 2103 1116 2103 938 2103 939 2104 1117 2104 944 2104 1116 2105 1117 2105 939 2105 944 2106 1118 2106 945 2106 1117 2107 1118 2107 944 2107 945 2108 1119 2108 950 2108 1118 2109 1119 2109 945 2109 950 2110 1120 2110 951 2110 1119 2111 1120 2111 950 2111 1120 2112 1121 2112 951 2112 951 2113 1121 2113 956 2113 1121 2114 1122 2114 956 2114 956 2115 1122 2115 957 2115 1122 2116 1123 2116 957 2116 957 2117 1123 2117 962 2117 1123 2118 1124 2118 962 2118 962 2119 1124 2119 963 2119 1124 2120 1125 2120 963 2120 963 2121 1125 2121 968 2121 968 2122 1126 2122 969 2122 1125 2123 1126 2123 968 2123 969 2124 1127 2124 974 2124 1126 2125 1127 2125 969 2125 974 2126 1128 2126 975 2126 975 2127 1128 2127 980 2127 1127 2128 1128 2128 974 2128 1128 2129 1129 2129 980 2129 980 2130 1130 2130 981 2130 1129 2131 1130 2131 980 2131 981 2132 1131 2132 986 2132 1130 2133 1131 2133 981 2133 986 2134 1132 2134 987 2134 1131 2135 1132 2135 986 2135 987 2136 1133 2136 992 2136 1132 2137 1133 2137 987 2137 992 2138 1134 2138 635 2138 635 2139 1134 2139 632 2139 1133 2140 1134 2140 992 2140 1134 2141 1009 2141 632 2141 1087 2142 1135 2142 1088 2142 1089 2143 1088 2143 1135 2143 1086 2144 1135 2144 1087 2144 1090 2145 1089 2145 1135 2145 1085 2146 1135 2146 1086 2146 1091 2147 1090 2147 1135 2147 1084 2148 1135 2148 1085 2148 1092 2149 1091 2149 1135 2149 1083 2150 1135 2150 1084 2150 1093 2151 1092 2151 1135 2151 1082 2152 1135 2152 1083 2152 1094 2153 1093 2153 1135 2153 1081 2154 1135 2154 1082 2154 1095 2155 1094 2155 1135 2155 1080 2156 1135 2156 1081 2156 1096 2157 1095 2157 1135 2157 1079 2158 1135 2158 1080 2158 1097 2159 1096 2159 1135 2159 1078 2160 1135 2160 1079 2160 1098 2161 1097 2161 1135 2161 1077 2162 1135 2162 1078 2162 1099 2163 1098 2163 1135 2163 1100 2164 1099 2164 1135 2164 1101 2165 1100 2165 1135 2165 1102 2166 1101 2166 1135 2166 1103 2167 1102 2167 1135 2167 1104 2168 1135 2168 1136 2168 1104 2169 1103 2169 1135 2169 1105 2170 1104 2170 1136 2170 1106 2171 1105 2171 1136 2171 1107 2172 1106 2172 1136 2172 1108 2173 1107 2173 1136 2173 1109 2174 1108 2174 1136 2174 1110 2175 1109 2175 1136 2175 1111 2176 1110 2176 1136 2176 1112 2177 1111 2177 1136 2177 1113 2178 1112 2178 1136 2178 1114 2179 1113 2179 1136 2179 1115 2180 1114 2180 1136 2180 1116 2181 1115 2181 1136 2181 1117 2182 1116 2182 1136 2182 1118 2183 1117 2183 1136 2183 1119 2184 1118 2184 1136 2184 1120 2185 1119 2185 1136 2185 1121 2186 1120 2186 1136 2186 1122 2187 1121 2187 1136 2187 1123 2188 1122 2188 1136 2188 1124 2189 1123 2189 1136 2189 1125 2190 1124 2190 1136 2190 1126 2191 1125 2191 1136 2191 1127 2192 1126 2192 1136 2192 1128 2193 1127 2193 1136 2193 1129 2194 1128 2194 1136 2194 1130 2195 1129 2195 1136 2195 1137 2196 1042 2196 1041 2196 1137 2197 1043 2197 1042 2197 1137 2198 1044 2198 1043 2198 1137 2199 1045 2199 1044 2199 1137 2200 1046 2200 1045 2200 1137 2201 1047 2201 1046 2201 1137 2202 1048 2202 1047 2202 1137 2203 1049 2203 1048 2203 1137 2204 1050 2204 1049 2204 1137 2205 1051 2205 1050 2205 1137 2206 1052 2206 1051 2206 1137 2207 1053 2207 1052 2207 1137 2208 1054 2208 1053 2208 1137 2209 1055 2209 1054 2209 1137 2210 1056 2210 1055 2210 1137 2211 1057 2211 1056 2211 1137 2212 1058 2212 1057 2212 1137 2213 1059 2213 1058 2213 1137 2214 1060 2214 1059 2214 1137 2215 1061 2215 1060 2215 1137 2216 1062 2216 1061 2216 1137 2217 1063 2217 1062 2217 1137 2218 1064 2218 1063 2218 1137 2219 1065 2219 1064 2219 1137 2220 1066 2220 1065 2220 1137 2221 1067 2221 1066 2221 1137 2222 1068 2222 1067 2222 1137 2223 1069 2223 1068 2223 1138 2224 1013 2224 1012 2224 1138 2225 1014 2225 1013 2225 1138 2226 1015 2226 1014 2226 1138 2227 1016 2227 1015 2227 1138 2228 1017 2228 1016 2228 1138 2229 1018 2229 1017 2229 1138 2230 1019 2230 1018 2230 1138 2231 1020 2231 1019 2231 1138 2232 1021 2232 1020 2232 1138 2233 1022 2233 1021 2233 1138 2234 1023 2234 1022 2234 1138 2235 1024 2235 1023 2235 1138 2236 1025 2236 1024 2236 1138 2237 1026 2237 1025 2237 1138 2238 1027 2238 1026 2238 1138 2239 1028 2239 1027 2239 1138 2240 1029 2240 1028 2240 1138 2241 1030 2241 1029 2241 1138 2242 1031 2242 1030 2242 1138 2243 1032 2243 1031 2243 1138 2244 1033 2244 1032 2244 1138 2245 1034 2245 1033 2245 1138 2246 1035 2246 1034 2246 1138 2247 1036 2247 1035 2247 1138 2248 1037 2248 1036 2248 1138 2249 1038 2249 1037 2249 1138 2250 1039 2250 1038 2250 1138 2251 1040 2251 1039 2251 1138 2252 1041 2252 1040 2252 1138 2253 1137 2253 1041 2253 1136 2254 1138 2254 1009 2254 1009 2255 1138 2255 1010 2255 1010 2256 1138 2256 1011 2256 1011 2257 1138 2257 1012 2257 1136 2258 1009 2258 1134 2258 1136 2259 1134 2259 1133 2259 1136 2260 1133 2260 1132 2260 1136 2261 1132 2261 1131 2261 1136 2262 1131 2262 1130 2262 1137 2263 1135 2263 1072 2263 1072 2264 1135 2264 1073 2264 1073 2265 1135 2265 1074 2265 1074 2266 1135 2266 1075 2266 1075 2267 1135 2267 1076 2267 1076 2268 1135 2268 1077 2268 1137 2269 1072 2269 1071 2269 1137 2270 1071 2270 1070 2270 1137 2271 1070 2271 1069 2271 1139 2272 1140 2272 1135 2272 1135 2273 1140 2273 1136 2273 1141 2274 1139 2274 1137 2274 1137 2275 1139 2275 1135 2275 1140 2276 1142 2276 1136 2276 1136 2277 1142 2277 1138 2277 1142 2278 1141 2278 1138 2278 1138 2279 1141 2279 1137 2279 1143 2280 1144 2280 1145 2280 1143 2281 1146 2281 1144 2281 1147 2282 1144 2282 1146 2282 1148 2283 1143 2283 1145 2283 1149 2284 1144 2284 1147 2284 1150 2285 1148 2285 1145 2285 1151 2286 1144 2286 1149 2286 1152 2287 1150 2287 1145 2287 1153 2288 1144 2288 1151 2288 1154 2289 1152 2289 1145 2289 1155 2290 1144 2290 1153 2290 1156 2291 1154 2291 1145 2291 1157 2292 1144 2292 1155 2292 1158 2293 1156 2293 1145 2293 1159 2294 1158 2294 1145 2294 1160 2295 1144 2295 1157 2295 1161 2296 1158 2296 1159 2296 1162 2297 1144 2297 1160 2297 1163 2298 1161 2298 1159 2298 1164 2299 1144 2299 1162 2299 1165 2300 1163 2300 1159 2300 1166 2301 1144 2301 1164 2301 1167 2302 1165 2302 1159 2302 1168 2303 1144 2303 1166 2303 1169 2304 1167 2304 1159 2304 1170 2305 1144 2305 1168 2305 1171 2306 1144 2306 1170 2306 1172 2307 1144 2307 1171 2307 1173 2308 1144 2308 1172 2308 1174 2309 1144 2309 1173 2309 1175 2310 1145 2310 1144 2310 1176 2311 1144 2311 1174 2311 1177 2312 1144 2312 1176 2312 1178 2313 1144 2313 1177 2313 1179 2314 1144 2314 1178 2314 1180 2315 1144 2315 1179 2315 1181 2316 1182 2316 1183 2316 1184 2317 1182 2317 1181 2317 1185 2318 1144 2318 1180 2318 1186 2319 1184 2319 1181 2319 1187 2320 1186 2320 1181 2320 1188 2321 1181 2321 1175 2321 1188 2322 1187 2322 1181 2322 1189 2323 1188 2323 1175 2323 1190 2324 1189 2324 1175 2324 1191 2325 1190 2325 1175 2325 1192 2326 1191 2326 1175 2326 1193 2327 1192 2327 1175 2327 1194 2328 1193 2328 1175 2328 1195 2329 1194 2329 1175 2329 1196 2330 1195 2330 1175 2330 1139 2331 1197 2331 1198 2331 1139 2332 1199 2332 1197 2332 1139 2333 1200 2333 1199 2333 1139 2334 1201 2334 1200 2334 1139 2335 1202 2335 1201 2335 1139 2336 1203 2336 1202 2336 1139 2337 1204 2337 1203 2337 1139 2338 1205 2338 1204 2338 1139 2339 1206 2339 1205 2339 1139 2340 1207 2340 1206 2340 1139 2341 1208 2341 1207 2341 1139 2342 1209 2342 1196 2342 1139 2343 1210 2343 1208 2343 1139 2344 1211 2344 1209 2344 1139 2345 1212 2345 1210 2345 1139 2346 1213 2346 1211 2346 1139 2347 1214 2347 1213 2347 1139 2348 1215 2348 1214 2348 1139 2349 1216 2349 1215 2349 1139 2350 1217 2350 1216 2350 1139 2351 1218 2351 1217 2351 1139 2352 1219 2352 1218 2352 1139 2353 1220 2353 1219 2353 1139 2354 1221 2354 1220 2354 1139 2355 1222 2355 1221 2355 1139 2356 1223 2356 1222 2356 1139 2357 1224 2357 1223 2357 1139 2358 1198 2358 1224 2358 1139 2359 1196 2359 1175 2359 1225 2360 1175 2360 1144 2360 1225 2361 1139 2361 1175 2361 1226 2362 1144 2362 1185 2362 1226 2363 1227 2363 1228 2363 1226 2364 1229 2364 1227 2364 1226 2365 1230 2365 1229 2365 1226 2366 1231 2366 1230 2366 1226 2367 1232 2367 1231 2367 1226 2368 1233 2368 1232 2368 1226 2369 1234 2369 1233 2369 1226 2370 1235 2370 1234 2370 1226 2371 1236 2371 1235 2371 1226 2372 1237 2372 1236 2372 1226 2373 1238 2373 1237 2373 1226 2374 1239 2374 1238 2374 1226 2375 1240 2375 1239 2375 1226 2376 1241 2376 1240 2376 1226 2377 1242 2377 1241 2377 1226 2378 1243 2378 1242 2378 1226 2379 1244 2379 1243 2379 1226 2380 1245 2380 1244 2380 1226 2381 1246 2381 1245 2381 1226 2382 1247 2382 1246 2382 1226 2383 1248 2383 1247 2383 1226 2384 1249 2384 1248 2384 1226 2385 1250 2385 1249 2385 1226 2386 1251 2386 1250 2386 1226 2387 1252 2387 1251 2387 1226 2388 1253 2388 1252 2388 1226 2389 1254 2389 1253 2389 1226 2390 1185 2390 1254 2390 1140 2391 1139 2391 1225 2391 1141 2392 1226 2392 1228 2392 1141 2393 1255 2393 1212 2393 1141 2394 1256 2394 1255 2394 1141 2395 1257 2395 1256 2395 1141 2396 1258 2396 1257 2396 1141 2397 1259 2397 1258 2397 1141 2398 1260 2398 1259 2398 1141 2399 1261 2399 1260 2399 1141 2400 1262 2400 1261 2400 1141 2401 1263 2401 1262 2401 1141 2402 1264 2402 1263 2402 1141 2403 1265 2403 1264 2403 1141 2404 1266 2404 1265 2404 1141 2405 1267 2405 1266 2405 1141 2406 1268 2406 1267 2406 1141 2407 1269 2407 1268 2407 1141 2408 1228 2408 1269 2408 1141 2409 1212 2409 1139 2409 1270 2410 1140 2410 1225 2410 1270 2411 1141 2411 1142 2411 1270 2412 1142 2412 1140 2412 1270 2413 1226 2413 1141 2413 1159 2414 1271 2414 1272 2414 1159 2415 1272 2415 1273 2415 1159 2416 1273 2416 1274 2416 1159 2417 1274 2417 1169 2417 1271 2418 1181 2418 1275 2418 1275 2419 1181 2419 1276 2419 1276 2420 1181 2420 1277 2420 1277 2421 1181 2421 1183 2421 1278 2422 1279 2422 1144 2422 1144 2423 1279 2423 1225 2423 1280 2424 1278 2424 1226 2424 1226 2425 1278 2425 1144 2425 1279 2426 1281 2426 1225 2426 1225 2427 1281 2427 1270 2427 1281 2428 1280 2428 1270 2428 1270 2429 1280 2429 1226 2429 1282 2430 1271 2430 1159 2430 1283 2431 1181 2431 1271 2431 1283 2432 1271 2432 1282 2432 1282 2433 1159 2433 1145 2433 1282 2434 1416 2434 1415 2434 1284 2435 1416 2435 1282 2435 1284 2436 1282 2436 1145 2436 1175 2437 1284 2437 1145 2437 1175 2438 1285 2438 1284 2438 1283 2439 1175 2439 1181 2439 1283 2440 1414 2440 1413 2440 1285 2441 1283 2441 1413 2441 1285 2442 1175 2442 1283 2442 1198 2443 1197 2443 1286 2443 1286 2444 1197 2444 1287 2444 1197 2445 1199 2445 1287 2445 1287 2446 1199 2446 1288 2446 1199 2447 1200 2447 1288 2447 1288 2448 1200 2448 1289 2448 1289 2449 1200 2449 1290 2449 1200 2450 1201 2450 1290 2450 1290 2451 1202 2451 1291 2451 1201 2452 1202 2452 1290 2452 1291 2453 1203 2453 1292 2453 1202 2454 1203 2454 1291 2454 1292 2455 1204 2455 1293 2455 1203 2456 1204 2456 1292 2456 1293 2457 1205 2457 1294 2457 1204 2458 1205 2458 1293 2458 1294 2459 1206 2459 1295 2459 1205 2460 1206 2460 1294 2460 1295 2461 1207 2461 1296 2461 1206 2462 1207 2462 1295 2462 1296 2463 1208 2463 1297 2463 1207 2464 1208 2464 1296 2464 1208 2465 1210 2465 1297 2465 1297 2466 1210 2466 1298 2466 1298 2467 1210 2467 1299 2467 1299 2468 1212 2468 1300 2468 1210 2469 1212 2469 1299 2469 1212 2470 1255 2470 1300 2470 1255 2471 1256 2471 1300 2471 1300 2472 1256 2472 1301 2472 1301 2473 1257 2473 1302 2473 1302 2474 1257 2474 1303 2474 1256 2475 1257 2475 1301 2475 1257 2476 1258 2476 1303 2476 1303 2477 1259 2477 1304 2477 1304 2478 1259 2478 1305 2478 1258 2479 1259 2479 1303 2479 1259 2480 1260 2480 1305 2480 1305 2481 1261 2481 1306 2481 1260 2482 1261 2482 1305 2482 1306 2483 1262 2483 1307 2483 1261 2484 1262 2484 1306 2484 1307 2485 1263 2485 1308 2485 1262 2486 1263 2486 1307 2486 1308 2487 1264 2487 1309 2487 1263 2488 1264 2488 1308 2488 1309 2489 1265 2489 1310 2489 1264 2490 1265 2490 1309 2490 1310 2491 1266 2491 1311 2491 1265 2492 1266 2492 1310 2492 1311 2493 1267 2493 1312 2493 1266 2494 1267 2494 1311 2494 1312 2495 1268 2495 1313 2495 1313 2496 1268 2496 1314 2496 1267 2497 1268 2497 1312 2497 1268 2498 1269 2498 1314 2498 1314 2499 1228 2499 1315 2499 1315 2500 1228 2500 1316 2500 1269 2501 1228 2501 1314 2501 1316 2502 1227 2502 1317 2502 1228 2503 1227 2503 1316 2503 1227 2504 1229 2504 1317 2504 1317 2505 1230 2505 1318 2505 1229 2506 1230 2506 1317 2506 1318 2507 1231 2507 1319 2507 1319 2508 1231 2508 1320 2508 1230 2509 1231 2509 1318 2509 1231 2510 1232 2510 1320 2510 1320 2511 1233 2511 1321 2511 1232 2512 1233 2512 1320 2512 1321 2513 1234 2513 1322 2513 1233 2514 1234 2514 1321 2514 1234 2515 1235 2515 1322 2515 1322 2516 1235 2516 1323 2516 1235 2517 1236 2517 1323 2517 1323 2518 1236 2518 1324 2518 1236 2519 1237 2519 1324 2519 1324 2520 1237 2520 1325 2520 1237 2521 1238 2521 1325 2521 1325 2522 1238 2522 1326 2522 1238 2523 1239 2523 1326 2523 1326 2524 1239 2524 1327 2524 1239 2525 1240 2525 1327 2525 1327 2526 1240 2526 1328 2526 1240 2527 1241 2527 1328 2527 1328 2528 1241 2528 1329 2528 1241 2529 1242 2529 1329 2529 1329 2530 1242 2530 1330 2530 1242 2531 1243 2531 1330 2531 1330 2532 1243 2532 1331 2532 1331 2533 1243 2533 1332 2533 1243 2534 1244 2534 1332 2534 1244 2535 1245 2535 1332 2535 1332 2536 1245 2536 1333 2536 1333 2537 1245 2537 1334 2537 1245 2538 1246 2538 1334 2538 1334 2539 1247 2539 1335 2539 1246 2540 1247 2540 1334 2540 1335 2541 1248 2541 1336 2541 1247 2542 1248 2542 1335 2542 1336 2543 1249 2543 1337 2543 1248 2544 1249 2544 1336 2544 1337 2545 1250 2545 1338 2545 1249 2546 1250 2546 1337 2546 1338 2547 1251 2547 1339 2547 1339 2548 1251 2548 1340 2548 1250 2549 1251 2549 1338 2549 1251 2550 1252 2550 1340 2550 1340 2551 1253 2551 1341 2551 1252 2552 1253 2552 1340 2552 1341 2553 1254 2553 1342 2553 1342 2554 1254 2554 1343 2554 1253 2555 1254 2555 1341 2555 1254 2556 1185 2556 1343 2556 1343 2557 1180 2557 1344 2557 1185 2558 1180 2558 1343 2558 1344 2559 1179 2559 1345 2559 1180 2560 1179 2560 1344 2560 1345 2561 1178 2561 1346 2561 1346 2562 1178 2562 1347 2562 1179 2563 1178 2563 1345 2563 1178 2564 1177 2564 1347 2564 1177 2565 1176 2565 1347 2565 1347 2566 1176 2566 1348 2566 1176 2567 1174 2567 1348 2567 1348 2568 1174 2568 1349 2568 1174 2569 1173 2569 1349 2569 1349 2570 1173 2570 1350 2570 1173 2571 1172 2571 1350 2571 1350 2572 1172 2572 1351 2572 1351 2573 1172 2573 1352 2573 1172 2574 1171 2574 1352 2574 1352 2575 1171 2575 1353 2575 1171 2576 1170 2576 1353 2576 1170 2577 1168 2577 1353 2577 1353 2578 1168 2578 1354 2578 1168 2579 1166 2579 1354 2579 1354 2580 1166 2580 1355 2580 1166 2581 1164 2581 1355 2581 1355 2582 1164 2582 1356 2582 1164 2583 1162 2583 1356 2583 1356 2584 1162 2584 1357 2584 1162 2585 1160 2585 1357 2585 1357 2586 1160 2586 1358 2586 1160 2587 1157 2587 1358 2587 1358 2588 1157 2588 1359 2588 1157 2589 1155 2589 1359 2589 1359 2590 1155 2590 1360 2590 1155 2591 1153 2591 1360 2591 1360 2592 1153 2592 1361 2592 1153 2593 1151 2593 1361 2593 1361 2594 1151 2594 1362 2594 1151 2595 1149 2595 1362 2595 1362 2596 1149 2596 1363 2596 1149 2597 1147 2597 1363 2597 1363 2598 1147 2598 1364 2598 1364 2599 1146 2599 1365 2599 1147 2600 1146 2600 1364 2600 1365 2601 1143 2601 1366 2601 1146 2602 1143 2602 1365 2602 1366 2603 1148 2603 1367 2603 1143 2604 1148 2604 1366 2604 1367 2605 1150 2605 1368 2605 1148 2606 1150 2606 1367 2606 1368 2607 1152 2607 1369 2607 1150 2608 1152 2608 1368 2608 1369 2609 1154 2609 1370 2609 1152 2610 1154 2610 1369 2610 1370 2611 1156 2611 1371 2611 1154 2612 1156 2612 1370 2612 1371 2613 1158 2613 1372 2613 1156 2614 1158 2614 1371 2614 1158 2615 1161 2615 1372 2615 1372 2616 1161 2616 1373 2616 1161 2617 1163 2617 1373 2617 1373 2618 1163 2618 1374 2618 1163 2619 1165 2619 1374 2619 1374 2620 1165 2620 1375 2620 1165 2621 1167 2621 1375 2621 1375 2622 1167 2622 1376 2622 1376 2623 1167 2623 1377 2623 1167 2624 1169 2624 1377 2624 1169 2625 1274 2625 1377 2625 1377 2626 1274 2626 1378 2626 1378 2627 1274 2627 1379 2627 1274 2628 1273 2628 1379 2628 1273 2629 1272 2629 1379 2629 1379 2630 1272 2630 1380 2630 1272 2631 1271 2631 1380 2631 1380 2632 1271 2632 1381 2632 1381 2633 1271 2633 1382 2633 1271 2634 1275 2634 1382 2634 1275 2635 1276 2635 1382 2635 1382 2636 1276 2636 1383 2636 1276 2637 1277 2637 1383 2637 1383 2638 1277 2638 1384 2638 1277 2639 1183 2639 1384 2639 1384 2640 1183 2640 1385 2640 1183 2641 1182 2641 1385 2641 1385 2642 1182 2642 1386 2642 1386 2643 1182 2643 1387 2643 1182 2644 1184 2644 1387 2644 1387 2645 1184 2645 1388 2645 1184 2646 1186 2646 1388 2646 1388 2647 1186 2647 1389 2647 1186 2648 1187 2648 1389 2648 1187 2649 1188 2649 1389 2649 1389 2650 1188 2650 1390 2650 1188 2651 1189 2651 1390 2651 1390 2652 1189 2652 1391 2652 1391 2653 1190 2653 1392 2653 1189 2654 1190 2654 1391 2654 1392 2655 1191 2655 1393 2655 1190 2656 1191 2656 1392 2656 1393 2657 1192 2657 1394 2657 1191 2658 1192 2658 1393 2658 1394 2659 1193 2659 1395 2659 1395 2660 1193 2660 1396 2660 1192 2661 1193 2661 1394 2661 1193 2662 1194 2662 1396 2662 1396 2663 1195 2663 1397 2663 1397 2664 1195 2664 1398 2664 1194 2665 1195 2665 1396 2665 1195 2666 1196 2666 1398 2666 1398 2667 1209 2667 1399 2667 1399 2668 1209 2668 1400 2668 1196 2669 1209 2669 1398 2669 1209 2670 1211 2670 1400 2670 1400 2671 1213 2671 1401 2671 1211 2672 1213 2672 1400 2672 1401 2673 1214 2673 1402 2673 1213 2674 1214 2674 1401 2674 1402 2675 1215 2675 1403 2675 1403 2676 1215 2676 1404 2676 1214 2677 1215 2677 1402 2677 1215 2678 1216 2678 1404 2678 1404 2679 1217 2679 1405 2679 1405 2680 1217 2680 1406 2680 1216 2681 1217 2681 1404 2681 1217 2682 1218 2682 1406 2682 1406 2683 1219 2683 1407 2683 1218 2684 1219 2684 1406 2684 1407 2685 1220 2685 1408 2685 1219 2686 1220 2686 1407 2686 1408 2687 1221 2687 1409 2687 1220 2688 1221 2688 1408 2688 1409 2689 1222 2689 1410 2689 1221 2690 1222 2690 1409 2690 1410 2691 1223 2691 1411 2691 1222 2692 1223 2692 1410 2692 1411 2693 1224 2693 1412 2693 1223 2694 1224 2694 1411 2694 1412 2695 1198 2695 1286 2695 1224 2696 1198 2696 1412 2696 1278 2697 1280 2697 1279 2697 1280 2698 1281 2698 1279 2698 1414 2699 1283 2699 1415 2699 1283 2700 1282 2700 1415 2700 1413 2701 1284 2701 1285 2701 1416 2702 1284 2702 1413 2702 1413 2703 1414 2703 1415 2703 1413 2704 1415 2704 1416 2704 1363 2705 1364 2705 1365 2705 1368 2706 1366 2706 1367 2706 1361 2707 1362 2707 1363 2707 1371 2708 1368 2708 1369 2708 1371 2709 1369 2709 1370 2709 1372 2710 1363 2710 1365 2710 1372 2711 1361 2711 1363 2711 1372 2712 1366 2712 1368 2712 1372 2713 1368 2713 1371 2713 1372 2714 1365 2714 1366 2714 1373 2715 1361 2715 1372 2715 1373 2716 1360 2716 1361 2716 1357 2717 1358 2717 1359 2717 1356 2718 1357 2718 1359 2718 1375 2719 1373 2719 1374 2719 1376 2720 1373 2720 1375 2720 1354 2721 1356 2721 1359 2721 1354 2722 1355 2722 1356 2722 1354 2723 1359 2723 1360 2723 1353 2724 1354 2724 1360 2724 1351 2725 1352 2725 1353 2725 1351 2726 1353 2726 1360 2726 1381 2727 1376 2727 1377 2727 1381 2728 1377 2728 1378 2728 1381 2729 1378 2729 1379 2729 1381 2730 1379 2730 1380 2730 1382 2731 1376 2731 1381 2731 1348 2732 1349 2732 1350 2732 1383 2733 1373 2733 1376 2733 1383 2734 1376 2734 1382 2734 1347 2735 1360 2735 1373 2735 1347 2736 1350 2736 1351 2736 1347 2737 1351 2737 1360 2737 1347 2738 1348 2738 1350 2738 1385 2739 1383 2739 1384 2739 1344 2740 1345 2740 1346 2740 1343 2741 1344 2741 1346 2741 1343 2742 1346 2742 1347 2742 1388 2743 1386 2743 1387 2743 1388 2744 1385 2744 1386 2744 1342 2745 1343 2745 1347 2745 1341 2746 1347 2746 1373 2746 1341 2747 1342 2747 1347 2747 1390 2748 1388 2748 1389 2748 1390 2749 1383 2749 1385 2749 1390 2750 1385 2750 1388 2750 1339 2751 1340 2751 1341 2751 1392 2752 1390 2752 1391 2752 1337 2753 1339 2753 1341 2753 1337 2754 1338 2754 1339 2754 1336 2755 1337 2755 1341 2755 1396 2756 1394 2756 1395 2756 1397 2757 1392 2757 1393 2757 1397 2758 1393 2758 1394 2758 1397 2759 1390 2759 1392 2759 1397 2760 1394 2760 1396 2760 1398 2761 1390 2761 1397 2761 1332 2762 1333 2762 1334 2762 1399 2763 1390 2763 1398 2763 1331 2764 1334 2764 1335 2764 1331 2765 1332 2765 1334 2765 1402 2766 1399 2766 1400 2766 1402 2767 1400 2767 1401 2767 1402 2768 1390 2768 1399 2768 1328 2769 1329 2769 1330 2769 1327 2770 1328 2770 1330 2770 1404 2771 1402 2771 1403 2771 1326 2772 1331 2772 1335 2772 1326 2773 1330 2773 1331 2773 1326 2774 1335 2774 1336 2774 1326 2775 1327 2775 1330 2775 1406 2776 1404 2776 1405 2776 1406 2777 1402 2777 1404 2777 1323 2778 1324 2778 1325 2778 1408 2779 1406 2779 1407 2779 1408 2780 1402 2780 1406 2780 1322 2781 1325 2781 1326 2781 1322 2782 1323 2782 1325 2782 1409 2783 1402 2783 1408 2783 1320 2784 1341 2784 1373 2784 1320 2785 1336 2785 1341 2785 1320 2786 1321 2786 1322 2786 1320 2787 1326 2787 1336 2787 1320 2788 1322 2788 1326 2788 1318 2789 1319 2789 1320 2789 1286 2790 1409 2790 1410 2790 1286 2791 1410 2791 1411 2791 1286 2792 1411 2792 1412 2792 1316 2793 1318 2793 1320 2793 1316 2794 1383 2794 1390 2794 1316 2795 1317 2795 1318 2795 1316 2796 1320 2796 1373 2796 1316 2797 1373 2797 1383 2797 1289 2798 1287 2798 1288 2798 1290 2799 1286 2799 1287 2799 1290 2800 1287 2800 1289 2800 1291 2801 1286 2801 1290 2801 1312 2802 1313 2802 1314 2802 1311 2803 1312 2803 1314 2803 1311 2804 1314 2804 1315 2804 1310 2805 1311 2805 1315 2805 1294 2806 1291 2806 1292 2806 1294 2807 1292 2807 1293 2807 1294 2808 1286 2808 1291 2808 1307 2809 1308 2809 1309 2809 1307 2810 1309 2810 1310 2810 1307 2811 1315 2811 1316 2811 1307 2812 1310 2812 1315 2812 1306 2813 1307 2813 1316 2813 1298 2814 1296 2814 1297 2814 1299 2815 1294 2815 1295 2815 1299 2816 1295 2816 1296 2816 1299 2817 1409 2817 1286 2817 1299 2818 1286 2818 1294 2818 1299 2819 1296 2819 1298 2819 1304 2820 1305 2820 1306 2820 1301 2821 1402 2821 1409 2821 1301 2822 1299 2822 1300 2822 1301 2823 1409 2823 1299 2823 1301 2824 1306 2824 1316 2824 1301 2825 1390 2825 1402 2825 1301 2826 1316 2826 1390 2826 1302 2827 1303 2827 1304 2827 1302 2828 1304 2828 1306 2828 1302 2829 1306 2829 1301 2829</p>
        </triangles>
      </mesh>
    </geometry>
  </library_geometries>
  <library_materials>
    <material id="mat_Body_shape001" name="Body_shape001">
      <instance_effect url="#effect_Body_shape001"/>
    </material>
  </library_materials>
  <library_visual_scenes>
    <visual_scene id="myscene">
      <node id="node0" name="node0">
        <instance_geometry url="#geometry0">
          <bind_material>
            <technique_common>
              <instance_material symbol="ref_Body_shape001" target="#mat_Body_shape001"/>
            </technique_common>
          </bind_material>
        </instance_geometry>
      </node>
    </visual_scene>
  </library_visual_scenes>
  <scene>
    <instance_visual_scene url="#myscene"/>
  </scene>
</COLLADA>
