<COLLADA xmlns="http://www.collada.org/2005/11/COLLADASchema" version="1.4.1">
  <asset>
    <contributor/>
    <created>2026-02-17T13:37:12.987749</created>
    <modified>2026-02-17T13:37:12.987752</modified>
    <unit name="meter" meter="1.0"/>
    <up_axis>Z_UP</up_axis>
  </asset>
  <library_effects>
    <effect id="effect_link_5_b_stl004" name="effect_link_5_b_stl004">
      <profile_COMMON>
        <technique sid="common">
          <phong>
            <emission>
              <color>0.0 0.0 0.0 1.0</color>
            </emission>
            <ambient>
              <color>0.0 0.0 0.0 1.0</color>
            </ambient>
            <diffuse>
              <color>0.6784313917160034 0.7098039388656616 0.7411764860153198 1.0</color>
            </diffuse>
            <specular>
              <color>1 1 1 1.0</color>
            </specular>
            <shininess>
              <float>0.0</float>
            </shininess>
            <reflective>
              <color>0.0 0.0 0.0 1.0</color>
            </reflective>
            <reflectivity>
              <float>0.0</float>
            </reflectivity>
            <transparent>
              <color>0.0 0.0 0.0 1.0</color>
            </transparent>
            <transparency>
              <float>1.0</float>
            </transparency>
          </phong>
        </technique>
        <extra>
          <technique profile="GOOGLEEARTH">
            <double_sided>0</double_sided>
          </technique>
        </extra>
      </profile_COMMON>
    </effect>
  </library_effects>
  <library_geometries>
    <geometry id="geometry0" name="link_5_b_stl004">
      <mesh>
        <source id="cubeverts-array0">
          <float_array count="2829" id="cubeverts-array0-array">-0.035 0.02287265 0.01251781 -0.03499999 -0.02 -0.002699997 -0.03499999 -0.01999999 0.02856571 -0.03499999 0.02050001 0.02856571 -0.03499999 0.02452322 -0.001350001 -0.03499999 0.02057716 0.02243313 -0.0348791 0.02419888 -0.006692674 -0.0347931 -0.0210932 -0.002699997 -0.0347931 -0.02109319 0.02856571 -0.03465275 0.02291212 0.01786013 -0.03463906 0.02594876 -0.001389922 -0.0346042 -0.02 -0.009917191 -0.0345495 0.02380855 -0.01039828 -0.03449971 0.02205135 0.02721338 -0.03445367 -0.01999999 0.0312768 -0.03445367 0.02050001 0.0312768 -0.03429534 0.02556235 0.008627985 -0.03425828 0.02506192 -0.01004866 -0.03412131 -0.02212132 -0.002699997 -0.03412131 -0.02212131 0.02856571 -0.03380622 -0.02175314 -0.009829402 -0.03342157 -0.02 -0.01704782 -0.03342157 0.02281334 -0.01704783 -0.03324535 0.02207985 0.03212774 -0.0330932 -0.0227931 -0.002699997 -0.0330932 -0.0227931 0.02856571 -0.03299999 -0.02 -0.002699997 -0.03299999 -0.01999999 0.02856571 -0.03299999 0.02050001 0.02856571 -0.03299999 0.02065635 0.02185149 -0.03299999 0.02289213 0.01242373 -0.03299999 0.02448532 -0.002700001 -0.03299999 0.02456112 -1.862645e-09 -0.03289999 -0.01999999 0.0335647 -0.03289999 0.02050001 0.0335647 -0.03264676 0.02437671 0.009314979 -0.03263164 0.02388337 -0.009556726 -0.0326162 -0.02 -0.009698486 -0.03261541 0.02528102 0.001030724 -0.03260976 -0.01999999 0.0305022 -0.03260976 0.02050001 0.0305022 -0.03260966 0.02514735 -0.003949266 -0.03260063 0.02228207 0.01806504 -0.03259173 -0.02073339 -0.002699997 -0.03259173 -0.02073339 0.02856571 -0.03246076 0.02343931 0.02285761 -0.0322761 0.02451463 -0.009926978 -0.03220455 -0.0221972 -0.01677676 -0.03220308 -0.0207324 -0.009653037 -0.03211009 0.0279597 0.002540425 -0.03210253 0.0223005 -0.02098635 -0.0320646 0.0237476 -0.01968551 -0.032 -0.023 -0.002699997 -0.03191819 -0.02 -0.02137989 -0.03185561 -0.02188469 0.03300942 -0.03183787 -0.02058438 0.03117194 -0.0318111 -0.021 -0.006144566 -0.03176205 0.02781437 -0.006613688 -0.03172098 0.02148112 0.02636672 -0.03162196 -0.02299999 0.02966715 -0.03162195 -0.02099999 0.02966715 -0.0315 -0.01999999 0.03213642 -0.0315 0.02050001 0.03213642 -0.03146941 -0.02 -0.01661304 -0.0314694 0.02281334 -0.01661304 -0.03119494 -0.02175314 -0.02103148 -0.03111632 0.02351817 -0.01666475 -0.03086881 0.0233817 0.03158987 -0.03073829 -0.023 -0.01391295 -0.03046951 -0.02065839 -0.01845923 -0.03037078 0.02684 0.01521297 -0.03020178 0.0222809 -0.02033201 -0.03011636 -0.02 -0.02051191 -0.03004476 0.02204451 -0.02450435 -0.03 0.02100001 -1.862645e-09 -0.02999999 0.02500001 -1.862645e-09 -0.02973564 0.02233976 0.02224379 -0.02964654 0.02718737 -0.01552794 -0.02959289 0.02281128 -0.02085909 -0.02958743 0.02709631 -0.004951241 -0.02958743 0.02709631 0.004951237 -0.02957662 0.02131214 0.03289073 -0.02954423 0.02100001 0.005209442 -0.02954423 0.02500001 -0.005209446 -0.02952634 0.02943565 -2.793968e-09 -0.02922746 0.0292159 0.007364676 -0.02904045 0.01461204 0.03695371 -0.02858419 -0.02 -0.02627834 -0.02844478 -0.01499833 0.03714939 -0.0284262 -0.008042455 0.03741792 -0.02819355 -0.02157984 -0.02591711 -0.02816402 0.02203017 -0.02367881 -0.02811796 -0.021 -0.02123918 -0.028 0.02100001 -1.862645e-09 -0.02799999 0.02500001 -1.862645e-09 -0.02774828 -0.009026544 0.03542569 -0.02770041 0.01528073 0.03537832 -0.02766264 -0.02036544 0.03518004 -0.02757462 0.02100001 0.004862145 -0.02757461 0.02500001 -0.00486215 -0.02757461 0.02950001 -0.00486215 -0.02757461 0.02950001 0.004862144 -0.02754124 0.0207548 0.03536463 -0.02751488 -0.02231361 0.03587939 -0.02749877 0.009944736 0.0374458 -0.02736502 0.02203428 -0.02748818 -0.02733932 0.008459311 0.03573294 -0.02731607 0.02943565 -0.01060305 -0.02711576 -0.02 -0.0249205 -0.027 -0.0185 -0.02349999 -0.027 -0.01849999 -0.0155 -0.027 1.486187e-09 -0.02349999 -0.027 0.02050001 -0.0155 -0.027 0.02050001 -1.862645e-09 -0.02699999 0.0245 -0.0235 -0.02699999 0.02450001 -1.862645e-09 -0.02699992 5.306301e-05 -0.0155 -0.02681061 -0.0207324 -0.02463833 -0.02676668 0.01816684 0.03745819 -0.02676273 -0.02290729 -0.02459406 -0.02671279 0.022101 0.03669518 -0.02670694 -0.01819588 0.03745834 -0.02647061 0.0232768 -0.02763653 -0.02642425 0.02650001 0.02207856 -0.02641075 -0.02 -0.02830379 -0.02640952 0.02208033 -0.02830477 -0.02635547 0.02709631 -0.01430986 -0.02635547 0.02709631 0.01430985 -0.02618061 0.006905389 0.03896829 -0.02613765 0.02350001 0.03001046 -0.02606799 0.0239095 0.02824323 -0.02600076 0.02943565 0.01399161 -0.02599279 0.01646955 0.03777282 -0.02598076 0.02100001 0.015 -0.02598075 0.02500001 -0.015 -0.02593176 0.02265124 -0.02566784 -0.0259093 0.0216055 0.0293288 -0.02590845 -0.00914072 0.03590337 -0.0256683 -0.01495656 0.03777972 -0.02560816 0.01640594 0.03549999 -0.02554049 0.02233976 0.0269388 -0.02546821 0.02206131 -0.02649033 -0.02544267 0.02681523 -0.02245391 -0.02534726 0.02050001 0.009301408 -0.02534726 0.02450001 0.009301408 -0.02533403 -0.0163209 0.02974999 -0.02515966 -0.02 -0.02674341 -0.02507002 -0.006708 0.03731769 -0.02501084 -0.01592006 -0.02349999 -0.02501084 0.01607994 -0.02349999 -0.025 -0.0205 -0.02349999 -0.025 -0.02049999 -0.0155 -0.02495926 -0.01783065 0.03803048 -0.0248919 0.0162606 -0.0155 -0.02484999 -0.01403894 0.03550024 -0.02471916 -0.01737024 0.03549999 -0.02471317 0.01588044 0.02962499 -0.02464899 -0.01504844 -0.0155 -0.02449938 0.01723249 0.02974999 -0.02443666 0.01495313 0.03836148 -0.02424871 0.02100001 0.014 -0.0242487 0.02500001 -0.014 -0.0242487 0.02950001 -0.014 -0.0242487 0.02950001 0.014 -0.02413058 -0.01467661 0.02974999 -0.02407261 -0.01678649 -0.0155 -0.02402744 0.02227558 -0.02994624 -0.02396126 -0.02 -0.02998493 -0.02385724 0.01723326 0.03749999 -0.023827 0.01463886 0.02974999 -0.02377732 -0.02099999 0.03461193 -0.02373411 0.01798208 0.03777398 -0.02359759 -0.01707922 -0.02349999 -0.02357924 0.01472985 0.03549999 -0.02357924 0.01472985 0.03749999 -0.0235574 -0.02175315 -0.02929111 -0.0235 -0.023 -0.02399999 -0.0235 -0.023 1.862645e-09 -0.0235 -0.021 -0.02399999 -0.0235 -0.021 1.862645e-09 -0.02346319 0.01695611 -0.02349999 -0.02344292 -0.0146015 0.03862144 -0.02342109 -0.0171758 0.02974999 -0.02335998 0.01521351 -0.0155 -0.02330338 -0.01576279 0.02962499 -0.02328737 0.01519561 -0.02349999 -0.02327034 0.01100232 0.03785418 -0.02317166 -0.01538725 -0.02349999 -0.0231336 -0.01524104 -0.0155 -0.0231336 0.01675896 -0.0155 -0.02311409 0.006709485 0.03857444 -0.02300821 -0.009558076 0.03918136 -0.023 -0.02599999 1.862645e-09 -0.023 -0.0229 -0.02349999 -0.023 -0.02289999 1.862645e-09 -0.023 -0.0205 -0.02349999 -0.023 -0.02049999 -0.0155 -0.023 -0.02049999 1.862645e-09 -0.02297993 -0.0135785 0.03754541 -0.02295512 -0.02 -0.02825644 -0.02290413 0.02331883 0.03520761 -0.0228723 -0.01677838 0.03649999 -0.02282456 0.01435569 0.03777972 -0.02280469 0.01097631 0.03585569 -0.02274207 -0.00698512 0.04110402 -0.0227114 -0.01443991 0.03749999 -0.02268247 0.01631721 0.02974999 -0.02260951 0.02232366 -0.02845252 -0.02227941 -0.01706969 0.03778753 -0.0222504 0.00817727 0.0378282 -0.02203653 0.01730654 0.03549999 -0.02195633 0.01648676 0.0377896 -0.02179395 0.02943565 -0.01992056 -0.02171117 -0.023 0.00899306 -0.02171116 -0.021 0.00899306 -0.02124923 -0.026 -0.008801716 -0.02124923 -0.026 0.008801719 -0.02124923 -0.0229 -0.008801716 -0.02124923 -0.0205 0.008801719 -0.02123595 -0.01972118 0.03540899 -0.02121319 0.0270963 -0.0212132 -0.02104897 -0.007145082 0.03977143 -0.02085039 -0.009299148 0.03756405 -0.02059138 0.0205 0.0174641 -0.02059138 0.0245 0.01746409 -0.02051318 0.02273063 -0.03157496 -0.02047393 0.01866322 0.03769376 -0.0204674 -0.02011288 0.03768516 -0.02034237 -0.02065839 -0.02893178 -0.02024841 0.0270963 0.02209726 -0.02018761 0.02341881 -0.02902142 -0.01999903 -0.01410625 0.03575675 -0.01993731 0.01080275 0.04183162 -0.0199102 0.02132298 0.03578656 -0.01986178 0.008446655 0.04255985 -0.01982606 -0.01443441 0.0379429 -0.01982258 0.01209466 0.03894781 -0.0194355 0.02701398 -0.02750286 -0.01936456 -0.02228275 0.03732603 -0.01928363 0.02100001 0.02298133 -0.01928362 0.025 -0.02298133 -0.019125 -0.0229 -0.02349999 -0.019125 -0.0205 -0.0155 -0.019125 4.535056e-10 -0.02349999 -0.019125 0.0205 -0.0155 -0.01912499 0.0245 -0.0235 -0.01902996 0.02943565 0.02228122 -0.01893309 0.02289467 -0.02998197 -0.01891919 -0.01141625 0.04179324 -0.01887929 0.02249017 0.03840601 -0.01876848 0.008551983 0.04087043 -0.01860162 0.02218256 0.03250866 -0.01845518 -0.02000001 -0.03217432 -0.01838914 0.01881156 0.03644461 -0.018334 -0.02157984 -0.03165625 -0.01832705 -0.0175744 0.03904995 -0.01831397 -0.02299999 0.03681882 -0.01830763 -0.009524664 0.0432795 -0.01824424 0.01651397 0.0393148 -0.01822918 -0.008781288 0.04114238 -0.01799965 -0.02000001 -0.03022689 -0.01799805 0.021 0.02144924 -0.01799804 0.025 -0.02144924 -0.01799804 0.0295 -0.02144924 -0.01799804 0.0295 0.02144923 -0.01779742 0.02525193 0.03167657 -0.01766847 0.01175354 0.03827415 -0.01763957 0.01851529 0.04248439 -0.01763113 -0.01065071 0.04021212 -0.01754989 0.02348395 0.03739072 -0.01750616 -0.01808592 0.04247341 -0.01710686 -0.02028583 0.03793795 -0.01700593 -0.023 -0.02901134 -0.01700593 -0.021 -0.02901134 -0.01672732 -0.01475893 0.03776173 -0.01666483 0.02103079 0.04384255 -0.01661701 -0.023 0.01661701 -0.01661701 -0.021 0.01661701 -0.01652743 0.02467415 -0.03206623 -0.01645167 0.0270963 -0.02485576 -0.01641775 0.02284022 0.04256508 -0.0164139 0.02347162 -0.03254136 -0.01632817 -0.02199159 0.04285782 -0.01626346 -0.026 -0.01626345 -0.01626346 -0.026 0.01626345 -0.01626346 -0.0229 -0.01626345 -0.01626345 -0.0205 0.01626345 -0.01606246 0.01875317 0.04019743 -0.01597602 -0.01606698 0.04420032 -0.01596051 -0.021 0.03899596 -0.01595414 -0.02281458 -0.03050129 -0.01586706 0.01175846 0.04210908 -0.01584129 0.01347736 0.04146464 -0.01581746 -0.01208336 0.04212334 -0.01580754 0.01485022 0.04426134 -0.01579942 -0.001779631 -0.03260856 -0.01579942 0.001780713 -0.03059835 -0.01559885 -0.003560336 -0.03061963 -0.01559885 0.003560334 -0.0326277 -0.01556973 -0.01767159 0.0417548 -0.01549994 -4.126073e-05 -0.02349999 -0.01549994 -4.126003e-05 -0.0155 -0.01546734 0.01840485 0.0422546 -0.01538699 0.001868319 -0.02349999 -0.01538699 0.001868319 -0.0155 -0.01523365 0.02390206 -0.03056932 -0.01513881 -0.0276 -0.001838182 -0.01513881 -0.026 -0.001838182 -0.01449275 -0.005496376 -0.02349999 -0.01449275 -0.005496375 -0.0155 -0.014259 -0.0276 0.005407726 -0.014259 -0.026 0.005407725 -0.01389989 -0.02157984 -0.03216794 -0.01389989 -0.02073241 -0.03028438 -0.01389989 -0.02000001 -0.03269999 -0.01389989 -0.02000001 -0.0307 -0.01361971 0.0270963 0.02673019 -0.01348489 0.02772827 -0.02967868 -0.01331461 0.0205 0.02348874 -0.01331461 0.02450001 0.02348874 -0.01320459 -0.008950023 -0.03269999 -0.01320459 -0.008950023 -0.0307 -0.01320459 0.008950024 -0.03269999 -0.01320459 0.008950024 -0.0307 -0.01300895 0.02943564 -0.02625566 -0.01275625 0.008805005 -0.02349999 -0.01275625 0.008805005 -0.0155 -0.0125505 -0.0276 -0.008662984 -0.0125505 -0.026 -0.008662984 -0.01241086 0.0215 0.03914809 -0.01239412 0.02650001 0.03214043 -0.01189422 0.02136621 0.04247578 -0.01177195 -0.0206696 0.0428503 -0.01142488 -0.02 0.04559025 -0.01142488 0.0205 0.04559025 -0.01093872 -0.02 0.04365024 -0.01093871 0.0205 0.04365024 -0.01074941 0.02202537 0.03609839 -0.01045482 0.02479187 -0.03269999 -0.01045482 0.02479187 -0.0307 -0.0103822 0.02556934 -0.030301 -0.0102784 -0.01160192 -0.02349999 -0.0102784 -0.01160192 -0.0155 -0.0102606 0.02100001 0.02819077 -0.0102606 0.025 -0.02819078 -0.0102606 0.0270963 0.02819077 -0.01011262 -0.0276 0.01141479 -0.01011262 -0.026 0.01141479 -0.009927085 0.0245 0.001205364 -0.009927085 0.0275 0.001205364 -0.00957656 0.02100001 0.02631139 -0.00957656 0.025 -0.0263114 -0.00957656 0.0295 -0.0263114 -0.00957656 0.02950001 0.02631139 -0.009350159 0.0245 -0.00354605 -0.009350159 0.0275 -0.003546051 -0.008993062 -0.023 0.02171117 -0.008993062 -0.021 0.02171116 -0.00880172 -0.026 -0.02124922 -0.00880172 -0.026 0.02124923 -0.00880172 -0.0229 -0.02124922 -0.00880172 -0.0205 0.02124923 -0.008489281 0.0205 0.04622695 -0.00839318 0.02207984 0.04570365 -0.008348778 -0.02 0.04625253 -0.008300945 0.02368918 0.03801562 -0.008254268 -0.02157983 0.04572894 -0.008229834 0.0245 0.005680645 -0.008229834 0.0275 0.005680644 -0.008128035 0.0205 0.04425985 -0.0080797 0.02108439 0.04399665 -0.008041186 0.02340729 0.04378693 -0.007993512 -0.02 0.04428434 -0.0079081 -0.02290728 0.04381116 -0.007476815 0.0270963 -0.02891072 -0.007203207 0.01372457 -0.02349999 -0.007203207 0.01372457 -0.0155 -0.007088797 0.02728898 -0.03200742 -0.007087032 -0.0276 -0.0135032 -0.007087031 -0.026 -0.0135032 -0.006948958 0.0205 -0.0008437588 -0.006948957 0.0275 -0.0008437588 -0.006942141 -0.0144155 -0.03269999 -0.006942141 -0.0144155 -0.0307 -0.006942138 0.0144155 -0.03269999 -0.006942138 0.0144155 -0.0307 -0.006631223 0.0245 -0.007485108 -0.006631222 0.0275 -0.007485108 -0.00654511 0.0205 0.002482232 -0.006545109 0.0275 0.002482231 -0.006199324 0.02943564 0.02863845 -0.005760883 0.0205 -0.003976454 -0.005760882 0.0275 -0.003976455 -0.005286788 0.02233975 0.03675656 -0.00469303 0.0270963 0.02963064 -0.004647228 0.0245 0.008854556 -0.004647226 0.0275 0.008854556 -0.004641855 0.0205 0.005239573 -0.004641854 0.0275 0.005239572 -0.00440779 0.0205 0.02663778 -0.00440779 0.02450001 0.02663777 -0.003970839 -0.0276 0.0004821494 -0.003855453 -0.0205 -0.0004681344 -0.00378409 0.02899616 0.03050453 -0.003709394 -0.0150496 -0.02349999 -0.003709394 -0.0150496 -0.0155 -0.003649567 -0.0276 0.01480686 -0.003649567 -0.026 0.01480686 -0.003253059 0.0205 -0.006198192 -0.003253058 0.0275 -0.006198194 -0.003196281 -0.0276 -0.002206229 -0.003000003 -0.02000001 -0.0307 -0.003000003 -0.02000001 -0.0287 -0.003000002 -0.016 -0.0307 -0.003000002 -0.016 -0.0287 -0.002999997 0.016 -0.0287 -0.002999997 0.02 -0.0287 -0.002652493 -0.0205 -0.002994041 -0.002575417 -0.0276 0.002907043 -0.002575417 -0.0205 0.002907043 -0.002499997 0.018 -0.0302 -0.002393153 0.0245 -0.009709417 -0.002393152 0.0275 -0.009709417 -0.001675207 0.0205 0.006796589 -0.001332262 0.02934185 -0.0296652 -0.0009572652 -0.0205 -0.003883765 -0.0008376012 0.0275 0.006898293 -3.619303e-09 -0.0276 -0.01524999 -3.409488e-09 -0.026 -0.02299999 -3.409488e-09 -0.026 -0.01524999 -3.409488e-09 -0.026 0.023 -3.016086e-09 -0.02300001 -0.0297 -3.016086e-09 -0.02300001 -0.02399999 -3.016086e-09 -0.023 0.0235 -3.016086e-09 -0.023 0.04399999 -3.002973e-09 -0.0229 -0.02299999 -2.991769e-09 -0.02281457 0.04503834 -2.98614e-09 -0.02277164 -0.03084804 -2.900861e-09 -0.02212132 -0.03182131 -2.90086e-09 -0.02212132 0.04612131 -2.773232e-09 -0.02114806 -0.03247163 -2.758846e-09 -0.02103835 0.04681456 -2.753818e-09 -0.02100001 -0.0297 -2.753818e-09 -0.02100001 -0.02399999 -2.753817e-09 -0.021 0.0235 -2.753817e-09 -0.021 0.04399999 -2.743836e-09 -0.02092389 -0.03008268 -2.718726e-09 -0.0207324 0.04458437 -2.715409e-09 -0.02070711 -0.0304071 -2.699315e-09 -0.02058438 0.04473239 -2.68825e-09 -0.0205 0.023 -2.672866e-09 -0.02038269 -0.03062387 -2.622684e-09 -0.02000001 -0.03269999 -2.622684e-09 -0.02000001 -0.0307 -2.622683e-09 -0.02 0.04499999 -2.622683e-09 -0.02 0.04699999 -2.098147e-09 -0.016 -0.03269999 -2.098147e-09 -0.016 -0.0307 2.032579e-09 0.0155 -0.02349999 2.032579e-09 0.0155 -0.0155 2.098146e-09 0.016 -0.03269999 2.098146e-09 0.016 -0.0307 2.652374e-09 0.02 -0.0307 2.68825e-09 0.0205 -0.007000001 2.688251e-09 0.0205 0.04499999 2.688251e-09 0.0205 0.04699999 2.753818e-09 0.02100001 0.028 2.753818e-09 0.02100001 0.03 2.764883e-09 0.02108439 0.04473239 2.784294e-09 0.02123241 0.04458437 2.819385e-09 0.0215 0.04399999 2.824414e-09 0.02153836 0.04681456 2.833217e-09 0.02160549 0.03918978 2.847051e-09 0.02171098 0.03847123 2.929505e-09 0.02233975 0.03713482 2.966428e-09 0.02262133 0.04612131 3.057337e-09 0.02331458 0.04503834 3.081653e-09 0.02350001 0.04399999 3.089942e-09 0.02356322 0.03947746 3.098232e-09 0.02362643 0.03904659 3.147725e-09 0.02400385 0.03824421 3.212787e-09 0.0245 0.009999996 3.278354e-09 0.025 -0.03 3.278354e-09 0.025 -0.028 3.421873e-09 0.02609444 -0.03269999 3.436125e-09 0.02609444 -0.0307 3.44501e-09 0.02609444 -0.03269999 3.477094e-09 0.02641022 -0.03055748 3.522767e-09 0.02688301 -0.03023608 3.553251e-09 0.0270963 0.02999999 3.606189e-09 0.0275 -0.02939445 3.606189e-09 0.0275 -0.028 3.606189e-09 0.0275 -0.007000001 3.606189e-09 0.0275 0.009999996 3.616682e-09 0.02782025 -0.03201652 3.802386e-09 0.02899616 0.03075577 3.860018e-09 0.02943564 0.02952634 3.868457e-09 0.0295 -0.028 3.868458e-09 0.02950001 0.02799999 9.842848e-05 0.02833476 -0.0312235 0.000239312 -0.0276 -0.003912822 0.0009294427 -0.0276 0.003770914 0.0009294435 -0.0205 0.003770913 0.001675212 0.0205 0.006796589 0.001675213 0.0275 0.006796588 0.001804874 -0.0205 -0.003438903 0.00239316 0.0245 -0.009709417 0.00239316 0.0275 -0.009709417 0.002499997 -0.01800001 -0.0302 0.002999997 -0.02000001 -0.0287 0.002999997 -0.016 -0.0287 0.003000002 0.016 -0.0287 0.003000002 0.018 -0.0307 0.003000003 0.02 -0.0287 0.003196274 -0.0276 -0.002206229 0.003253065 0.0205 -0.006198192 0.003253066 0.0275 -0.006198194 0.003291932 -0.0205 0.00227226 0.003631381 -0.0276 0.001377205 0.00364956 -0.0276 0.01480686 0.00364956 -0.026 0.01480686 0.00370939 -0.0150496 -0.02349999 0.00370939 -0.0150496 -0.0155 0.003784098 0.02899616 0.03050453 0.003855447 -0.0205 -0.0004681344 0.004598309 0.0275 -0.02903256 0.004641861 0.0205 0.005239573 0.004641862 0.0275 0.005239572 0.004647233 0.0245 0.008854556 0.004647235 0.0275 0.008854556 0.004693038 0.0270963 0.02963064 0.005038651 0.0205 0.02652568 0.005038651 0.02450001 0.02652568 0.005070152 0.02160549 0.03880189 0.005286793 0.02233975 0.03675656 0.005636347 0.02381514 0.03823144 0.00570791 0.02639848 -0.03032691 0.00576089 0.0205 -0.003976454 0.005760891 0.0275 -0.003976455 0.005963195 0.02350001 0.03914685 0.006199331 0.02943564 0.02863845 0.006226882 0.02932576 -0.02894457 0.006545116 0.0205 0.002482232 0.006545117 0.0275 0.002482231 0.006631228 0.0245 -0.007485108 0.00663123 0.0275 -0.007485108 0.006942138 -0.0144155 -0.03269999 0.006942138 -0.0144155 -0.0307 0.006942141 0.0144155 -0.03269999 0.006942141 0.0144155 -0.0307 0.006948964 0.0205 -0.0008437588 0.006948966 0.0275 -0.0008437588 0.007009804 0.02555043 -0.03269999 0.007009804 0.02555043 -0.0307 0.007087023 -0.0276 -0.0135032 0.007087025 -0.026 -0.0135032 0.00720321 0.01372457 -0.02349999 0.00720321 0.01372457 -0.0155 0.007205568 0.02682877 -0.03232564 0.007908095 -0.02290728 0.04381116 0.007993506 -0.02 0.04428434 0.008041193 0.02340729 0.04378693 0.008052969 0.02123241 0.04385107 0.00812804 0.0205 0.04425985 0.008229839 0.0245 0.005680645 0.008229839 0.0275 0.005680644 0.008254262 -0.02157983 0.04572894 0.008348772 -0.02 0.04625253 0.008393186 0.02207984 0.04570365 0.008489286 0.0205 0.04622695 0.008801715 -0.026 -0.02124922 0.008801715 -0.026 0.02124923 0.008801715 -0.0229 -0.02124922 0.008801715 -0.0205 0.02124923 0.008993056 -0.023 0.02171117 0.008993056 -0.021 0.02171116 0.009270511 0.02100001 0.02853169 0.009350163 0.0245 -0.00354605 0.009350163 0.0275 -0.003546051 0.009576566 0.02100001 0.02631139 0.009576566 0.0275 -0.0263114 0.009576566 0.0295 -0.0263114 0.009576566 0.02950001 0.02631139 0.009927091 0.0245 0.001205364 0.009927091 0.0275 0.001205364 0.01011262 -0.0276 0.01141479 0.01011262 -0.026 0.01141479 0.01015799 0.02899616 0.02902985 0.0102784 -0.01160192 -0.02349999 0.0102784 -0.01160192 -0.0155 0.01093871 -0.02 0.04365024 0.01093872 0.0205 0.04365024 0.01142488 -0.02 0.04559025 0.01142488 0.0205 0.04559025 0.01144511 0.0270963 0.02763094 0.01148178 0.02814895 -0.02974062 0.01173419 -0.02076229 0.04271569 0.01179041 0.0215 0.04204557 0.01235862 0.02233975 0.03501799 0.0125505 -0.0276 -0.008662984 0.0125505 -0.026 -0.008662984 0.01275625 0.008804999 -0.02349999 0.01275625 0.008804999 -0.0155 0.01286135 0.02381514 0.03644246 0.01320459 -0.008950028 -0.03269999 0.01320459 -0.008950028 -0.0307 0.01320459 0.008950019 -0.03269999 0.01320459 0.008950019 -0.0307 0.0133448 0.0275 -0.02619064 0.01386823 0.0205 0.02316618 0.01386823 0.02450001 0.02316618 0.01389989 -0.02290729 -0.03021917 0.01389989 -0.02157984 -0.03216794 0.01389989 -0.02073241 -0.03028438 0.01389989 -0.02000001 -0.03269999 0.01389989 -0.02000001 -0.0307 0.01389989 0.0240333 -0.03269999 0.01389989 0.0240333 -0.0307 0.01391467 0.02160549 0.03685854 0.01425899 -0.0276 0.005407726 0.01425899 -0.026 0.005407725 0.01439398 0.02463072 -0.0303432 0.01449275 -0.005496379 -0.02349999 0.01449275 -0.005496378 -0.0155 0.01513881 -0.0276 -0.001838182 0.01513881 -0.026 -0.001838182 0.01538699 0.001868314 -0.02349999 0.01538699 0.001868315 -0.0155 0.01545305 0.02899616 0.02653576 0.01549994 -4.126479e-05 -0.02349999 0.01549994 -4.126409e-05 -0.0155 0.01559885 0.00356033 -0.0326277 0.01559885 0.00356033 -0.03061963 0.01561575 0.01339633 0.04219599 0.01570382 0.01672156 0.04066991 0.01573119 -0.01458565 0.04215717 0.01579942 -0.001780718 -0.03059835 0.01579942 -0.00178071 -0.03260856 0.015822 0.02340295 0.04146808 0.01583716 -0.01475567 0.04048206 0.01589912 0.02099786 0.04182807 0.01593549 -0.02246795 0.0427034 0.0160287 -0.01396251 0.04417995 0.01615574 -0.023 0.03897026 0.01616525 -0.01983717 0.040259 0.01626345 -0.026 -0.01626345 0.01626345 -0.026 0.01626345 0.01626345 -0.0229 -0.01626345 0.01626345 -0.0205 0.01626345 0.01626749 0.01464815 0.04408463 0.01639959 -0.02051917 0.04394708 0.01650873 0.02209145 0.04343187 0.01655429 0.02491399 -0.03193606 0.01661439 0.01275607 0.03949498 0.016617 -0.023 0.01661701 0.01661701 -0.021 0.01661701 0.01700593 -0.02100001 -0.02901134 0.01736283 0.01434 -0.02148042 0.01738623 0.02092535 0.03793192 0.01747263 0.01821692 0.03695612 0.01751206 0.01554282 0.04282832 0.01751247 -0.02177615 0.04092971 0.01759544 -0.021 0.03740736 0.01763356 0.02100001 0.0242705 0.01763356 0.0270963 0.0242705 0.01768331 0.01434 -0.02015068 0.01768423 -0.0189198 0.04223356 0.01780796 0.02311424 -0.03027062 0.01786554 0.0218327 0.04105788 0.01790701 0.02233975 0.03251003 0.01799805 0.021 0.02144924 0.01799805 0.0275 -0.02144924 0.01799805 0.0295 -0.02144924 0.01799805 0.0295 0.02144923 0.01799965 -0.02000001 -0.03022689 0.018 0.01374892 -0.021 0.01800712 -0.01864488 0.03650693 0.01803487 0.02315272 -0.03226787 0.01804205 -0.01205728 0.04297982 0.01805867 -0.01714651 0.03979055 0.01812711 -0.009609591 0.04336366 0.01819332 -0.0124232 0.03715471 0.01827233 -0.02175315 -0.03139263 0.0183597 0.01537324 0.03944765 0.01843373 -0.01370166 0.03958526 0.01844198 0.02400385 0.03348126 0.01845518 -0.02000001 -0.03217432 0.01859899 0.01434 -0.02092727 0.01865401 0.008445739 0.04095152 0.01875532 0.02360854 -0.02968346 0.01902997 0.02943563 -0.02228123 0.01902997 0.02943564 0.02228122 0.01915503 0.02314266 0.03689159 0.01926732 0.009292107 0.03923646 0.0198014 -0.008936681 0.03910376 0.02 -0.01250001 -0.02349999 0.02 -0.01250001 -0.0155 0.02 -4.677119e-09 -0.02349999 0.02 -3.977736e-09 -0.0155 0.02 0.0125 -0.02349999 0.02 0.0125 -0.0155 0.02011433 0.02160549 0.03369678 0.02014514 0.02356322 0.03418205 0.02030591 0.01869496 0.03565481 0.02034237 -0.0206584 -0.02893178 0.02047882 -0.00781785 0.04230387 0.02069612 -0.007521799 0.03990576 0.02072363 0.009939454 0.04079834 0.02078502 0.0275 -0.02078501 0.021 0.0205 -0.0155 0.021 0.0205 0.01697056 0.021 0.0245 -0.0155 0.021 0.0245 0.01697055 0.02104925 -0.009946198 0.04035034 0.02121321 0.0270963 0.02121319 0.02124922 -0.026 -0.008801716 0.02124922 -0.026 0.008801719 0.02124922 -0.0229 -0.008801716 0.02124923 -0.0205 0.008801719 0.02128985 0.02599703 -0.02787911 0.02135853 0.01461328 0.03559178 0.02149387 0.02247198 -0.02901967 0.02154319 -0.0229073 -0.02830613 0.02155992 -0.01429866 0.03762926 0.02161461 0.02101518 0.03763435 0.02171116 -0.02300001 0.00899306 0.02171116 -0.02100001 0.00899306 0.02173448 0.01596852 0.03749999 0.02186669 -0.01678174 0.03549999 0.02191131 0.02252837 -0.03102532 0.02204033 0.0162036 0.03777856 0.02210773 0.01209208 0.0377683 0.02214041 0.007391103 0.04138575 0.02222362 -0.01692576 0.03777972 0.02222452 0.02899615 -0.02124882 0.02222452 0.02899615 0.02124881 0.02232349 -0.02216043 0.03659446 0.02241571 -0.01904161 0.03750803 0.02256372 0.006962659 0.03884477 0.02258966 0.01032625 0.03621328 0.02263213 0.01570906 0.02974999 0.0227415 -0.01539017 0.02974999 0.02284821 0.01600644 -0.0155 0.02291787 -0.01435882 0.03777685 0.02295512 -0.02000001 -0.02825644 0.02297715 -0.01652957 -0.02349999 0.02297715 -0.01652957 -0.0155 0.02299999 -0.02600001 1.862645e-09 0.02299999 -0.02290001 -0.02349999 0.02299999 -0.02290001 1.862645e-09 0.023 -0.02050001 -0.02349999 0.023 -0.02050001 -0.0155 0.023 -0.02050001 1.862645e-09 0.02307837 0.01713255 0.03749999 0.02311557 0.01661047 -0.02349999 0.02349999 -0.02300001 -0.02399999 0.02349999 -0.02300001 1.862645e-09 0.0235 -0.02100001 -0.02399999 0.0235 -0.02100001 1.862645e-09 0.02350058 -0.01504844 -0.02349999 0.0235668 -0.0150832 -0.0155 0.02361403 0.01411135 0.03793648 0.02363686 -0.01656347 0.02962499 0.02365475 0.01726807 0.03819323 0.0236831 -0.01573493 0.03861249 0.02369359 -0.02157985 -0.0295251 0.02369845 -0.01272538 0.03564563 0.02372191 0.02353807 -0.02968372 0.02385724 0.01723325 0.03549999 0.02386941 0.01732338 0.02974999 0.02392739 0.01507365 -0.02349999 0.02396126 -0.02000001 -0.02998493 0.024 0.01707465 -0.0155 0.024 0.02449999 -0.0235 0.024 0.0245 -0.0155 0.02424871 0.021 0.014 0.02424871 0.0275 -0.014 0.02424871 0.0295 -0.014 0.02424871 0.0295 0.014 0.02427051 0.021 0.01763355 0.02431438 0.01477814 0.02974999 0.0244098 -0.01468799 0.02974999 0.02441131 0.0227892 -0.02683314 0.02453464 -0.007739643 0.03691301 0.0246485 0.01543191 -0.0155 0.02468789 0.02134471 0.03490937 0.02469811 0.01622419 0.02962499 0.02470362 -0.01673016 -0.0155 0.02476113 -0.01640493 -0.02349999 0.02480343 0.02210523 -0.02702174 0.02488442 0.01661047 -0.02349999 0.02488612 -0.02073661 0.03507315 0.025 -0.02050001 -0.02349999 0.025 -0.02050001 -0.0155 0.02500416 -0.0176005 0.03777972 0.02502235 -0.006679821 0.03972394 0.02504556 -0.0167061 0.02974999 0.02510248 0.01542921 0.03749999 0.02515966 -0.02000001 -0.02674341 0.02517747 -0.023 0.03364704 0.0252209 0.008799373 0.03845026 0.02527357 0.01512092 0.03549999 0.02540573 0.02214991 -0.02905896 0.02544694 -0.01545125 0.03749999 0.02550035 0.02709629 0.01562663 0.02554051 0.02233975 0.0269388 0.02559775 0.01734788 0.03763698 0.0256126 -0.01638792 0.03549999 0.02566109 -0.01501978 0.03778753 0.02579444 0.01498128 0.03778753 0.02590382 -0.006747766 0.03678072 0.02600078 0.02943563 -0.01399161 0.026068 0.02390949 0.02824322 0.02619065 0.0275 -0.0133448 0.02641075 -0.02000001 -0.02830379 0.02654162 0.0235 0.03241143 0.02674707 -0.02074786 -0.02457958 0.02676272 -0.0229073 -0.02459406 0.02678316 -0.009411161 0.03780747 0.0268831 0.02160549 0.0285011 0.027 -0.01850001 -0.02349999 0.027 -0.01850001 -0.0155 0.027 -0.01250001 -0.02349999 0.027 -0.01250001 -0.0155 0.027 0.0125 -0.02349999 0.027 0.0125 -0.0155 0.027 0.02149999 -0.02349999 0.027 0.02149999 -0.0155 0.02711576 -0.02000001 -0.0249205 0.02716191 0.007530959 0.03586782 0.02731609 0.02943563 0.01060304 0.02742909 0.02201022 -0.02457267 0.02755451 0.0100614 0.0354379 0.02757462 0.021 0.004862145 0.02757462 0.0275 -0.00486215 0.02757462 0.0295 -0.00486215 0.02757462 0.0295 0.004862144 0.02760097 -0.009541605 0.035449 0.02768176 -0.02001056 0.03539074 0.0277366 0.02061767 0.03532677 0.02780127 0.02050386 0.0374167 0.02784958 0.01002839 0.03743044 0.02792907 0.01006146 0.03528408 0.028 0.021 -1.862645e-09 0.028 0.0275 -2.793968e-09 0.02806374 0.02257887 0.03622533 0.02819354 -0.02157985 -0.02591711 0.02821573 -0.02194072 0.03628925 0.02843002 0.007999688 0.03741756 0.02846493 -0.02001056 0.03714795 0.02852385 0.02200957 -0.02634331 0.02853169 0.021 0.009270505 0.02858419 -0.02000001 -0.02627834 0.02875082 0.02274975 -0.02216518 0.02878161 -0.008712875 0.03715271 0.02903256 0.0275 -0.004598307 0.02908118 0.02709629 0.006981768 0.02917036 0.0205 0.03685226 0.02922747 0.02921589 -0.007364681 0.02952635 0.02943563 -2.793968e-09 0.02964657 0.02718736 -0.0155279 0.02965342 0.02348081 -0.02399705 0.02969594 0.02218069 -0.02133045 0.02969723 0.02729815 -2.793968e-09 0.03 0.021 -1.862645e-09 0.03011636 -0.02000001 -0.02051191 0.03014243 0.02472702 -0.02164038 0.030356 0.02660506 0.01605176 0.03046951 -0.0206584 -0.01845923 0.030624 0.02400385 0.02290832 0.03073829 -0.02300001 -0.01391295 0.03073829 -0.02100001 -0.01391296 0.03082887 -0.02281458 -0.01857496 0.03092644 0.02211493 -0.02319269 0.03096561 0.02328872 -0.01735809 0.03119914 0.02263741 -0.01767337 0.03122375 -0.02000001 -0.02269419 0.03143885 -0.02157984 -0.02114898 0.03146941 -0.02000001 -0.01661304 0.03146941 0.02281333 -0.01661304 0.0315 -0.02 0.03213642 0.0315 0.0205 0.03213642 0.03157513 0.022299 0.01965505 0.03162195 -0.021 0.02966715 0.0317845 -0.02065969 0.0311175 0.03185905 0.02771753 0.006833644 0.03191819 -0.02000001 -0.02137989 0.03192235 0.02146921 0.02734688 0.03199999 -0.02300001 -0.002699997 0.03199999 -0.023 0.02856571 0.032 -0.02100001 -0.002699997 0.03209821 0.02795798 -0.00289134 0.03232135 0.02451095 -0.009766683 0.03233026 0.0210555 0.02986883 0.0323502 -0.02058439 -0.009669224 0.0324043 0.02340995 0.02634542 0.0325123 0.02363502 0.01346926 0.03260574 0.02385338 -0.009792885 0.03260976 -0.02 0.0305022 0.03260976 0.0205 0.0305022 0.0326162 -0.02000001 -0.009698486 0.03262356 0.02521435 -0.002317652 0.03270783 0.02474908 0.00643378 0.03273339 -0.02059174 -0.002699997 0.03273339 -0.02059174 0.02856571 0.03273368 0.02247746 -0.01942965 0.03277212 -0.02189345 0.03219114 0.03287376 -0.02280385 -0.006201339 0.03288235 0.02153087 0.01971413 0.03289999 -0.02 0.0335647 0.03289999 0.0205 0.0335647 0.03293546 0.02372483 -0.01792944 0.03299999 -0.02000001 -0.002699997 0.03299999 -0.02 0.02856571 0.03299999 0.0205 0.02856571 0.03299999 0.02053536 0.02306326 0.03299999 0.02126048 0.01862238 0.03299999 0.02374003 0.008963268 0.03299999 0.02445203 0.002294066 0.03299999 0.02448531 -0.002700001 0.0330932 -0.02279311 0.02856571 0.03324622 0.02207858 0.03212862 0.03342157 -0.02000001 -0.01704782 0.0334888 -0.02157984 -0.01339558 0.03351634 0.02288939 -0.01660822 0.03372409 0.02580776 -0.01008157 0.03412131 -0.02212133 -0.002699997 0.03412131 -0.02212132 0.02856571 0.03445367 -0.02 0.0312768 0.03445367 0.0205 0.0312768 0.03450022 0.02205095 0.02721017 0.0346042 -0.02000001 -0.009917191 0.03462055 0.02369551 0.01474517 0.03462548 0.02583661 -0.0002119349 0.03465859 0.02392379 -0.009404374 0.0347931 -0.02109321 -0.002699997 0.0347931 -0.0210932 0.02856571 0.03499999 -0.02000001 -0.002699997 0.03499999 -0.02 0.02856571 0.03499999 0.0205 0.02856571 0.03499999 0.02082246 0.02112874 0.03499999 0.02409603 0.005628667 0.03499999 0.02448531 -0.002700001</float_array>
          <technique_common>
            <accessor count="943" source="#cubeverts-array0-array" stride="3">
              <param type="float" name="X"/>
              <param type="float" name="Y"/>
              <param type="float" name="Z"/>
            </accessor>
          </technique_common>
        </source>
        <source id="cubenormals-array0">
          <float_array count="5952" id="cubenormals-array0-array">0.2393157 -9.962515e-08 0.9709417 0.6631226 -3.320839e-07 0.7485108 0.6631229 2.656672e-07 0.7485105 0.9350161 1.328335e-07 0.3546051 0.9350161 0 0.3546052 0.9927089 0 -0.1205369 0.9927089 -4.981257e-08 -0.1205369 0.822984 -1.328335e-07 -0.5680646 0.822984 -3.985007e-07 -0.5680645 0.464723 -2.656672e-07 -0.8854561 0.4647229 -6.641677e-08 -0.8854562 0 0 -1 -0 0 -1 -0.4647228 0 -0.8854562 -0.4647229 1.328336e-07 -0.8854561 -0.8229839 3.985006e-07 -0.5680647 -0.8229837 -1.992503e-07 -0.568065 -0.9927089 -4.981259e-08 -0.1205367 -0.9927089 0 -0.1205367 -0.9350161 0 0.3546051 -0.9350161 1.328335e-07 0.3546052 -0.6631226 1.992504e-07 0.7485108 -0.6631226 3.320838e-07 0.7485108 -0.2393157 9.962515e-08 0.9709417 -0.2393158 3.320839e-08 0.9709418 0.2393158 -3.320839e-08 0.9709418 0 1 0 0 1 0 0 1 0 0 1 0 -0 1 0 0 1 0 -0 1 0 0 1 0 0 1 0 0 1 0 0 1 -0 0 1 0 0 1 -0 0 1 0 0 1 0 -0 1 0 0 1 0 0 1 -0 0 1 0 -0 1 0 0 1 0 0 1 0 0 1 0 0 1 -0 0 1 0 0 1 -0 0.3994403 -0.03448599 -0.9161103 0 0.01452749 -0.9998944 -0.04044108 -1.319954e-07 -0.999182 -0.4647231 -7.314868e-08 -0.8854561 -0.464723 -5.732031e-08 -0.8854561 -0.8229839 3.472996e-08 -0.5680647 -0.8229839 7.342629e-08 -0.5680648 -0.9927089 1.270349e-07 -0.1205366 -0.9927089 2.028687e-07 -0.1205368 -0.9350163 1.910787e-07 0.3546048 -0.9350163 2.393898e-07 0.3546048 -0.6631225 2.374914e-07 0.7485108 -0.6631226 2.717104e-07 0.7485108 -0.239316 2.890137e-07 0.9709418 -0.2393154 3.138242e-08 0.9709419 0.239316 -3.138249e-08 0.9709417 0.2393155 2.401075e-07 0.9709419 0.6631226 1.361955e-07 0.7485108 0.6631228 -3.35385e-08 0.7485106 0.9350162 -1.427676e-07 0.354605 0.9350162 -1.273858e-07 0.354605 0.9927089 -1.352458e-07 -0.1205366 0.9927089 -2.110797e-07 -0.1205368 0.8229838 -2.068802e-07 -0.5680647 0.8229838 -2.455766e-07 -0.5680648 0.4647231 -2.15604e-07 -0.885456 0 -1 0 0 -1 0 0 -1 0 0 -1 -0 -7.266091e-07 -1 1.239834e-06 -1.670841e-07 -1 -1.88599e-07 -2.694108e-07 -1 0 -2.900022e-07 -1 -1.099835e-07 -2.832561e-07 -1 5.033073e-08 -2.914928e-07 -1 3.539349e-08 -4.611273e-07 -1 -4.323306e-07 0 -1 0 2.520078e-07 -1 3.287985e-07 -8.780795e-08 -1 1.673041e-07 -6.481861e-08 -1 1.833345e-07 2.285179e-09 -1 1.925762e-07 0 -1 1.933539e-07 6.908648e-08 -1 1.81576e-07 8.793132e-08 -1 1.675393e-07 -2.418777e-07 -1 3.372837e-07 0 -1 0 0 -1 0 0 -1 0 0 -1 0 1 -1.430511e-06 0 1 -1.430511e-06 0 0.6558222 -2.018975e-07 0.7549155 0.6558225 8.075903e-07 0.7549152 0.3556119 9.085391e-07 0.9346337 0.3556119 9.085391e-07 0.9346337 0.01186533 9.527043e-07 0.9999297 0.01186553 1.429056e-06 0.9999297 -0.3333335 1.362809e-06 0.942809 -0.3333336 9.08539e-07 0.9428089 -0.637724 8.075907e-07 0.770265 -0.6377237 1.716129e-06 0.7702652 -0.8640409 1.71613e-06 0.5034218 -0.8640409 1.312334e-06 0.5034216 -0.984578 1.388046e-06 0.1749462 -0.984578 1.388046e-06 0.1749462 9.502212e-08 1 1.153776e-08 7.266092e-07 1 -5.471188e-07 -1.619964e-07 1 -1.118179e-07 -8.869816e-08 1 -1.690004e-07 1.90735e-06 1 -4.76837e-07 1.326851e-07 1 -1.142336e-06 -5.79465e-08 1 -1.861992e-07 0 1 -2.766161e-07 0 1 0 0 1 0 -0 1 0 3.466141e-07 1 -1.623275e-07 3.394115e-07 1 -6.030884e-08 3.094571e-07 1 -1.173616e-07 4.296145e-07 1 4.506914e-07 0 1 0 -2.069391e-07 1 -3.832342e-07 5.606507e-08 1 -2.274648e-07 0 1 0 0 1 0 2.697859e-07 1 -3.051584e-07 -1.503301e-07 1 -1.696876e-07 -8.144905e-08 1 -2.140677e-07 -5.291879e-08 1 -2.146996e-07 -2.729245e-09 1 -2.300023e-07 7.411999e-08 1 -2.096429e-07 -1 0 -0 -1 4.215009e-06 9.747208e-06 -1 2.335559e-07 9.773617e-06 -1 -3.824596e-06 -2.627552e-06 -1 1.430512e-06 -2.322114e-13 -1 1.430511e-06 0 -0.7071068 -0.7071068 3.371748e-07 -0.7071068 -0.7071068 3.371748e-07 0 -1 4.768372e-07 0 -1 4.768372e-07 0.707107 0.7071065 -3.371746e-07 0.7071072 0.7071064 -1.685874e-07 1 -4.238554e-07 1.010551e-13 1 -4.238553e-07 0 0 -1 -0 0 -1 0 1 0 0 1 0 0 1 0 0 1 0 0 0 1 -0 0 1 0 1 0 0 1 0 0 0.7071068 -0.7071068 3.371748e-07 0.7071068 -0.7071068 3.371748e-07 0 -1 4.768372e-07 0 -1 4.768372e-07 1 -3.178915e-06 0 1 -3.178912e-06 5.16025e-13 1 -3.178915e-06 1.515825e-12 -1 2.384186e-06 -1.136869e-12 -1 2.384184e-06 -3.870188e-13 -1 2.384186e-06 0 -8.241325e-07 -1 5.506683e-07 -4.084382e-06 -1 1.623276e-07 -5.428848e-07 -1 8.124836e-07 -1.815735e-07 -1 3.0917e-06 -1.358349e-07 -1 5.195666e-06 -5.034679e-08 -1 1.925757e-06 2.786117e-07 -1 4.169719e-07 -1.476657e-06 -1 1.111057e-06 -1.648265e-07 -1 -1.101337e-07 -2.452226e-06 -1 1.623276e-07 -0.9807853 2.338375e-06 0.1950904 0.9807853 0 0.1950901 0.9807853 0 -0.1950901 0.9807853 0 -0.1950901 0.8314694 0 -0.5555707 0.8314694 0 -0.5555707 0.5555707 0 -0.8314694 0.5555707 0 -0.8314694 0.1950903 0 -0.9807853 0.1950903 -6.856064e-08 -0.9807853 -0.1950904 6.856065e-08 -0.9807853 -0.1950904 0 -0.9807853 -0.5555703 0 -0.8314696 -0.5555703 0 -0.8314696 -0.8314694 0 -0.5555707 -0.8314694 0 -0.5555707 -0.9807853 0 -0.1950903 -0.9807853 0 -0.1950903 -0.9807853 0 0.1950904 -0.9807852 1.004725e-06 0.1950907 -0.8314695 8.501518e-07 0.5555704 -0.8314694 1.236585e-06 0.5555707 -0.5555703 1.159298e-06 0.8314696 -0.5555706 5.410059e-07 0.8314694 -0.1950904 6.762573e-07 0.9807853 -0.1950904 7.149006e-07 0.9807853 0.1950903 6.37614e-07 0.9807853 0.1950903 6.762572e-07 0.9807853 0.5555707 5.41006e-07 0.8314694 0.5555703 0 0.8314695 0.8314695 -4.637192e-07 0.5555704 0.8314694 -8.501522e-07 0.5555707 0.9807854 -1.020382e-06 0.1950898 0.9807853 -3.143792e-06 0.1950904 1.476658e-06 1 -1.500007e-06 0 1 0 0 1 0 1.358349e-07 1 -2.124452e-07 5.955366e-08 1 -3.697674e-07 1.938343e-07 1 -1.337942e-07 2.988864e-07 1 0 3.132596e-07 1 -5.877944e-07 0 1 0 2.988865e-07 1 0 3.132597e-07 1 5.877944e-07 0 1 -0 0 1 0 0 1 0 0 1 0 -3.901917e-07 1 -2.172417e-07 3.977675e-07 1 -1.791554e-07 0 1 0 0 1 0 0 1 0 0 -1 -0 0 -1 0 0 -1 0 0 -1 0 0 -1 0 -8.407928e-07 -1 -4.828615e-07 -7.987152e-07 -1 -3.029128e-07 0 -1 0 -6.039629e-07 -1 -5.299701e-07 -7.077902e-07 -1 -8.594115e-08 -2.878485e-07 -1 5.928491e-07 -0 -1 0 0 -1 0 0 -1 0 0 -1 0 0 -1 0 -3.13053e-07 -1 6.050435e-07 3.739218e-07 -1 2.990364e-07 -1.033544e-08 -1 6.480498e-07 0 -1 0 0 -1 0 0 -1 0 0 -1 0 -3.354953e-07 -1 4.922192e-07 -1.213211e-07 -1 4.922191e-07 4.151249e-07 -1 9.18937e-08 0 -1 0 0 -1 -0 -0 -1 0 0.2393156 -1.633197e-07 -0.9709418 0.6631227 -6.532788e-07 -0.7485108 0.6631225 0 -0.7485108 0.9350162 0 -0.354605 0.9350162 0 -0.354605 0.9927089 0 0.1205365 0.9927089 8.165986e-08 0.1205365 0.8229837 3.266394e-07 0.5680648 0.8229838 0 0.5680649 0.4647233 0 0.885456 0.4647233 0 0.885456 -0 0 1 0 0 1 -0.4647233 0 0.8854559 -0.4647233 0 0.8854559 -0.8229837 0 0.5680648 -0.8229838 3.266394e-07 0.5680649 -0.9927089 8.165986e-08 0.1205365 -0.9927089 0 0.1205365 -0.9350162 0 -0.354605 -0.9350162 0 -0.354605 -0.6631227 0 -0.7485107 -0.6631227 4.899592e-07 -0.7485106 -0.2393156 1.633197e-07 -0.9709418 -0.2393156 8.165984e-08 -0.9709419 0.2393156 0 -0.9709418 0 -1 0 0 -1 0 -0 -1 0 0 -1 0 -0 -1 0 0 -1 0 0 -1 0 0 -1 0 0 -1 0 0 -1 0 0 -1 0 0 -1 0 0 -1 0 0 -1 0 -0 -1 0 0 -1 0 0 -1 0 0 -1 0 0 -1 -0 0 -1 0 0.4437489 0.07112987 0.8933238 -0.1589324 -0.03082377 0.9868081 -0.4991811 0.05233783 0.8649157 -0.8213732 -0.06253385 0.5669529 -0.990766 0.06253414 0.1203006 -0.9792803 -0.0214333 -0.2013721 -0.5339248 0.0805793 -0.8416836 -0.6631227 -2.26032e-08 -0.7485107 0.2393156 -1.58544e-07 -0.9709418 0.2393157 -1.219216e-07 -0.9709418 0.9350162 -1.299167e-07 -0.354605 0.8639167 -0.0805795 -0.4971467 0.9606919 0.02143335 0.2767883 0.9026327 -0.0214335 0.4298777 0.4638135 0.06253401 0.8837231 -4.387374e-07 -1.780028e-06 -1 -1.283103e-13 -9.670282e-07 -1 1.775093e-06 -7.680392e-07 -1 0 -9.670282e-07 -1 0 0 -1 0 0 -1 0 0 -1 1.371221e-07 -5.563262e-07 -1 3.16773e-07 -3.57563e-07 -1 4.305262e-07 -3.11404e-07 -1 0 0 -1 0 0 -1 1.582189e-07 -1.199236e-07 -1 -8.843099e-08 -9.241044e-07 -1 0 0 -1 0 0 -1 0 -0 -1 0 -0 -1 0 0 -1 0 0 -1 0 0 -1 0 -0 -1 0 0 -1 -0 0 -1 0 0 -1 0 0 -1 -0 -0 -1 0 0 -1 0 0 -1 0 0 -1 0 -0 -1 -0 0 -1 0 0 -1 0 0 -1 0 -0 -1 0 0 -1 0 0 -1 0 -0 -1 0 -0 -1 0 0 -1 -0 0 -1 0 0 -1 0 -0 -1 0 -0 -1 0 0 -1 0 0 -1 -0 0 -1 0 0 -1 0 0 -1 4.524508e-07 -7.992109e-07 -1 -7.348443e-13 -1.011334e-06 -1 2.517333e-06 -3.114044e-07 -1 0 0 -1 0 -0 -1 -1.136845e-06 -3.114036e-07 -1 -1.498429e-06 -1.496469e-07 -1 0 0 1 -1.765397e-07 6.695269e-08 1 0 0 1 -0 0 1 0 0 1 0 0 1 0 0 1 0 0 1 0 -0 1 1.342323e-07 2.361899e-07 1 0 0 1 -0 -0 1 0 0 1 0 0 1 0 0 1 4.159387e-08 4.346562e-07 1 1.854754e-07 1.525879e-07 1 0 0 1 0 0 1 0 0 1 0 0 1 0 0 1 0 0 1 -1.399048e-09 1.525879e-07 1 -2.804782e-07 5.178546e-08 1 0 0 1 -0 0 1 0 0 1 2.712944e-08 2.936703e-07 1 0 0 1 4.960982e-08 1.118092e-07 1 -1.854574e-07 1.843843e-07 1 0 0 1 -0 0 1 0 0 1 0 -0 1 0 0 1 0 -0 1 -1.509308e-07 1.028057e-07 1 0 0 1 0 0 1 2.447985e-07 1.865959e-07 1 0 0 1 0 0 1 0 0 1 1.637705e-08 1.288514e-07 1 7.387101e-08 1.080749e-07 1 1.87594e-07 9.328355e-08 1 0 0 1 -2.242617e-07 1.796548e-07 1 -1.551542e-08 9.925845e-08 1 0 0 1 0 -0 1 0 0 1 -0.2393157 -0.9709418 0 -0.2393157 -0.9709418 -0 -0.6631231 -0.7485104 0 -0.6631231 -0.7485104 -0 -0.9350162 -0.354605 0 -0.9350162 -0.354605 3.170416e-08 -0.998255 -0.05904961 5.279448e-09 -0.998255 -0.05904961 5.16946e-09 -0.9833791 0.181564 -1.58949e-08 -0.9833791 0.181564 -2.164412e-08 -0.8229837 0.5680651 -6.771866e-08 -0.8229836 0.5680651 0 -0.4647232 0.885456 0 -0.4647232 0.885456 0 0 1 -0 0 1 0 0.4647231 0.8854561 -0 0.4647231 0.8854561 0 0.8229842 0.5680644 -0 0.8229841 0.5680645 -6.771858e-08 0.9833791 0.1815639 -2.164412e-08 0.9833791 0.1815639 -1.58949e-08 0.998255 -0.0590496 5.169459e-09 0.998255 -0.0590496 5.279448e-09 0.9350162 -0.3546049 3.170416e-08 0.9350162 -0.3546049 0 0.6631225 -0.748511 0 0.6631225 -0.7485109 0 0.2393157 -0.9709418 0 0.2393157 -0.9709418 0 0.4926163 -0.8701593 0.01232523 0.2725283 -0.9615138 -0.03492224 -0.9884703 0.1447919 0.04429137 -0.9950114 -0.09937103 -0.008809009 0.4565206 0.8897103 0.002153193 0.5640875 0.8252727 -0.02702297 0.2770828 -0.9564626 0.09167594 -0.1260638 -0.9918454 0.01872703 -0.8546027 0.5192541 -0.005424371 -0.967607 0.2435817 -0.06636711 0.6341502 0.7731532 0.009363167 0.9463514 0.3138317 -0.07699793 -0.8226373 -0.5678265 -0.02899908 -0.7325305 -0.6807272 0.003106147 0.942814 -0.333191 -0.009251561 0.9260052 -0.3775106 1.800111e-07 -0.069699 0.9975681 -4.756776e-07 0.115312 0.9924755 0.04117735 -0.847677 0.5278816 0.05276959 -0.9270686 -0.3659802 -0.08125516 0 -0.9983209 0.05792582 0.6796442 -0.7328164 -0.03261637 0.8823633 0.4661021 0.06468161 0.3032793 0.9503348 -0.0698961 -0 -1 0 -0.5176159 0.5996487 -0.6103238 -0.3910526 0.288759 0.8738971 0.7379808 0.6509613 -0.1778587 -0.2142115 -0.6396168 -0.7382437 -0.8746154 -0.4628386 0.1443201 -0.7181046 0.6055045 -0.3430598 -0.06868231 0.6532846 0.7539907 0.9815879 0.178828 -0.0671243 0.7631046 -0.3637795 0.5341683 0.02972369 -0.05737578 0.9979101 0.01701572 -0.05458756 0.998364 0.05262965 -0.04219892 0.9977221 0.4111343 -0.4480661 0.7938548 0.5294289 -0.00708682 0.8483247 0.06245481 -0.4124016 0.9088588 0.3964313 -0.452784 0.7986419 0.3142409 -0.009207853 0.9492986 0.3981369 -0.3408895 0.8516344 0.5882633 -0.1176747 0.8000618 0.7895364 0.02287967 0.6132771 0.7423553 -0.3340957 0.5807655 0.4995453 -0.1511251 0.8530039 0.603641 -0.1439457 0.7841538 0.4080354 -0.3333218 0.8499435 0.5191212 -0.4982637 0.6944396 0.7273127 -0.5809753 0.3653543 0.9822205 -0.09737428 0.1605032 0.9923332 -0.06328573 0.1061595 0.4851843 0.0652568 0.8719735 0.9919342 -0.09692962 0.08167758 0.05183792 -0.9461026 0.3196916 0.01203754 -0.2814172 0.95951 0.5088443 0.1486071 0.8479348 0.2645473 -0.8895561 0.3724305 0.3104291 -0.7917318 0.5261126 0.6406088 -0.2332401 0.7315868 0.5785221 -0.3927364 0.7148919 0.5807064 -0.5033752 0.6398386 0.1763073 -0.9668188 0.1848705 0.7407449 -0.4777898 0.4722435 0.8716602 -0.2459324 0.423941 0.5338622 -0.8321432 0.1500963 0.1994789 -0.3190047 0.9265226 0.245709 -0.416272 0.8754111 0.2459318 -0.5623886 0.7894533 0.1211315 -0.8262841 0.5500744 0.0157372 -0.9843042 0.1757773 0.07400781 -0.9866619 0.144987 0.0769086 -0.8262479 0.5580317 0.08061481 -0.8394758 0.5373842 0.07518931 -0.5376114 0.8398337 0.1030438 -0.3184698 0.9423157 0.08779453 -0.1751237 0.9806242 0.7505999 -0.4204575 0.5097206 0.9638477 -0.1824098 0.1942275 0.7800272 -0.5403573 0.3155495 0.7911379 -0.5169427 0.3269114 0.529885 -0.810947 0.2481668 0.1866839 -0.9495084 0.2521567 0.1804172 -0.9532939 0.2422402 0.8272786 0 0.561792 0.8272786 0 0.561792 0.9802945 0 0.1975417 0.9802945 0 0.1975417 0.982559 -0.185951 2.268769e-08 0.982559 -0.185951 2.268769e-08 0.5469965 -0.8371349 1.024495e-07 0.8371336 -0.5469984 6.674704e-08 0.8371336 -0.5469984 6.674705e-08 0.1859556 -0.9825582 1.198809e-07 0.2150209 -0.9766089 -0.001055514 0.4859843 -0.8739631 -0.002797467 0.8620805 -0.5045613 -0.0472764 0.9350718 -0.3187318 -0.1550834 0.5610295 -0.8226673 -0.09200295 0.2147806 -0.9760475 -0.03464833 0.1528906 -0.9880934 -0.0172036 0.9765227 -0.1848086 -0.1106765 0.8346502 -0.5453756 -0.07697012 0.6351237 -0.7686155 -0.07647245 0.998706 -4.361053e-09 -0.05085668 0.9984995 -0.0005970325 -0.0547576 0.9876477 0.000606476 -0.1566897 0.9865238 -0.0005026988 -0.1636168 0.8471878 -0.481769 -0.2239902 0.8959181 -0.3172732 -0.3109156 0.7843262 -0.315999 -0.5338324 0.7286276 -0.4256309 -0.5366006 0.8379825 -0.318967 -0.44277 0.3365867 -0.412533 -0.8464786 0.1087147 -0.3172735 -0.942082 0.1428234 -0.4154459 -0.8983352 0.06691515 -0.8246224 -0.5617118 0.07909004 -0.9961398 -0.0380841 0.680048 -0.710779 -0.1797996 0.4418369 -0.8451891 -0.300725 0.4769618 -0.8226147 -0.3095361 0.3548327 -0.8235531 -0.442554 0.2955025 -0.8602518 -0.4155057 0.1127965 -0.8855382 -0.4506652 0.2083832 -0.8229288 -0.5285496 0.3181643 -0.3142408 -0.8944407 0.5934904 -0.3159979 -0.7402124 0.4837263 -0.5188945 -0.7048102 0.6462864 -0.3183748 -0.6935067 0 -0.3191652 -0.9476991 0.01536621 -0.1950718 -0.9806686 0.0009080359 -0.5555695 -0.8314697 0.01815406 -0.8263386 -0.5628809 0.01701902 -0.8313484 -0.5554911 -0.0007448975 -0.9807847 -0.1950919 0 -0 -1 0 0 -1 0 -0 -1 0.9635889 0.0006116034 -0.2673874 0.9447237 -0.003084374 -0.3278529 0.9013317 0.002581823 -0.4331218 0.8841656 0.0007118834 -0.4671731 0.7951978 -0.001563519 -0.6063482 0.805205 0.0002394182 -0.5929964 0.6567581 -0.0002229413 -0.7541012 0.3694886 -0.004921941 -0.9292222 0.4905919 0.002330342 -0.8713863 0.5658683 -0.001279507 -0.8244947 0.6817585 0.003148638 -0.7315705 0.1146345 0.007213075 -0.9933816 0.02734523 -0.001260537 -0.9996253 0.07187176 -0.01329398 -0.9973252 0.2185598 0.00860153 -0.9757857 0.2313268 0.005201207 -0.9728622 0.3022462 -0.02007677 -0.9530185 0.1050337 0.005204717 -0.994455 0.912871 0.4003298 -0.08001529 0.6032207 0.7537715 -0.2606786 0.9223021 0.334123 -0.1942181 0.9049187 0.379928 -0.1917734 0.9043611 0.4184562 -0.08381781 0.6807036 0.7297313 -0.06430157 0.968883 0.247249 0.01155631 0.6207396 0.7832516 0.03463122 0.9691475 0.2411615 0.05093267 0.7190828 0.6878784 0.09870656 0.921826 0.3836498 0.05522312 0.5924783 0.7826034 0.1910533 1 -0 0 1 0 0 1 0 0 1 0 0 0.9894688 0.1446107 0.006270155 0.9352809 0.3495829 0.05515047 0.8244644 0.5409768 0.16614 0.785694 0.3130602 0.5335525 0.8582302 0.4655104 0.2161966 0.5034861 0.8551223 0.1235628 0.6165989 0.4605567 -0.6385087 0.817194 0.3843558 -0.4294934 0.9373178 0.1953985 -0.2885389 0.1646824 0.3145528 -0.9348456 0.3451141 0.4457191 -0.8259726 0.3370542 0.4753762 -0.8126573 0.7391732 0.3500788 -0.5753848 0.7718897 0.462579 -0.4361271 0.2767175 0.797621 -0.5359367 0.4962383 0.2244794 -0.8386635 0.3255137 0.7471937 -0.5794328 0.4434541 0.7723554 -0.4547698 0.451407 0.7467078 -0.4885276 0.6073016 0.7528531 -0.2537657 0.7477067 0.5102366 -0.4249629 0.5617102 0.5518008 -0.6164395 0.04256686 0.5484899 -0.8350729 -0.08582174 0.2920865 -0.9525335 0.08678269 0.8217368 -0.5632206 0.1765711 0.7271104 -0.6634253 0.122342 0.4137794 -0.9021192 0.05990852 0.2720759 -0.9604092 0 0 -1 0 0 -1 0 0 -1 -0 0 -1 0.5858871 0.7996329 0.1316187 0.5056441 0.8546837 0.1176433 0.09005167 0.8017638 -0.5908176 0.4403823 0.8446801 -0.3042678 0.4137448 0.8061644 -0.4229825 0.5516559 0.8251008 -0.1220023 0.522665 0.8332695 -0.1802313 0.03680274 0.8314864 0.5543247 0.02915551 0.8334374 0.5518442 0.1231186 0.8376527 0.5321463 0.1324537 0.8344494 0.5349301 0.2345603 0.834863 0.4979811 0.2360957 0.8343503 0.4981147 0.3237402 0.8287889 0.4564002 0.3338081 0.8401101 0.4275362 0.4187521 0.8282912 0.3722638 0.4419483 0.8443056 0.3030343 0.01853236 0.9892381 0.1451364 0.01468446 0.9470401 0.3207794 0.03124656 0.9044483 0.4254375 0.1240939 0.9476357 0.2942572 0.1602958 0.9631404 0.2160226 0.1116197 0.98733 0.1127857 -0.3722367 0.8628693 0.3419012 0.07446337 0.9507982 0.3007292 0.23535 0.6933309 0.6811039 0.03576586 0.9949595 0.09368281 0.1037483 0.9909165 0.08556107 0.1820853 0.9699152 0.1615841 0.2381513 0.9534782 0.1848331 0.5664662 0.4992629 0.6556315 0.5824658 0.4733837 0.6607884 0.1600038 0.932839 -0.3228161 0.2700148 0.8652216 -0.4224733 0.2575373 0.866241 -0.4281367 0.1834097 0.9708624 -0.1542306 0.4199504 0.8661498 -0.2709722 0.4549529 0.8694184 -0.1926905 0.4590642 0.8872574 -0.04510358 0.52631 0.8496147 0.03394981 0.4143098 0.9060289 0.08636528 0.4760039 0.8605179 0.1814646 0.3662249 0.8935084 0.2598502 -0.02014496 0.8959357 -0.4437265 0.2193257 0.9343376 0.2809083 0.0791535 0.9825962 0.1680461 0.09060286 0.9789551 0.1828607 0.07352566 0.9453045 0.3177945 0.03974646 0.9598996 0.2775122 0.02234289 0.9414079 0.3365293 0.09665434 0.9811381 0.1674093 0.00654934 0.9992885 0.03714315 0.00603386 0.9990939 0.04212878 0.025993 0.9986477 -0.04502196 0.07529454 0.9840947 -0.1608991 0.01498504 0.9962696 -0.08498457 -0.02535678 0.9398922 -0.3405285 0.03295875 0.9994567 0 0.1184649 0.9923616 -0.03441722 0.1100558 0.9931179 -0.04005704 0.03663257 0.9992117 0.01529642 0.03684026 0.998843 -0.03091189 0.03712966 0.9988225 -0.03122262 0.02370715 0.9985733 0.04784668 0.03716006 0.9988228 0.03118027 0.09724697 0.9928656 0.06900012 0.03512685 0.9993011 0.01278513 0.06843416 0.9975536 0.0142655 0.09418328 0.4234522 0.9010093 0.07707452 0.9757433 0.2049015 0.05780198 0.9830985 0.173713 0.3443712 0.4343255 0.8323279 0.07105658 0.4898873 0.8688852 0.5279248 0.7496729 0.3991064 0.6070889 0.6847465 0.403194 0.05624106 0.9832846 0.1731715 0.01981295 0.9989049 -0.04238484 0.00574471 0.999832 0.01740516 0.01191581 0.9998218 0.01464131 0.01137298 0.9998376 0.01397431 0.6516876 -0.1361516 0.7461675 0.5012937 -0.01112888 0.8652056 0.200885 0.3190144 0.9262155 0.1618636 0.8249173 0.5415826 0.1428555 0.8454171 0.5146478 0.2455554 0.408105 0.8792911 0.3714379 0.06915901 0.9258785 0.08928498 0.1750998 0.9804939 0.1041657 0.3184278 0.9422066 0.07646781 0.537559 0.8397518 0.08104427 0.8262939 0.557378 0.07398972 0.8399084 0.5376611 0.0160063 0.9843003 0.1757748 0.6580964 0.4384521 0.612102 0.9700465 0.01375117 0.24253 0.4828232 0.1066521 0.8691991 0.02813894 0.001440924 0.999603 0.0661803 0.02081634 0.9975905 0.01122823 0.0701212 0.9974753 0.02258295 -0.0260723 0.999405 0.03333336 -0.02201233 0.9992019 0.009540191 0.01133678 0.9998903 0.6199459 0.7351786 0.2741885 0.6335768 0.1764273 0.7532954 0.8688189 0.01524268 0.4948954 -0.618518 -0.7349961 -0.277878 -0.8304851 -0.5568443 0.01479298 -0.1306226 0.978116 -0.1619473 0.1275571 0.7966045 -0.5908896 0.6062337 -0.6999043 0.3776435 0.7064269 -0.6652694 0.2416147 0.3761788 0.6173434 0.6909245 0.6643934 0.1131576 0.738767 0.8796209 0.4321075 0.1988724 0.7898089 0.5156568 0.3321144 0.5003535 0.4488424 0.7403964 0.3120837 -0.01608461 0.9499184 0.3478779 0.008107527 0.9375048 0.3976322 0.02067579 0.9173119 0.4257982 0.008099712 0.9047819 0.2678654 -0.026128 0.963102 0.6612405 -0.005238744 0.7501557 0.6502479 0.001640078 0.7597203 0.5641004 -0.001217993 0.8257053 0.5329291 0.009223899 0.8461097 0.4940566 -0.001491782 0.8694285 0.6568877 0 0.7539884 0.6283768 -0.01794119 0.7777023 0.09068601 -1.189203e-08 0.9958795 0.08917256 0.0003198326 0.9960162 0.2119599 -0.0001180141 0.9772783 0.2104755 -2.973706e-08 0.9775991 0.2928973 -4.156892e-08 0.9561439 0.1843581 0.3634417 0.9131935 0.485756 0.5923906 0.64274 0.3247373 0.08693115 0.9418008 0.1476054 0.03595556 0.9883926 0.3811567 0.00297029 0.9245057 -2.434913e-07 -1 0 0.005778302 -0.9996995 -0.0238238 0.006077771 -0.9996866 -0.02428588 0.0126863 -0.9990888 0.040749 0 -1 0 -3.512238e-07 -1 3.667866e-07 0 -1 0 7.191392e-08 -1 2.263958e-07 -4.671965e-08 -1 1.22009e-07 -3.374851e-07 -1 2.748568e-07 0.02260681 -0.999239 -0.03178741 0.02840474 -0.9995965 1.590226e-07 -0.009725173 -0.9999399 -0.005059577 -2.034126e-07 -1 1.022492e-07 0 -1 0 -2.34899e-07 -1 3.185107e-07 4.644228e-13 1.907349e-06 1 4.644229e-13 1.907349e-06 1 -1 2.861023e-06 -4.547475e-13 -1 2.861023e-06 -4.547474e-13 -0.1950906 -1.845116e-06 -0.9807851 -0.1950906 -1.870699e-06 -0.9807851 -0.5555701 -1.585903e-06 -0.8314697 -0.5555698 3.595031e-09 -0.8314699 -0.8314698 1.319189e-06 -0.5555699 -0.8314697 2.378854e-06 -0.5555701 -0.9807851 2.806049e-06 -0.1950906 -0.9807851 2.806049e-06 -0.1950906 -1 1.311342e-07 0 -1 1.311342e-07 0 -1 1.311347e-07 0 -1 1.311342e-07 -9.128967e-14 -1 1.311337e-07 1.20688e-13 -1 1.311341e-07 2.166205e-14 -1 1.311342e-07 -1.856732e-14 -1 1.311344e-07 -1.609179e-13 -1 1.311343e-07 1.485394e-13 -1 1.311341e-07 3.465916e-13 -1 1.311341e-07 0 -1 1.311341e-07 0 0 0 1 0 0 1 0 0 1 -0.222521 -0.9749279 0 -0.222521 -0.9749279 -0 -0.6575388 -0.7534207 0 -0.6575388 -0.7534207 -0 -0.913885 -0.4059733 0 -0.9138849 -0.4059733 -0 -0.9992957 -0.03752737 0 -0.9992956 -0.03752743 -1.491047e-07 -0.9403061 0.3403301 1.352206e-06 -0.9403061 0.3403298 0 -0.6575382 0.7534211 0 -0.6575382 0.7534211 0 -0.2225211 0.9749278 0 -0.2225211 0.9749278 0 -0.009198162 0.9738176 0.2271444 -0.01067931 0.9807293 0.1950793 -0.003392089 0.8314645 0.5555676 -0.006330075 0.5555529 0.8314571 -0.008824419 0.4935252 0.8696868 0 0.1951007 0.9807832 -0.1607658 0.9834624 0.08340286 -0.1044044 0.9792361 0.1737707 -0.09986311 0.4910772 0.8653731 -0.1435046 0.7528772 0.6423258 -0.839744 0.458152 0.2914217 -0.5014159 0.7950552 0.3412759 -0.7176096 0.5490777 0.4284276 -0.5664927 0.5563852 0.6078827 -0.3438177 0.7805746 0.5220084 -0.328925 0.8137085 0.4792563 -0.3287394 0.4565341 0.8267449 -0.1019304 0.8938668 0.4365917 -0.1080545 0.004981257 0.9941325 -0.3093157 0.0717821 0.9482463 -0.130393 -0.04315515 0.9905227 -0.2458498 -0.005369616 0.9692931 -0.03335313 -0.002098658 0.9994414 -0.1146358 0.006409623 0.9933869 -0.2337446 -0.008405099 0.9722617 -0.3694898 0.00398604 0.9292263 -0.5170051 -0.002405505 0.8559789 -0.56587 0.0006628015 0.8244942 -0.6821064 -0.0009369811 0.7312523 -0.6817617 -0.0009722144 0.7315736 -0.819586 0.001369052 0.5729546 -0.8266829 0.002679208 0.5626617 -0.9248322 -0.001836537 0.380371 -0.9447258 0.002164906 0.3278542 -0.9690173 2.162921e-08 0.2469929 -0.908079 0.4158275 0.0497985 -0.9105713 0.410256 0.05049804 -0.4856678 0.8724337 0.05464843 -0.2914548 0.9564329 0.01703412 -0.472829 0.8761486 0.09378906 -0.890523 0.4147089 0.1870435 -0.683958 0.7206482 0.1134357 -0.9984998 4.695522e-09 0.05475711 -0.9984582 -0.0001186634 0.05550914 -0.9865239 0.000116895 0.1636168 -0.9864024 1.464353e-08 0.1643481 -0.9117345 0.4107801 -5.011887e-08 -0.9117345 0.4107801 -5.011887e-08 -0.3448041 0.9386747 -1.145267e-07 -0.4863868 0.8737251 -0.005681067 -0.3551479 -0.3493196 0.8670904 -0.8477439 -0.4442462 0.2897853 -0.7936748 -0.4709749 0.3850494 -0.7028659 -0.5945534 0.3904946 -0.7291308 -0.4300289 0.5323942 -0.5956867 -0.5121338 0.61877 -0.1894485 -0.3832282 0.9040163 -0.2443905 -0.5107332 0.8242724 -0.4200197 -0.6312479 0.6520043 -0.4913898 -0.481784 0.7255482 -0.5505098 -0.6638801 0.5061643 -0.03697851 -0.4494352 0.8925472 -0.1069769 -0.5333749 0.8390871 -0.09880739 -0.4487359 0.8881853 -0.86751 -0.4906925 0.08153038 -0.9131618 -0.3983673 0.08624945 -0.89152 -0.3944454 0.2227219 -0.8204249 -0.5288349 0.2173394 -0.8891898 -0.4575284 -0.003049224 -0.4814234 -0.8388435 -0.2541125 -0.8949285 -0.4362078 -0.0939456 -0.9765269 -0.2086309 -0.05355694 -0.8309032 -0.5431666 -0.1207061 -0.9292471 -0.3673713 -0.03922001 -0.8413128 -0.5401555 -0.02061555 -0.9995342 1.293744e-07 -0.03051929 -0.9931205 0.1170965 0 -0.9986024 0.03856518 -0.03613603 -0.9987925 0.04860146 -0.007163275 -1 1.285051e-07 6.833972e-09 -1 1.311342e-07 1.484544e-08 -1 1.385569e-07 0 0 -1 0 -0.1180561 -0.992653 -0.02650969 -0 -1 0 0 -1 -0 -0 -1 0 3.437438e-07 -1 -1.018815e-06 2.288389e-07 -1 -9.601565e-07 -2.502985e-07 -1 1.050196e-06 -2.66188e-08 -1 8.306748e-07 0 -1 -0 0 -1 0 -0.9961947 8.642526e-07 -0.08715532 -0.1736478 2.277115e-08 0.9848078 -0.1736478 0 0.9848078 -0.5000002 0 0.8660253 -0.5000002 0 0.8660253 -0.7660443 0 0.6427878 -0.7660443 0 0.6427878 -0.9396926 0 0.3420203 -0.9396926 0 0.3420203 -1 0 0 -0.917237 -0.390175 0.08024745 -0.9961947 6.60899e-07 -0.08715559 -0.9396926 5.942103e-07 -0.3420202 -0.9396926 6.32584e-07 -0.3420202 -0.766044 5.15687e-07 -0.6427881 -0.7660443 2.272117e-07 -0.6427879 -0.5000003 -5.207056e-08 -0.8660252 -0.5000005 -3.886616e-07 -0.8660251 -0.1736482 -4.419698e-07 -0.9848078 -0.1736482 -4.191986e-07 -0.9848078 0 -1.478724e-07 -1 -1.704032e-08 -1.432804e-07 -1 0 -1 0 0 -1 0 -0 -1 0 0 -1 0 -9.089326e-07 -1 5.452553e-09 -9.737445e-08 -1 1.339542e-06 3.540889e-07 -1 1.397869e-06 0 -1 0 0 -1 -0 0 -1 0 0.9865769 0.04742769 0.1562584 0.9946355 -0.05732327 0.0861064 0.9221989 0.06028857 0.3819876 0.8905979 -0.03027961 0.4537825 0.7926781 0.0403435 0.608304 0.7058126 -0.06047494 0.7058126 0.6494481 6.943073e-08 0.7604059 0.4772007 2.665758e-07 0.8787943 0.4537826 -0.03027819 0.8905979 0.07845924 6.135223e-07 0.9969173 0.1561481 -0.06047428 0.9858806 0.2837385 0.0403448 0.9580526 -0.4368655 -0.8347185 -0.3352513 -0.4824581 -0.8528175 -0.1998409 -0.4898696 -0.8338761 -0.2543193 -0.5561547 -0.8299153 0.04395961 -0.6181496 -0.7822643 -0.07715983 -0.5470906 -0.8361557 -0.0391856 -0.5529553 -0.8204466 -0.1452853 -0.5084501 -0.845095 0.1652057 -0.5786513 -0.8094323 0.0999095 -0.4223382 -0.8202891 0.3856893 -0.4431348 -0.8366457 0.3219556 -0.4696 -0.8270085 0.3090838 -0.5303879 -0.8170035 0.2262605 -0.3423921 -0.8296685 0.4409284 -0.3439526 -0.8109123 0.4734108 -0.2673744 -0.8589864 0.4366386 -0.167995 -0.8303577 0.5313038 -0.1771879 -0.8192818 0.5453273 -0.04900141 -0.7809845 0.6226251 -0.02910884 -0.7294047 0.6834629 -0.4361317 -0.826162 -0.3567148 -0.359227 -0.8330978 -0.4205997 -0.3373518 -0.8200856 -0.4622265 -0.2587358 -0.8402527 -0.4764778 -0.2290812 -0.8310692 -0.5067997 -0.1543953 -0.8392774 -0.5213209 -0.1333728 -0.8293952 -0.5425084 -0.03952805 -0.8325979 -0.5524656 -0.04361438 -0.8312586 -0.5541723 -0.96647 -0.2534235 -0.0413794 -0.5030042 -0.8614264 -0.0702237 -1 0 0 -1 0 0 -1 -0 0 -1 0 0 -1 -0 0 -1 0 0 -0.7366911 0.4549856 -0.5002742 -0.4696001 0.8697903 -0.1514614 -0.7106312 0.6588932 -0.2467045 -0.8967254 0.4040178 -0.1807019 -0.01111144 -0.9893335 -0.1452437 -0.05087381 -0.9931862 -0.1048476 -0.2649082 -0.9401779 -0.2142176 -0.2047182 -0.9417865 -0.2666993 -0.1425447 -0.9382073 -0.3153539 -0.1821705 -0.9510586 -0.2496026 -0.1356725 -0.9543693 -0.2660303 -0.06989285 -0.9454789 -0.3180953 -0.08471904 -0.9349176 -0.3446038 0.002436816 -0.9412678 -0.337652 -0.03044605 -0.9044316 -0.4255307 -0.4757514 -0.8770303 -0.06692207 -0.9395726 -0.3357691 -0.06680097 -0.6440527 -0.7649654 -0.004916157 -0.796115 -0.5834929 -0.1604276 -0.5686024 -0.7263584 -0.386128 -0.9802943 0 -0.1975421 -0.9802943 -0 -0.1975421 -0.8272793 0 -0.561791 -0.8272793 -0 -0.561791 -0.2165155 0.9434689 -0.2509732 -0.3386791 0.7438608 -0.5761663 -0.1325453 0.9681689 -0.212322 -0.1295379 -0.9816301 -0.1400789 -0.1940484 -0.9512742 -0.2396302 -0.3088797 -0.8914675 -0.3314799 -1 1.311341e-07 0 -1 1.311341e-07 -5.594555e-14 -1 1.311344e-07 2.348293e-13 -1 1.311342e-07 0 -1 1.311342e-07 0 -1 1.311342e-07 1.16419e-13 -1 1.311342e-07 1.916787e-13 -1 1.311342e-07 -9.735986e-14 -1 1.311341e-07 -1.410225e-13 -1 1.31134e-07 -1.699019e-13 -1 1.311343e-07 0 -1 1.311342e-07 0 -1 1.311342e-07 0 -1 1.311339e-07 0 -1 1.311338e-07 -4.342699e-14 -1 1.311342e-07 -9.600726e-14 -1 1.311341e-07 2.212117e-14 -1 1.31134e-07 1.274272e-13 -1 1.311341e-07 -2.737199e-14 -1 1.311341e-07 1.181722e-14 -1 1.311341e-07 0 -1 1.311341e-07 1.582207e-13 -1 1.311343e-07 -2.968559e-13 -1 1.311343e-07 -1.264657e-13 -1 1.31134e-07 6.481775e-14 -1 1.311341e-07 -3.314493e-15 -1 1.311343e-07 6.315937e-14 -1 1.311343e-07 -5.326653e-14 -0.1504117 0.6995127 -0.6986117 -0.08113155 0.4149672 -0.9062118 -0.091733 0.7919788 -0.603618 -0.07145321 0.867498 -0.4922821 -0.5840684 0.3101295 -0.7501227 -0.06885105 -0.9070501 -0.415355 -0.01635819 -0.983596 -0.1796419 -0.07894979 -0.4919995 -0.8670083 -0.07895 -0.4920028 -0.8670064 -0.1320061 -0.9037479 -0.4072027 -0.2116834 -0.6289259 -0.7480925 -0.1843709 -0.4933495 -0.8500668 -0.0418973 -0.997523 -0.05650152 -0.03846717 -0.9980025 -0.05011271 0.04700012 -0.341778 -0.9386047 -0.004011713 -0.9996991 -0.02420037 -0.001676932 -0.9997582 -0.02192426 -0.004909132 -0.9997384 -0.02234237 -0.4394347 0.2920325 -0.8494788 -0.1653425 -0.98233 -0.08769113 -0.3725854 0.3776872 -0.847663 -0.1177991 -0.9658001 -0.2309838 -0.01216158 -0.9860198 -0.1661834 -0.9138814 0.1114898 -0.3903728 -0.5585167 -0.3724329 -0.7411833 -0.5458043 -0.2716542 -0.7926549 -0.8893062 -0.07031849 -0.4518736 -0.5407661 -0.2832503 -0.7920488 -0.4031229 -0.0898973 -0.9107198 -0.04864743 -0.009675643 -0.9987692 -0.0281556 -0.01887846 -0.9994253 -0.04389104 -0.0008219769 -0.999036 -0.1570928 -0.05872384 -0.9858363 -0.04162435 0.004694245 -0.9991224 -0.004433723 -0.1447173 -0.9894632 -0.1227431 -0.9920324 -0.0283876 -0.9243977 0.1384719 -0.3554074 -0.9989132 0.03850807 0.02625634 -0.9400237 -0.1214 -0.3187749 -0.533299 -0.6672383 -0.5199859 -0.8000222 -0.37282 -0.4700741 -0.7901856 -0.5938784 -0.1513775 -0.3780566 -0.097752 -0.9206072 -0.3989437 -0.5631123 -0.7237047 -0.4665431 -0.5427763 -0.6983777 -0.3798888 -0.003185662 -0.9250266 -0.1601028 -0.1411416 -0.9769576 0.07031314 0.1599484 -0.984618 1.121579e-07 1 0 2.434913e-07 1 4.456786e-07 0 1 -0 3.388953e-07 1 -4.287666e-07 0 1 0 -0.02852199 0.9966903 -0.07612387 -3.055148e-07 1 -1.589458e-07 -0.06859159 0.9964299 0.04921982 -0.06273305 0.9947139 0.08129494 -1.188623e-07 1 -1.778902e-07 -3.757635e-08 1 -1.18296e-07 1.766685e-07 1 -1.769496e-07 3.556234e-07 1 -2.627374e-07 2.989304e-07 1 -1.975522e-07 -0.08472162 0.9845054 -0.1535301 -0.5090383 0.2550693 -0.8220825 -0.4408687 0.7319075 -0.5195634 -0.2224787 -0.06486826 -0.9727771 -0.8959377 -0.01313551 -0.4439854 -0.2810938 -0.2994554 -0.9117635 -0.04360294 0.005223372 -0.9990352 -0.05796879 0.009401308 -0.9982741 -0.002989725 0.02843734 -0.9995911 -0.2538088 0.1489295 -0.9557202 -0.8288526 0.5103884 -0.229144 -0.8922188 -0.03785252 -0.4500142 -0.8393455 0.08108401 -0.537517 -0.2993178 0.1076663 -0.9480595 -0.481638 0.5768588 -0.6597413 -0.8260992 0.5596738 -0.06576835 -0.833321 0.5421872 -0.1077464 -0.9964706 -0.06184656 -0.05675722 -0.4503363 0.638528 -0.6240826 -0.2119617 2.994703e-08 -0.9772779 -0.2104779 0.0001078323 -0.9775986 -0.09068525 -0.0003011557 -0.9958796 -0.08917159 1.169344e-08 -0.9960163 -0.3417342 -0.03271974 -0.9392269 -0.3643501 0.01047649 -0.9312032 -0.2969127 4.08652e-08 -0.9549046 -0.4197614 0.005758186 -0.9076162 -0.2826062 -0.01434415 -0.9591288 -0.6486669 -0.0007699261 -0.761072 -0.644027 0.002203875 -0.7649995 -0.6136523 0.003587745 -0.7895682 -0.475292 -0.003164016 -0.8798224 -0.514937 0.003603329 -0.8572204 -0.5429453 -0.005850431 -0.8397477 -0.6222118 0.00805492 -0.7828075 -0.6612492 0 -0.7501664 -0.6467775 -0.00870861 -0.762629 -0.1936441 0.5452534 -0.8155983 -0.4614475 0.29048 -0.8382646 -0.282696 0.2673718 -0.9211923 -0.2747049 0.279908 -0.9198851 2.121869e-07 2.431278e-07 1 0 0 1 2.175457e-07 2.392511e-07 1 9.959981e-08 4.523347e-07 1 2.487502e-07 3.731255e-07 1 0.01759808 -0.02222443 0.9995981 -0.1961169 2.717334e-08 -0.9805805 0.4264017 -0.6396023 -0.6396019 0 -1 0 -0.4990268 -0.4366475 -0.7485393 0.4264014 0.6396027 -0.6396015 -0.4990267 0.4366482 -0.7485391 0 1 -0 -0.9486833 1.696378e-07 -0.3162277 -0 0 1 0 0 1 1 -1.78814e-07 5.960446e-08 -0.6869616 -0.24645 0.6836272 -0.3332388 0.9410264 0.05849029 0.6957838 0.02726933 0.7177334 0.678736 -0.5384381 -0.4994015 0.02754173 0.07937725 -0.9964641 0.0458152 -0.3131153 -0.9486094 -0.04778468 0.07166951 -0.9962832 0.1038802 0.00415583 -0.9945811 0.2975163 0.4729091 -0.8293619 -0.3660802 0.1376467 -0.920347 0.5128538 -0.05993735 -0.8563811 0.5150288 -0.06262425 -0.8548821 0.9417512 -0.07512393 -0.3278122 0.6680778 0.4840509 -0.5651256 0.5373592 0.3785107 -0.753641 0.9608738 0.263081 -0.08665942 0.4363074 -0.4521481 -0.7779447 0.4451261 -0.3788855 -0.811362 -0.02759528 0.5676726 -0.8227918 0.6772581 -0.002862542 -0.7357399 0.5939895 0.5319105 -0.6035293 0.2970381 0.4013427 -0.8664251 0.6034356 0.5971621 -0.5284532 0.666914 0.4918779 -0.5597159 0.7906644 0.4561569 -0.4083756 0.7512645 0.07653675 -0.6555485 0.4416727 0.6616444 -0.6059306 0.2524026 0.4198465 -0.8717923 0.2525661 0.02286396 -0.9673095 0.2990862 0.381762 -0.8745314 0.05386623 0.09346112 -0.9941647 0.1286536 0.970459 -0.2041018 0.1784839 0.9547058 -0.2380764 0.5126237 0.6429017 -0.5691172 0.06603547 0.907222 -0.4154368 0.09479999 0.782635 -0.6152198 0.07762959 0.492055 -0.8670961 0.4968163 0.3371337 -0.7996965 0.1559831 0.6714056 -0.7244887 0.6698663 0.730108 -0.1349868 0.8412639 0.4683082 -0.2701158 0.4443113 0.8778666 -0.1787116 0.7547276 0.4095205 -0.5125224 0.9802943 0 -0.1975421 0.9802943 0 -0.1975421 0.8272793 0 -0.561791 0.8272793 0 -0.561791 0.2665649 0.963816 -0.001407999 0.3231942 0.9463326 -1.154611e-07 0.8737428 0.4863882 -5.934374e-08 0.8737428 0.4863882 -5.934374e-08 0.8583143 0.4929829 0.142353 0.7190872 0.6791366 0.1472657 0.2145301 0.9754147 0.05042955 0.2000085 0.9785714 0.04893511 0.4134133 0.9102469 0.02323906 0.8686661 0.4930058 0.04862674 0.8727415 0.4858309 0.04786061 0.1019315 0.8938669 0.4365913 0.1044078 0.9791645 0.1741723 0.0746856 0.9914739 0.106779 0.3906174 0.8937314 0.2205955 0.839744 0.458152 0.2914217 0.5844942 0.7379838 0.3372633 0.06225592 0.8396912 0.5394839 0.3287401 0.4565351 0.826744 0.3289263 0.813707 0.4792582 0.3501754 0.7648412 0.5407357 0.5933424 0.4925094 0.6366941 0.7209166 0.4894063 0.490674 0.1850173 0.4850235 0.8547052 0.9865239 -7.332157e-08 0.1636168 0.9867012 -0.0001779651 0.1625448 0.9984997 0.0001743828 0.05475711 0.9985601 4.600099e-09 0.05364433 0.007900103 0.9807547 0.1950843 -0 0.1951008 0.9807832 0.0100823 0.9733282 0.2291957 0.003392089 0.8314645 0.5555676 0.006330074 0.5555529 0.8314571 0.01541916 0.3099778 0.9506188 0 0.4935444 0.8697206 -3.520549e-07 1 -3.626091e-07 0 1 -0 2.434913e-07 1 -0 8.583678e-08 1 -6.499791e-07 0.04039123 0.990844 -0.1288289 4.080443e-07 1 -2.616111e-07 7.911027e-08 1 -1.07004e-07 -1.838388e-07 1 2.486591e-07 3.512804e-07 1 -1.083763e-07 6.772026e-07 1 4.786508e-08 2.237909e-07 1 -3.349268e-07 4.989816e-07 1 -1.955867e-08 -1.866961e-07 1 -1.003148e-06 3.180035e-07 1 -1.589457e-07 0.9807851 -2.806049e-06 -0.1950906 0.9807851 -2.806049e-06 -0.1950906 0.8314698 -2.378854e-06 -0.5555699 0.8314697 -3.43852e-06 -0.5555701 0.5555698 -3.175401e-06 -0.8314699 0.5555701 -1.585903e-06 -0.8314697 0.1950906 -1.870699e-06 -0.9807851 0.1950906 -1.896282e-06 -0.9807851 1 -2.861023e-06 4.547474e-13 1 -2.861023e-06 4.547475e-13 4.644228e-13 1.907349e-06 1 4.644229e-13 1.907349e-06 1 0.9465265 -5.558994e-08 0.3226261 0.1146353 -0.007213178 0.9933814 0.06558581 0.0142583 0.997745 0.150114 0.00169716 0.9886672 0.1582192 -0.005342333 0.9873896 0.04600466 -0.002487513 0.9989381 0.02824768 -0.0049029 0.9995889 0.8546268 0.02001538 0.5188568 0.9445544 -0.01917664 0.3277947 0.8266793 0.003995443 0.5626592 0.7218157 -0.002443407 0.692081 0.6817619 0.0005994758 0.7315739 0.5658699 -0.0008097559 0.8244941 0.5659585 -0.0008019144 0.8244334 0.3694924 0.001287904 0.9292328 0.3836942 0.003076984 0.9234551 0.1823021 -0.001646922 0.9832412 0 0 1 0 0 1 0 0 1 0 0 1 -1 1.788138e-07 0 -1 1.788138e-07 0 0 0 1 0 0 1 0.9486833 -1.696377e-07 -0.3162277 0 -1 0 0.4990267 -0.4366478 -0.7485391 0 -1 0 0 1 0 0 1 -0 0.4990268 0.4366474 -0.7485394 0.1961169 -2.571763e-08 -0.9805805 1 -1.311341e-07 0 1 -1.311341e-07 0 1 -1.311341e-07 -1.485393e-13 1 -1.311342e-07 -3.713483e-13 1 -1.311343e-07 0 1 -1.311343e-07 1.856745e-13 1 -1.311338e-07 -3.342144e-13 1 -1.311341e-07 4.951318e-14 1 -1.311346e-07 2.78512e-13 1 -1.311342e-07 0 1 -1.311342e-07 0 1 -1.311342e-07 0 0 -0.1950948 -0.9807844 -0.01079044 -0.3191466 -0.9476439 -0.0009080359 -0.5555695 -0.8314697 -0.018533 -0.8313259 -0.5554761 -0.01098202 -0.7969453 -0.6039518 -0.001600852 -0.9807837 -0.1950917 -0.005145997 -0.9918799 -0.1270737 0 0 -1 0 -0 -1 0 0 -1 -0.3829158 -0.314239 -0.8686941 -0.1087148 -0.3172729 -0.9420822 -0.1087146 -0.3172734 -0.9420822 -0.5591493 -0.5721438 -0.6000029 -0.5147387 -0.4153902 -0.7499967 -0.3365873 -0.4125335 -0.846478 -0.5662726 -0.3142395 -0.7619638 -0.8038847 -0.3142385 -0.5049986 -0.7530642 -0.4125319 -0.5125541 -0.8762736 -0.411354 -0.2508633 -0.8229696 -0.4910741 -0.2855999 -0.2258866 -0.9619051 -0.1539929 -0.3529744 -0.9251887 -0.1394092 -0.1619748 -0.9269901 -0.3383099 -0.1715928 -0.9554767 -0.2400421 -0.4699696 -0.8234385 -0.3179269 -0.3536799 -0.8234388 -0.443688 -0.1970938 -0.8449559 -0.4971957 -0.07521593 -0.7546566 -0.6517945 0.2225212 0.9749279 -0 0.2225212 0.9749279 0 0.6575388 0.7534207 -0 0.6575388 0.7534207 0 0.9138849 0.4059735 -0 0.9215094 0.3308842 0.2033124 0.9970543 0.03770938 -0.06678808 0.9971308 -0.03721743 0.06591677 0.9196957 -0.3357562 -0.2035376 0.9138849 -0.4059733 0 0.6575384 -0.7534211 0 0.6575384 -0.7534211 0 0.222521 -0.9749279 0 0.222521 -0.9749279 0 0 0 -1 0 0 -1 0 0 -1 -2.476732e-07 2.837891e-07 1 -7.789147e-08 3.412648e-07 1 -4.708287e-08 3.779007e-07 1 0.1100776 -0.4619332 0.8800572 0.05264192 -0.4598434 0.8864384 0.06304981 -0.5060561 0.860193 0.5106238 -0.536039 0.6722541 0.2865132 -0.6327058 0.7194398 0.399688 -0.4774124 0.7825133 0.4416935 -0.6625713 0.6049017 0.772988 -0.3906118 0.4999118 0.7675104 -0.5437783 0.3394598 0.6738319 -0.3656825 0.642049 0.6057837 -0.6328025 0.4822727 0.8406579 -0.3938567 0.371714 0.2469559 -0.8053244 0.5389484 0.8795325 -0.4248851 0.2142316 0.8993443 -0.3853697 0.2065672 0.890415 -0.4447457 0.09676013 0.9191663 -0.3849867 0.08317713 0.8736908 -0.4862901 0.01365283 0.872752 -0.4879601 0.01410577 0.8891801 -0.4439014 -0.1109516 0.957945 -0.2856261 -0.0275538 0.9112155 -0.4082626 -0.05484566 1 -0 0 1 0 0 1 0 0 1 0 0 1 0 0 0.8710278 -0.4779771 -0.1133515 0.09222031 -0.7605941 0.6426446 0.216936 -0.8499405 0.4801457 0.2472594 -0.8256398 0.5071309 0.3464178 -0.8215442 0.4528354 0.3559502 -0.8355899 0.4184363 0.4409871 -0.8352392 0.3284904 0.4367772 -0.8244044 0.3599766 0.4694569 -0.8749262 0.1188038 0.5180963 -0.8286998 0.2117375 0.4686421 -0.8273395 0.3096514 0.5141834 -0.8576803 0 0.5768904 -0.7921528 0.1992269 0.547208 -0.8366781 0.02308985 0.5038908 -0.8460569 -0.1740168 0.5912375 -0.8019733 -0.08530577 0.4192125 -0.8462742 -0.3287565 0.4602131 -0.8341351 -0.304011 0.5190912 -0.8306099 -0.201573 0.3113179 -0.83945 -0.4454268 0.3383164 -0.8292333 -0.4448754 0.412139 -0.8333825 -0.3682593 0.04361444 -0.8312587 -0.5541723 0.03952808 -0.8325979 -0.5524656 0.140069 -0.8288804 -0.5416068 0.1123545 -0.8395963 -0.5314645 0.2244386 -0.8265548 -0.5161729 0.2190968 -0.8283881 -0.5155286 0.4492886 -0.8834549 -0.1328431 0.9678671 -0.2513941 -0.005853745 0.1162703 -0.9711401 -0.2082498 0.1593484 -0.968686 -0.1904088 0.04647563 -0.9883482 -0.1449407 0.02406757 -0.9414182 -0.3363814 0.008937023 -0.9862482 -0.1650295 0.1094691 -0.8605151 -0.4975242 0.1886187 -0.9465407 -0.2616941 0.1856952 -0.9759906 -0.1138407 0.1006286 -0.9825896 -0.1561776 0.2728622 -0.9306462 -0.2438111 0.4724397 -0.8208969 -0.3208256 0.3586946 -0.9226225 -0.1417953 0.492565 -0.8645967 -0.09925828 0.6326292 -0.0203311 -0.7741879 0.4988952 -0.6618115 -0.5595614 -0.09702775 0.02975862 -0.9948367 -0.2226769 -0.03857037 -0.974129 -0.027675 0.004803737 -0.9996054 -0.03000298 0.001887872 -0.999548 -0.1146349 -0.006966203 -0.9933832 -0.1952058 0.003817203 -0.9807549 -0.1916125 0.00453801 -0.9814602 -0.4196863 -0.007482014 -0.9076383 -0.3694931 0.0002720028 -0.9292334 -0.5674091 -0.0001346545 -0.823436 -0.5658687 -2.740173e-06 -0.8244953 -0.6496884 1.214088e-06 -0.7602007 -0.6817613 -0.001282372 -0.7315735 -0.7439937 0.00234717 -0.6681824 -0.8266759 -0.004977568 -0.5626563 -0.8631505 0.0009363231 -0.5049459 -0.9447277 -0.001066749 -0.3278543 -0.9482342 -2.949618e-08 -0.3175719 -0.1029985 0.3923459 -0.9140328 -0.1944674 0.7170151 -0.6693816 -0.02877684 0.3680556 -0.9293584 -0.03936823 0.3159808 -0.9479485 -0.7574178 0.4473667 -0.4755852 -0.8824361 0.3270758 -0.3381242 -0.5443784 0.3876711 -0.7438839 -0.3905651 0.6189511 -0.6814386 -0.391296 0.6338126 -0.6672099 -0.2728051 0.3311394 -0.9032851 -0.1038045 0.356988 -0.9283233 -0.6161249 0.3598549 -0.7006387 -0.6764603 0.414234 -0.6089432 -0.6307866 0.6097577 -0.4798998 -0.5105815 0.7844501 -0.3520578 -0.5188249 0.7504427 -0.4094588 -0.410424 0.7889645 -0.4572604 -0.3668222 0.7119483 -0.598808 -0.3030029 0.7557206 -0.5805821 -0.9859171 -1.490075e-08 -0.167235 -0.9865238 -0.00056483 -0.1636168 -0.996065 0.0002706083 -0.08862526 -0.9984972 -0.002215333 -0.05475748 -0.9997429 0.0006872037 -0.02266416 -0.9605407 0.2544856 -0.1122432 -0.9281325 0.3639662 -0.07809348 -0.9689994 0.244313 -0.03675851 -0.6680533 0.736692 -0.1048315 -0.8052008 0.5510592 -0.2190557 -0.9255872 0.284656 -0.2495181 -0.6297292 0.737521 -0.2439343 -0.5925257 0.7814481 -0.1955816 -0.5879288 0.8081471 -0.03518319 -0.5917121 0.7806409 0.2011881 -0.9682398 0.2463464 0.04272253 -0.9527868 0.301512 0.03588615 -0.9415742 0.3316419 0.05875131 -0.6694143 0.7410985 0.05155341 -0.8971888 -0.4158253 -0.1488004 -0.9811358 -0.1856816 -0.05380538 -0.9050759 -0.416308 -0.08674797 -0.8353575 -0.5458378 -0.06510711 -0.5457581 -0.8352396 -0.0672531 -0.8539467 -0.4933956 -0.1653358 -0.4202814 -0.9065575 -0.03894858 -0.4667373 -0.8806073 -0.08177385 -0.1859156 -0.982343 -0.02091957 -0.982559 -0.185951 2.268769e-08 -0.982559 -0.185951 2.268769e-08 -0.5469965 -0.8371349 1.024495e-07 -0.8371336 -0.5469983 6.674704e-08 -0.8371337 -0.5469984 6.674706e-08 -0.1859558 -0.9825557 0.002172102 -0.1392553 -0.9902565 1.208202e-07 -0.5469965 -0.8371349 1.024495e-07 -0.5485788 0.8190403 0.1680309 -0.5603597 0.8192902 0.1214936 -0.0622911 0.8214455 -0.5668747 -0.1149569 0.869803 -0.4798203 -0.3011391 0.8727753 0.3841596 -0.1489646 0.847602 0.5092941 -0.03728545 0.8265722 0.5615945 -0.04676582 0.8311397 0.5540936 -0.4219906 0.9021292 0.08992656 -0.9631458 0.2620488 0.06066751 -0.6013712 0.7780352 0.1816973 -1 0 -6.220378e-07 -1 9.401096e-08 0 -1 -3.346024e-07 6.919915e-07 -1 8.310622e-09 -2.740865e-07 -0.6369995 -0.7601015 0.1283634 -0.7018631 -0.5293558 0.4766243 -0.3342221 -0.9007995 0.277229 -0.8364274 -0.1582953 0.5247207 -0.7616943 -0.4977033 0.4148652 -0.5204455 -0.7965007 0.3077713 -0.0223429 0.9414079 0.3365293 -0.03974646 0.9598996 0.2775122 -0.1739936 0.8842247 0.4334431 -0.1980902 0.894941 0.399801 -0.2382986 0.875205 0.420987 -0.3449095 0.8398189 0.4192156 -0.358923 0.8832203 0.3018213 -0.4280802 0.8564599 0.2884854 -0.4599429 0.8662213 0.1952261 -0.4616561 0.8859083 0.04516863 -0.5202467 0.8533655 -0.0333278 -0.4077929 0.9091088 -0.08500687 -0.4703775 0.8654411 -0.1725014 -0.3834118 0.8951874 -0.2272331 -0.4125493 0.861268 -0.2966826 -0.2530592 0.8793285 -0.4034134 -0.2647561 0.8916895 -0.3671432 -0.3493149 0.8556337 -0.3819293 -0.1183638 0.8950455 -0.4299809 -0.01927952 0.9992563 -0.03339386 -0.0259889 0.9986482 0.04501325 -0.04848795 0.994018 0.09786236 -0.006549338 0.9992885 0.03714315 -0.00603386 0.9990939 0.04212878 -0.02022894 0.9951128 -0.09664976 -0.01462328 0.9964477 -0.08293291 -0.03295872 0.9994567 0 -0.1184648 0.9923616 0.03441725 -0.1100558 0.9931179 0.04005704 -0.03663257 0.9992117 -0.01529641 -0.03684026 0.9988429 0.03091346 -0.03712303 0.998823 0.03121706 -0.03831618 0.997852 -0.05313522 -0.02559344 0.9994417 -0.02147622 -0.06090337 0.9974908 -0.03609504 -0.03512685 0.9993011 -0.01278513 -0.06843412 0.9975536 -0.0142655 1 -1.297989e-07 0 0.6577151 0.4893296 -0.5726843 1 -1.311341e-07 -1.124351e-09 1 -1.32546e-07 0 1 -1.334263e-07 4.442671e-09 1 -1.124862e-07 4.442671e-09 1 -9.959933e-08 3.182627e-10 0.8778321 0.4238309 0.2231104 0 -1 0 -0 -1 0 0 -1 0 -0 -1 0 -2.987524e-07 -1 5.174547e-07 7.716512e-07 -1 1.842373e-06 6.632428e-07 -1 1.933338e-06 -0 -1 0 0 -1 0 0 -1 -0 0.1736478 -2.277115e-08 0.9848078 0.1736478 -0 0.9848078 0.5000005 0 0.8660251 0.5000005 -0 0.8660251 0.7660443 0 0.6427878 0.7660443 -0 0.6427878 0.9396926 0 0.3420203 0.9396926 -0 0.3420203 0.9961947 0 0.08715569 0.9955618 -0.0941099 0 0.9961948 -9.525573e-07 -0.08715485 0.1736481 -4.64741e-07 -0.9848078 0.1736482 -4.419698e-07 -0.9848078 0.5000005 -3.886616e-07 -0.8660251 0.5000003 -7.252528e-07 -0.8660252 0.766044 -8.041625e-07 -0.6427881 0.7660443 -5.156871e-07 -0.6427879 0.9396926 -6.32584e-07 -0.3420202 0.9396926 -6.709577e-07 -0.3420202 0.9961948 -6.781399e-07 -0.08715533 -0.9243345 0.3729156 -0.08086868 -0.9965466 1.425572e-06 0.08303614 -0.9961891 -0.00336809 0.08715513 -0.9997876 -0.02060678 0 -0.9394493 0.02275328 -0.3419318 -0.9434397 -0.06137778 -0.3258133 -0.7639169 0.07447847 -0.6410022 -0.7808117 -0.2281378 -0.5816238 -0.6039117 0.109966 -0.7894289 -0.4975727 -0.09842054 -0.8618207 -0.4009262 0.2276586 -0.8873723 -0.1726513 -0.1070002 -0.979154 -0.1766148 -0.1224462 -0.9766341 -0.07845924 6.313832e-07 0.9969173 -0.1731746 -0.07380922 0.9821216 -0.2503799 6.058087e-07 0.9681478 -0.3987494 5.765554e-07 0.9170599 -0.4988474 -0.06785965 0.8640291 -0.5726403 0.02819172 0.8193219 -0.765744 -0.0280054 0.6425354 -0.7867064 0.02148803 0.6169533 -0.9395223 -0.01903617 0.3419584 -0.9451978 0.007127212 0.3264204 0 0 -1 0 -0 -1 0 -1 -0 0 -1 0 3.743141e-07 -1 1.362392e-07 -9.683846e-07 -1 1.677291e-06 -1.941366e-06 -1 8.608627e-07 -9.294529e-08 -1 -1.609859e-07 0 -1 -0 0 -1 0 0 -1 0 0 -1 0 0.01967206 -0.9978866 -0.06193044 0.0414973 -0.9983576 -0.03949826 0.05190956 0.04370396 -0.997695 0.08688102 -0.9541505 -0.2864411 0.09068526 -1.189194e-08 -0.9958796 0.08917159 -0.0003062906 -0.9960162 0.2119617 0.0001128978 -0.9772779 0.2104779 -2.973738e-08 -0.9775986 0.298684 -4.21996e-08 -0.9543521 0.4110265 0.07812047 -0.90827 0.2931156 0.00330368 -0.9560713 0.3843853 0.00878721 -0.923131 0.4337258 -0.007473184 -0.901014 0.276703 0.01340149 -0.960862 0.3639639 -0.01085239 -0.9313498 0.6445799 -0.005623661 -0.7645162 0.4692446 -0.006347757 -0.8830454 0.5212075 0.003957133 -0.8534209 0.5764753 0.0008751957 -0.8171141 0.5570723 -0.003421969 -0.830457 0.6225386 0.02165011 -0.7822896 0.6592447 0 -0.7519286 0.6508319 -0.001881151 -0.7592195 0.008570917 -0.999723 -0.02192349 0.01671676 -0.9989456 -0.04276006 0.7971018 0.3547266 -0.4886695 0.2808886 -0.08046781 -0.9563611 0.3152687 -0.6742407 -0.6678362 0.05418336 -0.04897898 -0.9973291 0.3037394 -0.5079065 -0.8060852 0.1927347 -0.4161628 -0.8886292 0.08251069 -0.4149201 -0.9061089 0.08251064 -0.414919 -0.9061094 0.07283581 -0.867411 -0.4922327 0.02125863 -0.9721348 -0.2334564 0.2242689 -0.6881765 -0.6900121 0.4570986 -0.4964055 -0.7379988 0.5741014 -0.8096913 -0.1216866 0.6193525 -0.7247509 -0.3018916 0.5563443 -0.6127347 -0.5612816 0.2877318 -0.5631511 -0.7746426 0.7573128 -0.5481137 -0.3550332 0.8919663 -0.1703757 -0.4187699 0.9919631 -0.05718729 -0.1128659 0.9589904 -0.02755464 -0.2820959 0.5470829 -0.6325613 -0.5482395 0.4342946 -0.4598352 -0.7745579 0.8822135 -0.0746789 -0.4648896 0.848502 -0.04992419 -0.526832 0.4413232 -0.1826721 -0.8785583 0.2836432 -0.08807519 -0.9548766 0.06033038 -0.004250688 -0.9981694 0.1166168 -0.06982077 -0.9907197 0.007054288 -0.0279761 -0.9995838 0.03516755 0.04257073 -0.9984743 0.01725904 -0.09079712 -0.9957199 -0.7355105 -0.08167921 -0.6725717 -0.8579773 0.5136877 0 0.7332236 0.6799877 -0 0.6072026 0.7350259 -0.3017316 -0.261313 -0.7894946 0.5553501 0.2403326 -0.953118 0.1838648 -0.4059692 0.8710555 0.2764982 -0.2712459 0.9161232 0.2952015 -0.3797049 0.844825 0.3769548 -0.2327094 0.8042179 0.546882 -0.04491857 0.9407443 0.3361285 -0.04123188 0.9540004 0.2969567 -0.2461536 0.946303 0.2095686 -0.1830334 0.959294 0.2150668 -0.9507297 0.3099965 0.003899386 -0.9759165 0.2151911 0.03577248 -0.4310195 0.8983769 0.08450446 -0.7855746 0.3134976 0.5334715 -0.8808748 0.4388061 0.1775074 -0.8277901 0.5209495 0.2082669 -0.4578498 0.8819783 0.1117486 -0.8272786 0 0.561792 -0.8272786 0 0.561792 -0.9802945 0 0.1975417 -0.9802945 0 0.1975417 -0.4806605 0.1790294 0.8584369 -0.4883626 0.5263358 0.6960407 -0.3365154 0.8116106 0.4775413 -0.2798051 -0.9163937 0.286237 -0.2568224 -0.4013467 0.8791832 1 -1.311341e-07 0 1 -1.311341e-07 5.349972e-14 1 -1.311344e-07 -2.408506e-13 1 -1.311342e-07 0 1 -1.311342e-07 0 1 -1.311342e-07 -2.052901e-13 1 -1.311342e-07 -1.274273e-13 1 -1.311342e-07 8.848475e-14 1 -1.311341e-07 1.271083e-13 1 -1.311343e-07 1.010804e-13 1 -1.31134e-07 0 1 -1.311342e-07 0 1 -1.311342e-07 0 1 -1.311338e-07 0 1 -1.311342e-07 2.229961e-13 1 -1.311341e-07 2.046206e-13 1 -1.31134e-07 4.327098e-14 1 -1.31134e-07 7.187941e-14 1 -1.311341e-07 -4.268691e-13 1 -1.311341e-07 -6.284461e-15 1 -1.311341e-07 -1.805044e-14 1 -1.311342e-07 4.473886e-14 1 -1.311341e-07 9.397279e-14 1 -1.311341e-07 3.78957e-14 1 -1.311343e-07 -1.060636e-13 1 -1.311343e-07 6.391984e-14 -0.200885 0.3190144 0.9262155 -0.2495129 0.4160474 0.8744416 -0.248093 0.5810984 0.7750965 -0.1357221 0.8259788 0.5471185 -0.0160063 0.9843003 0.1757747 -0.08743498 0.9860263 0.1418003 -0.07731484 0.8262224 0.5580133 -0.08089793 0.8394564 0.5373718 -0.07646782 0.537559 0.8397518 -0.1041657 0.3184278 0.9422066 -0.08928498 0.1750998 0.9804939 -0.1994789 -0.3190047 0.9265226 -0.1286699 -0.9704045 0.2043505 -0.1513467 -0.8253434 0.5439692 -0.2732465 -0.4749525 0.8365145 -0.4236055 -0.176164 0.888552 -0.08779453 -0.1751236 0.9806242 -0.1030438 -0.3184699 0.9423158 -0.07518931 -0.5376114 0.8398337 -0.08070272 -0.8263164 0.5573943 -0.0735895 -0.8399333 0.537677 -0.0157372 -0.9843042 0.1757773 -0.02149003 0.9997138 0.010513 -0.06010154 0.9955849 0.07210078 -0.01105947 0.9990686 0.04170963 -0.0517491 0.1908239 0.9802594 -0.01189825 0.9998316 0.01397422 0.006617518 0.9988019 0.04848616 -0.02552637 0.9984273 0.04991462 -0.5417022 0.06981826 0.837666 -0.2325417 0.8296337 0.507575 -0.13277 0.9060426 0.4018195 -0.2079277 -0.09455346 0.9735634 -0.9711375 -0.06845189 0.2284871 -0.3402859 0.1436719 0.9292814 -0.5115006 0.1119324 0.8519614 -0.01344695 -0.0003094998 0.9999096 -0.03281146 -0.05757745 0.9978017 -0.116675 0.08436238 0.9895807 -0.1626586 0.07996787 0.9834365 -0.05462233 -0.00606587 0.9984887 -0.1549908 0.921068 0.3572278 -0.4655414 0.1746473 0.8676229 -0.9389752 0.326315 0.1088303 -0.9584313 0.2853105 0.002693641 -0.9456427 0.2635954 0.1904662 -0.8458657 0.2299825 0.4812684 -0.4770685 0.8532761 0.2105362 -0.7545872 -0.06039119 0.653415 -0.577857 0.1036396 0.8095308 -0.6394969 0.2082402 0.7400538 -0.6097909 0.5800403 0.5401003 -0.5230786 0.2363308 0.818863 0.9284812 0.2811041 -0.2426995 -0.1818448 0.37623 0.9085061 -0.3843695 0.8481094 0.3646513 -0.2470508 0.02053709 0.9687849 -0.5535657 -0.2102665 0.8058244 -0.5322599 -0.2100386 0.8201117 -0.1357532 -0.3313852 0.9336782 -0.1685971 -0.2437598 0.9550686 -0.124329 -0.6878362 0.7151387 -1.121579e-07 -1 -0 -2.434913e-07 -1 4.456782e-07 0 -1 0 -5.636456e-08 -1 1.774439e-07 -8.567412e-07 -1 -4.167453e-08 -7.575977e-07 -1 5.853063e-09 -4.684532e-07 -1 3.383089e-07 -0.09040189 -0.9815952 0.1682215 2.883448e-07 -1 6.82901e-07 -2.082944e-07 -1 0 -0.0124769 -0.9994158 0.03181899 -2.389328e-07 -1 3.575886e-07 -3.055149e-07 -1 1.589458e-07 -0.02512002 -0.9995219 -0.01802533 -0.02297477 -0.9992926 -0.02977165 -0.9610713 0.1207924 0.2484981 -0.2546713 -0.2825046 0.9248425 -0.8523822 -0.2099493 0.4789215 -0.4416536 -0.8499885 0.2871612 0.08587475 0.3880789 0.9176166 -0.08508091 0.04990961 0.9951233 -0.4330837 0.008003438 0.9013181 -0.2013051 -0.3103062 0.9290782 -0.6130037 -0.5452461 0.5717806 -0.5587868 0.0254869 0.8289196 -0.8691798 -0.2685466 0.4152218 -0.9618564 -0.1830471 0.203288 -0.5742698 -0.3828902 0.7236085 -0.6606827 -0.1314381 0.7390686 -0.616613 -0.4293309 0.6598966 -0.849393 -0.1277312 0.5120707 -0.3925985 -0.5241284 0.7557486 -0.6635838 -0.1275909 0.7371412 -0.3144452 0.02069121 0.9490502 -0.3582578 -0.0211876 0.9333823 -0.4364836 0.008530004 0.8996718 -0.5736785 0.00122913 0.8190797 -0.6066164 -0.02905015 0.7944637 -0.4960869 0.01068636 0.8682072 -0.5433763 -0.00543814 0.8394716 -0.6598168 0 0.7514265 -0.6494794 -0.002029023 0.7603764 -0.3669224 0.0001634622 0.9302516 -0.2898087 -0.0003097114 0.9570845 -0.2920859 4.206106e-08 0.956392 -0.2119599 2.994677e-08 0.9772784 -0.2104755 -0.0001126022 0.9775991 -0.09068602 0.000314521 0.9958795 -0.08917256 1.169357e-08 0.9960162 0.03073176 -0.3765368 0.9258917 -0.2142214 -0.3694435 0.9042239 -0.3183209 -0.03572075 0.9473097 -0.03381042 0.0803301 -0.9961948 0.09123798 0.0287422 -0.9954142 -0.09521855 -0.9936074 -0.06064393 -0.2344206 -0.9660265 -0.10881 0.9688661 -0.2465637 -0.02246844 0.9450812 0.2977237 -0.1348412 0.2342247 0.9721755 0.003667312 -0.3856107 0.9161716 -0.1092436 -0.9652482 0.2610438 -0.01233246 -0.7925981 -0.5874265 -0.1634572 0.1335988 0.5676108 0.812385 0.4158437 -0.1085894 0.9029298 -0.1143832 -0.4713629 0.8744904 -0.5838604 0.1587985 0.7961721 0.07186206 -0.04900524 -0.99621 0.0429403 0.08524016 -0.9954348 -0.8069895 -0.5844925 -0.08447714 -0.5546295 -0.8311388 0.03992938 0.8200018 -0.5591878 -0.1220904 0.9235699 -0.3759255 -0.07548978 0.4491022 0.8915062 -0.05936438 0.6387588 0.7580456 -0.1317352 -0.5562382 0.8306602 -0.02454837 -0.9717543 0.168897 -0.1648257 -0.4580688 -0.6883817 -0.5624087 -0.1487815 0.2214419 0.963757 0.1264318 0.1605439 0.9788977 0.2955428 -0.1247994 0.9471429 -0.0415564 -0.07509594 -0.99631 -0.07446833 0.05707583 -0.9955887 -0.7981938 -0.6020077 -0.02175402 -0.4811406 -0.869462 -0.1119799 0.3676039 -0.9289308 -0.04421444 0.9491062 -0.2663835 -0.1680395 0.9897783 0.07452779 -0.1215917 0.7770644 0.6054174 -0.1721643 -0.03945493 0.999206 0.005542635 -0.548925 0.8358287 -0.008480509 -0.7900612 0.605538 -0.09553626 0.2710941 0.08353298 0.9589214 -0.2001989 -0.07686154 0.9767358 0.1004288 -0.08194535 0.991564 -0.03795033 -0.0849181 -0.9956649 -0.07670836 0.05614263 -0.9954717 -0.9708968 -0.2394978 0.000276391 -0.4036176 -0.9031392 -0.1463978 0.2709031 -0.9622614 -0.02577608 0.9858133 -0.094402 -0.1387823 0.9835817 0.1507164 -0.09925637 0.7762064 0.6096393 -0.1607593 -0.1719882 0.985098 0.001407683 -0.7998144 0.5853819 -0.1327585 -0.1691285 0.9850868 0.03161617 0.8087238 0.1935767 0.5554222 -0.3530106 -0.005458707 0.9356034 0.1572783 -0.2487584 0.9557106</float_array>
          <technique_common>
            <accessor count="1984" source="#cubenormals-array0-array" stride="3">
              <param type="float" name="X"/>
              <param type="float" name="Y"/>
              <param type="float" name="Z"/>
            </accessor>
          </technique_common>
        </source>
        <vertices id="cubeverts-array0-vertices">
          <input semantic="POSITION" source="#cubeverts-array0"/>
        </vertices>
        <triangles count="1984" material="ref_link_5_b_stl004">
          <input offset="0" semantic="VERTEX" source="#cubeverts-array0-vertices"/>
          <input offset="1" semantic="NORMAL" source="#cubenormals-array0"/>
          <p>493 0 528 0 529 0 564 1 529 1 528 1 529 2 564 2 565 2 583 3 565 3 564 3 565 4 583 4 584 4 577 5 584 5 583 5 584 6 577 6 578 6 544 7 578 7 577 7 578 8 544 8 545 8 506 9 545 9 544 9 545 10 506 10 507 10 421 11 507 11 506 11 507 12 421 12 422 12 386 13 422 13 421 13 422 14 386 14 387 14 354 15 387 15 386 15 387 16 354 16 355 16 348 17 355 17 354 17 355 18 348 18 349 18 367 19 349 19 348 19 349 20 367 20 368 20 395 21 368 21 367 21 368 22 395 22 396 22 481 23 396 23 395 23 396 24 481 24 493 24 528 25 493 25 481 25 396 26 426 26 398 26 398 27 368 27 396 27 368 28 398 28 389 28 389 29 349 29 368 29 349 30 389 30 381 30 381 31 355 31 349 31 355 32 381 32 392 32 392 33 387 33 355 33 387 34 392 34 409 34 409 35 422 35 387 35 422 36 409 36 492 36 492 37 507 37 422 37 507 38 492 38 516 38 516 39 545 39 507 39 545 40 516 40 538 40 538 41 578 41 545 41 578 42 538 42 551 42 578 43 551 43 584 43 543 44 584 44 551 44 543 45 565 45 584 45 565 46 543 46 527 46 527 47 529 47 565 47 529 48 527 48 504 48 504 49 493 49 529 49 493 50 504 50 426 50 426 51 396 51 493 51 423 52 398 52 426 52 426 53 503 53 423 53 503 54 426 54 504 54 504 55 526 55 503 55 526 56 504 56 527 56 527 57 542 57 526 57 542 58 527 58 543 58 543 59 550 59 542 59 550 60 543 60 551 60 551 61 537 61 550 61 537 62 551 62 538 62 538 63 515 63 537 63 515 64 538 64 516 64 516 65 463 65 515 65 463 66 516 66 492 66 492 67 408 67 463 67 408 68 492 68 409 68 409 69 391 69 408 69 391 70 409 70 392 70 392 71 380 71 391 71 380 72 392 72 381 72 381 73 388 73 380 73 388 74 381 74 389 74 389 75 397 75 388 75 397 76 389 76 398 76 398 77 423 77 397 77 709 78 537 78 515 78 463 79 709 79 515 79 709 80 463 80 244 80 408 81 244 81 463 81 408 82 112 82 244 82 112 83 408 83 391 83 391 84 113 84 112 84 113 85 391 85 380 85 380 86 143 86 113 86 143 87 380 87 388 87 388 88 223 88 143 88 223 89 388 89 397 89 397 90 318 90 223 90 423 91 318 91 397 91 318 92 423 92 399 92 423 93 531 93 399 93 531 94 423 94 503 94 503 95 609 95 531 95 609 96 503 96 526 96 609 97 526 97 710 97 710 98 526 98 542 98 542 99 709 99 710 99 709 100 542 100 550 100 709 101 550 101 537 101 711 102 710 102 709 102 710 103 711 103 712 103 610 104 710 104 712 104 710 105 610 105 609 105 532 106 609 106 610 106 609 107 532 107 531 107 400 108 531 108 532 108 531 109 400 109 399 109 319 110 399 110 400 110 399 111 319 111 318 111 224 112 318 112 319 112 318 113 224 113 223 113 144 114 223 114 224 114 223 115 144 115 143 115 115 116 143 116 144 116 143 117 115 117 113 117 114 118 348 118 354 118 354 119 245 119 114 119 245 120 354 120 386 120 421 121 245 121 386 121 773 122 711 122 774 122 711 123 773 123 245 123 245 124 506 124 711 124 506 125 245 125 421 125 544 126 711 126 506 126 577 127 711 127 544 127 577 128 712 128 711 128 348 129 114 129 115 129 144 130 348 130 115 130 144 131 367 131 348 131 367 132 144 132 224 132 224 133 395 133 367 133 395 134 224 134 319 134 319 135 481 135 395 135 712 136 577 136 583 136 712 137 583 137 564 137 564 138 610 138 712 138 610 139 564 139 528 139 528 140 532 140 610 140 532 141 528 141 481 141 532 142 481 142 400 142 481 143 319 143 400 143 110 144 111 144 109 144 111 145 110 145 116 145 116 146 114 146 111 146 114 147 116 147 112 147 112 148 115 148 114 148 115 149 112 149 113 149 151 150 109 150 150 150 109 151 151 151 110 151 195 152 151 152 150 152 151 153 195 153 196 153 774 154 826 154 773 154 826 155 774 155 827 155 827 156 824 156 826 156 824 157 827 157 825 157 825 158 699 158 824 158 699 159 825 159 700 159 700 160 697 160 699 160 697 161 700 161 698 161 698 162 695 162 697 162 695 163 698 163 696 163 822 164 696 164 823 164 696 165 822 165 695 165 823 166 820 166 822 166 820 167 823 167 821 167 821 168 792 168 820 168 792 169 821 169 793 169 792 170 751 170 750 170 751 171 792 171 793 171 749 172 751 172 752 172 751 173 749 173 748 173 751 174 748 174 750 174 193 175 196 175 195 175 194 176 196 176 193 176 196 177 194 177 197 177 748 178 717 178 647 178 717 179 748 179 749 179 572 180 748 180 647 180 435 181 748 181 572 181 748 182 435 182 241 182 360 183 241 183 435 183 285 184 241 184 360 184 241 185 285 185 193 185 217 186 193 186 285 186 193 187 217 187 194 187 194 188 218 188 197 188 749 189 716 189 747 189 715 190 749 190 747 190 749 191 715 191 717 191 645 192 717 192 715 192 717 193 645 193 647 193 570 194 647 194 645 194 647 195 570 195 572 195 428 196 572 196 570 196 572 197 428 197 435 197 358 198 435 198 428 198 435 199 358 199 360 199 283 200 360 200 358 200 360 201 283 201 285 201 215 202 285 202 283 202 285 203 215 203 217 203 192 204 217 204 215 204 217 205 192 205 194 205 216 206 194 206 192 206 194 207 216 207 218 207 284 208 218 208 216 208 218 209 284 209 286 209 359 210 286 210 284 210 286 211 359 211 361 211 430 212 361 212 359 212 361 213 430 213 450 213 571 214 450 214 430 214 450 215 571 215 573 215 646 216 573 216 571 216 573 217 646 217 648 217 716 218 648 218 646 218 648 219 716 219 718 219 716 220 749 220 718 220 718 221 749 221 752 221 402 222 242 222 196 222 242 223 402 223 417 223 242 224 417 224 425 224 425 225 751 225 242 225 751 226 425 226 505 226 524 227 751 227 505 227 524 228 752 228 751 228 524 229 718 229 752 229 718 230 524 230 517 230 402 231 196 231 197 231 218 232 402 232 197 232 402 233 218 233 419 233 419 234 218 234 286 234 419 235 286 235 361 235 361 236 502 236 419 236 502 237 361 237 450 237 502 238 450 238 573 238 573 239 517 239 502 239 517 240 573 240 648 240 718 241 517 241 648 241 359 242 347 242 407 242 347 243 359 243 284 243 284 244 311 244 347 244 311 245 284 245 216 245 216 246 307 246 311 246 307 247 216 247 192 247 192 248 328 248 307 248 715 249 625 249 600 249 625 250 715 250 747 250 747 251 620 251 625 251 620 252 747 252 716 252 716 253 586 253 620 253 586 254 716 254 646 254 646 255 520 255 586 255 520 256 646 256 571 256 571 257 407 257 520 257 407 258 571 258 430 258 407 259 430 259 359 259 328 260 192 260 215 260 328 261 215 261 283 261 283 262 379 262 328 262 379 263 283 263 358 263 358 264 429 264 379 264 429 265 358 265 428 265 428 266 555 266 429 266 555 267 428 267 570 267 570 268 600 268 555 268 600 269 570 269 645 269 715 270 600 270 645 270 427 271 555 271 554 271 600 272 554 272 555 272 554 273 600 273 599 273 625 274 599 274 600 274 599 275 625 275 624 275 620 276 624 276 625 276 624 277 620 277 619 277 586 278 619 278 620 278 619 279 586 279 585 279 520 280 585 280 586 280 585 281 520 281 519 281 407 282 519 282 520 282 519 283 407 283 406 283 347 284 406 284 407 284 406 285 347 285 346 285 311 286 346 286 347 286 346 287 311 287 310 287 307 288 310 288 311 288 310 289 307 289 306 289 328 290 306 290 307 290 306 291 328 291 327 291 379 292 327 292 328 292 327 293 379 293 378 293 429 294 378 294 379 294 378 295 429 295 427 295 555 296 427 296 429 296 378 297 500 297 410 297 410 298 327 298 378 298 410 299 306 299 327 299 306 300 410 300 401 300 401 301 310 301 306 301 310 302 401 302 418 302 418 303 346 303 310 303 418 304 406 304 346 304 406 305 418 305 501 305 501 306 519 306 406 306 501 307 585 307 519 307 585 308 501 308 518 308 518 309 619 309 585 309 518 310 624 310 619 310 624 311 518 311 514 311 514 312 599 312 624 312 514 313 554 313 599 313 554 314 514 314 500 314 500 315 427 315 554 315 500 316 378 316 427 316 425 317 410 317 500 317 500 318 505 318 425 318 505 319 500 319 514 319 514 320 524 320 505 320 524 321 514 321 518 321 518 322 517 322 524 322 518 323 502 323 517 323 502 324 518 324 501 324 501 325 419 325 502 325 419 326 501 326 418 326 418 327 402 327 419 327 402 328 418 328 401 328 402 329 401 329 410 329 410 330 417 330 402 330 410 331 425 331 417 331 245 332 556 332 458 332 754 333 245 333 773 333 790 334 773 334 826 334 754 335 773 335 790 335 699 336 626 336 601 336 626 337 699 337 697 337 626 338 697 338 629 338 375 339 245 339 458 339 325 340 245 340 375 340 325 341 243 341 245 341 243 342 325 342 303 342 243 343 303 343 300 343 754 344 699 344 245 344 556 345 245 345 699 345 556 346 699 346 601 346 699 347 754 347 770 347 770 348 824 348 699 348 790 349 824 349 770 349 790 350 826 350 824 350 697 351 622 351 629 351 622 352 697 352 695 352 622 353 695 353 588 353 759 354 588 354 695 354 822 355 759 355 695 355 759 356 822 356 788 356 745 357 588 357 759 357 745 358 750 358 588 358 750 359 521 359 588 359 521 360 750 360 748 360 748 361 404 361 521 361 404 362 748 362 241 362 404 363 241 363 341 363 241 364 308 364 341 364 750 365 745 365 788 365 788 366 792 366 750 366 788 367 820 367 792 367 788 368 822 368 820 368 195 369 241 369 193 369 148 370 150 370 109 370 111 371 187 371 148 371 148 372 109 372 111 372 150 373 148 373 172 373 172 374 195 374 150 374 187 375 195 375 172 375 195 376 187 376 243 376 241 377 195 377 243 377 300 378 241 378 243 378 241 379 300 379 308 379 187 380 111 380 243 380 114 381 180 381 149 381 180 382 114 382 245 382 114 383 149 383 111 383 111 384 149 384 185 384 185 385 243 385 111 385 185 386 245 386 243 386 245 387 185 387 180 387 709 388 774 388 711 388 244 389 304 389 326 389 827 390 772 390 784 390 784 391 825 391 827 391 825 392 784 392 700 392 742 393 709 393 244 393 709 394 742 394 772 394 774 395 772 395 827 395 772 396 774 396 709 396 244 397 326 397 376 397 459 398 244 398 376 398 459 399 700 399 244 399 700 400 784 400 742 400 742 401 244 401 700 401 700 402 459 402 557 402 602 403 700 403 557 403 602 404 698 404 700 404 823 405 760 405 787 405 696 406 746 406 760 406 746 407 696 407 242 407 787 408 793 408 821 408 698 409 602 409 627 409 698 410 627 410 630 410 630 411 696 411 698 411 696 412 630 412 623 412 242 413 522 413 405 413 522 414 242 414 696 414 522 415 696 415 589 415 696 416 623 416 589 416 116 417 309 417 301 417 309 418 116 418 242 418 309 419 242 419 342 419 342 420 242 420 405 420 787 421 821 421 823 421 787 422 751 422 793 422 751 423 787 423 746 423 746 424 242 424 751 424 760 425 823 425 696 425 110 426 157 426 116 426 157 427 110 427 165 427 165 428 196 428 242 428 188 429 242 429 116 429 242 430 188 430 165 430 165 431 151 431 196 431 165 432 110 432 151 432 116 433 157 433 188 433 116 434 183 434 153 434 116 435 153 435 112 435 183 436 244 436 189 436 183 437 116 437 244 437 304 438 244 438 116 438 304 439 116 439 301 439 153 440 244 440 112 440 244 441 153 441 189 441 458 442 557 442 459 442 557 443 458 443 556 443 556 444 602 444 557 444 602 445 556 445 601 445 601 446 627 446 602 446 627 447 601 447 626 447 626 448 630 448 627 448 630 449 626 449 629 449 629 450 623 450 630 450 623 451 629 451 622 451 622 452 589 452 623 452 589 453 622 453 588 453 588 454 522 454 589 454 522 455 588 455 521 455 521 456 405 456 522 456 405 457 521 457 404 457 404 458 342 458 405 458 342 459 404 459 341 459 341 460 309 460 342 460 309 461 341 461 308 461 308 462 301 462 309 462 301 463 308 463 300 463 300 464 304 464 301 464 304 465 300 465 303 465 303 466 326 466 304 466 326 467 303 467 325 467 325 468 376 468 326 468 376 469 325 469 375 469 375 470 459 470 376 470 459 471 375 471 458 471 153 472 149 472 180 472 180 473 189 473 153 473 180 474 183 474 189 474 183 475 180 475 185 475 183 476 185 476 149 476 149 477 153 477 183 477 157 478 148 478 187 478 187 479 188 479 157 479 187 480 165 480 188 480 165 481 187 481 172 481 165 482 172 482 148 482 148 483 157 483 165 483 788 484 787 484 760 484 760 485 759 485 788 485 760 486 745 486 759 486 745 487 760 487 746 487 746 488 788 488 745 488 788 489 746 489 787 489 784 490 790 490 770 490 790 491 784 491 772 491 772 492 754 492 790 492 754 493 772 493 742 493 742 494 770 494 754 494 770 495 742 495 784 495 687 496 665 496 657 496 687 497 675 497 665 497 657 498 675 498 687 498 665 499 675 499 657 499 766 500 803 500 723 500 803 501 766 501 807 501 807 502 737 502 803 502 737 503 807 503 728 503 728 504 723 504 737 504 723 505 728 505 766 505 803 506 849 506 818 506 803 507 818 507 723 507 737 508 849 508 803 508 684 509 723 509 713 509 679 510 723 510 684 510 849 511 736 511 847 511 723 512 818 512 713 512 818 513 849 513 854 513 818 514 854 514 795 514 678 515 642 515 666 515 650 516 666 516 642 516 705 517 678 517 713 517 678 518 705 518 680 518 642 519 678 519 680 519 795 520 713 520 818 520 795 521 705 521 713 521 678 522 684 522 713 522 678 523 679 523 684 523 679 524 678 524 666 524 679 525 737 525 723 525 666 526 661 526 679 526 799 527 847 527 736 527 736 528 849 528 737 528 661 529 737 529 679 529 643 530 736 530 661 530 736 531 643 531 799 531 736 532 737 532 661 532 847 533 909 533 849 533 909 534 847 534 906 534 847 535 799 535 906 535 650 536 641 536 661 536 650 537 661 537 666 537 661 538 641 538 643 538 566 539 592 539 567 539 566 540 650 540 592 540 650 541 566 541 641 541 559 542 641 542 566 542 559 543 436 543 434 543 641 544 559 544 643 544 566 545 436 545 559 545 436 546 566 546 439 546 439 547 566 547 441 547 567 548 441 548 566 548 441 549 567 549 455 549 909 550 906 550 928 550 928 551 936 551 938 551 936 552 928 552 906 552 936 553 906 553 927 553 906 554 920 554 927 554 799 555 920 555 906 555 920 556 799 556 889 556 928 557 910 557 909 557 910 558 928 558 929 558 938 559 929 559 928 559 929 560 938 560 939 560 938 561 935 561 937 561 935 562 938 562 936 562 920 563 926 563 927 563 935 564 927 564 926 564 927 565 935 565 936 565 888 566 920 566 889 566 920 567 888 567 907 567 926 568 920 568 907 568 937 569 923 569 931 569 931 570 923 570 922 570 923 571 907 571 872 571 870 572 872 572 907 572 870 573 907 573 888 573 923 574 937 574 935 574 923 575 935 575 926 575 907 576 923 576 926 576 937 577 934 577 942 577 934 578 937 578 931 578 931 579 924 579 934 579 922 580 924 580 931 580 877 581 922 581 923 581 922 582 877 582 886 582 852 583 877 583 846 583 877 584 852 584 876 584 877 585 876 585 886 585 771 586 682 586 686 586 686 587 612 587 614 587 612 588 686 588 682 588 612 589 682 589 611 589 817 590 872 590 870 590 872 591 877 591 923 591 872 592 846 592 877 592 846 593 872 593 817 593 817 594 765 594 846 594 765 595 817 595 722 595 722 596 611 596 682 596 722 597 682 597 765 597 682 598 771 598 765 598 771 599 846 599 765 599 846 600 771 600 814 600 846 601 814 601 852 601 612 602 452 602 614 602 452 603 612 603 440 603 440 604 612 604 438 604 611 605 438 605 612 605 438 606 611 606 437 606 437 607 611 607 431 607 456 608 614 608 452 608 614 609 456 609 546 609 604 610 614 610 546 610 922 611 905 611 924 611 886 612 905 612 922 612 905 613 886 613 873 613 873 614 886 614 876 614 876 615 850 615 873 615 850 616 876 616 852 616 852 617 802 617 850 617 729 618 771 618 686 618 771 619 729 619 802 619 771 620 802 620 814 620 802 621 852 621 814 621 604 622 686 622 614 622 616 623 631 623 606 623 686 624 604 624 637 624 686 625 637 625 729 625 729 626 637 626 631 626 631 627 677 627 729 627 631 628 616 628 677 628 934 629 933 629 942 629 860 630 925 630 911 630 911 631 934 631 924 631 934 632 911 632 925 632 933 633 934 633 925 633 933 634 925 634 891 634 942 635 933 635 941 635 885 636 933 636 891 636 932 637 940 637 941 637 885 638 932 638 933 638 941 639 933 639 932 639 932 640 885 640 867 640 938 641 940 641 939 641 940 642 938 642 937 642 941 643 937 643 942 643 937 644 941 644 940 644 932 645 939 645 940 645 939 646 932 646 930 646 939 647 921 647 929 647 929 648 921 648 910 648 921 649 939 649 930 649 895 650 921 650 930 650 802 651 767 651 861 651 873 652 911 652 905 652 905 653 911 653 924 653 616 654 652 654 677 654 767 655 677 655 652 655 677 656 767 656 729 656 850 657 861 657 873 657 873 658 861 658 911 658 719 659 652 659 595 659 729 660 767 660 802 660 652 661 719 661 767 661 719 662 861 662 767 662 861 663 719 663 866 663 911 664 866 664 860 664 866 665 911 665 861 665 802 666 861 666 850 666 499 667 552 667 484 667 552 668 499 668 558 668 558 669 499 669 595 669 558 670 595 670 652 670 616 671 558 671 652 671 558 672 616 672 552 672 616 673 606 673 548 673 548 674 552 674 616 674 460 675 552 675 548 675 552 676 460 676 484 676 895 677 932 677 867 677 895 678 930 678 932 678 499 679 541 679 595 679 860 680 866 680 734 680 734 681 866 681 719 681 858 682 891 682 925 682 925 683 860 683 858 683 480 684 523 684 495 684 523 685 480 685 535 685 535 686 587 686 523 686 587 687 535 687 603 687 603 688 628 688 587 688 628 689 603 689 685 689 812 690 628 690 685 690 628 691 812 691 735 691 869 692 735 692 812 692 869 693 867 693 735 693 539 694 479 694 478 694 539 695 535 695 479 695 479 696 535 696 480 696 685 697 603 697 702 697 812 698 685 698 702 698 869 699 812 699 895 699 869 700 895 700 867 700 535 701 539 701 603 701 702 702 603 702 539 702 815 703 812 703 702 703 895 704 812 704 815 704 845 705 895 705 815 705 845 706 921 706 895 706 857 707 921 707 845 707 921 708 857 708 910 708 595 709 541 709 690 709 595 710 690 710 719 710 690 711 734 711 719 711 811 712 734 712 690 712 734 713 811 713 860 713 811 714 858 714 860 714 891 715 858 715 859 715 859 716 885 716 891 716 885 717 859 717 830 717 830 718 867 718 885 718 691 719 867 719 830 719 867 720 691 720 735 720 691 721 628 721 735 721 691 722 587 722 628 722 587 723 691 723 540 723 540 724 523 724 587 724 496 725 523 725 540 725 523 726 496 726 495 726 540 727 673 727 582 727 540 728 582 728 498 728 540 729 498 729 496 729 690 730 581 730 672 730 581 731 690 731 541 731 541 732 497 732 581 732 497 733 541 733 499 733 836 734 859 734 835 734 835 735 859 735 858 735 858 736 777 736 835 736 777 737 858 737 811 737 811 738 672 738 777 738 672 739 811 739 690 739 673 740 540 740 691 740 691 741 778 741 673 741 778 742 691 742 830 742 830 743 836 743 778 743 859 744 836 744 830 744 724 745 845 745 692 745 815 746 692 746 845 746 692 747 815 747 702 747 857 748 845 748 840 748 840 749 845 749 724 749 724 750 692 750 668 750 692 751 638 751 668 751 539 752 692 752 702 752 539 753 638 753 692 753 561 754 638 754 539 754 561 755 539 755 477 755 477 756 539 756 478 756 668 757 683 757 724 757 727 758 724 758 683 758 593 759 568 759 569 759 568 760 638 760 561 760 638 761 568 761 651 761 593 762 651 762 568 762 651 763 593 763 649 763 569 764 471 764 465 764 471 765 569 765 568 765 471 766 568 766 475 766 561 767 475 767 568 767 475 768 561 768 476 768 476 769 561 769 477 769 683 770 707 770 731 770 683 771 668 771 660 771 731 772 727 772 683 772 797 773 841 773 840 773 797 774 731 774 841 774 731 775 797 775 727 775 727 776 753 776 724 776 753 777 840 777 724 777 797 778 840 778 753 778 638 779 651 779 668 779 668 780 649 780 660 780 649 781 668 781 651 781 768 782 797 782 753 782 797 783 768 783 801 783 797 784 801 784 720 784 720 785 727 785 797 785 720 786 753 786 727 786 753 787 720 787 768 787 732 788 848 788 800 788 649 789 707 789 660 789 707 790 683 790 660 790 707 791 649 791 732 791 732 792 800 792 707 792 642 793 592 793 650 793 680 794 593 794 642 794 705 795 593 795 680 795 705 796 732 796 649 796 705 797 649 797 593 797 848 798 910 798 857 798 910 799 848 799 854 799 848 800 795 800 854 800 795 801 848 801 732 801 732 802 705 802 795 802 910 803 854 803 909 803 909 804 854 804 849 804 455 805 569 805 465 805 569 806 455 806 567 806 567 807 593 807 569 807 593 808 567 808 592 808 642 809 593 809 592 809 800 810 841 810 731 810 707 811 800 811 731 811 848 812 841 812 800 812 857 813 841 813 848 813 841 814 857 814 840 814 431 815 755 815 432 815 755 816 431 816 611 816 722 817 755 817 611 817 643 818 559 818 434 818 433 819 643 819 434 819 643 820 433 820 574 820 756 821 870 821 888 821 888 822 725 822 756 822 725 823 888 823 889 823 889 824 654 824 725 824 755 825 722 825 817 825 817 826 756 826 755 826 756 827 817 827 870 827 654 828 889 828 799 828 799 829 574 829 654 829 574 830 799 830 643 830 432 831 757 831 443 831 757 832 432 832 755 832 756 833 757 833 755 833 757 834 756 834 758 834 444 835 574 835 433 835 574 836 444 836 575 836 575 837 654 837 574 837 654 838 575 838 655 838 655 839 725 839 654 839 725 840 655 840 726 840 726 841 756 841 725 841 756 842 726 842 758 842 456 843 453 843 457 843 453 844 456 844 452 844 452 845 451 845 453 845 451 846 452 846 440 846 440 847 448 847 451 847 448 848 440 848 438 848 438 849 446 849 448 849 446 850 438 850 437 850 437 851 442 851 446 851 442 852 437 852 431 852 431 853 443 853 442 853 443 854 431 854 432 854 453 855 547 855 457 855 547 856 453 856 615 856 615 857 605 857 547 857 460 858 549 858 461 858 549 859 460 859 548 859 548 860 607 860 549 860 607 861 548 861 606 861 606 862 632 862 607 862 632 863 606 863 631 863 631 864 636 864 632 864 636 865 631 865 637 865 637 866 605 866 636 866 605 867 637 867 604 867 604 868 547 868 605 868 547 869 604 869 546 869 546 870 457 870 547 870 457 871 546 871 456 871 613 872 442 872 656 872 442 873 613 873 446 873 446 874 613 874 448 874 448 875 613 875 451 875 615 876 451 876 613 876 451 877 615 877 453 877 816 878 871 878 868 878 816 879 704 879 656 879 613 880 674 880 615 880 674 881 613 881 704 881 868 882 878 882 865 882 828 883 868 883 865 883 868 884 828 884 816 884 798 885 816 885 828 885 798 886 704 886 816 886 704 887 798 887 744 887 674 888 704 888 744 888 613 889 656 889 704 889 607 890 667 890 617 890 607 891 721 891 667 891 721 892 607 892 632 892 636 893 721 893 632 893 615 894 636 894 605 894 636 895 615 895 674 895 636 896 674 896 721 896 744 897 721 897 674 897 744 898 789 898 721 898 789 899 744 899 798 899 798 900 831 900 789 900 831 901 798 901 828 901 828 902 862 902 831 902 862 903 828 903 865 903 865 904 875 904 862 904 875 905 865 905 878 905 875 906 878 906 879 906 894 907 912 907 900 907 912 908 894 908 903 908 903 909 871 909 890 909 871 910 903 910 894 910 868 911 871 911 894 911 900 912 868 912 894 912 868 913 900 913 878 913 919 914 900 914 912 914 900 915 919 915 897 915 897 916 878 916 900 916 878 917 897 917 879 917 912 918 904 918 913 918 904 919 912 919 903 919 903 920 883 920 904 920 883 921 903 921 890 921 721 922 689 922 667 922 874 923 875 923 879 923 874 924 862 924 875 924 862 925 874 925 853 925 853 926 831 926 862 926 831 927 782 927 789 927 667 928 621 928 617 928 621 929 667 929 689 929 689 930 721 930 782 930 789 931 782 931 721 931 782 932 831 932 853 932 536 933 487 933 553 933 553 934 621 934 536 934 621 935 553 935 617 935 892 936 919 936 901 936 919 937 892 937 897 937 874 938 897 938 892 938 897 939 874 939 879 939 901 940 919 940 918 940 896 941 908 941 882 941 908 942 896 942 902 942 908 943 917 943 916 943 917 944 908 944 902 944 902 945 918 945 917 945 918 946 902 946 901 946 499 947 491 947 497 947 491 948 499 948 490 948 499 949 487 949 490 949 487 950 499 950 484 950 484 951 462 951 487 951 462 952 484 952 460 952 462 953 460 953 461 953 490 954 580 954 491 954 844 955 855 955 863 955 855 956 844 956 834 956 834 957 813 957 855 957 813 958 834 958 776 958 776 959 708 959 813 959 708 960 776 960 671 960 671 961 608 961 708 961 608 962 671 962 580 962 580 963 525 963 608 963 580 964 490 964 525 964 833 965 844 965 843 965 491 966 581 966 497 966 581 967 491 967 580 967 580 968 672 968 581 968 672 969 580 969 671 969 671 970 777 970 672 970 777 971 671 971 776 971 776 972 835 972 777 972 835 973 776 973 834 973 834 974 836 974 835 974 836 975 834 975 844 975 844 976 833 976 836 976 833 977 778 977 836 977 778 978 833 978 775 978 775 979 673 979 778 979 673 980 775 980 670 980 670 981 582 981 673 981 582 982 670 982 579 982 579 983 498 983 582 983 498 984 579 984 466 984 863 985 864 985 843 985 863 986 843 986 844 986 864 987 833 987 843 987 833 988 864 988 851 988 851 989 775 989 833 989 775 990 851 990 779 990 779 991 670 991 775 991 670 992 779 992 663 992 663 993 579 993 670 993 579 994 663 994 576 994 576 995 466 995 579 995 466 996 576 996 467 996 863 997 851 997 864 997 851 998 863 998 856 998 804 999 851 999 856 999 804 1000 779 1000 851 1000 714 1001 779 1001 804 1001 714 1002 663 1002 779 1002 663 1003 714 1003 664 1003 594 1004 663 1004 664 1004 594 1005 576 1005 663 1005 467 1006 530 1006 489 1006 530 1007 467 1007 576 1007 530 1008 576 1008 594 1008 882 1009 714 1009 804 1009 896 1010 804 1010 856 1010 804 1011 896 1011 882 1011 855 1012 901 1012 863 1012 901 1013 856 1013 863 1013 856 1014 901 1014 902 1014 856 1015 902 1015 896 1015 892 1016 855 1016 813 1016 855 1017 892 1017 901 1017 853 1018 708 1018 782 1018 853 1019 813 1019 708 1019 813 1020 853 1020 874 1020 892 1021 813 1021 874 1021 708 1022 689 1022 782 1022 621 1023 708 1023 608 1023 708 1024 621 1024 689 1024 608 1025 536 1025 621 1025 536 1026 608 1026 525 1026 536 1027 525 1027 490 1027 536 1028 490 1028 487 1028 714 1029 882 1029 805 1029 805 1030 664 1030 714 1030 664 1031 805 1031 669 1031 669 1032 594 1032 664 1032 594 1033 669 1033 598 1033 598 1034 530 1034 594 1034 530 1035 598 1035 534 1035 474 1036 530 1036 534 1036 530 1037 474 1037 489 1037 915 1038 908 1038 916 1038 908 1039 887 1039 882 1039 912 1040 918 1040 919 1040 915 1041 913 1041 914 1041 915 1042 912 1042 913 1042 912 1043 915 1043 916 1043 917 1044 912 1044 916 1044 912 1045 917 1045 918 1045 884 1046 880 1046 898 1046 904 1047 883 1047 884 1047 898 1048 904 1048 884 1048 904 1049 898 1049 913 1049 473 1050 533 1050 472 1050 819 1051 882 1051 887 1051 805 1052 882 1052 819 1052 701 1053 805 1053 819 1053 701 1054 598 1054 669 1054 805 1055 701 1055 669 1055 598 1056 701 1056 618 1056 533 1057 598 1057 618 1057 598 1058 533 1058 534 1058 473 1059 534 1059 533 1059 534 1060 473 1060 474 1060 908 1061 893 1061 887 1061 915 1062 893 1062 908 1062 893 1063 915 1063 914 1063 893 1064 914 1064 899 1064 893 1065 899 1065 881 1065 913 1066 899 1066 914 1066 899 1067 913 1067 898 1067 898 1068 881 1068 899 1068 881 1069 898 1069 880 1069 880 1070 791 1070 838 1070 791 1071 880 1071 884 1071 791 1072 884 1072 883 1072 785 1073 887 1073 893 1073 785 1074 893 1074 839 1074 881 1075 839 1075 893 1075 467 1076 498 1076 466 1076 498 1077 467 1077 489 1077 498 1078 489 1078 496 1078 433 1079 445 1079 444 1079 445 1080 433 1080 434 1080 434 1081 449 1081 445 1081 449 1082 434 1082 436 1082 449 1083 436 1083 439 1083 449 1084 439 1084 441 1084 441 1085 454 1085 449 1085 454 1086 441 1086 455 1086 455 1087 464 1087 454 1087 464 1088 455 1088 465 1088 465 1089 469 1089 464 1089 469 1090 465 1090 471 1090 469 1091 471 1091 475 1091 469 1092 475 1092 476 1092 476 1093 470 1093 469 1093 470 1094 476 1094 477 1094 477 1095 472 1095 470 1095 472 1096 477 1096 478 1096 478 1097 473 1097 472 1097 473 1098 478 1098 479 1098 479 1099 474 1099 473 1099 474 1100 479 1100 480 1100 480 1101 489 1101 474 1101 489 1102 480 1102 495 1102 496 1103 489 1103 495 1103 590 1104 596 1104 560 1104 560 1105 449 1105 454 1105 449 1106 560 1106 596 1106 449 1107 596 1107 445 1107 596 1108 590 1108 635 1108 597 1109 469 1109 470 1109 469 1110 597 1110 562 1110 563 1111 469 1111 562 1111 469 1112 563 1112 464 1112 562 1113 597 1113 640 1113 640 1114 591 1114 562 1114 562 1115 591 1115 563 1115 701 1116 887 1116 785 1116 887 1117 701 1117 819 1117 785 1118 839 1118 703 1118 533 1119 597 1119 470 1119 533 1120 470 1120 472 1120 533 1121 618 1121 597 1121 659 1122 658 1122 703 1122 658 1123 597 1123 618 1123 703 1124 658 1124 785 1124 658 1125 618 1125 701 1125 701 1126 785 1126 658 1126 659 1127 634 1127 658 1127 693 1128 653 1128 739 1128 739 1129 653 1129 720 1129 653 1130 634 1130 659 1130 659 1131 720 1131 653 1131 720 1132 659 1132 703 1132 832 1133 801 1133 839 1133 768 1134 839 1134 801 1134 768 1135 703 1135 839 1135 739 1136 801 1136 832 1136 768 1137 720 1137 703 1137 739 1138 720 1138 801 1138 658 1139 640 1139 597 1139 634 1140 640 1140 658 1140 640 1141 634 1141 633 1141 653 1142 633 1142 634 1142 688 1143 693 1143 738 1143 633 1144 693 1144 688 1144 633 1145 653 1145 693 1145 842 1146 829 1146 832 1146 829 1147 738 1147 739 1147 738 1148 693 1148 739 1148 832 1149 839 1149 842 1149 739 1150 832 1150 829 1150 838 1151 791 1151 728 1151 443 1152 656 1152 442 1152 656 1153 443 1153 757 1153 871 1154 758 1154 890 1154 444 1155 662 1155 575 1155 662 1156 444 1156 445 1156 596 1157 662 1157 445 1157 871 1158 757 1158 758 1158 757 1159 871 1159 816 1159 656 1160 757 1160 816 1160 662 1161 655 1161 575 1161 758 1162 883 1162 890 1162 883 1163 758 1163 726 1163 883 1164 726 1164 655 1164 662 1165 883 1165 655 1165 883 1166 662 1166 791 1166 635 1167 644 1167 596 1167 596 1168 644 1168 662 1168 676 1169 728 1169 791 1169 662 1170 644 1170 676 1170 662 1171 676 1171 791 1171 838 1172 807 1172 837 1172 766 1173 837 1173 807 1173 838 1174 728 1174 807 1174 728 1175 681 1175 766 1175 639 1176 694 1176 681 1176 676 1177 644 1177 639 1177 681 1178 676 1178 639 1178 681 1179 728 1179 676 1179 783 1180 706 1180 810 1180 694 1181 635 1181 706 1181 635 1182 694 1182 639 1182 644 1183 635 1183 639 1183 706 1184 783 1184 694 1184 590 1185 563 1185 591 1185 563 1186 590 1186 560 1186 560 1187 464 1187 563 1187 464 1188 560 1188 454 1188 633 1189 591 1189 640 1189 590 1190 633 1190 688 1190 633 1191 590 1191 591 1191 635 1192 688 1192 706 1192 635 1193 590 1193 688 1193 837 1194 880 1194 838 1194 880 1195 837 1195 829 1195 829 1196 837 1196 810 1196 706 1197 688 1197 738 1197 738 1198 810 1198 706 1198 810 1199 738 1199 829 1199 842 1200 880 1200 829 1200 880 1201 842 1201 881 1201 881 1202 842 1202 839 1202 694 1203 766 1203 681 1203 766 1204 694 1204 783 1204 783 1205 810 1205 837 1205 837 1206 766 1206 783 1206 617 1207 549 1207 607 1207 549 1208 512 1208 461 1208 549 1209 617 1209 512 1209 512 1210 617 1210 553 1210 553 1211 462 1211 512 1211 462 1212 553 1212 487 1212 461 1213 420 1213 462 1213 511 1214 461 1214 512 1214 461 1215 511 1215 415 1215 415 1216 420 1216 461 1216 462 1217 513 1217 512 1217 462 1218 420 1218 416 1218 462 1219 416 1219 513 1219 420 1220 415 1220 416 1220 416 1221 511 1221 513 1221 511 1222 416 1222 415 1222 512 1223 513 1223 511 1223 198 1224 154 1224 201 1224 155 1225 121 1225 201 1225 121 1226 155 1226 154 1226 154 1227 198 1227 121 1227 155 1228 219 1228 97 1228 154 1229 231 1229 201 1229 154 1230 97 1230 137 1230 97 1231 154 1231 155 1231 201 1232 219 1232 155 1232 219 1233 201 1233 231 1233 274 1234 219 1234 231 1234 219 1235 274 1235 271 1235 299 1236 271 1236 274 1236 268 1237 274 1237 222 1237 231 1238 222 1238 274 1238 299 1239 274 1239 268 1239 170 1240 271 1240 289 1240 271 1241 170 1241 219 1241 219 1242 170 1242 97 1242 271 1243 332 1243 289 1243 332 1244 271 1244 299 1244 147 1245 222 1245 137 1245 259 1246 222 1246 221 1246 222 1247 259 1247 268 1247 293 1248 268 1248 259 1248 268 1249 293 1249 299 1249 147 1250 221 1250 222 1250 147 1251 137 1251 95 1251 137 1252 97 1252 95 1252 231 1253 137 1253 222 1253 231 1254 154 1254 137 1254 60 1255 97 1255 170 1255 97 1256 60 1256 55 1256 61 1257 97 1257 55 1257 332 1258 447 1258 445 1258 372 1259 447 1259 332 1259 447 1260 372 1260 454 1260 335 1261 332 1261 299 1261 332 1262 335 1262 372 1262 55 1263 27 1263 39 1263 27 1264 55 1264 44 1264 60 1265 44 1265 55 1265 55 1266 39 1266 61 1266 28 1267 39 1267 27 1267 39 1268 28 1268 40 1268 40 1269 61 1269 39 1269 61 1270 40 1270 62 1270 56 1271 44 1271 60 1271 44 1272 56 1272 43 1272 43 1273 27 1273 44 1273 27 1274 43 1274 26 1274 48 1275 63 1275 37 1275 63 1276 48 1276 69 1276 56 1277 69 1277 48 1277 69 1278 56 1278 92 1278 43 1279 56 1279 48 1279 37 1280 43 1280 48 1280 43 1281 37 1281 26 1281 273 1282 313 1282 228 1282 117 1283 273 1283 228 1283 273 1284 117 1284 92 1284 69 1285 92 1285 117 1285 69 1286 72 1286 63 1286 117 1287 72 1287 69 1287 228 1288 315 1288 260 1288 199 1289 228 1289 260 1289 146 1290 228 1290 199 1290 146 1291 117 1291 228 1291 117 1292 146 1292 108 1292 72 1293 117 1293 108 1293 315 1294 228 1294 313 1294 64 1295 37 1295 63 1295 37 1296 64 1296 36 1296 36 1297 26 1297 37 1297 26 1298 36 1298 31 1298 446 1299 273 1299 442 1299 411 1300 451 1300 453 1300 273 1301 446 1301 313 1301 448 1302 313 1302 446 1302 451 1303 313 1303 448 1303 411 1304 313 1304 451 1304 313 1305 411 1305 315 1305 289 1306 444 1306 357 1306 444 1307 289 1307 445 1307 442 1308 178 1308 443 1308 178 1309 442 1309 273 1309 289 1310 332 1310 445 1310 170 1311 277 1311 60 1311 179 1312 92 1312 56 1312 56 1313 214 1313 179 1313 214 1314 56 1314 60 1314 60 1315 277 1315 214 1315 170 1316 357 1316 277 1316 357 1317 170 1317 289 1317 178 1318 273 1318 92 1318 92 1319 179 1319 178 1319 179 1320 213 1320 177 1320 213 1321 179 1321 214 1321 214 1322 276 1322 213 1322 276 1323 214 1323 277 1323 277 1324 356 1324 276 1324 356 1325 277 1325 357 1325 357 1326 433 1326 356 1326 433 1327 357 1327 444 1327 179 1328 176 1328 178 1328 176 1329 179 1329 177 1329 443 1330 176 1330 432 1330 176 1331 443 1331 178 1331 63 1332 71 1332 64 1332 321 1333 260 1333 315 1333 260 1334 321 1334 297 1334 296 1335 260 1335 297 1335 296 1336 305 1336 247 1336 305 1337 296 1337 323 1337 305 1338 323 1338 339 1338 63 1339 91 1339 71 1339 91 1340 63 1340 72 1340 108 1341 91 1341 72 1341 108 1342 141 1342 91 1342 141 1343 108 1343 146 1343 199 1344 141 1344 146 1344 141 1345 199 1345 207 1345 207 1346 199 1346 260 1346 207 1347 260 1347 247 1347 260 1348 296 1348 247 1348 413 1349 315 1349 411 1349 383 1350 413 1350 457 1350 413 1351 383 1351 315 1351 321 1352 315 1352 383 1352 412 1353 413 1353 411 1353 413 1354 412 1354 414 1354 412 1355 510 1355 414 1355 510 1356 412 1356 509 1356 508 1357 510 1357 509 1357 453 1358 412 1358 411 1358 453 1359 508 1359 509 1359 453 1360 509 1360 412 1360 414 1361 457 1361 413 1361 457 1362 414 1362 510 1362 510 1363 508 1363 457 1363 457 1364 508 1364 453 1364 432 1365 442 1365 443 1365 442 1366 432 1366 431 1366 431 1367 446 1367 442 1367 446 1368 431 1368 437 1368 437 1369 448 1369 446 1369 448 1370 437 1370 438 1370 438 1371 451 1371 448 1371 451 1372 438 1372 440 1372 440 1373 453 1373 451 1373 453 1374 440 1374 452 1374 452 1375 457 1375 453 1375 457 1376 452 1376 456 1376 440 1377 314 1377 452 1377 314 1378 440 1378 312 1378 438 1379 312 1379 440 1379 437 1380 312 1380 438 1380 312 1381 437 1381 290 1381 431 1382 290 1382 437 1382 290 1383 431 1383 272 1383 452 1384 382 1384 456 1384 382 1385 452 1385 314 1385 314 1386 320 1386 382 1386 175 1387 252 1387 254 1387 314 1388 254 1388 252 1388 254 1389 314 1389 312 1389 175 1390 87 1390 124 1390 175 1391 124 1391 167 1391 252 1392 175 1392 167 1392 87 1393 175 1393 90 1393 65 1394 87 1394 90 1394 87 1395 65 1395 53 1395 47 1396 53 1396 65 1396 53 1397 47 1397 21 1397 68 1398 47 1398 65 1398 119 1399 68 1399 65 1399 119 1400 175 1400 272 1400 290 1401 272 1401 175 1401 119 1402 65 1402 90 1402 90 1403 175 1403 119 1403 290 1404 175 1404 254 1404 290 1405 254 1405 312 1405 456 1406 383 1406 457 1406 383 1407 456 1407 382 1407 382 1408 321 1408 383 1408 321 1409 382 1409 320 1409 320 1410 297 1410 321 1410 297 1411 320 1411 295 1411 295 1412 296 1412 297 1412 296 1413 295 1413 298 1413 298 1414 323 1414 296 1414 323 1415 298 1415 322 1415 322 1416 385 1416 323 1416 385 1417 322 1417 384 1417 384 1418 461 1418 385 1418 461 1419 384 1419 460 1419 460 1420 338 1420 486 1420 338 1421 460 1421 384 1421 322 1422 338 1422 384 1422 339 1423 323 1423 385 1423 461 1424 339 1424 385 1424 339 1425 461 1425 485 1425 339 1426 340 1426 305 1426 339 1427 488 1427 340 1427 488 1428 339 1428 485 1428 207 1429 135 1429 141 1429 247 1430 305 1430 230 1430 230 1431 207 1431 247 1431 135 1432 207 1432 230 1432 78 1433 71 1433 91 1433 64 1434 71 1434 78 1434 141 1435 135 1435 91 1435 78 1436 91 1436 135 1436 78 1437 66 1437 64 1437 305 1438 340 1438 230 1438 46 1439 64 1439 66 1439 36 1440 64 1440 46 1440 41 1441 36 1441 46 1441 36 1442 41 1442 31 1442 31 1443 38 1443 32 1443 38 1444 31 1444 41 1444 30 1445 35 1445 42 1445 30 1446 38 1446 35 1446 38 1447 30 1447 32 1447 27 1448 29 1448 28 1448 26 1449 30 1449 29 1449 29 1450 27 1450 26 1450 32 1451 26 1451 31 1451 30 1452 26 1452 32 1452 29 1453 30 1453 42 1453 340 1454 488 1454 374 1454 340 1455 374 1455 279 1455 279 1456 230 1456 340 1456 135 1457 279 1457 220 1457 279 1458 135 1458 230 1458 126 1459 78 1459 220 1459 220 1460 78 1460 135 1460 126 1461 41 1461 46 1461 126 1462 46 1462 66 1462 78 1463 126 1463 66 1463 38 1464 79 1464 80 1464 41 1465 126 1465 79 1465 79 1466 38 1466 41 1466 35 1467 80 1467 127 1467 38 1468 80 1468 35 1468 229 1469 76 1469 127 1469 127 1470 76 1470 42 1470 35 1471 127 1471 42 1471 251 1472 229 1472 316 1472 229 1473 251 1473 140 1473 76 1474 229 1474 140 1474 474 1475 394 1475 489 1475 394 1476 474 1476 393 1476 393 1477 345 1477 394 1477 345 1478 393 1478 337 1478 337 1479 316 1479 345 1479 316 1480 337 1480 251 1480 28 1481 42 1481 58 1481 42 1482 28 1482 29 1482 251 1483 329 1483 233 1483 233 1484 136 1484 251 1484 329 1485 251 1485 337 1485 472 1486 393 1486 474 1486 472 1487 329 1487 337 1487 393 1488 472 1488 337 1488 251 1489 136 1489 140 1489 42 1490 76 1490 58 1490 76 1491 136 1491 58 1491 136 1492 76 1492 140 1492 81 1493 62 1493 40 1493 40 1494 58 1494 81 1494 58 1495 40 1495 28 1495 62 1496 102 1496 96 1496 102 1497 62 1497 81 1497 225 1498 322 1498 298 1498 322 1499 225 1499 281 1499 322 1500 281 1500 338 1500 314 1501 295 1501 320 1501 295 1502 314 1502 252 1502 295 1503 225 1503 298 1503 295 1504 252 1504 225 1504 252 1505 166 1505 225 1505 167 1506 166 1506 252 1506 167 1507 125 1507 166 1507 125 1508 167 1508 124 1508 124 1509 105 1509 125 1509 87 1510 105 1510 124 1510 87 1511 73 1511 105 1511 73 1512 87 1512 53 1512 53 1513 50 1513 73 1513 50 1514 53 1514 21 1514 50 1515 21 1515 22 1515 338 1516 278 1516 377 1516 317 1517 377 1517 278 1517 486 1518 377 1518 494 1518 377 1519 486 1519 338 1519 51 1520 73 1520 50 1520 22 1521 51 1521 50 1521 125 1522 122 1522 166 1522 278 1523 166 1523 122 1523 166 1524 278 1524 225 1524 225 1525 278 1525 281 1525 281 1526 278 1526 338 1526 122 1527 125 1527 105 1527 73 1528 122 1528 105 1528 51 1529 122 1529 73 1529 51 1530 77 1530 142 1530 51 1531 142 1531 122 1531 122 1532 142 1532 237 1532 237 1533 278 1533 122 1533 278 1534 237 1534 317 1534 21 1535 12 1535 22 1535 12 1536 21 1536 11 1536 11 1537 6 1537 12 1537 6 1538 11 1538 1 1538 6 1539 1 1539 4 1539 6 1540 17 1540 12 1540 10 1541 17 1541 6 1541 10 1542 6 1542 4 1542 10 1543 57 1543 17 1543 12 1544 51 1544 22 1544 51 1545 12 1545 17 1545 17 1546 77 1546 51 1546 77 1547 17 1547 57 1547 57 1548 10 1548 49 1548 70 1549 16 1549 9 1549 4 1550 16 1550 10 1550 16 1551 4 1551 0 1551 0 1552 9 1552 16 1552 10 1553 16 1553 49 1553 21 1554 20 1554 11 1554 11 1555 7 1555 1 1555 7 1556 11 1556 20 1556 7 1557 20 1557 18 1557 20 1558 24 1558 18 1558 20 1559 21 1559 47 1559 47 1560 68 1560 20 1560 68 1561 24 1561 20 1561 24 1562 68 1562 52 1562 1 1563 8 1563 2 1563 8 1564 1 1564 7 1564 24 1565 19 1565 18 1565 8 1566 18 1566 19 1566 18 1567 8 1567 7 1567 59 1568 24 1568 52 1568 24 1569 59 1569 25 1569 19 1570 24 1570 25 1570 16 1571 70 1571 85 1571 85 1572 49 1572 16 1572 424 1573 494 1573 377 1573 424 1574 377 1574 317 1574 130 1575 265 1575 123 1575 403 1576 330 1576 365 1576 365 1577 495 1577 403 1577 495 1578 365 1578 480 1578 45 1579 9 1579 13 1579 9 1580 0 1580 5 1580 45 1581 70 1581 9 1581 5 1582 2 1582 3 1582 5 1583 1 1583 2 1583 1 1584 5 1584 0 1584 1 1585 0 1585 4 1585 2 1586 54 1586 14 1586 14 1587 54 1587 33 1587 25 1588 59 1588 54 1588 54 1589 2 1589 8 1589 54 1590 8 1590 19 1590 25 1591 54 1591 19 1591 496 1592 403 1592 495 1592 403 1593 496 1593 390 1593 390 1594 330 1594 403 1594 330 1595 390 1595 246 1595 330 1596 246 1596 265 1596 246 1597 123 1597 265 1597 131 1598 123 1598 246 1598 123 1599 131 1599 70 1599 131 1600 85 1600 70 1600 49 1601 85 1601 84 1601 84 1602 57 1602 49 1602 57 1603 84 1603 107 1603 107 1604 77 1604 57 1604 212 1605 77 1605 107 1605 77 1606 212 1606 142 1606 324 1607 317 1607 237 1607 237 1608 212 1608 324 1608 212 1609 237 1609 142 1609 424 1610 317 1610 324 1610 324 1611 263 1611 352 1611 246 1612 353 1612 264 1612 353 1613 246 1613 390 1613 390 1614 498 1614 353 1614 498 1615 390 1615 496 1615 352 1616 424 1616 324 1616 424 1617 352 1617 497 1617 100 1618 84 1618 101 1618 101 1619 84 1619 85 1619 85 1620 163 1620 101 1620 163 1621 85 1621 131 1621 131 1622 264 1622 163 1622 264 1623 131 1623 246 1623 212 1624 263 1624 324 1624 212 1625 162 1625 263 1625 162 1626 212 1626 107 1626 107 1627 100 1627 162 1627 84 1628 100 1628 107 1628 488 1629 483 1629 482 1629 497 1630 488 1630 424 1630 488 1631 497 1631 483 1631 460 1632 485 1632 461 1632 485 1633 460 1633 486 1633 486 1634 488 1634 485 1634 488 1635 486 1635 494 1635 488 1636 494 1636 424 1636 75 1637 99 1637 94 1637 99 1638 75 1638 83 1638 83 1639 161 1639 99 1639 161 1640 83 1640 134 1640 134 1641 262 1641 161 1641 262 1642 134 1642 240 1642 240 1643 351 1643 262 1643 351 1644 240 1644 344 1644 344 1645 483 1645 351 1645 483 1646 344 1646 482 1646 497 1647 351 1647 483 1647 351 1648 497 1648 352 1648 352 1649 262 1649 351 1649 262 1650 352 1650 263 1650 263 1651 161 1651 262 1651 161 1652 263 1652 162 1652 162 1653 99 1653 161 1653 99 1654 162 1654 100 1654 100 1655 94 1655 99 1655 94 1656 100 1656 101 1656 101 1657 93 1657 94 1657 466 1658 353 1658 498 1658 353 1659 466 1659 350 1659 350 1660 264 1660 353 1660 264 1661 350 1661 261 1661 261 1662 163 1662 264 1662 163 1663 261 1663 160 1663 160 1664 101 1664 163 1664 101 1665 160 1665 98 1665 93 1666 101 1666 98 1666 80 1667 83 1667 75 1667 74 1668 80 1668 75 1668 80 1669 74 1669 82 1669 83 1670 80 1670 79 1670 79 1671 134 1671 83 1671 134 1672 79 1672 126 1672 126 1673 240 1673 134 1673 240 1674 126 1674 220 1674 240 1675 220 1675 279 1675 279 1676 344 1676 240 1676 344 1677 279 1677 374 1677 374 1678 482 1678 344 1678 482 1679 374 1679 488 1679 394 1680 467 1680 489 1680 394 1681 343 1681 467 1681 343 1682 394 1682 345 1682 316 1683 343 1683 345 1683 316 1684 239 1684 343 1684 239 1685 316 1685 229 1685 229 1686 133 1686 239 1686 133 1687 229 1687 127 1687 127 1688 82 1688 133 1688 82 1689 127 1689 80 1689 93 1690 75 1690 94 1690 75 1691 93 1691 74 1691 467 1692 350 1692 466 1692 350 1693 467 1693 343 1693 343 1694 261 1694 350 1694 261 1695 343 1695 239 1695 239 1696 160 1696 261 1696 160 1697 239 1697 133 1697 133 1698 98 1698 160 1698 98 1699 133 1699 82 1699 82 1700 93 1700 98 1700 93 1701 82 1701 74 1701 81 1702 136 1702 233 1702 58 1703 136 1703 81 1703 102 1704 233 1704 210 1704 102 1705 81 1705 233 1705 454 1706 369 1706 464 1706 369 1707 454 1707 372 1707 372 1708 336 1708 369 1708 336 1709 372 1709 335 1709 335 1710 293 1710 336 1710 293 1711 335 1711 299 1711 336 1712 291 1712 302 1712 291 1713 221 1713 250 1713 221 1714 291 1714 259 1714 291 1715 336 1715 259 1715 259 1716 336 1716 293 1716 106 1717 62 1717 96 1717 221 1718 190 1718 250 1718 147 1719 190 1719 221 1719 106 1720 147 1720 95 1720 147 1721 106 1721 190 1721 61 1722 95 1722 97 1722 62 1723 95 1723 61 1723 106 1724 95 1724 62 1724 470 1725 329 1725 472 1725 329 1726 470 1726 331 1726 253 1727 233 1727 287 1727 253 1728 210 1728 233 1728 329 1729 287 1729 233 1729 106 1730 96 1730 203 1730 209 1731 106 1731 203 1731 336 1732 370 1732 369 1732 369 1733 468 1733 464 1733 468 1734 369 1734 370 1734 468 1735 331 1735 470 1735 331 1736 468 1736 370 1736 336 1737 331 1737 370 1737 331 1738 336 1738 302 1738 331 1739 287 1739 329 1739 302 1740 287 1740 331 1740 190 1741 209 1741 250 1741 106 1742 209 1742 190 1742 266 1743 291 1743 250 1743 291 1744 266 1744 292 1744 291 1745 292 1745 302 1745 287 1746 302 1746 292 1746 250 1747 209 1747 266 1747 203 1748 266 1748 209 1748 287 1749 292 1749 266 1749 266 1750 253 1750 287 1750 253 1751 266 1751 203 1751 203 1752 210 1752 253 1752 139 1753 96 1753 102 1753 173 1754 210 1754 203 1754 139 1755 102 1755 210 1755 173 1756 96 1756 139 1756 173 1757 203 1757 96 1757 210 1758 174 1758 168 1758 174 1759 210 1759 173 1759 173 1760 118 1760 174 1760 118 1761 173 1761 139 1761 139 1762 168 1762 118 1762 168 1763 139 1763 210 1763 45 1764 123 1764 70 1764 130 1765 269 1765 265 1765 45 1766 130 1766 123 1766 265 1767 365 1767 330 1767 365 1768 478 1768 480 1768 365 1769 265 1769 269 1769 45 1770 129 1770 130 1770 129 1771 269 1771 130 1771 13 1772 5 1772 3 1772 5 1773 13 1773 9 1773 13 1774 67 1774 45 1774 34 1775 23 1775 15 1775 15 1776 13 1776 3 1776 13 1777 15 1777 23 1777 67 1778 13 1778 23 1778 15 1779 33 1779 34 1779 33 1780 15 1780 14 1780 3 1781 14 1781 15 1781 14 1782 3 1782 2 1782 120 1783 34 1783 86 1783 34 1784 120 1784 23 1784 67 1785 23 1785 120 1785 59 1786 103 1786 54 1786 54 1787 88 1787 33 1787 466 1788 489 1788 467 1788 489 1789 466 1789 498 1789 489 1790 498 1790 496 1790 444 1791 434 1791 433 1791 434 1792 444 1792 445 1792 445 1793 436 1793 434 1793 436 1794 445 1794 447 1794 447 1795 439 1795 436 1795 447 1796 441 1796 439 1796 447 1797 455 1797 441 1797 455 1798 447 1798 454 1798 454 1799 465 1799 455 1799 465 1800 454 1800 464 1800 464 1801 471 1801 465 1801 471 1802 464 1802 468 1802 468 1803 475 1803 471 1803 468 1804 476 1804 475 1804 468 1805 477 1805 476 1805 477 1806 468 1806 470 1806 470 1807 478 1807 477 1807 478 1808 470 1808 472 1808 472 1809 480 1809 478 1809 480 1810 472 1810 474 1810 474 1811 495 1811 480 1811 495 1812 474 1812 489 1812 489 1813 496 1813 495 1813 363 1814 334 1814 362 1814 363 1815 275 1815 334 1815 275 1816 363 1816 280 1816 371 1817 280 1817 363 1817 371 1818 476 1818 477 1818 280 1819 371 1819 269 1819 363 1820 476 1820 371 1820 476 1821 363 1821 475 1821 475 1822 363 1822 471 1822 362 1823 471 1823 363 1823 471 1824 362 1824 465 1824 333 1825 366 1825 364 1825 256 1826 373 1826 282 1826 366 1827 282 1827 373 1827 333 1828 282 1828 366 1828 282 1829 333 1829 288 1829 364 1830 441 1830 455 1830 441 1831 364 1831 366 1831 441 1832 366 1832 439 1832 373 1833 439 1833 366 1833 439 1834 373 1834 436 1834 436 1835 373 1835 434 1835 67 1836 129 1836 45 1836 129 1837 200 1837 269 1837 200 1838 129 1838 67 1838 120 1839 118 1839 226 1839 478 1840 371 1840 477 1840 371 1841 478 1841 365 1841 365 1842 269 1842 371 1842 249 1843 226 1843 258 1843 200 1844 249 1844 269 1844 120 1845 249 1845 200 1845 249 1846 120 1846 226 1846 249 1847 258 1847 267 1847 226 1848 186 1848 236 1848 258 1849 226 1849 236 1849 104 1850 174 1850 118 1850 168 1851 226 1851 118 1851 174 1852 104 1852 186 1852 174 1853 186 1853 226 1853 226 1854 168 1854 174 1854 67 1855 120 1855 200 1855 118 1856 120 1856 86 1856 232 1857 258 1857 236 1857 267 1858 258 1858 232 1858 275 1859 280 1859 267 1859 280 1860 249 1860 267 1860 249 1861 280 1861 269 1861 275 1862 267 1862 294 1862 232 1863 294 1863 267 1863 232 1864 234 1864 294 1864 128 1865 232 1865 186 1865 232 1866 128 1866 234 1866 128 1867 104 1867 86 1867 104 1868 128 1868 186 1868 232 1869 236 1869 186 1869 86 1870 104 1870 118 1870 103 1871 88 1871 54 1871 88 1872 103 1872 121 1872 227 1873 121 1873 103 1873 227 1874 103 1874 238 1874 238 1875 103 1875 256 1875 432 1876 272 1876 431 1876 272 1877 432 1877 176 1877 68 1878 177 1878 52 1878 177 1879 59 1879 52 1879 59 1880 177 1880 213 1880 59 1881 213 1881 276 1881 256 1882 59 1882 276 1882 59 1883 256 1883 103 1883 433 1884 256 1884 356 1884 256 1885 433 1885 434 1885 373 1886 256 1886 434 1886 256 1887 276 1887 356 1887 68 1888 176 1888 177 1888 176 1889 68 1889 119 1889 272 1890 176 1890 119 1890 270 1891 255 1891 238 1891 255 1892 227 1892 238 1892 270 1893 238 1893 282 1893 238 1894 256 1894 282 1894 201 1895 121 1895 227 1895 198 1896 88 1896 121 1896 201 1897 227 1897 235 1897 235 1898 198 1898 201 1898 191 1899 235 1899 248 1899 255 1900 235 1900 227 1900 255 1901 248 1901 235 1901 270 1902 248 1902 255 1902 248 1903 257 1903 204 1903 257 1904 270 1904 288 1904 204 1905 191 1905 248 1905 270 1906 257 1906 248 1906 89 1907 191 1907 204 1907 282 1908 288 1908 270 1908 294 1909 334 1909 275 1909 234 1910 204 1910 294 1910 257 1911 294 1911 204 1911 89 1912 128 1912 86 1912 89 1913 33 1913 88 1913 204 1914 234 1914 128 1914 128 1915 89 1915 204 1915 86 1916 34 1916 33 1916 33 1917 89 1917 86 1917 294 1918 257 1918 288 1918 334 1919 294 1919 288 1919 288 1920 333 1920 334 1920 333 1921 362 1921 334 1921 362 1922 333 1922 364 1922 364 1923 465 1923 362 1923 465 1924 364 1924 455 1924 191 1925 88 1925 198 1925 198 1926 235 1926 191 1926 89 1927 88 1927 191 1927 762 1928 741 1928 781 1928 762 1929 781 1929 796 1929 796 1930 733 1930 762 1930 796 1931 794 1931 733 1931 796 1932 808 1932 794 1932 808 1933 796 1933 781 1933 781 1934 743 1934 808 1934 743 1935 781 1935 741 1935 741 1936 733 1936 743 1936 733 1937 741 1937 762 1937 743 1938 764 1938 808 1938 764 1939 794 1939 808 1939 794 1940 764 1940 733 1940 733 1941 764 1941 743 1941 156 1942 206 1942 169 1942 206 1943 156 1943 158 1943 132 1944 156 1944 169 1944 169 1945 202 1945 132 1945 202 1946 169 1946 206 1946 206 1947 211 1947 202 1947 158 1948 211 1948 206 1948 158 1949 171 1949 211 1949 158 1950 132 1950 171 1950 156 1951 132 1951 158 1951 159 1952 132 1952 202 1952 159 1953 171 1953 132 1953 211 1954 171 1954 159 1954 159 1955 202 1955 211 1955 786 1956 780 1956 740 1956 769 1957 786 1957 740 1957 740 1958 761 1958 730 1958 761 1959 740 1959 780 1959 780 1960 809 1960 761 1960 786 1961 809 1961 780 1961 786 1962 806 1962 809 1962 769 1963 806 1963 786 1963 769 1964 763 1964 806 1964 769 1965 730 1965 763 1965 740 1966 730 1966 769 1966 809 1967 806 1967 763 1967 763 1968 730 1968 761 1968 809 1969 763 1969 761 1969 145 1970 184 1970 182 1970 164 1971 184 1971 145 1971 145 1972 152 1972 138 1972 182 1973 152 1973 145 1973 182 1974 208 1974 152 1974 208 1975 182 1975 184 1975 184 1976 205 1976 208 1976 164 1977 205 1977 184 1977 164 1978 138 1978 205 1978 145 1979 138 1979 164 1979 181 1980 205 1980 138 1980 208 1981 205 1981 181 1981 181 1982 138 1982 152 1982 208 1983 181 1983 152 1983</p>
        </triangles>
      </mesh>
    </geometry>
  </library_geometries>
  <library_materials>
    <material id="mat_link_5_b_stl004" name="link_5_b_stl004">
      <instance_effect url="#effect_link_5_b_stl004"/>
    </material>
  </library_materials>
  <library_visual_scenes>
    <visual_scene id="myscene">
      <node id="node0" name="node0">
        <instance_geometry url="#geometry0">
          <bind_material>
            <technique_common>
              <instance_material symbol="ref_link_5_b_stl004" target="#mat_link_5_b_stl004"/>
            </technique_common>
          </bind_material>
        </instance_geometry>
      </node>
    </visual_scene>
  </library_visual_scenes>
  <scene>
    <instance_visual_scene url="#myscene"/>
  </scene>
</COLLADA>
