<COLLADA xmlns="http://www.collada.org/2005/11/COLLADASchema" version="1.4.1">
  <asset>
    <contributor/>
    <created>2026-02-17T13:35:53.159923</created>
    <modified>2026-02-17T13:35:53.159932</modified>
    <unit name="meter" meter="1.0"/>
    <up_axis>Z_UP</up_axis>
  </asset>
  <library_effects>
    <effect id="effect_base_link_stl002" name="effect_base_link_stl002">
      <profile_COMMON>
        <technique sid="common">
          <phong>
            <emission>
              <color>0.0 0.0 0.0 1.0</color>
            </emission>
            <ambient>
              <color>0.0 0.0 0.0 1.0</color>
            </ambient>
            <diffuse>
              <color>0.6784313917160034 0.7098039388656616 0.7411764860153198 1.0</color>
            </diffuse>
            <specular>
              <color>1 1 1 1.0</color>
            </specular>
            <shininess>
              <float>0.0</float>
            </shininess>
            <reflective>
              <color>0.0 0.0 0.0 1.0</color>
            </reflective>
            <reflectivity>
              <float>0.0</float>
            </reflectivity>
            <transparent>
              <color>0.0 0.0 0.0 1.0</color>
            </transparent>
            <transparency>
              <float>1.0</float>
            </transparency>
          </phong>
        </technique>
        <extra>
          <technique profile="GOOGLEEARTH">
            <double_sided>0</double_sided>
          </technique>
        </extra>
      </profile_COMMON>
    </effect>
  </library_effects>
  <library_geometries>
    <geometry id="geometry0" name="base_link_stl002">
      <mesh>
        <source id="cubeverts-array0">
          <float_array count="5799" id="cubeverts-array0-array">-0.1670618 -0.007455282 -0.0160412 -0.1670618 0.01745528 -0.0519588 -0.1670594 -0.01253198 -0.04423349 -0.1670591 0.02254546 -0.02037653 -0.1670268 -0.007088078 -0.05180961 -0.1670268 0.01708807 -0.0161904 -0.1669735 -0.0191985 -0.034 -0.1669735 0.0291985 -0.034 -0.1668549 -0.01203425 -0.02764076 -0.1668549 0.02203425 -0.04035925 -0.1668523 -0.01164406 -0.01984254 -0.1668523 0.02164406 -0.04815747 -0.166775 0.000687498 -0.017025 -0.166775 0.009312499 -0.05097501 -0.1667605 -0.0175705 -0.03979298 -0.1667605 0.0275705 -0.02820703 -0.1667583 -0.01756299 -0.02815641 -0.1667583 0.02756299 -0.0398436 -0.16665 -0.01144184 -0.04765571 -0.16665 -0.01052488 -0.04952488 -0.16665 -0.009590291 -0.01801665 -0.16665 -0.008655706 -0.05044184 -0.16665 -0.006000002 -0.01745 -0.16665 -0.006000002 -0.01665 -0.16665 -0.006 -0.05135001 -0.16665 -0.006 -0.05055001 -0.16665 0.016 -0.01745 -0.16665 0.016 -0.01665 -0.16665 0.016 -0.05135001 -0.16665 0.016 -0.05055001 -0.16665 0.0186557 -0.01755816 -0.16665 0.01959029 -0.04998336 -0.16665 0.02052487 -0.01847513 -0.16665 0.02144183 -0.0203443 -0.16645 -0.01939038 -0.04034896 -0.16645 -0.01822395 -0.02648462 -0.16645 -0.01806151 -0.04161938 -0.16645 -0.01335 -0.026325 -0.16645 -0.01335 -0.04167501 -0.16645 -0.01318003 -0.01969818 -0.16645 -0.01318003 -0.04830183 -0.16645 -0.01074637 -0.01612543 -0.16645 -0.007850002 -0.01515 -0.16645 0.01785 -0.01515 -0.16645 0.01785 -0.05285001 -0.16645 0.02074636 -0.01612543 -0.16645 0.02074637 -0.05187458 -0.16645 0.02318003 -0.04830183 -0.16645 0.02318003 -0.01969818 -0.16645 0.02335 -0.041675 -0.16645 0.02335 -0.026325 -0.16645 0.02822395 -0.04151539 -0.16645 0.02822395 -0.02648462 -0.16645 0.02949437 -0.0278135 -0.16605 0.004549998 -0.0148 -0.16595 0.003999998 -0.01515 -0.1653049 0.02203424 -0.02764075 -0.1653 -0.01952219 -0.02920675 -0.1653 0.02952218 -0.03879326 -0.16415 -0.01955 -0.03740001 -0.16415 -0.01775 -0.03740001 -0.16415 -0.01775 -0.0306 -0.16415 0.02775 -0.03740001 -0.16415 0.02775 -0.0306 -0.16415 0.02955 -0.0306 -0.16355 -6.403719e-10 -0.05135001 -0.16355 0.009999999 -0.01665 -0.162 -0.011825 -0.03987501 -0.162 0.0025 -0.05055001 -0.162 0.007499999 -0.01745 -0.16085 -0.007250002 -0.018875 -0.16085 0.004999999 -0.03405001 -0.16085 0.01725 -0.018875 -0.160775 -0.008033326 -0.03384271 -0.160775 0.01803332 -0.03384271 -0.1607 -0.0105 -0.02635 -0.1607 -0.009879274 -0.03254315 -0.1607 -0.009045342 -0.0194366 -0.1607 -0.007000002 -0.0185 -0.1607 -0.007000001 -0.0342 -0.1607 0.017 -0.0342 -0.1607 0.017 -0.0185 -0.1607 0.01904534 -0.0194366 -0.1607 0.01987927 -0.03254315 -0.1607 0.0205 -0.02635 -0.16045 -0.0121 -0.0242 -0.16045 -0.011825 -0.028125 -0.16045 -0.011825 -0.0438 -0.16045 -0.01155 -0.0242 -0.16045 -2.157157e-09 -0.01665 -0.16045 0.01 -0.05135001 -0.16045 0.02155 -0.0242 -0.16045 0.021825 -0.0438 -0.16045 0.0221 -0.028125 -0.16045 0.0221 -0.0242 -0.1604125 -0.009190036 -0.02106763 -0.160325 -0.009123468 -0.03176423 -0.160325 0.01894071 -0.02081784 -0.160325 0.01914545 -0.03168548 -0.16015 -0.007500002 -0.0198 -0.16015 -0.007500002 -0.03300001 -0.16015 0.0175 -0.03300001 -0.16015 0.0175 -0.0198 -0.1589763 0.006175782 -0.01755028 -0.1589669 0.0037977 -0.0504497 -0.1588276 -0.01144877 -0.03383609 -0.1588001 -0.01125344 -0.03301597 -0.1588001 0.02135344 -0.04478404 -0.158756 0.02145 -0.03400452 -0.15875 -0.01133102 -0.02073373 -0.15875 -0.01133102 -0.04726628 -0.15875 -0.009627458 -0.0182328 -0.15875 -0.009627457 -0.0497672 -0.15875 -0.007600002 -0.01755 -0.15875 -0.0076 -0.05045 -0.15875 0.01826628 -0.01766898 -0.15875 0.01893255 -0.05021204 -0.15875 0.0207672 -0.01937255 -0.15875 0.0207672 -0.04862746 -0.15875 0.02145 -0.02140001 -0.158747 0.001850167 -0.0177875 -0.1587292 0.02118029 -0.02400125 -0.1587125 0.01655 -0.0503125 -0.158675 0.01868624 -0.018095 -0.1586375 -0.009380557 -0.04948994 -0.1586375 -0.009304959 -0.01838878 -0.1586375 0.01930496 -0.04961123 -0.1586214 -0.01100354 -0.0462613 -0.1586078 -0.0111 -0.03343554 -0.1586078 0.0211 -0.03456446 -0.1586 -0.01099184 -0.0207943 -0.1586 0.02047927 -0.01955686 -0.1586 0.02099184 -0.04720571 -0.1582592 0.006499999 -0.03601264 -0.1582499 0.002862499 -0.0464124 -0.1582088 -0.002598781 -0.0501375 -0.1581945 -0.005477791 -0.04654719 -0.1581812 0.015 -0.04656245 -0.1581711 -0.008072825 -0.0455064 -0.1581703 -0.005382986 -0.0357992 -0.15815 -0.008300002 -0.03730001 -0.15815 0.01513845 -0.03572473 -0.15815 0.01815812 -0.03687872 -0.15815 0.0183 -0.04510001 -0.1581187 -0.007854548 -0.03676184 -0.158089 0.01772215 -0.04567344 -0.15805 -0.01074637 -0.05187458 -0.15805 -0.007850001 -0.05285001 -0.1580274 0.01756031 -0.03706334 -0.15785 -0.007333755 -0.04344296 -0.15785 -0.006700002 -0.03650001 -0.15785 -0.006700001 -0.04590001 -0.15785 0.0167 -0.03650001 -0.15785 0.0167 -0.04590001 -0.1578 0.004999998 -0.01465 -0.1578 0.005999998 -0.01515 -0.1576162 0.004741606 -0.04675078 -0.15755 -0.008098505 -0.04594525 -0.15755 0.01754635 -0.04632135 -0.1575385 0.01688873 -0.0356245 -0.1575265 0.01827805 -0.03675251 -0.1575139 0.005119912 -0.04699319 -0.1575105 0.003623698 -0.03540612 -0.157501 0.0184381 -0.04535495 -0.1574775 -0.0068452 -0.03556644 -0.1574712 -0.005883552 -0.04691276 -0.157452 0.01656395 -0.04690219 -0.1574515 -0.008578799 -0.04519988 -0.1574505 -0.008569053 -0.03719754 -0.1574 0.0187 -0.0412 -0.1568164 -0.002294784 -0.0179 -0.1566578 0.0123 -0.0179 -0.1553499 0.006979128 -0.05010001 -0.1547325 0.009196917 -0.03567235 -0.1547157 0.007 -0.05010001 -0.1546907 0.006989563 -0.01802769 -0.15415 0.002999999 -0.05 -0.15415 0.004999998 -0.018 -0.1540316 0.002999998 -0.01815538 -0.1539234 0.006999999 -0.0498857 -0.1535843 0.002999999 -0.05010001 -0.1535843 0.006999998 -0.0179 -0.1535625 0.01737463 -0.03567538 -0.1535475 0.0116447 -0.01980003 -0.1533569 0.003499999 -0.04997106 -0.1531517 0.002999998 -0.0179 -0.1531517 0.007 -0.05010001 -0.152925 0.01177665 -0.02091447 -0.1527191 0.006999998 -0.0179 -0.1520667 0.004378115 0.02086053 -0.1520667 0.004378116 0.004860524 -0.1519625 0.01163788 -0.03195592 -0.1514427 0.0004808372 -0.03770904 -0.1514 0.0001499986 -0.03585001 -0.1511 0.0225 -0.004 -0.1510894 0.003413777 0.01581095 -0.1510894 0.003413778 -0.000189054 -0.1510736 0.008429896 -0.04660909 -0.1510724 0.01117739 -0.03592143 -0.1510016 0.007571458 0.0001574063 -0.1510016 0.007571458 0.01615741 -0.1509792 -0.003816252 -0.04428183 -0.1508451 0.02623703 -0.003282383 -0.1507912 0.004603821 -0.04445236 -0.1505901 0.02500873 0.02246709 -0.15049 0.02097371 0.002299555 -0.15049 0.02926782 0.002153827 -0.15049 0.02926782 0.01485617 -0.1504625 -0.01757305 -0.03959156 -0.1504625 0.02744805 -0.02828345 -0.150326 0.02920872 -0.01823173 -0.1502882 0.02686489 -0.04971021 -0.1502029 0.02782295 -0.05210544 -0.1501004 -0.01622474 -0.05106622 -0.150073 0.02739781 -0.01594532 -0.1500004 0.01100451 -0.0379392 -0.1499736 -0.008040446 -0.03664545 -0.1499548 -0.01851739 -0.04971052 -0.1499431 -0.01717734 -0.01715796 -0.1499223 -0.01852504 -0.0523736 -0.1498156 -0.01932942 -0.0164779 -0.149725 -0.00757273 -0.04681084 -0.14965 -0.01939038 -0.02765105 -0.14965 -0.01335 -0.026325 -0.14965 -0.01335 -0.04167501 -0.14965 -0.01318003 -0.01969818 -0.14965 -0.008801825 -0.01531998 -0.14965 0.003999998 -0.01515 -0.14965 0.01785 -0.01515 -0.14965 0.01785 -0.05285001 -0.14965 0.01975364 -0.05251006 -0.14965 0.02318003 -0.04830183 -0.14965 0.02335 -0.041675 -0.14965 0.02335 -0.026325 -0.14965 0.02939038 -0.04034895 -0.14965 0.02955 -0.0306 -0.149612 0.02916709 -0.05034228 -0.1496042 -0.01927621 -0.04065536 -0.1495677 0.02052234 -0.0159325 -0.1495547 -0.0129516 -0.04856899 -0.1495417 0.02317994 -0.01937723 -0.1495 0.003871698 0.002896132 -0.1495 0.003974398 0.01663981 -0.1495 0.004782377 0.0002077368 -0.1494832 0.003425569 0.0207689 -0.1494724 0.005619788 -0.01471791 -0.149463 -0.01967554 -0.03740001 -0.1494427 -0.01197451 -0.01724986 -0.1494427 0.02197451 -0.05075014 -0.1494404 0.005780885 -0.02718754 -0.1494312 0.03007538 -0.02912517 -0.149425 0.00732428 0.01596434 -0.1494166 -0.0201787 -0.0305999 -0.1494166 0.0301787 -0.0374001 -0.1493934 -0.0171591 -0.02637048 -0.1493934 0.0271591 -0.04162953 -0.1493909 0.02716602 -0.02636999 -0.149375 -0.01719097 -0.04162828 -0.1493739 0.008142325 0.003479689 -0.1493499 0.00104688 0.004594456 -0.1493018 0.009682528 0.0187415 -0.1492539 -0.008369178 -0.05307419 -0.1492539 0.01836917 -0.01492582 -0.1492539 0.0203875 -0.05375441 -0.14925 0.02690769 0.01990601 -0.149242 0.01312696 -0.04254837 -0.1492261 0.01558892 -0.02569041 -0.1491835 -0.007175002 -0.01402305 -0.1491736 0.003563029 -0.03831401 -0.14915 -0.01889061 -0.05188848 -0.14915 -0.01886924 -0.0497593 -0.14915 -0.01866766 -0.01824071 -0.14915 -0.01694747 -0.05063407 -0.14915 -0.01688616 -0.01644777 -0.14915 0.02688616 -0.05155224 -0.14915 0.02760486 -0.015957 -0.14915 0.02782249 -0.01850447 -0.14915 0.02866765 -0.0497593 -0.1491382 -0.00204947 -0.04127879 -0.1491374 -0.008994765 -0.02127585 -0.1491098 0.0165 -0.01221234 -0.1490912 -0.003733799 -0.02910019 -0.1490828 -0.001257445 -0.02365344 -0.1490811 -0.02182811 -0.03746931 -0.14905 -0.008799303 -0.03193829 -0.14905 -0.007500002 -0.0198 -0.14905 -0.007500002 -0.03300001 -0.14905 0.009699999 -0.0198 -0.14905 0.01696329 -0.0200007 -0.14905 0.0187993 -0.03193829 -0.14905 0.019 -0.0213 -0.1490334 -0.02032771 -0.01443566 -0.1490334 0.0303277 -0.05356434 -0.1490219 -0.01916529 -0.0553054 -0.1490031 0.03042157 -0.01472178 -0.149 0.0108454 -0.02124901 -0.1489643 0.01238949 -0.03300983 -0.1489624 -0.0217778 -0.0522979 -0.1489376 0.0165 -0.05595987 -0.148933 -0.02196569 -0.03038309 -0.148933 0.03196569 -0.03761692 -0.1488909 0.03198413 -0.02319071 -0.14885 -0.018 -0.012 -0.14885 -0.018 -0.05600001 -0.14885 -0.007428747 -0.04020821 -0.14885 -0.004717738 -0.03650001 -0.14885 -0.002669333 -0.04587894 -0.14885 0.005071211 -0.03650001 -0.14885 0.00746713 -0.04447186 -0.14885 0.01514699 -0.04579915 -0.14885 0.01716751 -0.03671408 -0.14885 0.0175 -0.0403409 -0.14885 0.028 -0.012 -0.14885 0.032 -0.052 -0.1487365 -0.003963182 -0.04667594 -0.1485904 0.005014947 0.003001926 -0.1485904 0.005014947 0.01900192 -0.1485 0.02268038 0.01981719 -0.148389 0.008947799 -0.0008494185 -0.1481642 0.02209111 -0.039875 -0.14815 -0.01775 -0.03740001 -0.14815 -0.01775 -0.0306 -0.14815 -0.01746655 -0.02830195 -0.14815 -0.0121 -0.028125 -0.14815 -0.0121 -0.03987501 -0.14815 0.0221 -0.028125 -0.14815 0.02746655 -0.03969805 -0.14815 0.02775 -0.03740001 -0.14815 0.02775 -0.0306 -0.1473667 1.249623e-05 0.02016506 -0.1473655 0.001073661 -0.001436304 -0.1473655 0.003573661 0.01312032 -0.14735 0.005449068 0.02351424 -0.14735 0.005449069 0.007514235 -0.14735 0.02580224 -0.006222917 -0.147295 0.02106098 0.01467917 -0.147295 0.02448309 0.0005263013 -0.147295 0.02606571 0.01678126 -0.1472 0.02409425 0.02275189 -0.147175 -0.022 -0.019575 -0.1460499 -0.01908267 -0.05841729 -0.1460471 -0.03595805 -0.03474671 -0.1460372 -0.03718686 -0.0452406 -0.1460327 -0.003918145 -0.03568171 -0.1460129 -0.04132888 -0.01486362 -0.146 0.02639404 -0.002077188 -0.145956 0.04310406 -0.01716124 -0.1459542 0.01969764 -0.05977345 -0.1459378 0.02905118 -0.01614837 -0.1459187 -0.0217199 -0.03840052 -0.1459168 -0.0169316 -0.06083787 -0.1459058 0.0177637 -0.06179589 -0.1458377 -0.04401235 -0.01492121 -0.145777 0.01651197 -0.05938636 -0.1457472 -0.03509778 -0.04693008 -0.145745 0.04401734 -0.014135 -0.1456441 -0.04278735 -0.01758803 -0.1455 -0.04950001 0.01 -0.1455 -0.04950001 0.022 -0.1455 -0.0487583 0.0261534 -0.1455 -0.0485 0.01 -0.1455 -0.0485 -0.06500001 -0.1455 -0.0485 -0.01539375 -0.1455 -0.04750001 0.01 -0.1455 -0.04750001 0.022 -0.1455 -0.04688192 0.02546118 -0.1455 -0.04598529 0.03048528 -0.1455 -0.04457107 0.02907107 -0.1455 -0.042925 -0.05231251 -0.1455 -0.04269751 -0.01755396 -0.1455 -0.04165341 0.03325829 -0.1455 -0.04096118 0.03138192 -0.1455 -0.04027457 -0.01529317 -0.1455 -0.03851589 -0.0414695 -0.1455 -0.03750175 0.032 -0.1455 -0.0375 0.034 -0.1455 -0.0371125 0.01991251 -0.1455 -0.03659875 -0.03725984 -0.1455 -0.03568072 -0.03516976 -0.1455 -0.03442187 -0.066 -0.1455 -0.03200436 -0.04682464 -0.1455 -0.0313 0.002799999 -0.1455 -0.02638135 0.0141236 -0.1455 -0.02249061 0.01144296 -0.1455 -0.02027781 -0.05125983 -0.1455 -0.01977993 -0.03056883 -0.1455 -0.01910984 -0.04934079 -0.1455 -0.01908099 -0.05380772 -0.1455 -0.01902509 -0.0172 -0.1455 -0.01860893 -0.0562542 -0.1455 -0.018 -0.05600001 -0.1455 -0.01775 -0.03621425 -0.1455 -0.01724182 -0.01559106 -0.1455 -0.0171421 -0.05154056 -0.1455 -0.01683063 -0.01763635 -0.1455 -0.01653049 -0.05069553 -0.1455 -0.01523328 -0.01594989 -0.1455 -0.0145 -0.03169376 -0.1455 -0.01413099 -0.05039605 -0.1455 -0.01201541 -0.05849699 -0.1455 -0.009132685 -0.05342389 -0.1455 -0.0001895141 0.02046297 -0.1455 -4.371139e-09 0.034 -0.1455 -4.283716e-09 0.032 -0.1455 0.002074998 -0.01445 -0.1455 0.002541256 0.004417785 -0.1455 0.00395437 -0.002242271 -0.1455 0.006021324 0.01449539 -0.1455 0.006453907 -0.066 -0.1455 0.00841241 0.02079887 -0.1455 0.009291299 0.00128125 -0.1455 0.01516817 -0.05721924 -0.1455 0.0167 -0.0535 -0.1455 0.01776595 0.02228445 -0.1455 0.01925 0.004531752 -0.1455 0.02149171 -0.001607012 -0.1455 0.02302149 0.0177163 -0.1455 0.02427757 -0.01545766 -0.1455 0.0245 -0.02606875 -0.1455 0.02535906 -0.05008718 -0.1455 0.02613546 -0.004060786 -0.1455 0.02706366 -0.01795223 -0.1455 0.02728146 -0.05378602 -0.1455 0.02753215 -0.01563882 -0.1455 0.02775 -0.0306 -0.1455 0.028 -0.012 -0.1455 0.02805625 -0.0336375 -0.1455 0.02900727 -0.05114558 -0.1455 0.02916937 -0.01777259 -0.1455 0.02929081 0.01964365 -0.1455 0.02935012 -0.03681378 -0.1455 0.02960242 -0.04993565 -0.1455 0.02960341 -0.001014017 -0.1455 0.03075 0.007599998 -0.1455 0.03116877 -0.05346481 -0.1455 0.0314648 -0.01483124 -0.1455 0.03190493 -0.03041883 -0.1455 0.03199536 -0.03846329 -0.1455 0.03507486 -0.01560408 -0.1455 0.0375 0.034 -0.1455 0.0375033 0.03199999 -0.1455 0.04096117 0.03138192 -0.1455 0.0416534 0.03325829 -0.1455 0.04268011 -0.01444393 -0.1455 0.04298577 -0.01706046 -0.1455 0.04457106 0.02907107 -0.1455 0.04598528 0.03048528 -0.1455 0.04688191 0.02546118 -0.1455 0.0475 0.01 -0.1455 0.0475 0.017975 -0.1455 0.0475 0.022 -0.1455 0.048 -0.0655 -0.1455 0.0485 0.0002093734 -0.1455 0.0485 -0.04854063 -0.1455 0.04875829 0.0261534 -0.1455 0.0495 0.01 -0.1455 0.0495 0.022 -0.1454998 -0.02007173 -0.0120021 -0.1454998 0.02669641 -0.0559981 -0.1454688 -0.01439507 -0.03938925 -0.1454688 0.02439507 -0.02633925 -0.1454688 0.02589177 -0.04832053 -0.1454499 0.008435718 -0.01459405 -0.1454376 -0.008150002 -0.05324015 -0.1454376 0.01815 -0.05324014 -0.1454223 -0.01364516 -0.01978346 -0.1452799 0.02521562 0.01142466 -0.1452597 -0.01141555 -0.05180526 -0.1452597 0.02141555 -0.01619475 -0.1452597 0.02290525 -0.05031556 -0.1452 -0.01415 -0.02095 -0.1452 -0.008150002 -0.05305001 -0.1452 0.01815 -0.01495 -0.1452 0.0202267 -0.05267915 -0.1452 0.02415 -0.04705 -0.145125 0.0005648591 0.01583494 -0.145125 0.0005648596 0.00459777 -0.145125 0.005017988 -0.003165974 -0.145125 0.009481551 0.0154318 -0.1451231 0.02542916 0.00398097 -0.145 -0.04750001 0.01848749 -0.145 -0.04565494 0.02744895 -0.145 -0.04435585 -0.01571395 -0.145 -0.03775762 -0.04636045 -0.145 -0.01944479 -0.06007595 -0.145 0.01787449 -0.06098085 -0.145 0.0188155 -0.05913389 -0.145 0.02552628 -0.002799135 -0.145 0.0467388 0.02582684 -0.1449464 -0.01748813 -0.01753308 -0.1449065 0.009440222 0.004530102 -0.14475 -0.02502909 0.009664737 -0.14475 0.0169625 -0.014475 -0.1447398 -0.004537919 -0.04674753 -0.1447102 0.01829994 -0.03833328 -0.1446969 -0.008327419 -0.04385978 -0.1446949 -0.008349153 -0.04406349 -0.1446685 0.01839847 -0.04119698 -0.1445 -0.04849638 -0.06597705 -0.1445 -0.0485 0.01 -0.1445 -0.0485 -0.06100001 -0.1445 -0.04750001 0.01 -0.1445 -0.04750001 0.022 -0.1445 -0.0467388 0.02582684 -0.1445 -0.0445 -0.05350001 -0.1445 -0.04400001 -0.02100001 -0.1445 -0.0433044 -0.01528737 -0.1445 -0.0425 -0.066 -0.1445 -0.0425 -0.06500001 -0.1445 -0.04240853 -0.01675342 -0.1445 -0.04231989 -0.01444394 -0.1445 -0.04206876 0.0221375 -0.1445 -0.04174105 -0.0151336 -0.1445 -0.04132684 0.03123879 -0.1445 -0.04036375 -0.05090067 -0.1445 -0.04012214 -0.03103488 -0.1445 -0.03990836 -0.01702956 -0.1445 -0.03988738 -0.03920954 -0.1445 -0.039 -0.02 -0.1445 -0.03810159 0.02389863 -0.1445 -0.0375 0.032 -0.1445 -0.0355 0.026 -0.1445 -0.03533324 -0.04526486 -0.1445 -0.03050001 0.006000001 -0.1445 -0.03050001 0.020775 -0.1445 -0.03050001 0.024 -0.1445 -0.02757303 -0.03497063 -0.1445 -0.02596032 0.01365082 -0.1445 -0.02210682 0.01263256 -0.1445 -0.02208585 -0.05157995 -0.1445 -0.02152501 0.028 -0.1445 -0.02066752 0.02107612 -0.1445 -0.01890001 0.024 -0.1445 -0.01838702 -0.06068853 -0.1445 -0.01834977 -0.06141907 -0.1445 -0.0182819 -0.05888323 -0.1445 -0.01692534 -0.05958556 -0.1445 -0.01536657 -0.0185489 -0.1445 -0.0145865 0.01540613 -0.1445 -0.0145 -0.03395001 -0.1445 -0.01282318 -0.01500623 -0.1445 -0.01072233 -0.0564618 -0.1445 -0.0105 0.024 -0.1445 -0.0105 0.006000001 -0.1445 -0.01 -0.066 -0.1445 -0.007750001 -0.05350001 -0.1445 -0.001920284 0.005226916 -0.1445 -4.371139e-11 -0.065 -0.1445 0.001720968 0.01733853 -0.1445 0.003071871 0.032 -0.1445 0.003949996 0.025275 -0.1445 0.003949998 -0.014425 -0.1445 0.004999996 0.02236924 -0.1445 0.006021325 -0.001504611 -0.1445 0.006797904 0.005425628 -0.1445 0.007919926 0.01643069 -0.1445 0.01468849 -0.05776682 -0.1445 0.0167 -0.0535 -0.1445 0.01718446 -0.0594976 -0.1445 0.01761892 -0.06100483 -0.1445 0.01781297 -0.003441725 -0.1445 0.01907466 -0.06000001 -0.1445 0.01940625 -0.066 -0.1445 0.01953838 0.01607339 -0.1445 0.02043 0.008504994 -0.1445 0.02107995 0.0005621759 -0.1445 0.02202695 0.02034069 -0.1445 0.02284729 -0.0009164159 -0.1445 0.02376767 0.01715275 -0.1445 0.02439071 -0.005150907 -0.1445 0.02443318 -0.01726249 -0.1445 0.024625 -0.04031251 -0.1445 0.02518048 0.01946833 -0.1445 0.02556593 -0.05414987 -0.1445 0.0263084 0.0236048 -0.1445 0.02732949 -0.004510734 -0.1445 0.02766484 0.02294836 -0.1445 0.028875 0.026 -0.1445 0.028875 0.032 -0.1445 0.028875 -0.05650001 -0.1445 0.02930405 0.01760747 -0.1445 0.02957 0.008505002 -0.1445 0.02965977 -0.05009017 -0.1445 0.03023658 -0.0006809199 -0.1445 0.03523201 -0.01515587 -0.1445 0.03660158 0.02539864 -0.1445 0.0375 0.032 -0.1445 0.0385 0.023 -0.1445 0.0385 -0.0535 -0.1445 0.04132683 0.03123879 -0.1445 0.04150616 -0.01620121 -0.1445 0.04153082 -0.01709398 -0.1445 0.04290044 -0.01505506 -0.1445 0.04311047 -0.01688443 -0.1445 0.04356681 -0.01552836 -0.1445 0.04457106 0.02907107 -0.1445 0.0453125 -0.065 -0.1445 0.0464 -0.065 -0.1445 0.0475 0.01 -0.1445 0.0475 0.019 -0.1445 0.0475 0.022 -0.1445 0.0485 -0.003024999 -0.1445 0.0485 0.01 -0.1445 0.0485 -0.02336028 -0.1445 -0.02021419 -0.01493659 -0.1445 -0.01768917 -0.01834332 -0.1445 0.02792445 -0.01848699 -0.1445 0.04849573 -0.06600023 -0.1444999 -0.0485 -0.05650807 -0.1444416 0.009235913 0.0206105 -0.1443255 -0.008350035 -0.03846373 -0.1443125 -0.01539102 -0.05006129 -0.1443 0.01929164 -0.005908365 -0.1443 0.03067961 -0.005937116 -0.1442625 0.02746502 -0.0012353 -0.1441 0.018725 0.02221 -0.1441 0.02083 0.005610399 -0.1441 0.0250575 0.02362673 -0.1441 0.02845422 0.001800449 -0.1441 0.02914072 0.01115207 -0.1441 0.031275 0.02221 -0.144 0.02623142 0.02117871 -0.144 0.02640134 -0.05031895 -0.144 0.03639864 -0.05610159 -0.144 0.0485 -0.062 -0.1439496 0.02765329 -0.01728329 -0.1439125 0.02293784 -0.00454205 -0.143875 0.02471457 0.01878409 -0.1437943 0.01474648 -0.04671132 -0.14375 0.02682066 -0.01548053 -0.14375 -0.04389864 -0.05460159 -0.1437 0.018725 -0.005200002 -0.1437 0.01964 0.002114657 -0.1437 0.01964 0.01489535 -0.1437 0.03036 0.0009649953 -0.1437 0.03036 0.016045 -0.1437 0.031275 -0.005200002 -0.14365 0.0236078 0.01742893 -0.143625 -0.0172184 -0.01592267 -0.1436 0.02167241 0.02242344 -0.1435612 0.01834328 -0.04456929 -0.1435 -0.0485 -0.063 -0.1435 -0.0485 -0.06100001 -0.1435 -0.04834776 -0.06376537 -0.1435 -0.04791422 -0.06441422 -0.1435 -0.04750001 0.01 -0.1435 -0.04726537 -0.06484776 -0.1435 -0.04617194 0.02499544 -0.1435 -0.04550001 0.01 -0.1435 -0.0455 -0.062 -0.1435 -0.0455 -0.05700001 -0.1435 -0.04471368 -0.01875001 -0.1435 -0.04238506 -0.01428854 -0.1435 -0.0415 -0.05650001 -0.1435 -0.03850001 -0.0195 -0.1435 -0.0385 -0.065 -0.1435 -0.0385 -0.062 -0.1435 -0.03810159 0.02389863 -0.1435 -0.0375 0.032 -0.1435 -0.0355 0.026 -0.1435 -0.0188987 -0.05242735 -0.1435 -0.01886774 -0.04979342 -0.1435 -0.01845168 -0.06142701 -0.1435 -0.01829259 -0.05759035 -0.1435 -0.01591314 -0.05948565 -0.1435 0.01631487 -0.06032041 -0.1435 0.01770741 -0.05759035 -0.1435 0.02578171 -0.005322114 -0.1435 0.02885666 -0.0523799 -0.1435 0.02946321 -0.04990179 -0.1435 0.0295 0.032 -0.1435 0.0295 -0.05650001 -0.1435 0.02980597 -0.01670757 -0.1435 0.03290867 0.02586162 -0.1435 0.03838581 0.02357402 -0.1435 0.0385 -0.0635 -0.1435 0.0385 -0.0535 -0.1435 0.03941341 0.0316194 -0.1435 0.04059687 -0.01699884 -0.1435 0.04224092 -0.01386635 -0.1435 0.04444701 -0.0165674 -0.1435 0.0455 0.01 -0.1435 0.0455 -0.062 -0.1435 0.04550001 -0.065 -0.1435 0.04657747 0.02472448 -0.1435 0.04726537 -0.06484776 -0.1435 0.0475 0.01 -0.1435 0.04791422 -0.06441421 -0.1435 0.04834776 -0.06376536 -0.1435 0.0485 -0.063 -0.1433788 0.002853546 0.02216741 -0.1433161 -0.03703003 -0.03721097 -0.1432849 -0.03761015 -0.03543872 -0.14325 -0.04194966 -0.01919803 -0.1432316 0.005003626 -0.0467001 -0.1432045 -0.0194054 -0.06042965 -0.1432 0.0472 -0.065 -0.1431577 0.04121283 -0.01526985 -0.1431236 -0.03538758 -0.03649072 -0.1430949 -0.0374002 -0.04723594 -0.1430625 -0.04575 -0.06500001 -0.143 0.01969946 -0.05938791 -0.14295 -0.0485 -0.06500001 -0.1427347 0.02292516 -0.002107185 -0.1426061 0.0007063391 -0.0002603179 -0.142589 0.009196475 -0.0003594814 -0.1425804 0.005641787 0.01321001 -0.14255 -0.01145 -0.02140001 -0.14255 -0.01145 -0.04660001 -0.14255 -0.0111 -0.02140001 -0.14255 -0.0111 -0.04660001 -0.14255 -0.01062324 -0.0485353 -0.14255 -0.01062324 -0.0194647 -0.14255 -0.008085992 -0.01792607 -0.14255 0.01887198 -0.05004786 -0.14255 0.02062324 -0.0485353 -0.14255 0.02062324 -0.0194647 -0.14255 0.0211 -0.02140001 -0.14255 0.0211 -0.04660001 -0.14255 0.02145 -0.02140001 -0.14255 0.02145 -0.04660001 -0.1425056 -0.008085991 -0.05007393 -0.1425056 0.01808599 -0.01792607 -0.1425 -0.04410735 -0.01583126 -0.1425 -0.04157853 -0.01510464 -0.1425 -0.01954475 -0.06005031 -0.1425 -0.01679274 -0.06111208 -0.1425 -0.01653906 -0.05886219 -0.1425 0.01655152 -0.05960119 -0.1425 0.01772795 -0.06173137 -0.1425 0.04122922 -0.01586285 -0.1425 0.04302856 -0.01766025 -0.1425 0.04388422 -0.01494547 -0.1424688 0.04603125 -0.065 -0.1424612 -0.007300003 -0.01755 -0.1424612 -0.007300001 -0.05045 -0.1424612 0.0173 -0.01755 -0.1424612 0.0173 -0.05045 -0.1424 0.0485 -0.065 -0.1422873 0.01821109 -0.03713029 -0.1422 -0.008400001 -0.04382565 -0.1421863 0.01841369 -0.04388203 -0.1421584 -0.008417615 -0.04495266 -0.142125 -0.0385 -0.065 -0.142125 0.0385 -0.065 -0.1421062 -0.008012147 -0.04624454 -0.1421062 -0.00771611 -0.03585943 -0.1421062 0.01771611 -0.04654058 -0.1421 -0.01898737 -0.01648045 -0.1420687 -0.01803841 -0.05110306 -0.1420687 0.02788985 -0.05098278 -0.1420573 0.01858931 -0.03762271 -0.14205 -0.008700001 -0.04505 -0.14205 -0.008638192 -0.03700389 -0.14205 0.01863819 -0.04539612 -0.1419834 0.01715 -0.05010332 -0.1419681 -0.008356847 -0.03861098 -0.1419245 -0.006169019 -0.03535001 -0.1418845 -0.006191627 -0.03562969 -0.1417929 -0.04720711 -0.06370711 -0.1417929 0.04720711 -0.06370711 -0.1417868 -0.005566311 -0.04675625 -0.14175 -0.008331522 -0.03769064 -0.14175 -0.008314062 -0.04451724 -0.14175 -0.004347217 -0.03570001 -0.14175 0.0146 -0.035675 -0.14175 0.0183 -0.0412 -0.14175 0.01831672 -0.04472645 -0.1417375 0.02697275 -0.004083589 -0.1417375 0.0236446 0.02269044 -0.1415712 -0.007000001 -0.04994003 -0.1415477 -0.04745234 -0.06328889 -0.1415477 -0.04678889 -0.06395234 -0.1415477 0.04678889 -0.06395233 -0.1415477 0.04745234 -0.06328888 -0.141525 0.01783167 -0.03545243 -0.1415 -0.04750001 0.01 -0.1415 -0.0475 -0.063 -0.1415 -0.0465 -0.064 -0.1415 -0.0385 -0.064 -0.1415 -0.01476081 0.008229085 -0.1415 0.0385 -0.064 -0.1415 0.0465 -0.064 -0.1415 0.0475 0.01 -0.1415 0.0475 -0.063 -0.1414655 0.01542418 -0.04678282 -0.1414562 0.003283993 0.005377603 -0.14145 -0.007177541 -0.03584189 -0.1414219 -0.007148774 -0.04673113 -0.1412854 0.01681836 -0.03562587 -0.1412429 0.01637688 -0.04705001 -0.1411533 -0.004000002 -0.01810519 -0.14115 -0.005462823 -0.03565001 -0.1411313 0.01715257 -0.04666916 -0.141075 -0.008314899 -0.03511488 -0.141075 0.01926133 -0.04588831 -0.1410562 -0.00932774 -0.04574679 -0.1410457 0.017 -0.04967058 -0.1409119 0.01066605 -0.03535001 -0.1408812 -0.006730061 -0.04705572 -0.1408065 -0.01717466 -0.06006218 -0.1408065 0.04295126 -0.01653113 -0.1407889 0.015 -0.01771085 -0.1407873 -0.04250629 -0.01556181 -0.1407873 0.01788805 -0.060346 -0.1407386 0.01730285 -0.01850574 -0.140675 0.02614734 0.02085721 -0.14065 -0.0130859 -0.01779033 -0.14055 -0.0121 -0.0242 -0.14055 -0.0121 -0.04239017 -0.14055 -0.01155 -0.0242 -0.14055 -0.01155 -0.0438 -0.14055 -0.01144184 -0.0203443 -0.14055 -0.01144184 -0.04765571 -0.14055 -0.0105 -0.02635 -0.14055 -0.009879274 -0.03254315 -0.14055 -0.009879274 -0.02015686 -0.14055 -0.009590291 -0.01801665 -0.14055 -0.00959029 -0.04998336 -0.14055 -0.007605707 -0.01860817 -0.14055 -0.007594095 -0.03409184 -0.14055 -0.007000001 -0.04960001 -0.14055 -0.006000002 -0.01745 -0.14055 -0.006000002 -0.01665 -0.14055 -0.006 -0.05135001 -0.14055 -0.006 -0.05055001 -0.14055 0.002124999 -0.03570001 -0.14055 0.004999998 -0.0185 -0.14055 0.005 -0.04995001 -0.14055 0.01098839 -0.0342 -0.14055 0.016 -0.01665 -0.14055 0.016 -0.05135001 -0.14055 0.016 -0.05055001 -0.14055 0.01734806 -0.0475941 -0.14055 0.01865571 -0.05044184 -0.14055 0.01887276 -0.03412812 -0.14055 0.01959029 -0.01801665 -0.14055 0.01987927 -0.02015686 -0.14055 0.0205 -0.02635 -0.14055 0.02052487 -0.04952488 -0.14055 0.02144183 -0.0203443 -0.14055 0.02144184 -0.04765571 -0.14055 0.02155 -0.0438 -0.14055 0.02155 -0.0242 -0.14055 0.0221 -0.04239017 -0.14055 0.0221 -0.0242 -0.1405 -0.04750001 0.004999999 -0.1405 -0.04750001 0.01 -0.1405 -0.03610982 -0.04598993 -0.1405 0.0475 0.004999999 -0.1405 0.0475 0.01 -0.1403816 0.01989114 0.01518804 -0.140369 -0.04200544 -0.06425001 -0.1403528 0.02991889 0.01628784 -0.1402697 0.01983974 0.002114657 -0.140248 -0.04250926 -0.066 -0.1402108 0.02976834 0.001437498 -0.1401551 -0.04286742 -0.06500001 -0.14 -0.0144801 0.02036255 -0.1399 0.02472188 -0.00365411 -0.139754 0.04230485 -0.06424999 -0.1397353 0.04139322 -0.066 -0.13963 0.02630593 0.0009882803 -0.1396069 0.002756014 0.01643696 -0.1395763 0.005071455 -0.000861317 -0.1395262 0.04134167 -0.065 -0.1395 -0.04750001 0.01 -0.1395 -0.0465 0.006000001 -0.1395 -0.0465 0.0135 -0.1395 0.0465 0.008000001 -0.1395 0.0475 0.01 -0.1394582 0.04160588 -0.06130651 -0.1394345 0.04387025 -0.0655 -0.1393527 0.007337911 0.01753529 -0.1393089 0.02424363 0.01525801 -0.1393019 0.0221858 0.008613571 -0.139125 0.007276408 0.00359158 -0.1390484 -0.04404581 -0.06627702 -0.1390312 0.00421468 0.01995496 -0.1390054 0.04354633 -0.06641412 -0.1387697 -0.04401776 -0.06325 -0.1387265 -0.04080237 -0.06645422 -0.1385 -0.03050001 0 -0.1385 -0.03050001 0.006000001 -0.1385 -0.03050001 0.024 -0.1385 -0.02611928 0.01322095 -0.1385 -0.0240976 0.01001233 -0.1385 -0.02246627 0.01308193 -0.1385 -0.02150849 0.02147565 -0.1385 -0.02019139 0.01974788 -0.1385 -0.01943869 0.02173256 -0.1385 -0.0175 0.006000001 -0.1385 -0.0175 0.024 -0.1385 -0.01543975 0.01264866 -0.1385 -0.0139007 0.01614187 -0.1385 -0.0134759 0.01160583 -0.1385 -0.01219494 0.0230264 -0.1385 -0.0105 0.006000001 -0.1385 0.003584485 0.002269138 -0.1381529 -0.04263108 -0.0612682 -0.1380383 0.0427061 -0.06126819 -0.1380274 0.04435419 -0.063 -0.1379905 0.04098869 -0.06624676 -0.1377314 -0.04164214 -0.065 -0.1377314 0.04164214 -0.065 -0.1376956 -0.04321263 -0.06500001 -0.1376956 0.04321263 -0.065 -0.1376878 -0.0409525 -0.065 -0.1376135 0.04016246 -0.064 -0.1375511 0.02685004 0.009410209 -0.1375373 -0.04750001 0.016 -0.1375 -0.005000005 0.03 -0.1375 -0.004500004 0.0315 -0.1375 -4.283716e-09 0.032 -0.1375 0.009999996 0.03 -0.1375 0.009999996 0.032 -0.1374738 -0.04365833 -0.066 -0.1373883 0.04225969 -0.066 -0.1373195 0.02660121 0.004227067 -0.1372791 0.04370483 -0.064 -0.1372665 0.04174868 -0.063 -0.1372585 0.04249306 -0.065 -0.1372095 -0.04116273 -0.064 -0.1371211 -0.04449768 -0.064 -0.1370617 -0.0415072 -0.066 -0.1370531 -0.04304876 -0.06500001 -0.137 0.0475 0.0185 -0.1367055 -0.04183569 -0.063 -0.1367041 -0.0427363 -0.06640578 -0.1366726 0.046375 0.01757915 -0.1362157 -0.046 0.01518597 -0.1361 -0.01377915 -0.04912671 -0.1361 -0.01022671 -0.01532085 -0.1361 -0.008150002 -0.01495 -0.1361 0.02377915 -0.0188733 -0.1361 0.02415 -0.02095 -0.13558 0.04675 0.01552808 -0.135324 -0.04950001 0.01485513 -0.135324 0.0475 0.01485513 -0.1352021 0.04964077 0.0141213 -0.1351223 -0.04171876 0.01475888 -0.1351072 0.045625 0.01660657 -0.1349834 -0.04964091 0.01646271 -0.1347114 -0.04750001 0.01597229 -0.1347114 0.0495 0.01597229 -0.1346394 0.0416875 0.01469794 -0.1343094 -0.04750001 0.01800241 -0.1341728 0.0465 0.01411228 -0.1341121 -0.04750001 0.0133874 -0.1341121 0.0495 0.0133874 -0.1338764 -0.04971843 0.01424883 -0.1337368 -0.04175001 0.01584106 -0.1335234 -0.04675 0.01411692 -0.1334253 0.0475 0.015 -0.1334071 -0.04950001 0.01375239 -0.1334071 0.0475 0.01375239 -0.1331297 -0.04950001 0.01593455 -0.1331297 0.0475 0.01593455 -0.1330838 0.04979564 0.01525027 -0.1328524 -0.04750001 0.01519071 -0.1328524 0.0495 0.01519071 -0.132 -0.04700001 0.0185 -0.1316062 -0.04625 0.01687838 -0.1305594 0.04675 0.01424759 -0.1295 -0.0465 0.008000001 -0.129 -0.04750001 0.01 -0.129 0.0475 0.01 -0.1285085 0.04749152 0.005008472 -0.1285 -0.04750001 0.004999999 -0.1275 -0.005000005 0.03 -0.1275 -0.004500004 0.0315 -0.1275 -4.283716e-09 0.032 -0.1275 0.009999996 0.03 -0.1275 0.009999996 0.032 -0.127 -0.01377915 -0.0188733 -0.127 -0.01130967 -0.0519859 -0.127 0.01815 -0.01495 -0.127 0.02130967 -0.01601411 -0.127 0.02130967 -0.0519859 -0.127 0.02377915 -0.04912671 -0.127 0.02415 -0.04705 -0.1268 -0.006500001 -0.03565001 -0.1268 -0.006500001 -0.03535001 -0.1268 0.004999998 -0.01705 -0.1268 0.0165 -0.0355 -0.1268 0.02156651 -0.02197012 -0.1267892 0.01877081 -0.05304861 -0.126773 -0.008916542 -0.04174745 -0.1267287 -0.008245128 -0.05304868 -0.1267144 -0.01414889 -0.02130703 -0.1266373 -0.01414953 -0.047051 -0.1265721 0.02286576 -0.02072522 -0.126552 0.004999999 -0.01580845 -0.126552 0.02311655 -0.046225 -0.1265 -0.01000001 0.03 -0.1265 -0.01000001 0.032 -0.1265 -4.283716e-09 0.032 -0.1265 0.003999996 0.032 -0.1265 0.004999996 0.03 -0.1265 0.004999996 0.031 -0.12645 0.0110421 -0.03973246 -0.1263375 -0.007907802 -0.03768851 -0.12625 0.01491899 -0.0471398 -0.126125 -0.007906474 -0.04708974 -0.1260125 0.003250446 -0.04479634 -0.1257564 0.01789152 -0.03856913 -0.125725 0.006406418 -0.04506024 -0.1257083 -0.001000001 -0.03533662 -0.1256465 -0.006875002 -0.03605344 -0.1256438 -0.008000001 -0.0396904 -0.1253746 0.009865278 -0.03722012 -0.1252103 -0.000103319 -0.03743925 -0.1249235 0.01063219 -0.03522496 -0.124675 0.0002675051 -0.03586409 -0.12465 0.00214062 -0.04255017 -0.12465 0.007131934 -0.04283718 -0.12465 0.008817041 -0.03760061 -0.1245338 0.009235851 -0.03585444 -0.1219874 0.001566391 -0.03508464 -0.1217925 0.0144188 -0.03734225 -0.121654 -0.003441575 -0.03861421 -0.12165 0.009008443 -0.04162955 -0.121441 -0.006063175 -0.03620263 -0.1211599 0.01296366 -0.033824 -0.1208066 -0.003618084 -0.03353694 -0.1194 0.002002145 -0.04054786 -0.1186696 0.0005532719 -0.03597689 -0.11865 0.001774637 -0.04216814 -0.11865 0.006984563 -0.04336348 -0.11865 0.007026611 -0.04247265 -0.1186153 0.009854475 -0.03660257 -0.11845 -0.010625 -0.066 -0.11845 -4.371139e-11 -0.065 -0.113072 0.04900337 0.004791256 -0.1126454 0.0475 -0.04929088 -0.112574 0.0475 0.005371485 -0.1125541 0.0485 0.004920531 -0.1122548 0.0490691 -0.04925035 -0.112194 0.0485 -0.04925057 -0.1115488 0.0485 0.006946948 -0.1109826 0.04376818 0.0056524 -0.1109378 0.04376819 -0.04953884 -0.1108135 0.0475 -0.04796378 -0.1103217 0.0475 0.004073903 -0.1102629 0.04874043 0.006646568 -0.1102309 0.04903618 0.004525401 -0.1101716 0.0475 -0.05042465 -0.110171 0.0485 0.00448332 -0.1101209 0.0475 0.006665882 -0.1099071 0.0485 -0.05074762 -0.109872 0.04858566 -0.05126888 -0.1096298 0.0485 -0.04856546 -0.1095058 0.04883232 -0.04840813 -0.1015 -0.01000001 0.03 -0.1015 -0.01000001 0.032 -0.1015 -4.283716e-09 0.032 -0.1015 0.003999996 0.032 -0.1015 0.004999996 0.03 -0.1015 0.004999996 0.031 -0.1005 -0.005000005 0.03 -0.1005 -0.004500004 0.0315 -0.1005 -4.283716e-09 0.032 -0.1005 0.009999996 0.03 -0.1005 0.009999996 0.032 -0.09768089 -0.04854284 0.002741586 -0.0975105 -0.0485 -0.06500001 -0.09695339 -0.04750001 0.002382349 -0.09678127 -0.04750001 -0.007736455 -0.0967664 -0.04856425 -0.005816678 -0.09675158 -0.0485 -0.006945485 -0.09604875 -0.0485 0.00444695 -0.09604875 -0.04750001 0.00444695 -0.09601883 -0.04932489 -0.007877608 -0.09571454 -0.04750001 -0.005783748 -0.09569134 -0.04858566 0.005162414 -0.09532653 -0.04376819 -0.006903161 -0.09509413 -0.04378735 0.003107499 -0.09509039 -0.0485 -0.002334205 -0.0948217 -0.0485 -0.008426104 -0.09453717 -0.04895762 0.002504185 -0.0945 -0.0485 -0.066 -0.0945 0.045125 -0.065 -0.0944071 -0.04750001 -0.008247616 -0.09417979 -0.04750001 0.002376195 -0.09385239 -0.0485 0.003190707 -0.09335156 -0.04869871 -0.006870558 -0.0905 -0.005000005 0.03 -0.0905 -0.004500004 0.0315 -0.0905 -4.283716e-09 0.032 -0.0905 0.009999996 0.03 -0.0905 0.009999996 0.032 -0.0665 -0.04750001 0.004999999 -0.0665 0.0475 0.004999999 -0.066 -0.04750001 0.01 -0.066 0.0475 0.01 -0.0655 -0.0465 0.008000001 -0.06434527 0.047 0.01675121 -0.06375851 0.04625 0.01108375 -0.06299999 -0.04725001 0.0185 -0.06279079 -0.046 0.01508316 -0.06190184 -0.04750001 0.01459147 -0.06190184 0.0495 0.01459147 -0.06189714 0.04963998 0.01455857 -0.06163255 -0.04950001 0.0157125 -0.06163255 0.0475 0.0157125 -0.06153097 -0.04980877 0.01470625 -0.06134257 -0.04750001 0.0151602 -0.06123015 0.0475 0.01429638 -0.06120156 -0.04168751 0.01532105 -0.06111974 -0.04950001 0.01336588 -0.06111974 -0.04750001 0.01663412 -0.06111974 0.0475 0.01336588 -0.06111974 0.0495 0.01663412 -0.060854 0.04175 0.01403736 -0.06077048 0.0455 0.01629739 -0.06026676 0.047 0.01915181 -0.0602274 -0.046 0.01660669 -0.060146 -0.04175001 0.01403736 -0.05979844 0.0416875 0.01532105 -0.059781 -0.04675 0.01418153 -0.05976619 0.04973002 0.015281 -0.0594071 -0.04950001 0.015 -0.0594071 -0.04750001 0.015 -0.0594071 0.0475 0.015 -0.0594071 0.0495 0.015 -0.0590032 -0.04986019 0.01414967 -0.05894499 0.0455 0.0142731 -0.05747829 -0.04750001 0.01612859 -0.05746267 0.04725 0.016 -0.05655946 0.0465 0.008747591 -0.0555 -0.0465 0.008000001 -0.0555 -0.0465 0.017 -0.055 -0.04750001 0.01 -0.055 0.0475 0.01 -0.0545 -0.04750001 0.004999999 -0.0545 0.0475 0.004999999 -0.05258686 0.04301437 -0.064 -0.0522505 -0.04272423 -0.063 -0.05203344 -0.04245961 -0.066366 -0.05203344 0.04254039 -0.066366 -0.05197282 0.04237824 -0.065 -0.0518845 0.04357182 -0.063 -0.05164417 0.04236756 -0.065 -0.05152619 -0.04365833 -0.06500001 -0.05128006 -0.04377744 -0.064 -0.05121916 0.04387025 -0.066 -0.05118632 0.04105297 -0.063 -0.05111048 -0.04161557 -0.065 -0.05109681 -0.0409525 -0.066 -0.05102733 0.04127026 -0.066 -0.05101435 -0.04362283 -0.066 -0.05092076 -0.04122985 -0.065 -0.05084679 -0.04328442 -0.06500001 -0.05082861 -0.04089152 -0.063 -0.05080135 -0.04001823 -0.064 -0.0505 -0.0465 -0.06500001 -0.0505 -0.0385 -0.065 -0.0505 0.0385 -0.065 -0.0505 0.0464 -0.066 -0.0505 0.0465 -0.065 -0.0505 0.0485 -0.065 -0.05045425 -0.04236309 -0.0612682 -0.05045425 0.04263692 -0.06126819 -0.05016257 0.04338972 -0.065 -0.05014042 0.04513513 -0.065 -0.05011892 0.04149518 -0.065 -0.04997881 0.04086578 -0.064 -0.04997267 0.04127026 -0.065 -0.04996122 0.04473972 -0.064 -0.04973944 -0.04454305 -0.06617519 -0.04973944 0.04045696 -0.06617519 -0.04966248 -0.04348143 -0.063 -0.04964825 -0.04096287 -0.0664994 -0.04964825 0.04403713 -0.06649939 -0.04942077 -0.04209759 -0.06500001 -0.04905306 -0.04304876 -0.06500001 -0.04902717 0.04237824 -0.066 -0.04896378 -0.04231347 -0.066 -0.04866639 -0.04219763 -0.064 -0.04862715 0.04271772 -0.063 -0.048 -4.371139e-09 0.034 -0.048 -4.283716e-09 0.032 -0.04747631 0.0375 0.032 -0.04747631 -0.0375 0.032 -0.04747631 -0.0375 0.034 -0.04747631 0.0375 0.034 -0.04605566 -0.01352317 0.032 -0.04605566 -0.01352317 0.034 -0.04605566 0.01352316 0.032 -0.04605566 0.01352316 0.034 -0.04557415 -0.0390164 0.03186832 -0.0451514 0.03971529 0.03379375 -0.04507111 -0.03978717 0.03378002 -0.045 -0.04950001 0.01 -0.045 -0.04750001 0.01 -0.045 0.0475 0.01 -0.045 0.0495 0.01 -0.04494702 0.03948306 0.03177762 -0.04282571 -0.04168733 0.03324573 -0.0425 -0.0485 -3.958121e-09 -0.0425 -0.0485 0.01 -0.0425 -0.04750001 -3.958121e-09 -0.0425 -0.04750001 0.01 -0.0425 0.0475 -3.958121e-09 -0.0425 0.0475 0.01 -0.0425 0.0485 -3.958121e-09 -0.0425 0.0485 0.01 -0.04247698 0.04822606 0.01 -0.04237904 -0.04128217 0.03125253 -0.04225315 -0.04750001 0.01869721 -0.04225315 0.0495 0.01869721 -0.04203348 -0.04950001 0.01922754 -0.04203348 0.0475 0.01922754 -0.042 -0.05075001 0.006000001 -0.042 -0.04550001 -0.01000001 -0.042 -0.04550001 -3.958121e-09 -0.042 0.0455 -0.009999998 -0.042 0.0455 -3.958121e-09 -0.042 0.05075 0.006000001 -0.04199997 0.05067873 0.009999996 -0.04199878 -0.0505999 0.01000007 -0.04173358 -0.05598315 -3.958121e-09 -0.04164888 0.04746033 4.594325e-07 -0.04157048 0.04266494 0.03283159 -0.04141103 -0.05032533 0.01653382 -0.04135423 -0.05690714 0.006000001 -0.04120554 0.0420317 0.03091307 -0.04093102 -0.0483325 0.01693896 -0.0406374 0.04833249 0.01711779 -0.04038017 -0.02595077 0.032 -0.04038017 -0.02595077 0.034 -0.04038017 0.02595076 0.032 -0.04038017 0.02595076 0.034 -0.04027392 0.05852392 0.006000001 -0.04009569 0.05021898 0.01782029 -0.04 -0.04750001 -0.01000001 -0.04 0.0475 -0.009999998 -0.0399997 -0.04750002 -3.958121e-09 -0.03981601 0.04394117 0.0321248 -0.0396927 0.05940358 -3.958121e-09 -0.03949828 -0.04415845 0.03197568 -0.03935874 -0.04312841 0.0302587 -0.03892345 -0.04131186 0.03193478 -0.03881427 -0.06070846 -3.958121e-09 -0.03874896 0.04347503 0.03001867 -0.03848199 -0.04861084 0.01 -0.03755678 -0.05741627 -3.958121e-09 -0.03723711 0.05480988 -3.958121e-09 -0.03721061 0.05683837 0.006000001 -0.03720011 0.04566932 0.03078989 -0.0371035 -0.04572796 0.03073036 -0.03704421 -0.04872361 -0.005787235 -0.0368 -0.0485 -0.005000003 -0.03679309 -0.04451749 0.02912425 -0.03674024 0.04595334 0.03051711 -0.03669691 0.0475 -0.005418247 -0.03648798 0.04467134 0.02896604 -0.03640804 -0.05426971 0.006000001 -0.03638078 0.0485 -0.005270637 -0.03621906 -0.05991352 0.006000001 -0.03617796 0.0489678 -0.0038004 -0.03614512 0.04252214 0.03196964 -0.03599474 -0.04884564 -0.003086384 -0.03584244 -0.04750001 -0.004272194 -0.03576257 -0.04750001 -0.00647291 -0.0354462 0.04272103 0.03399956 -0.0352861 -0.04681528 0.02956477 -0.03511816 0.05229278 0.006000001 -0.03505542 0.04376818 -0.005134452 -0.0350379 0.04872717 -0.006660875 -0.035 0.062 -3.958121e-09 -0.03499073 0.0475 -0.006658573 -0.03491534 -0.04376819 -0.004914534 -0.03483483 -0.0485 -0.003639746 -0.03483099 0.04707415 0.02923434 -0.03477471 -0.04549377 0.02795134 -0.03456203 0.0485 -0.006517241 -0.03455735 0.05818644 -3.958121e-09 -0.0345333 -0.04764043 0.02006447 -0.0344342 -0.05370446 -3.958121e-09 -0.03425732 -0.0485 -0.006195087 -0.03411864 0.0475 -0.004367547 -0.03402638 0.0458497 0.02750295 -0.03399546 -0.05094982 0.006000001 -0.0339071 0.0485 -0.003752388 -0.03388145 0.05406989 -3.958121e-09 -0.03385706 -0.04750001 -0.005936876 -0.03374533 0.04897405 0.01 -0.03358448 0.05651562 0.006000001 -0.03353209 -0.04889566 -0.005161138 -0.0333727 -0.04620127 0.03265733 -0.03333418 -0.04789075 0.0280027 -0.03328424 0.04895743 -0.004011501 -0.03317939 0.04531562 0.03362985 -0.03305426 -0.05734305 -3.958121e-09 -0.03296719 0.04808307 0.02765675 -0.03288729 -0.002725122 0.01 -0.03288729 -0.002725121 -0.01 -0.03281901 0.05122404 0.01356559 -0.03260565 -0.05126335 0.01555607 -0.032375 0.062 0.006000001 -0.03237265 -0.04657353 0.02620372 -0.03236895 0.04726116 0.03193384 -0.0321393 0.05171866 0.01 -0.03199021 0.008101017 0.01 -0.03199021 0.008101018 -0.01 -0.03168583 -0.05471215 0.006000001 -0.03166068 -0.05087723 0.01 -0.03160271 0.04560271 0.03117652 -0.03143331 -0.03627598 0.032 -0.03143331 -0.03627598 0.034 -0.03143331 0.03627597 0.032 -0.03143331 0.03627597 0.034 -0.03137165 0.04888445 0.02578989 -0.03128687 0.04702137 0.0250567 -0.03126344 -0.04591177 0.03027774 -0.03074501 -0.04918441 0.02472807 -0.03058654 0.04729855 0.02391762 -0.03049309 0.0500003 0.01660257 -0.03045409 -0.04735079 0.02372107 -0.03033308 0.04937719 0.02371239 -0.03023433 0.05456964 0.006000001 -0.03022052 -0.01325595 0.01 -0.03022052 -0.01325595 -0.01 -0.03013246 -0.04874378 0.01813515 -0.03010376 0.04948294 0.02245206 -0.0300854 0.04749281 0.02226785 -0.03006659 -0.04950001 0.022 -0.03006659 -0.04750001 0.022 -0.02994982 -0.05574546 0.01 -0.02975 -0.06200001 0.01 -0.02968668 -0.06199955 0.005999986 -0.02945709 0.04716481 0.02564779 -0.02924258 -0.05136953 0.01591132 -0.02919604 0.04973055 0.02183284 -0.02916262 0.04786182 0.01998827 -0.0291363 -0.05383677 0.01 -0.02903579 0.05218206 0.01 -0.0289623 0.06198604 0.009999979 -0.02886237 0.05822625 0.01628576 -0.0288506 0.05596729 0.01 -0.02875877 -0.059818 0.01432877 -0.0287136 -0.04979509 0.0287113 -0.02859563 -0.062 -3.958121e-09 -0.02822602 -0.04786648 0.02232487 -0.02804869 -0.05586945 0.01792092 -0.02787751 -0.04664537 0.03399982 -0.02762649 0.01804929 0.01 -0.02762649 0.01804929 -0.01 -0.02748665 -0.05791413 0.01532582 -0.02740545 0.05638238 0.01553729 -0.02700274 -0.06199936 0.01000064 -0.02675 -0.06200001 0.015 -0.02675 -0.06145789 0.01660563 -0.02675 -0.06008994 0.01779446 -0.02675 -0.06000001 0.01 -0.02675 -0.06000001 0.015 -0.02675 -0.05959131 0.01573335 -0.02675 0.0595913 0.01573335 -0.02675 0.06 0.01 -0.02675 0.06 0.015 -0.02675 0.06060562 0.01745789 -0.02675 0.06179445 0.01608994 -0.02675 0.062 0.01 -0.02675 0.062 0.015 -0.02665368 0.05569649 0.01795805 -0.02513478 -0.05212919 0.01951749 -0.02480472 0.05164572 0.0303088 -0.02427889 -0.0223503 0.01 -0.02427889 -0.02235029 -0.01 -0.02126754 0.05463213 0.01858781 -0.02052665 -0.05371001 0.02600005 -0.0204793 -0.05254726 0.01835366 -0.0203146 0.05212464 0.01968347 -0.02026902 0.02604163 0.01 -0.02026902 0.02604164 -0.01 -0.0200175 0.05257893 0.03318844 -0.02001275 -0.05256649 0.03319622 -0.01995025 -0.05178987 0.026 -0.01993992 -0.04366234 0.032 -0.01993992 -0.04366234 0.034 -0.01993992 0.04366233 0.032 -0.01993992 0.04366233 0.034 -0.01967341 0.05167513 0.03136474 -0.01834147 0.05612825 0.01623178 -0.01708639 -0.05769329 0.01607413 -0.017035 0.05490514 0.02060504 -0.01570626 -0.02902264 0.01 -0.01570626 -0.02902264 -0.01 -0.01459548 -0.05256486 0.03186749 -0.01397207 -0.05758834 0.01835921 -0.01273935 -0.05613964 0.02056684 -0.01226391 0.05613626 0.031 -0.01198306 -0.05434784 0.02012771 -0.01179226 -0.05578239 -3.958121e-09 -0.01179226 -0.05578239 0.01 -0.0110875 -0.04750001 -3.958121e-09 -0.0110875 0.0475 -3.958121e-09 -0.0109999 0.06199998 -3.958122e-09 -0.01071508 0.03121197 0.01 -0.01071508 0.03121197 -0.01 -0.01048796 -0.05797973 -3.958121e-09 -0.01038527 -0.05451668 0.031 -0.009822362 0.05462391 0.031 -0.009777502 -0.0540778 -3.958121e-09 -0.009732732 -0.05655573 0.03100018 -0.009523381 -0.05763549 0.01 -0.009402537 0.05512274 0.01938978 -0.009160975 -0.05440138 0.01 -0.008530909 0.05934708 0.01795929 -0.008311898 -0.05664022 -3.958121e-09 -0.006831114 -0.04751144 0.032 -0.006831114 -0.04751144 0.034 -0.006831114 0.04751143 0.032 -0.006831114 0.04751143 0.034 -0.006745662 -0.05698801 0.01698958 -0.006569328 -0.0485 -0.066 -0.006499999 -0.0425 -0.06500001 -0.006499999 0.045125 -0.065 -0.005431623 -0.03254993 -0.01 -0.005431623 -0.03254993 0.01 -0.004755215 0.05581557 0.03318844 -0.00475408 -0.05580236 0.03319622 -0.004656014 0.05465118 0.03172949 -0.004527085 0.05313786 0.032 -0.004527085 0.05313786 0.034 -0.00435923 0.05723137 0.02069937 -0.002706912 0.05916974 0.01598458 -0.001978033 0.05790309 0.019646 -0.001824917 -0.05748678 0.02064628 -8.731149e-10 -0.06200001 0.01 -8.731149e-10 -0.033 0.01 -8.731149e-10 0.033 -0.01 -8.731149e-10 0.062 0.01 0 0.0475 -3.958121e-09 5.976733e-09 0.033 0.01 0.0004563658 0.05749819 0.031 0.00156343 -0.05542336 0.02845472 0.001708083 0.05744489 0.0169043 0.002158065 0.05543138 0.031 0.002717179 0.05545432 0.0205372 0.002944599 -0.05377442 0.034 0.003117121 -0.05845976 0.018617 0.003965238 -0.05521963 0.02013111 0.004197228 -0.05720355 0.03100024 0.004600874 -0.05918607 0.01598128 0.005431622 -0.03254993 -0.01 0.005431622 -0.03254993 0.01 0.006831112 -0.04751144 0.032 0.006831112 -0.04751144 0.034 0.006831112 0.04751143 0.032 0.006831112 0.04751143 0.034 0.00810597 -0.05696601 0.02058837 0.008558802 0.05470876 0.01 0.008771911 0.05524641 -3.958121e-09 0.008909696 0.05759862 0.01 0.01 0.05780543 -3.958121e-09 0.01022448 -0.05450747 0.03198712 0.01045653 -0.06199998 -3.958121e-09 0.01068818 0.05446111 0.031 0.01071509 0.03121197 0.01 0.01071509 0.03121197 -0.01 0.01083208 -0.05519432 0.03319622 0.01083463 0.05520738 0.03318844 0.01102296 0.05446307 0.0202501 0.01110811 0.05441367 0.01 0.01148584 0.0570256 0.01 0.01187619 0.05552642 -3.958121e-09 0.01211792 0.05619843 0.031 0.01268939 0.05710783 0.01866871 0.01284884 0.05611434 0.02056684 0.01297113 -0.0598358 0.01787261 0.01338842 0.059 0.016 0.01429638 -0.0566829 0.01656549 0.0153 0.0475 -3.958121e-09 0.01533323 0.062 -3.958121e-09 0.01551162 0.05261007 0.03172949 0.01570626 -0.02902264 0.01 0.01570626 -0.02902264 -0.01 0.01571213 -0.0556287 0.02000036 0.01585256 -0.05513491 0.02850021 0.01602674 0.05473495 0.01761292 0.01692665 -0.05769082 0.01804636 0.01731071 -0.05473159 0.01 0.01796463 -0.0571909 0.006000001 0.01798852 -0.04750001 -3.958121e-09 0.01865616 0.05632327 -3.958121e-09 0.01871592 -0.0559819 -3.958121e-09 0.01877257 0.05536453 0.01 0.01949478 0.05195084 0.031 0.01986127 -0.05186664 0.0319938 0.01993991 -0.04366234 0.032 0.01993991 -0.04366234 0.034 0.01993991 0.04366233 0.032 0.01993991 0.04366233 0.034 0.02026902 0.02604163 0.01 0.02026902 0.02604164 -0.01 0.02029965 0.0569846 0.01 0.02037226 0.05503473 -3.958121e-09 0.0205993 0.05714187 -3.958121e-09 0.02061371 0.05493226 0.01 0.02073856 -0.05331292 -3.958121e-09 0.02080661 -0.05752635 -3.958121e-09 0.02090784 -0.05911522 0.01 0.02130891 0.05340581 0.031 0.02191414 -0.0524095 0.009999539 0.02231313 -0.05672371 0.006000001 0.0226681 0.05047026 0.021 0.0231609 -0.05122998 0.01836694 0.02325686 0.05243263 0.021 0.02369601 0.05793482 0.018 0.02427889 -0.0223503 0.01 0.02427889 -0.02235029 -0.01 0.02482418 0.05495007 0.01611937 0.025366 -0.05177021 0.02021008 0.02549195 -0.04986647 0.03319622 0.02549799 0.04987827 0.03318844 0.02665726 -0.04867896 0.021 0.02670012 0.0467703 0.034 0.02675 -0.06200001 0.01 0.02675 -0.06200001 0.015 0.02675 -0.06145789 0.01660563 0.02675 -0.06000001 0.01 0.02675 -0.06000001 0.015 0.02675 -0.05959131 0.01573335 0.02675 0.05953521 0.0158193 0.02675 0.05996574 0.01518165 0.02675 0.06 0.01 0.02675 0.06060562 0.01745789 0.02675 0.06179445 0.01608994 0.02675 0.062 0.01 0.02675 0.062 0.015 0.026875 -0.05842501 -3.958121e-09 0.026875 0.062 -3.958121e-09 0.02690796 -0.04750002 -3.958121e-09 0.02727145 -0.0571425 0.01554541 0.02734874 -0.05056194 0.03100028 0.02762649 0.01804929 0.01 0.02762649 0.01804929 -0.01 0.02785214 0.05618544 0.01528608 0.0279871 0.05214391 0.01872151 0.0280484 0.06028517 0.01 0.02867196 -0.06035686 0.01300114 0.0288411 0.0587499 0.01589498 0.02912373 0.05261456 0.01 0.02917127 -0.05497055 0.01 0.02949137 -0.05372412 0.01801074 0.02975 -0.06200001 0.006000001 0.02975 -0.06200001 0.01 0.02975 0.062 0.006000001 0.02975 0.062 0.01 0.03022052 -0.01325595 0.01 0.03022052 -0.01325595 -0.01 0.03037415 -0.05440438 0.006000001 0.03041979 0.05434761 0.01 0.03068806 -0.05333409 0.01612737 0.03069362 0.04622595 0.031 0.03069362 -0.04622595 0.031 0.03143331 -0.03627598 0.032 0.03143331 -0.03627598 0.034 0.03143331 0.03627597 0.032 0.03143331 0.03627597 0.034 0.03152389 0.05514388 0.006000001 0.03172245 -0.04979198 0.01596398 0.03173257 0.04775715 0.026 0.03185867 -0.04971409 0.01 0.03199021 0.008101017 0.01 0.03199021 0.008101018 -0.01 0.03217942 0.04824313 0.01675394 0.03225613 0.04372774 0.03186474 0.03277922 0.0513885 0.01 0.03288729 -0.002725122 0.01 0.03288729 -0.002725121 -0.01 0.0331559 -0.0555564 0.006000001 0.03323204 0.05702622 -3.958121e-09 0.03332387 -0.04456079 0.02013471 0.03336333 0.0513885 0.006000001 0.03347949 -0.04871184 -0.005798923 0.03364029 -0.04750001 -0.005949815 0.03384168 0.0475 -0.003973812 0.03384168 0.0485 -0.006026183 0.03386745 -0.0485 -0.004078377 0.03389322 0.0485 -0.003764685 0.03389322 0.0475 -0.006235309 0.03415406 0.05099902 0.01630573 0.03423744 -0.04750001 -0.003527097 0.03437585 -0.0538583 -3.958121e-09 0.03438026 -0.0485 -0.006634127 0.03438362 0.04896884 -0.005867641 0.03442682 -0.04232354 0.03390995 0.03446035 0.04376818 -0.005266508 0.03466739 -0.05801698 -3.958121e-09 0.03470863 0.05348283 -3.958121e-09 0.03499241 0.04885267 -0.004267184 0.03504574 -0.04376819 -0.005136917 0.03511234 -0.04891722 -0.003225921 0.03513534 -0.04585218 0.02021008 0.03520435 0.04994557 0.01 0.0355658 0.05829555 0.006000001 0.03561637 -0.04896885 -0.005867649 0.03567189 0.04716038 0.01864594 0.03572044 -0.04352285 -0.064 0.0357286 -0.0512413 0.01 0.03585076 -0.04212859 -0.063 0.03591179 -0.05836425 0.006000001 0.03596281 -0.04078429 -0.064 0.03596281 0.04421572 -0.064 0.03604619 0.04615325 -0.00436613 0.03605305 -0.04304876 -0.066 0.03606168 -0.0415072 -0.065 0.03614973 0.048 -0.005047096 0.03617342 0.04183474 -0.063 0.03623158 -0.0485 -0.00484347 0.03625191 -0.04318931 -0.06638387 0.03625239 0.0435929 -0.066 0.03626469 0.04139322 -0.066 0.03636887 -0.05084627 0.01582056 0.03640508 0.04059953 -0.064 0.03642895 0.04180466 -0.06637371 0.03647382 -0.04365833 -0.06500001 0.03654844 -0.04185101 -0.06500001 0.03655019 0.04114029 -0.065 0.03663666 -0.05138851 0.006000001 0.03668781 -0.0409525 -0.066 0.03673771 -0.05197191 0.01 0.03673891 -0.04412217 0.02850021 0.03674104 0.04163361 -0.065 0.03688953 0.04338443 -0.065 0.03694807 0.041483 0.01971661 0.0370614 -0.04308875 -0.06130651 0.03722386 0.05582412 -3.958121e-09 0.03733049 0.04362467 -0.065 0.03741638 -0.04296431 0.01758772 0.03745691 -0.05537984 -3.958121e-09 0.03756359 0.04258944 -0.0612682 0.03786127 -0.04092472 -0.063 0.03786183 -0.04982696 0.01261844 0.03788578 -0.04055759 0.031 0.03801222 -0.04174279 -0.06122989 0.03804216 0.04422175 -0.063 0.03828579 0.05453066 0.006000001 0.03838272 -0.04750001 -0.007668936 0.03842218 -0.04212239 -0.06500001 0.03845672 0.04273393 0.031 0.03848574 0.04235405 -0.066 0.0385 -0.06200001 -3.958121e-09 0.03856482 -0.04266665 -0.06425 0.03860033 -0.05501135 0.006000001 0.0386369 -0.04253271 -0.066 0.03868125 0.04392389 -0.06631699 0.03873756 0.04222504 -0.06425 0.03885408 0.04966822 0.01558748 0.03885938 -0.04220324 -0.06637121 0.03886169 0.04090493 -0.06621953 0.03888967 -0.04163226 0.03257253 0.03891748 0.05536702 0.01 0.03897291 0.04173743 -0.065 0.03912052 -0.0449332 -0.06500001 0.039375 -0.06188887 0.006000001 0.039375 0.06188886 0.006000001 0.03967717 0.0005807071 -0.002500001 0.03972987 0.041721 -0.01388611 0.03976818 0.04290638 -0.05290765 0.03976819 -0.04264004 -0.05213296 0.03976819 -0.04244484 -0.01400402 0.0398065 0.04324614 -0.01438659 0.03983939 0.06173358 -3.958121e-09 0.04024673 0.03806105 0.031 0.04038017 -0.02595077 0.032 0.04038017 -0.02595077 0.034 0.04038017 0.02595076 0.032 0.04038017 0.02595076 0.034 0.04050987 0.04365176 0.01615296 0.04071439 -0.06017802 0.01 0.04099415 -0.03643016 0.03173498 0.04107195 -0.0008870466 -3.958121e-09 0.04107524 0.05322309 0.01 0.04134852 -0.0008188784 -0.005247854 0.0415 -0.0485 -0.063 0.0415 -0.04834776 -0.06376537 0.0415 -0.04791422 -0.06441422 0.0415 -0.04750001 -0.01000001 0.0415 -0.04731549 -0.0635449 0.0415 -0.04726537 -0.06484776 0.0415 -0.04688269 -0.06392388 0.0415 -0.0465 -0.064 0.0415 -0.04224159 -0.05124783 0.0415 -0.04199097 -0.0157854 0.0415 -0.04118936 -0.05366114 0.0415 0.04121695 -0.05335663 0.0415 0.04148325 -0.01526658 0.0415 0.04204847 -0.05089036 0.0415 0.04385334 -0.01411049 0.0415 0.0465 -0.064 0.0415 0.0470449 -0.06381549 0.0415 0.04726537 -0.06484776 0.0415 0.04742388 -0.06338268 0.0415 0.0475 -0.009999998 0.0415 0.04791422 -0.06441421 0.0415 0.04834776 -0.06376536 0.04169134 -0.04746194 -0.0105 0.0417354 -0.0519477 0.01556762 0.04175001 -0.04410585 -0.0135345 0.04184029 -0.0475 -0.06299992 0.04185335 0.0485 -0.009741941 0.04187281 0.03721099 0.03318844 0.04188202 0.0475 -0.06299999 0.04188905 0.03946504 0.01996554 0.04190144 0.00112894 -0.002500001 0.04190685 -0.0485 -0.009646251 0.0419105 0.0485 -0.063 0.042 0.04311585 -0.05371773 0.04205643 -0.03949415 0.0198314 0.04206081 -0.03645075 0.01869475 0.04219608 0.04082808 -0.05271596 0.04223439 -0.04709909 -3.958121e-09 0.04223439 0.04709909 -3.958121e-09 0.04233127 -0.05443026 0.01 0.04240775 -0.04677245 -0.0105 0.04243513 0.04749998 -0.01045434 0.04245476 -0.05433116 0.01595057 0.04246194 -0.04669134 -0.063 0.04246194 0.04669134 -0.063 0.0425 -0.0485 -0.06500001 0.0425 -0.04425465 -0.05148314 0.0425 -0.04298868 -0.01528515 0.0425 -0.04041314 -0.05198565 0.0425 -0.03850001 -0.0105 0.0425 -0.0385 -0.063 0.0425 0.0385 -0.0105 0.0425 0.0385 -0.063 0.0425 0.04059687 -0.01529798 0.0425 0.04059688 -0.05150117 0.0425 0.04372989 -0.01564329 0.0425 0.04407299 -0.05151042 0.0425 0.0485 -0.065 0.0425 0.04615625 -0.065 0.04257438 0.05213986 0.0174808 0.04258979 -0.04813099 -0.063 0.04267976 -0.05184414 0.01774013 0.04269817 -0.04696878 -0.01000001 0.04275 -0.04272065 -0.05383061 0.04275 -0.04179584 -0.0129078 0.0427741 0.05426242 0.01421186 0.0428125 0.04247991 -0.01289872 0.04296877 0.04669817 -0.009999998 0.04307024 0.05271477 0.01522088 0.04313098 -0.0475898 -0.0105 0.04313098 0.04758979 -0.0105 0.04313098 0.04758979 -0.063 0.04323496 -0.04200867 0.01543716 0.04334263 0.03733516 0.01531533 0.04342388 -0.04688269 -0.063 0.04346577 -0.03994796 0.01786587 0.0435 0.04849992 -0.06599999 0.0435 -0.05256308 0.01 0.0435 -0.0485 -0.001499999 0.0435 -0.0485 -3.958121e-09 0.0435 -0.0485 -0.06500001 0.0435 -0.04849689 -0.06600011 0.0435 -0.04800001 -0.009500005 0.0435 -0.04750001 -0.0004999975 0.0435 -0.04750001 -3.958121e-09 0.0435 -0.0465 -0.064 0.0435 -0.04575 -0.06500001 0.0435 -0.04550001 -0.01000001 0.0435 -0.04550001 -3.958121e-09 0.0435 -0.04503733 -0.01253202 0.0435 -0.04366669 -0.0150453 0.0435 -0.04364417 -0.05263245 0.0435 -0.04317921 -0.05120588 0.0435 -0.04237876 -0.01282404 0.0435 -0.04211893 -0.01500482 0.0435 -0.04197557 -0.05182137 0.0435 -0.04191089 -0.01522413 0.0435 -0.04103896 -0.05279968 0.0435 -0.03850001 -0.0105 0.0435 -0.0385 -0.065 0.0435 -0.0385 -0.064 0.0435 -0.0385 -0.063 0.0435 -0.02125 -0.066 0.0435 -0.009123906 -0.065 0.0435 0.0001249971 -3.958121e-09 0.0435 0.0385 -0.0105 0.0435 0.0385 -0.065 0.0435 0.0385 -0.064 0.0435 0.0385 -0.063 0.0435 0.04098118 -0.05288338 0.0435 0.04098118 -0.01438338 0.0435 0.0413727 -0.05122754 0.0435 0.04154844 -0.05185101 0.0435 0.04173293 -0.01253847 0.0435 0.04188952 -0.01488443 0.0435 0.04215321 -0.05328443 0.0435 0.04308166 -0.01466526 0.0435 0.04317607 -0.05238776 0.0435 0.04330439 -0.05178738 0.0435 0.04340845 -0.01480481 0.0435 0.0455 -0.009999998 0.0435 0.0455 -3.958121e-09 0.0435 0.0465 -0.0105 0.0435 0.0465 -0.064 0.0435 0.0465 -0.063 0.0435 0.04695 -0.065 0.0435 0.0475 -0.0004999975 0.0435 0.0475 -3.958121e-09 0.0435 0.048 -0.009499997 0.0435 0.0485 -0.001499999 0.0435 0.0485 -3.958121e-09 0.0435 0.0485 -0.065 0.0435 0.05256307 0.01 0.04364071 -0.05919363 -3.958121e-09 0.04364071 0.05919362 0.01 0.04366774 -0.03421146 0.031 0.04371527 0.04025183 0.01743738 0.04381154 -0.0350254 0.01 0.04381154 0.03502539 0.01 0.044 -0.04317292 -0.05356964 0.04420845 -0.05881427 0.01 0.04420845 0.05881427 -3.958121e-09 0.0445 -0.0485 -0.001499999 0.0445 -0.0485 -0.06500001 0.0445 -0.04750001 -0.0004999975 0.0445 -0.0475 -0.066 0.0445 -0.04386083 -0.01377657 0.0445 -0.04264784 -0.05133685 0.0445 -0.0424465 -0.01539473 0.0445 -0.04153508 -0.01299152 0.0445 -0.04095666 -0.05308532 0.0445 0.04114158 -0.01306235 0.0445 0.04114159 -0.05156236 0.0445 0.04133332 -0.0535453 0.0445 0.04191666 -0.01537265 0.0445 0.043427 -0.05250727 0.0445 0.04352575 -0.01398292 0.0445 0.0475 -0.0004999975 0.0445 0.0475 -0.066 0.0445 0.0485 -0.001499999 0.0445 0.0485 -0.065 0.04460917 -0.04198212 -0.01195437 0.0446543 -0.04245434 -0.05448224 0.04476073 0.042694 -0.01300232 0.04484518 -0.04095054 -0.01429956 0.04485254 0.04259205 -0.01566251 0.04491461 0.04265467 -0.05420892 0.04499033 -0.04378507 -0.05223888 0.04499398 -0.04108975 -0.05131253 0.04508727 0.04243474 -0.05123219 0.0451838 -0.04355258 -0.01460727 0.04527218 0.03166376 0.02490628 0.04532997 -0.03330077 0.03319622 0.04541961 -0.05256308 0.01548447 0.0455 -0.05500001 0.01 0.0455 -0.05428751 -3.958121e-09 0.0455 -0.05256308 0.01 0.0455 -0.0351568 -3.958121e-09 0.0455 -0.0351568 0.01 0.0455 0.03515679 -3.958121e-09 0.0455 0.03515679 0.01 0.0455 0.04345 0.01 0.0455 0.05256307 0.01 0.0455 0.05256307 0.015 0.0455 0.055 -3.958121e-09 0.0455 0.055 0.01 0.04560596 -0.03545551 0.01601942 0.0456421 0.03540015 0.01581447 0.04568692 -0.03548176 0.01 0.04568692 0.03548175 0.01 0.0459163 -0.03456744 0.03100024 0.04605566 -0.01352317 0.032 0.04605566 -0.01352317 0.034 0.04605566 0.01352316 0.032 0.04605566 0.01352316 0.034 0.04633961 0.03404248 0.031 0.04677536 0.02808082 0.03186474 0.04696426 -0.03317541 0.01 0.04696426 0.03317541 0.01 0.04740335 0.02555934 0.034 0.048 -4.371139e-09 0.034 0.048 -4.283716e-09 0.032 0.04834475 0.0005169893 0.03 0.0485 0.005499996 0.032 0.04901245 -0.03006709 0.03100022 0.04975037 0.003188344 0.032 0.05000851 -0.01852769 0.034 0.05007227 0.003601714 0.032 0.05027203 -0.0235084 0.031 0.05048696 0.02305868 0.01000166 0.05051104 -0.02300069 0.01000127 0.05053055 0.02296393 0.03188136 0.05071183 0.005659137 0.03 0.05071483 0.02435673 0.03318844 0.05152616 0.002596475 0.03088804 0.05251609 -0.01945672 0.03319622 0.05257349 -0.006253471 0.03186749 0.05268502 0.0229341 0.031 0.05272677 0.003643849 0.032 0.05296259 -0.02233883 0.03100017 0.05307862 -0.02211131 -3.958121e-09 0.05307862 -0.02211131 0.01 0.05307862 0.0221113 -3.958121e-09 0.05307862 0.0221113 0.01 0.05308412 0.003437104 0.03 0.05329352 0.0006817145 0.03189671 0.0535 0.005499996 0.032 0.05353789 -0.02097486 0.01 0.05353789 0.02097486 0.01 0.0535622 -0.01456546 0.03200287 0.05360766 0.01436902 0.031 0.054 -0.003000004 0.03 0.05434223 0.01456591 0.03318844 0.05480315 -0.008767232 0.01 0.05480315 0.008767227 0.01 0.05485807 0.002069845 0.03379905 0.05508112 0.002097759 0.03165471 0.05533966 -0.00421566 0.031 0.05533966 0.004215652 0.031 0.0555 -4.240005e-09 0.031 0.0555 -3.322066e-09 0.01 0.05553947 0.01488682 0.031 0.055785 -0.01346516 0.03100011 0.05608469 -0.004272414 0.03319622 0.05662304 0.002153586 0.0327398 0.0570014 -0.007555843 0.01 0.0570014 0.007555838 0.01 0.05700303 -0.00754355 0.01 0.05700303 -0.00754355 -3.958121e-09 0.05700303 0.007543544 0.01 0.05700303 0.007543544 -3.958121e-09 0.05733389 0.004367568 0.031 0.05743155 -0.002804836 0.03100002 0.0575 -4.240005e-09 0.031 0.0575 -3.322066e-09 0.01</float_array>
          <technique_common>
            <accessor count="1933" source="#cubeverts-array0-array" stride="3">
              <param type="float" name="X"/>
              <param type="float" name="Y"/>
              <param type="float" name="Z"/>
            </accessor>
          </technique_common>
        </source>
        <source id="cubenormals-array0">
          <float_array count="12444" id="cubenormals-array0-array">-0.5634641 0.7147594 -0.414279 -0.6194275 -0.7640231 0.1804945 -0.2071233 -0.7947325 -0.5705262 0.8765177 -0.2654108 0.4015892 0.9410915 0.1803085 -0.2860693 -0.1619402 0.8108441 0.562412 0 0 1 0 0 1 0 0 1 3.049553e-06 -7.004713e-07 1 -1.802206e-07 4.139602e-08 1 -9.60948e-08 -3.565101e-06 1 -1.488137e-07 -2.083049e-07 1 0 0 1 -0 0 1 0 0 -1 3.396979e-07 -3.226319e-06 1 -1.30423e-07 -2.136162e-07 1 1.584303e-07 -4.659295e-07 1 5.33844e-08 -4.139674e-06 1 0 0 1 0 0 1 -4.866427e-06 2.286048e-06 1 1.744946e-07 -8.197039e-08 1 -5.235931e-07 -3.798071e-06 1 0 0 1 0 0 1 0 -0 1 0 -0 1 -0 0 1 0 0 1 0 -0 1 0 0 1 -0 -0 1 0 0 1 0.2811914 0.1763386 0.9433113 -0 0 1 0 -0 1 0 0 1 -0.5456017 -0.688701 0.4775036 0 0 1 0 0 1 0 0 1 0 -0 1 0 0 1 0 0 1 0 0 1 0 0 1 0 -1.795152e-07 1 -1.443259e-08 -1.706689e-07 1 -0.01359828 -0.1608031 0.9868928 -0.5150992 0.2555901 0.818136 -2.286759e-06 1.78798e-05 -1 -3.295534e-06 1.650092e-05 -1 -1.838139e-05 4.200146e-06 -1 0 0 -1 -0 0 -1 0 0 -1 0 0 -1 0 0 -1 0 0 -1 0 0 -1 0 0 -1 -0 0 -1 -0.001226789 -0.002961813 -0.9999949 -0.0004592754 -0.004076446 -0.9999916 0 0 -1 0 -0 -1 -8.336583e-06 -0.003827151 -0.9999927 0 0 -1 3.077747e-06 -2.515304e-06 -1 1.658796e-06 -3.481135e-05 -1 -0.6355001 -0.7247439 -0.2662441 0.000123159 5.039532e-05 -1 0.2436112 0.163395 -0.9560103 0 0 -1 0 0 -1 0 0 -1 0 -0 -1 0 0 1 -0 0 -1 0 -0 -1 1.259216e-06 -5.27338e-05 -1 4.74058e-07 8.546132e-07 -1 4.801464e-08 1.483873e-06 -1 0 0 -1 -0 0 -1 0 0 -1 0 0 -1 1.387474e-06 1.093822e-07 -1 0 -0 -1 0 0 -1 0.6852262 -0.2491741 0.6843811 1 0 0 1 0 -0 1 0 0 1 5.469147e-08 -3.729958e-06 0.6433355 0.415058 0.6433088 0 1 -7.629453e-05 0 1 -7.629453e-05 -2.231453e-05 0.9999911 -0.004224596 -0.4161031 0.2560646 0.8725189 -0.2562157 0.4163519 0.8723559 -1 0 -1.52553e-05 -1 2.738533e-12 -1.525516e-05 -1 1.676869e-07 0 -1 5.089334e-06 0 6.208622e-05 -0.9999954 -0.003046552 0 -1 0 0 -1 0 -7.250309e-05 -1 -0.0002182721 0 -0.9999931 -0.003705182 -0.4314845 0.7789314 0.4550681 -0.709041 -0.03077465 -0.7044954 -0.2913024 -0.4279658 0.855563 0.8169228 -0.5429792 -0.1944498 0.7556047 0.05575031 0.652651 0.431485 0.7789308 -0.4550686 -0.2383945 0.9672015 -0.08768913 -0.4672195 0.7317046 0.4963007 -0.6011474 -0.6172704 -0.5075421 -0.5327551 -0.834977 -0.1377873 0.9858047 0.0304439 -0.1651131 0.8719892 -0.2173919 0.4386066 -0.4477656 0.8818682 -0.1476972 -0.5582972 -0.7889684 0.2565795 0.9751648 -0.07644708 -0.2078685 -0.3438357 0.9313425 0.1199088 0.04930522 0.8434713 -0.5349067 -0.9410963 0.1803001 0.2860585 -0.8765178 -0.2654093 -0.4015901 0.2438119 -0.7752566 0.5826946 0.5805113 -0.7479665 -0.3217959 0.3669999 0.8860406 0.2832724 -0.1946472 0.7897165 0.5817733 -0.753814 -0.6560292 -0.03728446 -0.4248972 -0.765988 0.4824154 0.6799874 0.003801862 -0.733214 0.9009993 -0.2829868 -0.3288141 -0.3752733 0.8674859 0.3265548 -0.4448388 -0.8754705 0.1888645 0.1940304 0.6023891 -0.7742606 0.4660659 0.4097039 -0.7841717 0.3513744 0.3831196 0.8542573 -0.2348005 -0.9673952 -0.09494891 0 -0.9842927 0.1765439 0.2835116 -0.9241981 -0.2558887 -0.05337379 -0.997412 0.04817351 -0.01664465 -0.9976529 0.06641893 -0.6456171 0.7352849 0.2062395 -0.6851553 0.6965919 0.2128895 0.1880571 -0.8298351 0.5253649 0.8944279 0.4472122 0 0.3893823 -0.9075176 0.1574589 0.1983474 0.9694515 -0.1442986 -0.05829822 0.9982992 0 0 0.9991832 0.04041003 0.1235844 0.9542274 -0.2723541 0.03663632 0.808458 0.5874125 -0.1940724 0.9250469 0.3265335 0.8164976 0.5715461 0.08164971 0 0.948683 -0.3162287 0 0.948683 -0.3162286 -0.8164976 0.5715461 0.08164971 0 0 1 0 0 1 -0 0 1 -0 0 1 -0 0 1 0 0 1 0 0 1 0 0 1 -0 0 1 -0 0 1 0 -0.9615236 0.2747222 1 -0 0 1 0 0 -0 0 1 0 0 1 1 -0 0 -0.1671376 0.7272697 -0.6656904 0 -0.996101 0.08821946 0.7988539 -0.6015251 0 0.5833188 -0.7966363 0.1584606 0.7065566 -0.4681982 0.53063 0.6674492 -0.5327134 0.5203153 0.8755677 -0.3035547 0.3758135 0 -0.1950915 0.9807851 0.2934039 0.03667606 0.9552848 0 0 1 -0 0 1 0 0 1 -9.471074e-07 0.1950915 0.9807851 0.7249894 0.4776162 0.4962591 0.9284421 0.2063815 0.3088721 0.4209372 0.7828502 0.458211 0.2635469 0.9389426 0.2212012 0 1 0 0.6001819 0.7982982 0.05001591 0.7071068 0.7071068 0 0.7071179 0.7070957 3.369375e-05 0.7071095 0.7071041 0 0.7071096 0.707104 3.69508e-08 0.7071095 0.7071041 4.025982e-08 -7.113537e-08 0.9866585 0.1628037 -0.0002593467 0.9471378 0.3208269 6.249248e-05 0.8626577 0.5057881 -0.0002762553 0.6587759 0.7523392 0.000125061 0.5057633 0.8626723 -0 0.1950838 0.9807865 -6.99493e-05 0.1628022 0.9866588 0.7071083 4.651667e-06 0.7071052 0.7071088 0 0.7071047 0.7071087 0 0.7071047 0.707115 2.53378e-05 0.7070985 0 1 0 0 1 -0 0 1 0 0 1 -0 0 1 0 1 0 0 1 -0 0 -0.1230877 -0.6599661 -0.7411438 0 -0.8000022 -0.5999971 0.8164976 0.5715461 0.08164971 0 0.7071061 -0.7071075 0.05954931 0.9527859 -0.2977465 -0.7071027 0.7071108 0 -0.7071027 0.7071108 0 -0.6431226 -0.7362995 0.2103721 -0.3564099 0.7368088 0.5745299 -0.2855084 0.8117614 0.5094393 0.9728652 -0.0110437 0.2311087 0.6669757 0.7196295 0.1930721 -0.1616285 0.9846375 -0.06606967 0.08168853 0.9008844 -0.4263031 0.04179352 0.9991263 0 -0.007218859 0.9993224 0.0360943 -0.4527653 0.5115302 0.7303015 -0.09679041 0.9121113 0.3983523 0 -0.9838079 0.1792261 0.1596894 -0.9857843 -0.05223607 -0.1631788 -0.9865963 0.0004425698 0.2377969 -0.9615338 -0.137496 -0.3831546 0.9182832 0.09974197 0.1550506 -0.8245711 -0.5440972 0.386861 -0.6792943 -0.6236168 0.3989176 0.1402852 0.9061925 0.775505 -0.2638517 -0.5735628 1 0 0 1 0 0 1 0 0 1 0 0 1 0 0 0.6102788 0.5880052 -0.5308573 0.001118968 -0.06400469 -0.9979489 0 -0.9807854 -0.1950895 -0.0008080978 -0.09973274 -0.9950139 0 -0.9807854 -0.1950895 0 -0.8314723 -0.5555663 0 -0.8314723 -0.5555663 0 -0.5555708 -0.8314693 0 -0.5555708 -0.8314693 0 -0.1950942 -0.9807845 -1 0 0 -1 0 0 -0.9371892 0.2900349 0.1937943 -0.9875811 0.1571097 0 0 -0.8240417 -0.5665292 0.05507229 0.1069123 0.9927421 -0.05059187 0 0.9987194 0 0.06507877 0.9978802 -0.05504223 -0.08868983 0.9945374 0.02823246 -0.09315537 0.9952512 0 -0 1 0 0 1 -0.3843549 0.1474131 0.9113401 0.2158347 0 0.9764299 -0 -0 1 0 -0 1 0 0 1 0 0 1 0.2310969 -0.5053888 0.8313702 0 0 1 0 0 1 -0 -0 1 0 0 1 -0 -0 1 0.242987 -0.5802478 0.7773479 0.396093 0.6355442 -0.662717 -0.3463002 0.5783324 0.7386527 -0.9960829 0.08815488 0.006900487 -0.2259045 -0.7721154 0.5939739 0.4468057 -0.7392024 -0.5039291 0.5212411 0.2346928 0.8205041 0.6042461 0.5919247 0.5333964 -0.9885674 0.1258872 0.08298847 -0.4565633 0.3542202 -0.8161359 0.416736 0.01105149 0.9089603 0.5974696 -0.4926893 -0.6326827 -0.2471559 0.7416114 0.6236396 -0.3751088 0.2070255 -0.9035673 0.7231405 0.6034583 0.3360147 0.5128065 -0.8564032 0.06002562 -0.4814955 -0.6309839 0.6082938 -0.5823694 0.6997377 0.4137791 0.2800867 0.9573041 -0.0715577 0.8283458 0.1308787 0.5447146 0.7853081 -0.6092736 0.1098949 -0.2558496 -0.8968824 0.3607533 -0.8482816 -0.3819453 -0.3667917 -0.7141529 0.6894308 -0.1211231 0.4640015 0.6615312 0.5891342 0.0947514 -0.9850419 -0.1439259 -0.8903928 -0.02028885 0.4547406 0 1 0 0 1 -0 0 1 0 0 1 0 -0 1 0 0 1 0 -0.0121531 0.9999259 -0.0007593659 -2.868955e-14 1 6.894324e-08 2.612808e-07 1 5.225613e-08 0 1 -0 0 1 0 0 1 -0 0 1 0 0 1 0 0 1 -0 1.62733e-08 1 5.585918e-08 0.07852321 0.9955344 -0.05239654 0 1 0 1.147205e-08 1 3.164719e-08 -5.159092e-10 1 6.844945e-08 0 1 0 0 1 -0 0 1 0 1.265663e-08 1 5.878582e-08 -2.16476e-09 1 7.153372e-08 0 1 0 0 1 0 -0 1 0 0 1 -0 -0 1 0 0 1 0 0 1 0 0 1 0 0.5683296 0.05337214 -0.8210682 -0.4253688 -0.7494604 -0.507317 -0.8903723 0.4083449 -0.2012255 -0.268175 -0.1388164 0.9533164 0.3174772 0.6655445 0.6754693 0.7125556 -0.7011387 0.02586252 0.8275052 -0.3329905 -0.4520534 0.8131532 -0.5029629 -0.2929336 -0.3699432 -0.9080775 -0.1963089 -0.9204057 0.3888513 -0.04059583 0.2036172 -0.2532239 0.9457366 0.5113807 0.542406 0.6665475 0.6386924 0.7641495 0.09026432 0.9159328 0 -0.4013316 -0.4964908 -0 -0.8680421 -0.5828562 -0.619309 -0.5260561 -0.9661937 -0.1399901 0.2165006 0.0004606205 -0.9782175 0.207582 0.9467894 -0.221656 -0.2333637 -0.2595235 0.5381092 -0.8019264 -0.6376345 -0.4314729 -0.6381641 -0.1896694 0.9620668 0.1960943 0.3173802 -0.3642882 0.8755363 0.8441086 0.5087176 0.1693725 0.3032456 -0.9515954 -0.05008358 0 -1 0 0 -1 0 2.961114e-07 -1 -4.443641e-07 0 -1 0 4.327157e-08 -1 -1.503708e-07 0 -1 -0 3.584991e-07 -1 -3.706429e-07 0 -1 0 0 -1 0 0 -1 0 0 -1 0 -8.232412e-09 -1 -1.287019e-06 0 -1 0 0 -1 0 0 -1 0 -7.836548e-08 -1 0 1.314519e-08 -1 -8.162478e-08 -0 -1 -0 -1.657831e-08 -1 -3.527227e-08 -2.207324e-08 -1 -2.516349e-08 0 -1 0 -7.679021e-08 -1 2.086806e-12 0 -1 -7.255876e-08 -3.395384e-08 -1 -4.425635e-08 -2.035546e-08 -1 -5.735694e-08 0 -1 0 -0.6934416 0.7205086 -0.002489754 -0.792814 0.6094637 0.0001231979 0.9901094 -0.1402499 0.003634802 0.8314655 -0.5555689 -0.002844114 0.5976261 -0.8017722 0.002104376 0.3207211 -0.9471706 -0.002445658 0.5129873 0.6062831 0.6076716 -0.4779755 0.4966322 0.724497 0.3667655 0.3245364 0.8718711 0.5379858 0.4760425 0.6956687 0.8842602 -0.00986111 0.4668903 0 -0.2968244 0.9549321 -0 0 -1 0 0 -1 -1.709174e-05 -8.592413e-05 -1 -6.840435e-05 4.570644e-05 -1 -3.065829e-05 9.05417e-05 -1 -0 1 7.26609e-08 0 1 7.26609e-08 -1 0 -0 -1 0 0 -0.949492 -0.2288604 0.2146809 -0.2798721 -0.750423 -0.5987796 -0.9997926 0.02034389 -0.001000648 -0.9997272 0.02334163 -0.0008163345 -0.9953708 -0.09469137 -0.01644739 -0.9917692 0.1258896 -0.02335813 -0.9995572 0.004643754 0.02939047 -1 0 0 -0.9929218 0.0110727 -0.1182522 -0.8691481 0.2625472 0.4191068 0.443212 0.1162686 0.8888447 -0.8565934 -0.3854127 -0.3430814 0.5850929 0.5441566 -0.6012985 -0.80999 0.5375677 0.2343868 0.007312192 -0.9166325 -0.3996642 -0.3013698 0.4168445 -0.8575644 0.6429013 0.746217 0.1727369 -0.6598541 -0.5901156 0.465141 0.8675107 -0.4749905 -0.14768 0.9969608 -0.0090533 0.07737806 0.8572756 0.4896147 -0.1592356 0.8696179 0.1465497 -0.471474 0.9996349 -0.02700045 0.001094468 0.9999982 -0.00123962 -0.001462999 1 0 0 0.8166997 -0.4498758 0.3614045 1 0 0 1 0 0 -0.3872079 -0.6930058 -0.6081224 0.7429551 0.5636746 -0.3609553 0.5035491 0.01636679 -0.8638116 -0.092563 0.6436828 0.759674 -0.2210023 0.6983938 0.680738 -0.1075635 -0.9876752 0.1136999 -4.276198e-06 8.379007e-07 -1 0 -0.2092166 -0.9778694 -0.2206154 -0.3084838 -0.9252927 -0 0 -1 -0.2330083 0.3258128 -0.9162713 0 -0 -1 -0 0 -1 -0.1929789 -0.3267972 -0.9251826 0 0 -1 0 0 -1 0 0 -1 -0 -0 -1 -0 0 -1 0 -0 -1 0 0 -1 0 0 -1 -0 0 -1 0 0 -1 0.2012617 0.4341075 -0.8780915 0 -0 -1 -0.1727199 -0.02255935 -0.9847126 0 0 -1 0.2826926 0.01290299 -0.9591238 0.1694376 0.07494354 -0.9826874 0.183766 -0.04594037 -0.9818959 6.911229e-06 1.795152e-07 -1 0 0 -1 0 0 -1 -0.03925808 0.2093668 0.9770488 -0.7139575 -0.2489028 -0.6544555 0.1833365 -0.3803238 -0.9064997 0 2.276748e-06 -1 -2.466463e-08 1.636039e-06 -1 0 0 -1 0 0 -1 0.06098938 0.3270102 -0.9430507 -0.150246 1.040875e-06 -0.9886486 1.6935e-07 -3.318333e-08 -1 -6.610107e-08 1.553722e-06 -1 -9.115288e-05 -9.830784e-06 -1 0 0 -1 -0 0 -1 1.993892e-08 2.126679e-06 -1 0 0 1 6.202127e-08 4.713746e-07 -1 -1.748445e-07 4.853993e-06 -1 -0.1360311 0.2877253 -0.9480029 0 -0 -1 0.1657971 -0.3355911 -0.9273025 0 0 -1 0 0 -1 0 0 -1 0 0 -1 1 0 0 0.688614 0.08994146 -0.7195286 -0 -1 0 0 -1 0 0 -1 0 0 -1 -0 0 0.945687 -0.3250787 -0.2423221 0.6848234 -0.6872387 -0.8943639 -0.0113031 -0.4471973 -0.476602 -0.4884188 0.7309566 -0.8916587 -0.4440095 0.08831946 -0.768909 -0.5316086 0.3552058 0 0.9807851 -0.1950913 0.0005042795 0.1364305 -0.9906495 0 0.9807851 -0.1950914 0 0.8314723 -0.5555663 0 0.8314723 -0.5555663 0 0.5555775 -0.8314647 0 0.5555775 -0.8314647 0 0.1950848 -0.9807864 -0.0006213928 0.1219173 -0.9925401 -0.2244901 0.9611887 -0.1603758 0.9566622 -0.08113663 0.2796678 0.7727432 -0.6049613 -0.192067 -0.5891501 -0.5661215 0.576549 0.4377272 -0.5147202 0.737196 0.3511773 0.5816441 -0.7337334 -0.4111018 0.3218414 0.8528854 -0.9894432 -0.1210132 -0.07973643 -0.7960408 -0.01833809 0.6049651 -0.5422662 0.8336086 -0.1050904 0.4515842 0.7895348 0.4155797 0.9626896 0.2668423 -0.04498969 0.4946555 -0.7169914 0.4911611 -0.2515066 -0.959192 -0.129209 -0.7430745 -0.2059685 0.6367239 -0.5396052 -0.6549951 -0.5289684 0.4226136 -0.6496704 0.6319225 0.5971493 -0.002711343 -0.8021256 0.1333726 0.5086546 0.8505776 -0.5474083 0.8330424 -0.07990247 -0.9740574 0.02219284 0.2252101 0.2709417 0.9558347 -0.1138886 0.4950429 -0.7167007 0.4911952 -0.9599127 -0.280298 0.0007597268 -0.4815978 -0.3895745 0.7850447 0.9769239 -0.09223341 -0.1926466 0.845939 0.2470172 0.47262 -0.3126908 0.672567 -0.6707296 -0 0 1 0.141739 0 0.989904 0.03174643 0.1072808 0.9937218 0 0 1 -0 -0 1 0.03277254 -0.07944202 0.9963007 0 -0.05838123 0.9982943 -0.05242268 0 0.998625 0 0 1 -0 0 1 -0.0542132 -0.0818666 0.9951677 0 0 1 0 0 1 -0 -0 1 0 0 1 0 0 1 0 0 1 -0.03483195 0.08143024 0.9960702 0.237457 -0.2035362 0.9498354 0.7071042 3.479467e-06 0.7071093 0.7071167 -3.409814e-05 0.7070969 0.7071081 0 0.7071054 0 -0.1628037 0.9866585 -0.0002595103 -0.32072 0.9471741 6.248284e-05 -0.5057788 0.8626632 -0.000276286 -0.7523388 0.6587764 0.0001250554 -0.8626778 0.505754 -2.851847e-08 -0.9807866 0.1950839 -6.994023e-05 -0.986656 0.1628191 0.7071095 -0.7071041 -3.695081e-08 0.7071081 -0.7071053 -1.078965e-07 0.707086 -0.7071276 4.437968e-05 -0.7071062 0.7071074 1.813392e-06 0.7071068 -0.7071068 0 0.6418123 -0.2459479 0.7263516 0.7448884 0.652473 0.1393561 1 0 0 1 0 0 1 0 0 0.7077299 -0.2703595 -0.6527053 0.8830447 -0.0251599 -0.4686138 -5.571465e-06 -7.470674e-06 -1 -6.454101e-06 4.806103e-06 -1 0 0 -1 -0 0 -1 0 0 -1 0 -1 -7.26609e-08 -0 -1 -7.26609e-08 -0.8126033 -0.5827545 0.008553623 0.9471724 0.320725 2.318853e-08 0.9471724 0.320725 2.318853e-08 0.5978318 0.8016216 5.816407e-08 0.5804741 0.8142785 0.0006230136 0 -0.005073175 0.9999872 0.04283441 -4.762154e-07 0.9990822 0.06272575 0.02123976 0.9978048 0.1232104 -0.5272461 0.8407322 0.3020281 0.6634089 -0.684593 1 -0 0 -0 0 1 0 0 1 1 -0 0 1 0 0 -1 -0 0 -0.990178 -0.006427492 -0.1396643 -0.993301 0.1058845 0.04627494 -1 0 0 -1 0 0 -0.9922527 -0.1060774 0.06466863 -0.9998578 -0.01685674 -0.0002506588 -0.9986628 -0.004639603 -0.05148652 -0.9852194 -0.1685178 0.0307302 -0.9447917 0.318789 0.07577778 -1 -0 -0 -0.999885 -0.01516921 -0.0001451072 -0.8953589 0.4452387 0.009748431 0.5236611 0.002267142 0.8519236 -0.762997 -0.612525 0.2065158 0.7903734 -0.3087348 -0.5291434 0.4316413 -0.8664843 -0.2507802 -0.4260714 0.03276509 -0.904096 0.3849307 0.8503585 0.358774 -0.3966252 0.8698705 -0.293281 -0.137823 0.219934 0.9657297 -0.5650287 -0.654056 0.5029446 1 0 -0 0.9256288 0.2993968 0.2314583 1 0 0 0.9612958 1.313774e-07 -0.2755182 1 -0 0 1 0 0 1 0 0 1 -0 0 1 0 -0 0.9383425 -0.280798 0.2016579 1 0 0 1 0 0 0.5477855 0.783146 0.2943014 -0.5384483 -0.6273956 0.5625373 -0.1272784 -0.1086621 -0.985897 -0.7978696 0.2642864 -0.5418088 -0.1286688 0.9375122 -0.3232883 -0.08239714 -0.4369187 0.8957192 0.3176883 -0.04963044 0.9468954 -0.3515657 -0.7854272 -0.509417 0.2969235 0.9535815 -0.05018815 0 1 -0 0 1 0 0 1 0 0 1 0 0 1 0 1.270783e-08 1 2.739977e-08 0 1 7.162667e-08 0 1 0 1.805001e-07 1 -4.94885e-07 0 1 0 1.120868e-08 1 7.049391e-08 0.08777592 0.9706311 -0.2239882 0 1 0 1.321742e-08 1 7.204409e-08 -1.878109e-08 1 7.029458e-08 0 1 0 0 1 -0 9.163986e-08 1 1.143485e-07 0.1092628 0.9656921 0.2355852 -0.07672258 0.9969682 0.0129682 0 1 0 -0 1 -0 2.796402e-08 1 4.079845e-08 0 1 0 9.51816e-09 1 7.200634e-08 2.762975e-08 1 -3.511624e-09 -6.597319e-10 1 9.189978e-08 0.8752203 -0.2132019 -0.4342055 0.3443149 0.6750305 -0.652519 -0.5844717 -0.7426642 -0.3268678 -0.9900659 0.1178437 0.07669652 0.1657802 -0.3949492 0.9036216 0.4665205 0.3558906 0.8097534 0.9986491 -0.04671129 -0.02275958 -0.448869 0.2050256 -0.8697593 -0.4196752 -0.2064746 0.8838784 0.9986489 0.04671475 0.02276127 0.3773302 0.01738863 -0.9259155 0.483375 0.3822239 -0.7875617 -0.9710828 0.06392001 0.2300272 -0.8820092 0.3306642 0.3357393 0.5321209 -0.3378413 0.7763443 0.5623828 -0.2919808 0.7736102 0.5714767 -0.2261239 -0.7888488 0.1931206 -0.6635034 -0.7228193 -0.6864294 0.7048079 -0.1790542 -0.9493771 0.2900411 0.1206618 0.5434417 0.1244035 0.8301776 0.4065034 -0.219219 0.88696 0 -1 0 0.4585634 -0.8874334 -0.04670705 0 -1 -0 -5.506031e-08 -1 -3.624093e-07 -1.403901e-07 -1 -3.662014e-08 -2.080192e-08 -1 5.182296e-08 0.1042319 -0.9719056 0.2110338 -8.397444e-07 -1 2.820662e-06 0 -1 0 0 -1 0 -2.079687e-08 -1 -4.991247e-08 0 -1 -7.202463e-08 1.324727e-07 -1 -1.828612e-07 -0.07294469 -0.9973083 0.007431871 0 -1 0 0.09824649 -0.9660891 -0.2387876 0 -1 0 0 -1 -0 0 -1 0 1.51207e-09 -1 -7.154926e-08 0 -1 0 0 -1 0 0 -1 0 -3.187308e-08 -1 -3.413694e-08 -2.875936e-08 -1 -3.956119e-08 0 -1 0 5.739506e-10 -1 -9.340748e-08 0 -1 0 0.0004921524 -0.9999984 0.001746588 -2.612808e-07 -1 -5.225613e-08 2.684046e-08 -1 -5.64932e-08 -0.0007065972 -0.9999997 -0.0003625992 0.0005319605 -0.9999999 -7.646534e-07 -4.017565e-08 -1 -6.973406e-08 -0.02735811 -0.9815298 -0.1893427 0 -0.9661934 -0.2578181 0.5097667 -0.8588011 0.05097664 -0.5049406 -0.8616759 0.05049403 -0.7071027 -0.7071108 0 -0.0004472545 -0.9487276 -0.3160945 0.5520259 -0.8319597 0.0557708 0 0 1 0 0 1 0 0 1 0 0 1 -0 0 1 0 -0 1 0 -0 1 0 -0 1 0 -0 1 0 -0.8944266 0.4472148 0 0 1 0.4404829 -0.4884076 0.7532814 -0.8410451 -0.4838534 0.2419275 -0.8545888 -0.454425 0.2513482 0.2003851 -0.9770756 -0.07189493 0.07242075 -0.9953309 -0.06380823 0.007473506 -0.9995426 0.02930226 0 0.9716828 0.2362889 -0.4918333 0.7540613 -0.4353062 0.3102768 0.9101177 0.2746163 0.2354293 0.9694217 -0.06924351 0.318404 0.89043 0.3251973 -0.3868549 0.8332061 -0.3951086 0.1383962 -0.9425675 0.303995 0.4476028 -0.8820735 0.1469633 -0.5084848 -0.8589062 0.06101917 -0.07266107 -0.9896874 0.1234477 0.230368 -0.9645896 0.1284424 -0.08491761 0.9919178 0.09427573 0 1 0 0.03997815 0.9975174 0.05797208 -0.03058576 0.9981805 0.05196376 -0.05860893 0.9714727 -0.229795 0.06851569 -0.9975596 0.01343738 0.3293448 -0.9442055 0.002810982 -0.5538357 0.7446538 -0.3725007 0.4074541 -0.8360443 0.3674386 -0.7932578 -0.4700708 0.3870087 -0.02739674 -0.9815063 -0.1894593 0.8955444 -0.2948349 0.3332756 0.8008873 -0.3214223 -0.5052398 0.37069 0.6980904 0.6125836 -0.1098121 0.0387842 -0.9931954 -0.4550084 0.7903181 -0.4103227 -0.3915352 -0.4566602 0.7988502 -0.5083803 -0.5881872 0.6289558 -1 0 0 0.9257103 0.09743561 0.3654679 1 0 0 1 0 0 0.9458262 -0.0514021 -0.3205787 1 0 0 1 0 0 1 0 0 1 -0 0 1 0 0 1 0 0 1 0 0 1 -0 -0 1 0 0 1 0 0 1 0 -0 1 0 0 0.9953567 0.07717039 0.05752911 1 0 -0 -1 0 0 1 0 0 0.993496 -0.01412329 0.1129872 0.9872691 0.1590253 -0.003269144 1 0 0 1 0 0 1 0 0 1 0 -0 1 0 0 1 0 -0 1 -0 0 1 0 0 1 0 0 1 0 -0 1 0 -0 1 -0 0 0.9876168 -0.1340112 -0.08157216 1 0 0 1 0 0 1 -0 0 1 -0 0 1 0 0 0.9904309 0.06474781 0.1218784 1 -0 0 0.7374545 0.1324566 -0.6622809 0.8845301 -0.1515177 -0.4411903 0.5583128 0.8294955 0.01496449 -0.6360619 0.7715467 -0.01186977 -0.98881 0.1411881 0.04817463 0.03445835 -0.05513404 0.9978842 3.357967e-08 -5.372813e-08 1 -0.007331398 -0.000104232 0.9999731 0 -0.777928 0.6283534 -0.1134464 -0.9935441 -4.95434e-08 0 -0.9999989 -0.00148155 -0.7056901 -0.2730629 -0.6537876 0.2576947 -0.7576427 -0.5996423 0.1724111 -0.07643414 -0.9820551 -0.1370718 0 -0.990561 0 -0.00202284 -0.999998 0 0.6283541 -0.7779274 0 0.6283541 -0.7779274 -0.4397642 0.8979253 -0.01837671 0 0.9999579 -0.009180138 0.4642112 -0.04379575 -0.8846412 0.715556 0.6662453 -0.2099928 -0.5082287 0.6670169 0.5447862 0.8413504 -0.1765147 0.5108545 0.03198006 -0.8850036 0.4644846 0.7810183 -0.4413564 -0.4418313 -0.6802675 0.0816233 -0.7284049 0.2135767 0.6203644 -0.7546741 -0.1082109 0.3246648 -0.9396186 0.4435748 -0.8903885 -0.1022238 0.07731563 -0.9508923 0.2997102 0.2903199 0.6762875 0.6770152 -0.1008801 0.3898171 0.9153501 0.7096083 -0.1945818 0.6771957 -0.630833 -0.6878606 0.3590229 0.9457211 -0.133561 -0.2962654 -0.6076251 0.7932457 0.03940758 -0.148819 0.2730855 -0.9504089 0.00645799 0.09788477 -0.9951769 0.06944636 -0.9223469 0.3800701 0.3719766 -0.9281043 0.01599465 0.4828621 0.7821919 0.3937258 0.435929 0.767949 0.4692763 0.9146188 0.1190906 0.3863806 -0.1152186 -0.8848739 0.4513566 0.4851844 -0.7654392 -0.4227279 -0.8889589 0.2389671 -0.3907003 -0.03188252 0.06252006 -0.9975343 0.4481885 -0.229634 -0.8639417 0.05112323 -0.758822 0.6492885 0.3133236 -0.5394591 0.7815447 0.1268666 0.8683028 0.4795363 0.3034228 0.9155777 0.263917 -0.9859313 0.1666634 -0.012758 -1 -0 0 -1 -0 0 -1 0 0 0.9201784 0.3715807 -0.123286 -1 0 -0 -1 0 0 -1 0 0 -1 0 0 -1 -0 0 -0.9916878 -0.05384932 0.1168577 -0.9981527 -0.04763943 -0.0377046 -0.9910847 -0.01471303 -0.1324181 -1 0 0 -1 -0 0 -1 0 0 1 1.577743e-06 -9.343229e-07 0.9968361 -0.06839174 0.04050088 -1 0 0 -1 0 0 -1 0 0 -0.8559991 0.3107025 -0.4131941 -1 0 0 -1 0 -0 -1 0 0 -0.9958739 0.08308161 0.03650593 -1 -3.087478e-05 4.749893e-07 -1 -1.264403e-05 -1.835422e-06 -1 -0 0 -1 0 0 -1 0 -0 -1 0 0 -1 0 0 -1 0 -0 -1 0 0 -1 0 0 -1 0 0 -1 -0 0 -0.9642469 -0.05773949 -0.2586387 -0.7818663 -0.3458254 -0.5187387 -1 0 0 -1 0 0 -1 0 0 -1 0 -0 -1 0 -0 -1 0 0 -1 0 0 -1 0 0 -1 0 0 -1 0 0 -1 0 0 -1 -3.51957e-06 6.616669e-06 -1 -4.021236e-06 2.341626e-07 -1 -2.81096e-07 2.717541e-05 -0.09723393 0.6200851 0.7784858 0.8772447 -0.1764699 0.4464304 -0.7543751 -0.6558799 0.0271966 0.6652323 -0.2687568 -0.6965887 -0.6038799 0.4842033 -0.6331478 0.5689501 0.8171939 -0.09214122 0.5122421 0.8573886 -0.04992703 -0.296587 0.3510719 -0.8881355 0.3793463 -0.4253995 -0.821664 0.1496964 -0.9825063 0.1107807 0.5445172 -0.5052159 0.6695206 -0.08900059 0.3585283 0.9292666 -0.2205554 -0.6375386 0.7381732 0.5950856 -0.6786947 -0.430403 -0.5744075 -0.2948476 -0.7636235 0.3303003 0.8740975 -0.3561676 -0.4966708 0.8228661 0.2760607 0.6503168 0.1010401 0.7529137 1 0 0 1 -0 0 1 0 0 1 0 0 1 0 0 1 -0 -0 1 0 -0 1 0 0 1 0 0 1 0 0 1 0 0 1 0 0 1 0 0 1 0 -0 0.9618573 -0.2440185 0.1236342 0.9991109 0.02981087 0.02981098 1 -0 0 1 -0 0 0.6212776 0.7202997 -0.3085166 1 0 0 1 0 -0 1 0 0 1 0 -0 1 0 0 1 -0 0 1 0 -0 -1 0 0 -1 0 0 -1 0 0 -1 0 0 -1 0 0 -1 0 0 -1 -0 0 -0.8636284 0.470351 -0.1814277 -1 0 0 -1 0 0 -1 0 0 -1 -3.93284e-08 2.682855e-07 -1 0 0 -1 -0 -0 -1 -0 -0 -1 0 0 -1 0 0 -1 -5.814519e-08 2.574994e-07 -1 9.035345e-06 3.814039e-06 -1 0 0 -1 0 0 -0.9431482 -0.2835528 0.1734051 -1 0 0 -1 -0 0 -1 -0 0 -1 0 -0 0.7060021 -0.7082064 -0.002201563 0 -0.7071055 -0.7071081 0.0001131863 1.258503e-06 -1 -7.629365e-06 0 -1 0 1 -7.629453e-05 0.5773157 0.5773686 -0.5773664 0 1 6.007397e-08 0 1 6.007397e-08 0 0.7071088 0.7071047 -0 0.7071088 0.7071047 0 0 1 0 0 1 0 -0.7071088 0.7071047 0 -0.7071088 0.7071047 0 -1 -6.007397e-08 0 -1 -6.007397e-08 0.2849376 -0.2655569 0.9210266 -0.1380962 -0.7118975 -0.6885719 0.207695 -0.5842402 -0.7845547 -0.4769936 0.8733619 -0.09857012 0.03524522 -0.5407232 -0.8404619 -0.3695631 -0.3550341 -0.8587047 0.1462761 0.9626996 -0.227624 -0.2756829 0.9567865 0.09251167 0.5860221 -0.1784768 0.790395 0.213495 -0.4339525 0.8752743 -0.4029756 -0.8557367 0.3245388 0.6228085 -0.7679193 -0.1496982 -0.3938665 0.2939666 -0.8708919 0.6267578 0.6740969 -0.3908556 -0.5672386 0.6200835 0.541975 0.218576 0.09887771 0.9707974 -0.2750491 -0.9133582 0.3002078 -0.8104661 -0.5855325 0.01721653 -0.6563859 0.7051478 0.2681866 0.08806036 0.9710431 -0.2220826 0.8618662 0.3591556 0.3580416 0.6133054 -0.7865432 -0.07215501 0 -0 1 -0 0 1 0 -0 1 0 0 1 -0.9815092 0.1452887 0.1246232 0.8514273 0.4170441 0.318034 0.7768334 0.6194039 0.1134405 -0.5421894 0.8365176 -0.07917561 -0.535828 0.8394202 -0.0908956 0.9961913 0.08719429 0 0.9228389 0.238767 0.3022561 -0.4040147 0.4986819 0.7668693 0.5217343 0.8529115 0.01830816 0.5555704 0.8314695 -1.996416e-07 0.9135696 0.4050412 0.03650142 0.9471732 0.3207226 0 1 0 0 1 0 0 1 0 0 0.8646789 0.5023249 0 0.8646789 0.5023249 0 0.9655772 0.2601169 0 0.9655771 0.2601169 2.528449e-08 1 -0 0 1 0 0 0.9655772 -0.2601169 0 0.9655772 -0.2601169 0 0.8646789 -0.5023249 0 0.8646789 -0.5023249 0 1 0 0 1 0 -0 9.536705e-07 1 -4.172305e-07 0.0007913293 0.9999958 0.002815306 -0.0004820681 0.9999998 0.000527981 0.01154277 0.9996214 -0.02497696 0.02054497 0.9997404 -0.009844459 0 1 0 -3.305124e-07 1 9.502225e-08 0 1 -3.814695e-07 -7.243152e-07 1 -1.492078e-06 -0.7434583 -0.2141889 0.6335557 -0.1024127 0.9710855 0.2156488 -0.3860781 0.8281299 0.4063798 -0.9280258 0.2871553 -0.2372968 -0.4736203 0.8560072 0.2072087 -0.4009804 0.9111742 0.09474311 -0.98431 0.1612168 -0.07171464 -0.2187187 0.9756331 0.01738452 -0 0 1 0 0 1 0 0 1 0 0 1 0 -0 1 0 0 1 -0.9803389 -0.1609635 0.1141328 -0.935923 0.3399133 -0.09223348 0.2042756 0.9263452 0.3164744 0.898928 0.4137999 -0.1438682 0.7670788 -0.6087793 0.20243 -0.08574068 -0.9633042 -0.2543491 0.4784748 -0.8764673 -0.05354226 0.6384902 -0.7614537 0.1118858 0.3635515 -0.9314582 0.01469492 0.934368 -0.3541006 -0.03961467 0.9469259 -0.3206388 -0.02284543 -0.9287188 -0.1046085 0.3557223 -0.8964631 -0.4344259 -0.08733948 -0.8781781 -0.4759955 -0.04723792 0.4295523 -0.8919747 -0.1409468 0.3683504 -0.9294546 -0.02078914 0.9515811 0.07834218 0.2972471 0.9966409 -0.08189637 0 0 0 1 0 0 1 0 0 1 0 0 1 0 -0 1 0 0 1 0.09637652 -0.9626903 -0.2528614 -0.4385434 -0.8880343 0.1381113 -0.7754639 0.6218082 0.1095916 -0.6755739 0.7146096 0.1814748 0.7095924 0.6964622 -0.1068597 0.973715 0.06825995 0.2173007 0 -1 -0.0001134868 -8.160275e-07 -0.9998285 0.01852046 0.01153842 -0.9992447 -0.03710645 -1.186318e-06 -1 0 0 -1 -2.288817e-06 4.884105e-07 -1 -1.778109e-06 -2.479249e-05 -1 7.051417e-05 -0.3037408 -0.9511564 -0.05516163 -0.8504249 -0.5253958 -0.02714175 -0.4793722 -0.8188124 0.3158296 -0.1232863 -0.9754342 0.182561 -0.999365 -0.0319273 -0.01582212 -0.9101731 -0.2496873 0.3305167 -0.8975544 -0.3154322 0.3080564 -0.760137 -0.4666347 0.4521547 -0.02680108 -0.9990701 0.03377325 -0.02493674 -0.9989856 0.03749602 0 -0 1 -0 0 1 1.770199e-06 -1.542807e-06 1 -0 0 1 0 0 1 -0.09256886 -0.9880136 -0.1235323 -0.8772753 -0.3327067 0.3459687 -0.748831 0.6526396 -0.1153843 -0.01499159 0.9219334 0.3870584 0.9783211 0.03275864 -0.2044864 0.7516308 -0.6323143 0.187696 -1 0 0 -0.9614507 0.2134756 -0.1733226 -0.9728153 0.1742833 -0.1524978 -1 -1.068166e-05 9.346444e-06 -1 0 3.814697e-06 -1 -0 0 -0.9999999 -1.175137e-05 0.0003075188 -1 3.635512e-07 3.181071e-07 -0.990428 -0.1038785 -0.0908936 -0.9979246 -0.02536161 0.0591885 -0.9843346 0.1763106 0 -0.7025728 0.7025741 -0.1130533 0.009484796 0.99918 0.03936193 -0.001297945 0.9999921 0.003752686 0 1 0 0 1 0 0 -1 0 0.4791651 0.8777247 8.904821e-08 0.7837056 0.6202718 0.03268678 0.9141777 0.4053136 0 1 0 0 1 0 0 1 -0 0 0.7841246 -0.6206034 0 0.8772045 -0.4788799 0.03444314 0.4053051 -0.9141556 0.006884808 0.02613108 -0.9989311 0.03812944 -1.283051e-06 -1 -3.016642e-06 0 -1 0 0 -1 0 2.638814e-07 -1 -7.629471e-07 -0.7070549 -0.7071587 2.049864e-05 -0.7071061 -0.7071074 0 0 2.630825e-07 -1 6.30133e-08 1.154265e-07 -1 6.265665e-08 1.157793e-07 -1 2.971087e-08 1.78048e-07 -1 -9.622463e-08 8.8581e-08 -1 -9.261362e-08 9.26138e-08 -1 -6.423937e-08 1.187039e-07 -1 -3.006209e-08 1.801526e-07 -1 -1.444167e-07 6.334704e-08 -1 -2.910036e-07 2.411324e-08 -1 2.507182e-08 8.38395e-08 -1 0 2.551623e-07 -1 1.360246e-07 6.030844e-08 -1 9.144573e-08 8.418167e-08 -1 1.912629e-07 4.843432e-08 -1 1.161403e-07 7.58783e-08 -1 9.333534e-08 9.333552e-08 -1 7.941753e-08 1.020356e-07 -1 4.883348e-08 1.42247e-07 -1 -1.197373e-07 6.536647e-08 -1 0 2.551624e-07 -1 -4.791346e-08 1.395669e-07 -1 -5.653999e-08 1.275246e-07 -1 -7.621903e-08 9.792632e-08 -1 -1.110682e-07 7.256435e-08 -1 -1.778845e-07 4.504652e-08 -1 -2.152818e-08 8.38395e-08 -1 2.61124e-07 2.163735e-08 -1 1.366564e-07 5.994308e-08 -1 0.3246996 0.9458171 -0 0.08257866 0.9965845 0 0 0.9997469 0.02249796 -0.08257865 0.9965845 0 -0.3247 0.9458171 0 -0.3246998 0.9458172 9.020014e-08 -0.6142122 0.7891409 7.525833e-08 -0.6142122 0.7891409 7.525833e-08 -0.8371668 0.5469477 5.216098e-08 -0.8371668 0.5469476 2.608049e-08 -0.9694002 0.2454857 1.170567e-08 -0.9694002 0.2454857 8.77925e-09 -0.9965844 -0.08257934 -2.953267e-09 -0.9965844 -0.08257934 -3.937689e-09 -0.9157733 -0.4016955 -1.915433e-08 -0.9157733 -0.4016955 -3.830866e-08 -0.7357242 -0.6772814 -6.459057e-08 -0.7357242 -0.6772814 -6.459057e-08 -0.4759475 -0.8794737 -8.387313e-08 -0.4759475 -0.8794737 -8.387313e-08 -0.1645942 -0.9863614 -9.406673e-08 -0.1645944 -0.9863613 5.637233e-08 0.1645942 -0.9863614 -5.637225e-08 0.1645943 -0.9863614 -9.406673e-08 0.4759476 -0.8794736 -8.387313e-08 0.4759476 -0.8794736 -8.387313e-08 0.735724 -0.6772815 -6.459059e-08 0.735724 -0.6772815 -6.459059e-08 0.9157733 -0.4016955 -3.830866e-08 0.9157733 -0.4016955 -1.915433e-08 0.9965844 -0.08257934 -3.937689e-09 0.9965844 -0.08257934 -2.953267e-09 0.9694003 0.2454853 8.779238e-09 0.9694003 0.2454853 1.170565e-08 0.8371664 0.5469484 2.608053e-08 0.8371664 0.5469483 5.216105e-08 0.6142129 0.7891403 7.525827e-08 0.6142129 0.7891403 7.525827e-08 0.3246998 0.9458171 9.020013e-08 0 0 1 1.10009e-06 1.888816e-06 1 -4.913239e-07 -8.435864e-07 1 -0 0 1 0 0 1 0 0 1 -0 0 1 0 0 1 0 0 1 -7.902751e-07 -1.38605e-13 1 0 0 1 0 0 1 -0 -0 1 0 0 1 0 -0 1 0 0 1 0 0 1 -0 0 1 0 0 1 0 0 1 0 0 1 0 0 1 0 0 1 0 0 1 0 0 1 0 0 1 0 0 1 0 0 1 0 0 1 0 0 1 0 0 1 0 0 1 0 0 1 0 0 1 0 0 1 -3.741192e-05 7.459003e-05 1 -0 0 1 9.740912e-05 6.079166e-06 1 -4.307328e-06 -2.092078e-05 1 -0 0 1 0 -0 1 -3.371372e-05 8.506946e-05 1 -3.168995e-05 1.65135e-05 1 0 -0 1 0 0 1 0 0 1 -0 0 1 0 0 1 0 0 1 0 0 1 0 0 1 0 0 1 0 -0 1 0 0 1 -1.994712e-07 8.749618e-08 1 -4.226703e-07 3.502347e-08 1 3.676641e-06 7.345179e-07 1 3.233554e-06 8.188463e-07 1 6.635084e-06 -2.539946e-07 1 -1.28843e-07 1.186083e-07 1 -8.507823e-08 1.572107e-07 1 -3.867736e-08 2.317811e-07 1 0 0 1 0 0 1 0 0 1 0 -0 1 0 0 1 -0 0 1 -0 -0 1 -0.08935543 0.9906213 0.1033679 -0.9879225 0.1428684 -0.05998237 -0.7704042 -0.6342328 0.06500988 -0.2169202 -0.9752054 -0.04381875 0.8979787 -0.4309457 0.08899482 0.9926019 -0.120524 0.01467325 0.1148046 0.9918212 0.05577193 -0.5240907 0.8513974 0.0212443 -0.9878955 0.1107009 -0.1086641 -0.8674359 -0.4961393 0.03742573 0.6445541 -0.7618424 -0.06438997 0.4647225 -0.8854564 0 0.8599183 0.5104317 0 0.6301553 0.771541 -0.08734278 -0.9939323 0.1070926 0.02509553 -0.9879875 -0.151188 -0.03198294 0.3882321 -0.9215572 -0.002859738 0.7256879 -0.6840298 -0.07402874 0.5989846 0.7977379 0.06950922 0.2285648 0.9735185 0.004456297 -0.09332493 0.8686487 0.4865591 -0.9574069 0.1436564 -0.2504691 0.3823749 -0.7579359 0.5285097 0.7475058 0.6133898 -0.2549272 0 0 -1 -3.760791e-14 -6.174907e-15 -1 0 0 -1 0 0 -1 0 0 -1 0 0 -1 0 0 -1 0 0 -1 0 -0 -1 0 0 -1 0 0 -1 0 0 -1 0 0 -1 -0 0 -1 0 0 -1 0 0 -1 -0 0 -1 0 -0 -1 0 0 -1 0 0 -1 0 -0 -1 0 0 -1 0 0 -1 -0 0 -1 0 -0 -1 0 0 -1 -0 0 -1 -0 0 -1 0 0 -1 0 0 -1 0 0 -1 0 0 -1 0 0 -1 0 -0 -1 0 0 -1 0 0 -1 0 0 -1 0 0 -1 -1.227839e-05 -5.567981e-05 -1 -1.509464e-05 -5.237019e-05 -1 3.952109e-14 -1.896642e-14 -1 2.452401e-14 -6.287203e-14 -1 0 -0 -1 0 -0 -1 0 0 -1 0 0 1 0 0 1 0 0 -1 -0 0 -1 0 0 -1 0 0 1 -5.555896e-05 -2.969941e-05 -1 0 0 -1 -0 0 -1 0 0 -1 0 0 -1 0 0 -1 0 0 -1 0 0 -1 0 0 -1 -0 0 -1 0 0 -1 0 -0 -1 0 0 -1 0 0 -1 0 0 -1 0 0 -1 0 0 -1 0 0 1 -0 0 1 -1.804746e-14 -6.261485e-14 -1 3.453807e-14 -4.391378e-14 -1 0 0 -1 -3.789546e-14 -4.398629e-15 -1 0 -0 -1 0 -0 -1 -0.9692784 -0.01565505 0.2454674 -0.9679865 -0.2128501 0.13303 0.7963849 -0.6035249 -0.03910028 0.7819027 -0.62279 -0.02758573 0.5782335 0.7827442 0.230125 -0.106225 0.9887195 -0.1055936 0.1957264 -0.7940965 -0.5754145 -0.9423661 0.3314947 -0.04535804 0.684284 0.7277936 0.04551662 0.2015589 -0.8177601 0.5391126 0.9312924 -0.0744726 -0.3565788 -0.2708505 0.4592875 -0.8459876 -0.6903265 0 -0.723498 -0.6903266 0 0.7234978 -0.1343825 -0.5554315 0.8206322 0.9475058 0.2436369 0.2070597 0 1 -0 0 1 0 0 1 0 0 1 -0 0 1 0 0 1 0 0.05147034 0.9804507 -0.1899137 0 1 0 -0 1 0 -0 1 0 -0 1 0 0 1 0 0 1 -0 0 1 0 0.4145128 0.3437095 -0.8426404 -0.3723156 -0.2777298 -0.8855774 -0.9755608 0.1814044 0.1239899 -0.8061954 -0.1813996 0.5631545 0.4729637 0.3167554 0.8221748 0.8966866 -0.3908014 0.2079121 0.08315786 0.923415 -0.3746858 0.402073 0.9067588 -0.1269872 0.1679695 0.9855943 0.01974861 0.04088182 0.998835 -0.02563654 0.07529817 0.9298961 -0.3600326 0.1268823 0.9577041 -0.2582708 0.06908581 0.1072683 -0.9918269 0.9620998 0.2514684 -0.1054877 0.9594621 0.2658088 -0.09369193 0.7368478 0.628504 -0.2490744 0.8067653 0.5164865 -0.287004 0.3013261 0.90692 -0.2944466 0.9143519 0.3537024 -0.1971173 0.074568 -0.2044122 -0.9760406 0.9429257 0.3330032 -0 -0.975327 0.1232335 -0.1831689 0 1 0 0 1 -0 0.2609376 0.907824 -0.3282791 0.2282725 0.9671804 -0.1115963 0.5313464 0.7476645 -0.3983325 0.3663636 0.9231136 -0.1167859 0.2810012 0.6739199 -0.6832791 0.05025183 0.4320105 -0.9004675 0.2924275 0.5418478 -0.787964 0.2571267 0.7191273 -0.6455553 0.1739733 0.4791482 -0.8603199 0.06925523 0.1722035 -0.9826239 0.1525363 0.6501932 -0.7442994 0.2192879 0.6327124 -0.7426896 0.3005667 0.8715383 -0.3874024 0.2879201 0.9189671 -0.2694468 0.2598152 0.9394754 -0.223343 0.06602996 0.9656553 -0.2512966 0.1240407 0.9735422 -0.19191 0.2018097 0.9786316 -0.03940972 0.03503161 0.5604168 -0.8274695 -0.02367664 0.3132773 -0.9493665 0.05452983 0.9977043 0.04015496 0.04382055 0.7992996 -0.5993329 -0.02179312 0.9011503 -0.4329588 -3.108821e-06 0.1758807 -0.9844115 0.003089102 0.09035874 -0.9959044 0.001121754 0.8514099 -0.5244998 -0.001529642 0.9844252 -0.1757973 0.003197256 0.9550202 -0.2965235 0 0.9962626 -0.08637576 -0.0003962071 0.2617447 -0.9651371 0.0006214979 0.5391393 -0.8422164 0.003327184 0.4782011 -0.8782441 6.707267e-05 0.632621 -0.7744615 -0.0001513629 0.8422167 -0.5391391 0.004597735 0.7724588 -0.6350483 0.04176493 0.4796394 -0.8764712 0.3724 0.9014252 -0.220796 0.3796293 0.8965954 -0.2280316 0.01301769 0.9596922 -0.2807511 -0.2609873 0.3421625 -0.9026685 -0.4601682 0.2748526 -0.8442164 -0.6181134 0.5631631 -0.5484371 -0.3015446 0.3826073 -0.8733169 -0.3978868 0.2455148 -0.8839732 -0.2669246 -0.04742736 -0.9625497 -0.03649322 0.0332137 -0.9987819 0.3609448 0.7833559 -0.506036 -0.3726948 0.01417551 -0.9278457 -0.3241664 0.03763775 -0.945251 0.4457045 0.8938127 -0.04946093 0.2872514 0.9574648 -0.02734496 0.07655948 0.9970559 0.004233083 -0.7389502 0.6732574 -0.0260195 -0.6789554 0.7340339 0.01461994 -0.6187255 0.7850544 -0.02946623 -0.5252345 0.8509513 0.003264944 -0.4638144 0.8854249 -0.0299828 -0.1029936 0.9946675 -0.005373348 -0.8509231 0.5250595 0.01557174 -0.9992775 0.03800769 1.661368e-09 -0.9968218 0.07923042 0.008294037 -0.9856904 0.1681887 -0.01127131 -0.9571826 0.2886415 0.0220784 -0.9384124 0.3455096 -0.002327418 -0.8457941 0.5334995 0.003272079 -0.3747078 0.4086269 -0.8322368 -0.8695563 0.4844785 -0.09566792 -0.9742357 -0.08287545 -0.2097533 -0.9963982 0.01769999 -0.0829285 0.005915388 0.147463 -0.9890499 -0.006259444 0.2502047 -0.9681727 -0.08032456 -0.05925912 -0.9950057 0 0.521875 -0.853022 0 0.8735107 -0.4868049 0 0.8735107 -0.4868049 -0.9010236 0.4337699 0 -0.946252 0.2182393 -0.2387024 -0.9737451 0.1988468 -0.1108167 0.01297283 0.9998267 0.0133545 -0.8902901 0.4551664 -0.01438981 -0.8498861 0.5196269 -0.08764489 -0.3715096 0.4964057 -0.7845777 -0.5879371 0.5239632 -0.6162731 -0.2642325 0.9642732 -0.01892986 -0.5408305 0.8360968 -0.09189433 -0.1991878 0.9788641 0.04636056 -0.1926925 0.5757551 -0.7945915 -0.3106825 0.4572654 -0.8332975 -0.4933974 0.8249525 -0.2757033 -0.07439597 0.1015407 -0.9920457 -0.2994412 0.7007161 -0.6475585 -0.5325209 0.8397002 -0.1064196 -0.04104099 -0.006921864 -0.9991335 0.2092918 0.9032448 0.3746275 -0.9397066 0.1376704 -0.3130468 -0.8055926 0.5042458 -0.3110574 0.6111506 0.7451717 -0.2668595 -1 0 0 -1 -0 0 -1 0 0 -1 -0 0 -1 0 0 -1 -0 0 -1 0 0 -1 -0 0 -1 0 0 -1 0 0 -1 0 -0 -1 0 0 0 -0.9933748 0.114919 -0.001471863 -0.9844254 0.1757969 0 -0.09573777 0.9954066 -0.001847312 -0.1757967 0.9844248 -0.0002944378 -0.6218352 0.7831481 -0.002550198 -0.539135 0.8422156 -4.221824e-05 -0.4571599 0.8893845 2.836436e-05 -0.2706534 0.9626768 0.001120781 -0.9297506 0.3681881 -0.002924907 -0.8253594 0.5646001 -0.001839577 -0.8422163 0.5391366 0.0001929469 -0.7310829 0.6822887 -0 1 4.371154e-08 0 1 4.371153e-08 -0 1 4.371153e-08 0 1 4.371153e-08 0.9898214 0.142315 6.220808e-09 0.9898214 0.142315 -0 0.9096322 0.4154146 0 0.9096322 0.4154146 -0 0.7557492 0.6548611 0 0.7557492 0.6548611 -0 0.5406408 0.8412535 0 0.5406408 0.8412535 -0 0.2817329 0.9594929 0 0.2817329 0.9594929 -0 0 1 0 0 1 -0 -0.281733 0.9594929 0 -0.281733 0.9594929 0 -0.540641 0.8412535 0 -0.540641 0.8412535 0 -0.755749 0.6548615 0 -0.755749 0.6548615 0 -0.9096322 0.4154146 0 -0.9096322 0.4154146 0 -0.9898214 0.142315 0 -0.9898214 0.142315 6.220807e-09 -0 0 1 0 0 1 0.02836038 0.003074439 0.9995931 -0 0 1 0 0 1 0.007357547 -0.01236579 0.9998965 0.007258642 -0.01129466 0.9999098 0.01093458 -0.009474882 0.9998953 0.005891194 -0.007641361 0.9999534 -3.161744e-05 -2.73967e-05 1 -1.364637e-05 -2.123417e-05 1 -9.485713e-06 -3.230532e-05 1 -8.716178e-06 -1.360484e-05 1 0 -0 1 0 0 1 0 0 1 0 0 1 6.807115e-06 -4.182458e-06 1 -0.2422041 -0.5190665 0.8196994 -0.2463438 -0.4441195 0.8614364 -0.03934062 -0.1855098 0.9818546 -0.04770973 -0.2062471 0.9773362 0.01645427 -0.4217769 0.9065503 0.06683168 -0.1838913 0.980672 0.06441095 -0.1693537 0.9834483 0.1473299 -0.1001961 0.9839993 0.2572935 -0.1335552 0.9570596 0.2822025 -0.06632284 0.9570596 0.2371475 -0.0463683 0.9703664 0.7205903 -0.01757959 0.6931381 0.8155264 0.103607 0.5693702 0.8825006 -0.1363036 0.4501266 0.7509757 -0.1764933 0.6363063 0.8202002 -0.2608745 0.5091328 0.6897071 -0.3580112 0.6293902 0.7026716 -0.3591518 0.6142171 0.7136938 -0.6986538 0.05024173 0.6678579 -0.5535076 0.4975893 0.7228196 -0.4972841 0.4798337 0.5172581 -0.8241447 0.2307152 0.5449136 -0.5482799 0.6343961 0.236372 -0.8508047 0.4693182 0.3220645 -0.8861799 0.3331063 0.2158061 -0.9516342 0.2186779 0.03049215 -0.7816141 0.6230164 -0.1615273 -0.7616785 0.6274989 -0.04239666 -0.9116142 0.4088545 -0.421527 -0.8605275 0.2860201 -0.378189 -0.9096919 0.171563 -0.3244823 -0.930306 0.1710034 0.3167535 -0.3119083 0.895757 0.3195466 -0.457056 0.8300541 -0 1 4.371138e-08 0 1 4.371138e-08 0 0.804041 -0.5945739 0.007489266 0.8048387 -0.5934463 -0.1277288 0.9918091 4.33535e-08 -0.2746179 0.8701802 -0.4091105 0.1015766 0.01114267 0.9947653 -0.2980732 -0.8840758 0.3599476 -0.2395032 -0.913271 0.3295061 -0.4025245 -0.8615434 0.3093817 -0.3878627 -0.9199677 0.05676351 -0.3340679 -0.9421925 0.02592124 -0.3113927 -0.7312246 0.6069145 -0.3283687 -0.8414722 0.4290671 -0.1475849 -0.4254559 0.8928638 -0.4495342 -0.8917822 0.05141567 -0.2925575 -0.8867359 0.3579239 0 -1 0 0 -1 0 0 -1 -0 0 -1 0 -0 -1 0 0 -1 0 0 -1 0 0 -1 0 -0 -1 -0 -0.06665415 -0.9553977 0.2877016 -0 -1 0 0 -1 0 0 -1 0 -0 -1 0 -0.0713044 -0.958191 0.277102 -0.3432525 -0.9366133 0.07023657 -0.4791426 -0.8641149 0.1540376 -0.4694439 -0.01114495 0.882892 -0.7076342 -0.401614 0.5813434 -0.7495001 -0.639296 -0.1719015 -0.7811506 0.3329388 0.5281624 -0.8614627 -0.3322929 -0.3840096 -0.1002155 -0.9936696 0.05077174 -0.07117721 -0.3441774 0.9362028 -0.4111805 -0.9088105 0.07066844 -0.2864239 -0.7198285 0.6323039 -0.3067251 -0.9516945 -0.01404138 0.06776089 -0.6649219 0.7438329 0.05024763 -0.1723499 0.9837533 0.17697 -0.9827245 0.05416654 -0.0530542 -0.9446599 0.3237329 0.04765306 -0.8504843 0.5238376 0.1863395 -0.9504991 0.2486544 -0.1035055 -0.8040751 0.5854485 -0.04694941 -0.714075 0.6984931 -0.8119615 -0.3828904 0.4405832 -0.8414704 -0.2729025 0.4663173 -0.7506239 -0.6260111 0.2113618 -0.7408962 -0.6705791 0.0373693 -1.199351e-05 -1 -0 0 -1 -0.0001289534 0.8747099 -0.4844481 0.01387743 0.7614296 -0.6478524 0.02263146 0.7115177 -0.6998546 0.06281954 0.5165439 -0.8526981 0.0780278 0.5635374 -0.8260166 -0.0110558 0.3702247 -0.9282477 0.03591391 0.3601214 -0.9316608 0.04817411 0.1842821 -0.9817593 0.0467838 0.05234873 -0.998624 -0.003130353 -0.0463868 -0.9974485 0.05426476 -0.1224657 -0.9924634 -0.004288991 -0.2720315 -0.9614546 0.04004866 0.8715613 -0.4901631 0.01100213 0.8238515 -0.5667946 0.003541678 0.8802397 -0.474271 -0.01565272 0.8904166 -0.4551171 -0.005166808 0.952938 -0.3030974 0.006419716 0.9681699 -0.2498888 -0.01423774 0.9881802 -0.15263 0.01428941 0.9978145 -0.06584448 -0.005542148 0.9997024 -0.02439603 -1.264547e-09 0.7910452 -0.1312692 0.597508 0.9998327 -0.01094135 0.01465546 0.9998449 -0.01131352 0.01349694 -0 0 -1 0 0 -1 5.893885e-05 -0.0001069531 -1 -0.0005069298 0.0001308407 -0.9999999 -0.0007813771 0.0005409007 -0.9999995 0 0 -1 0 0 -1 2.287884e-05 0 -1 -4.520973e-06 -2.65277e-05 -1 0.3593739 -0.6354178 -0.6834431 -0.3130739 -0.942278 -0.1187303 0.0001141842 -4.866712e-05 -1 -0.8942921 -0.4214399 -0.1504326 -1.192637e-05 -0.0003190303 -1 0 0 -1 0.8421145 0 -0.5392988 0.7628288 -0.3672403 -0.5321906 0 -0 -1 0.2864347 0.725823 -0.6254088 0.3328976 0.6892558 -0.6435103 -0 0 -1 0 0 -1 -0 0 -1 0 0 -1 0 0 -1 0.6498227 -0.7600859 0 0 -0.9474542 0.3198914 0.06644056 -0.2016799 0.9771954 -0.0005277663 -0.2176482 0.9760273 -0.03609935 -0.04102653 0.9985057 0.002291629 -0.6033938 0.7974401 0 -0.6559588 0.7547967 0 -0.9474542 0.3198914 0.1415435 0.9231415 0.3574566 0.7525321 -0.6239513 0.2106663 0.2175039 -0.6052348 0.7657563 0.803122 -0.4190883 0.4235092 0.222434 -0.5983637 0.7697299 0.6770129 -0.7356254 0.02255702 0.5716892 -0.5737481 0.5865021 0.5795969 -0.5979512 0.5536441 0.2590984 -0.4277134 0.8659845 0.175633 -0.5489893 0.8171682 -0.4323529 -0.8951755 0.1083132 -0.4971628 -0.8673038 0.02476199 0.9631832 -0.1933618 -0.1867872 0.4019003 -0.915508 0.01792452 0.4914079 -0.8640659 0.1091259 0.4032899 -0.9125974 0.06725452 0.02222788 -0.01203505 0.9996805 -0.3222201 -0.5335401 0.7819905 0.09027967 -0.7307296 -0.6766711 0.6270127 -0.04964514 0.7774255 0.6884789 -0.03015863 0.7246291 0.5076584 -0.8615264 0.007441213 0.5126101 -0.8586137 0.003661248 0.4398079 -0.5504262 0.7096479 -0 0 1 0 0 1 0 0.7071067 0.7071069 -0 0.7071067 0.7071069 0 1 -0 0 1 0 1 0 0 1 0 0 1 0 0 1 0 0 -1 0 0 -1 0 0 -1 0 0 -1 0 0 0 0 -1 0 0 -1 0 -1 0 0 -1 -0 0 5.086027e-08 -1 1.003868e-07 0 -1 1.945705e-08 5.591155e-08 -1 0 0 -1 -0.02420559 0.003480242 -0.9997009 -0.000222412 0.0007574644 -0.9999997 0.0001666073 0.001921354 -0.9999982 0 0.001840543 -0.9999983 0.006133541 0.01679319 -0.9998402 0.005304718 0.01806618 -0.9998227 0.0008649409 -0.000749477 -0.9999993 -0.0009578357 0.001108425 -0.9999989 -0.0004884318 0.0007600144 -0.9999996 0.000359366 -0.0001641168 -0.9999999 -0.00191059 -0.01651184 -0.9998618 0.005501738 0.004767288 -0.9999735 0.005701228 0.01830412 -0.9998162 0.004255218 0.006621249 -0.9999691 -0 0 -1 0 0 -1 -0 0 -1 0 0 -1 -0.005985924 0.003677898 -0.9999753 -0.2477171 -0.3983232 -0.8831618 0.9341099 0.1329056 -0.3313227 0.9020877 -0.04785217 0.4288916 0.8618678 -0.0915821 0.4987951 -0.9851242 0.08955675 -0.1466621 -0.7777907 -0.5629157 -0.2795846 -0.6515979 0.2999486 -0.6967431 0.5094056 0.5438535 -0.6668803 0 0.9968493 0.07931951 0 -0 -1 0.05725052 -0.02384936 0.9980749 0.02099114 -0.01152389 0.9997132 0 0 1 0 -0 1 0 0 1 -0.6828703 -0.7290486 -0.0466491 0.09934116 -0.6491238 -0.7541682 0.9054918 -0.4168229 -0.07964433 -0.4159308 0.6750589 -0.6093416 0.4032023 0.5394717 0.7391876 -0.9713123 -0.1804413 -0.1548979 0 0 -1 0.03880583 -0.4374475 -0.8984063 -0.4626801 0.2662062 -0.845613 0 0 -1 1.907184e-07 -1.525745e-07 -1 0 -2.080494e-07 -1 -0 0 -1 -0.01088971 -0.01694472 -0.9997972 -0.01857393 -0.01609443 -0.9996979 -0.01615233 -0.01498821 -0.9997572 -0.01835358 -0.008381789 -0.9997964 -0.02044729 -0.008277912 -0.9997567 0 0 -1 -0.0108285 -0.02796055 -0.9995504 -0.6033726 0.009394885 -0.7974041 -0.003802134 -0.006037298 -0.9999746 0 0 -1 0 0 -1 0 0 -1 0.5486729 0.06746077 -0.8333109 0.002103997 -0.003273883 -0.9999925 0.002115792 -0.003441535 -0.9999918 0 0 -1 0 -0 -1 0.002999052 -0.002598696 -0.9999921 -0 0 -1 0 -2.080494e-07 -1 0 -2.080494e-07 -1 5.837105e-08 -9.132137e-08 -1 -0 0 -1 -0.002106066 -0.00129402 -0.999997 0 1 -0 0 1 0 0 0 -1 0 0 -1 0 -0.9486833 0.3162277 0 -0.9486833 0.3162277 1 0 0 1 0 0 1 0 0 -1 0 0 -1 0 -0 -1 0 0 0 -0.1104315 0.9938838 0 -0.1104315 0.9938838 0 1 -0 0 1 0 0 0 -1 0 0 -1 0 -0.9486833 0.3162277 0 -0.9486833 0.3162277 -1 0 0 -1 0 -0 -1 0 0 1 0 0 1 0 0 1 0 0 0 -0.1104315 0.9938838 0 -0.1104315 0.9938838 -0 -1 -4.371154e-08 -0 -1 -4.371153e-08 -0 -1 -4.371154e-08 0 -1 -4.371153e-08 0 -1 -4.371153e-08 0 -1 -4.371153e-08 -0.9898214 -0.142315 -6.220807e-09 -0.9898214 -0.142315 0 -0.9096322 -0.4154146 -0 -0.9096322 -0.4154146 0 -0.755749 -0.6548615 -0 -0.755749 -0.6548615 0 -0.540641 -0.8412535 -0 -0.540641 -0.8412535 0 -0.281733 -0.9594929 -0 -0.281733 -0.9594929 0 0 -1 -0 0 -1 0 0.2817329 -0.9594929 0 0.2817329 -0.9594929 0 0.5406408 -0.8412535 0 0.5406408 -0.8412535 0 0.7557492 -0.6548611 0 0.7557492 -0.6548611 0 0.9096322 -0.4154146 0 0.9096322 -0.4154146 0 0.9898214 -0.142315 0 0.9898214 -0.142315 -6.220808e-09 0.3641683 -0.6962371 -0.6185752 0.05755288 -0.1686021 -0.9840025 0.05775776 -0.1709011 -0.9835939 -0.0179561 -0.1774191 -0.9839716 -0.01461194 -0.04275785 -0.9989786 -0.8874608 -0.03375472 -0.4596455 -0.6784293 -0.1401207 -0.7211795 -0.478365 -0.08160126 -0.8743616 -0.7991977 -0.5869364 -0.1295718 -0.8280701 -0.5507596 -0.1047072 -0.2905621 -0.269621 -0.9180839 -0.4543562 -0.531607 -0.7148108 -0.2278239 -0.4426883 -0.8672504 -0.2327414 -0.4552805 -0.85939 -0.2321737 -0.8145193 -0.5316519 -0.05549989 -0.4879256 -0.871119 -0.04494761 -0.4441144 -0.894842 0.06157603 -0.9135962 -0.401933 0.1225575 -0.5144131 -0.8487396 -0.1218423 -0.015792 -0.9924238 0.1043667 -0.2413101 -0.9648197 0.2049771 -0.7434012 -0.6366625 0.2196005 -0.5867699 -0.779408 -0.0865109 -0.6997543 -0.7091261 0.2577412 -0.9513595 -0.1687742 0.3035977 -0.6313816 -0.7135726 0.31799 -0.8895625 -0.3279649 0.1623496 -0.9483801 -0.2724294 0.1282136 -0.9788593 -0.1593603 0.04202385 -0.993664 -0.10424 -3.697599e-06 -0.111438 -0.9937714 0.001287321 -0.1759564 -0.9843971 -0.0009748906 -0.3199548 -0.9474323 0.001940712 -0.5391384 -0.8422149 0.001611411 -0.5287222 -0.8487934 0.0002094 -0.9931459 -0.1168806 0.001207844 -0.9844258 -0.1757963 0.0003499107 -0.9716967 -0.2362313 -0.0004301503 -0.9016988 -0.4323644 0.004167563 -0.7822239 -0.6229834 0.000255351 -0.8422163 -0.5391397 -0.0001158227 -0.6604589 -0.7508622 0.1083618 -0.9873255 -0.1159567 -1 0 0 -1 0 0 -1 0 0 -1 0 0 -1 0 -0 -1 0 0 -1 0 -0 -1 0 0 -1 0 0 -1 0 0 -1 -0 0 -1 0 0 -7.566008e-06 0.6927052 0.721221 -0.001564122 0.9844252 0.1757969 -0.0001801519 0.9965007 0.0835839 0.000241281 0.9188374 0.3946361 -0.0003410759 0.9730451 0.2306148 8.962407e-05 0.8422177 0.5391375 -0.006627259 0.7578936 0.6523445 -0.002112093 0.8435817 0.5369968 0 0.175797 0.9844264 -0.003451544 0.09628802 0.9953475 0.0008957868 0.3091309 0.9510191 -0.001789539 0.5391358 0.8422169 -0.00408043 0.4887628 0.8724071 -0.0004402733 0.6117263 0.7910693 -0 -1 -4.371138e-08 0 -1 -4.371138e-08 0 -0.2979259 0.954589 -0.4118192 -0.6682281 0.6195775 0.445728 -0.6650784 -0.5991638 0.282913 -0.8705715 0.4025738 0.1191061 -0.846146 0.5194714 0.288939 -0.9573475 -4.184713e-08 0 0 1 0 0 1 -4.531102e-05 3.926225e-05 1 -0 -0 1 0 0 1 0 0 1 -3.111772e-05 5.06159e-05 1 -3.097053e-05 4.819108e-05 1 0 0 1 -0 -0 1 0 0 1 0 0 1 0.01992126 -0.002230575 0.9997991 0.02807033 0.004035911 0.9995977 2.853881e-05 1.753494e-05 1 0 0 1 -0 0 1 0 0 1 0.09847698 0.8835485 0.4578694 0.02953942 0.7571912 0.6525249 -0.09479954 0.8854228 0.4550158 -0.1576666 0.7434723 0.6499156 -0.3377834 0.9018852 0.2692682 -0.3971645 0.8301845 0.3912214 0.2488751 0.8190884 0.5168707 0.2588319 0.7121914 0.6525255 0.5489548 0.8007011 0.2398463 0.498127 0.8478186 0.1818598 0.4238774 0.5479403 0.7211723 0.6519818 0.5913281 0.4746061 0.6243246 0.4294523 0.6525254 0.7890728 0.4507397 0.4173701 0.797551 0.2954848 0.5259289 0.8206862 0.2911051 0.4916626 0.859823 0.14025 0.4909524 0.8390197 0.1431235 0.5249397 0.9089868 0.03457131 0.4153888 0.5113739 0.0629888 0.8570467 0.2032979 0.05615733 0.9775051 0.2710826 0.1004334 0.9573021 0.3036801 0.2088916 0.9295928 0.136367 0.1331028 0.981676 0.2607593 0.3370799 0.9046445 0.1050672 0.2890987 0.9515161 0.03141633 0.1540692 0.9875605 0.01134915 0.2909155 0.9566814 -0.06039757 0.2848029 0.9566814 -0.05751275 0.1640658 0.9847714 -0.06655719 0.1975136 0.9780381 -0.3619072 0.693662 0.6227809 -0.0965782 0.2226125 0.9701115 -0.2387851 0.9703298 0.0379724 -0.2909501 0.7375047 0.6094546 -0.2528186 0.5634777 0.7864959 -0.05786868 0.1525829 0.986595 -0.2831475 0.8168335 0.5026038 -0.374246 0.6930288 0.6161582 -0.345669 0.9377829 -0.0328061 -0.3982792 0.9170795 0.01840578 -0.4106163 0.9109263 0.04009404 -0.4509108 0.8627306 0.2288563 -0.3127486 0.9237084 0.2212491 -0.3530987 0.8987982 0.2597753 -0.3624745 0.8804526 0.3056395 0.04649403 -0.9393186 -0.3398807 0.1065452 -0.821223 -0.560572 0.5568388 -0.8174693 -0.1472224 0.9673666 -0.04732884 -0.2489211 0.9024317 -0.4268948 0.05811763 0.08481388 -0.9900694 0.1121113 0.160846 -0.9866151 -0.02681792 0.2754641 -0.9572236 -0.08855779 0.4049276 -0.9098042 -0.09104906 -0 -1 0 -6.197688e-05 -1 -0.0001263992 0 -1 0 0 -1 -0 -0 -1 0 0 -1 0 0 -1 0 0 -1 0 0 -1 0 -0 -1 -0 0.03638312 -0.9887156 -0.1453189 9.959893e-05 -0.9999962 -0.002755275 0 -1 0 0 -1 0 0.9312924 -0.0744726 -0.3565788 -0.2708505 0.4592875 -0.8459876 -0.6903265 0 -0.723498 -0.6903266 0 0.7234978 -0.1343825 -0.5554315 0.8206322 0.9475058 0.2436369 0.2070597 0.4145128 0.3437095 -0.8426404 -0.3723156 -0.2777298 -0.8855774 -0.9755608 0.1814044 0.1239899 -0.8061954 -0.1813996 0.5631545 0.4729637 0.3167554 0.8221748 0.8966866 -0.3908014 0.2079121 0.4298703 -0.8985628 -0.08829684 0.1707395 -0.6903063 -0.7030826 0.3326153 -0.7328261 -0.5935764 0.3362151 -0.7045252 -0.6249829 0.06941511 -0.1968243 -0.9779784 0.9753721 -0.1926667 -0.1073726 0.8868931 -0.4619747 0 0.9503642 -0.2067251 -0.2325352 0 -1 0 -0.0006179066 -0.999978 -0.006611607 -0.02326662 -0.3661871 -0.9302503 -0.0042093 -0.4788695 -0.877876 0.05472853 -0.3571132 -0.9324564 0.07050285 -0.866418 -0.494317 -0.1211249 -0.8843189 -0.4508977 -0.1532431 -0.9102711 -0.3846078 0.07349251 -0.8711911 -0.4854121 -0.9992775 -0.03800768 -2.01838e-09 -0.9968218 -0.07923042 0.008294027 -0.7707624 -0.6363006 0.03235666 -0.8556281 -0.5175908 -0.0005370899 -0.6491786 -0.7595535 -0.04056716 -0.5274582 -0.8471866 0.06373968 -0.4551407 -0.8903303 -0.01261045 -0.3262165 -0.9445965 0.0363359 -0.2741145 -0.9616576 -0.008711966 -0.1186352 -0.9929304 -0.003875683 -0.1130141 -0.9935594 -0.008217834 0.02741733 -0.9996238 -0.0007267219 0.06719213 -0.9969217 -0.04040338 0.284587 -0.957214 -0.05245632 0.264001 -0.9639956 -0.0318721 0.4533037 -0.8881925 -0.07503185 0.4460892 -0.8930514 -0.0588521 -0.9856982 -0.168144 -0.01126144 -0.9396088 -0.3402156 0.03726281 -0.9572943 -0.2891145 0.0006549309 -0.8655092 -0.4827908 0.1334423 -0.5514625 0.0342584 -0.833496 -0.6360666 -0.1859422 -0.7488957 -0.7814734 -0.6183177 0.08356183 -0.9965149 -0.01770206 -0.08151509 -0.9966267 -0.01814302 -0.08003692 -0.001980812 -0.2751406 -0.9614019 -0.01106788 -0.06066996 -0.9980965 0.008215129 -0.1228854 -0.9923869 0.077574 0.04500649 -0.9959702 0.001093545 -0.8735102 -0.4868046 3.000796e-05 -0.8287769 -0.5595791 0.0009201017 -0.4726944 -0.8812259 -0.9600151 -0.2799425 -0.00185091 0.1716522 -0.7815441 -0.5997702 -0.9413462 -0.2796646 -0.1888258 -0.2867655 0.05786533 -0.9562517 -0.9801445 -0.1374041 -0.1429576 -0.3717693 -0.8469855 -0.3800043 -0.8813709 -0.4617413 0.09990108 0.1783495 -0.9700937 -0.16465 0.4583813 -0.8210795 -0.3401692 0.5449868 -0.7885126 -0.2850215 -0.1557306 -0.2609242 -0.9527153 -0.155398 -0.2605737 -0.9528656 -0.2413795 -0.8056073 -0.5410479 -0.3637822 -0.8567874 -0.365483 -0.4387937 -0.6019294 -0.6671889 -0.3719554 -0.5800026 -0.7247387 -0.141349 -0.4254718 -0.8938648 -0.1433135 -0.1316328 -0.9808843 -0.01580097 -0.09787355 -0.9950734 -0.3065772 -0.01127469 -0.9517789 -0.2626415 -0.9648722 0.00641656 0 1 0 0.0001467705 0.9999999 0.0002626938 0 1 0 0 1 0 0 1 -0 0 1 0 0 1 0 -0.08077683 0.9606577 0.2657291 -0 1 0 -0 1 0 -0 1 0 0 1 0 -0.0002009651 0.9999866 0.005192448 0.0001421053 1 0.0003380065 -0.2689518 0.9554388 0.1216612 -0.3632773 0.9245895 0.1147343 -0.02539372 0.9817483 0.1884821 -0.120322 0.892142 0.4354368 -0.3957977 0.857619 0.3283803 -0.2011815 -0.531056 0.8231072 -0.5893855 0.01929623 0.8076215 -0.09015165 0.9926846 0.08031224 -0.7890664 0.6107855 -0.06569149 -0.8194631 0.5388695 -0.1951913 -0.9998163 -0.01855558 0.004796875 -0.29375 0.8105696 0.5066435 -0.05658467 0.2805798 0.9581613 -0.7719051 0.4798521 0.4170186 -0.8541844 0.5109634 0.09636071 -0.5465135 0.07426418 0.8341509 -0.7674444 0.544754 0.3380415 -0.00631085 0.9999801 0 0 1 0 0 1 0 -0.1258389 0.4572886 0.8803703 0.07840517 0.8871097 0.4548507 -0.1779698 0.9612257 0.2106463 0.07849234 0.885939 0.4571116 -0.1750582 0.9553563 0.2380105 -0.3389457 0.9397638 0.04426891 -0.3919409 0.9199778 -0.004809905 -0.106428 0.9940306 0.02400743 -0.180158 0.9830589 -0.03373927 0.1197502 0.9928039 0.0003869781 0.1107629 0.9937782 0.01169097 -0.235497 0.9681492 0.08501823 0.4793877 0.8775669 0.007979724 0.2905269 0.956172 -0.03645909 0.3328646 0.9428436 0.01571981 0.7471245 0.6642113 0.02506698 0.7403567 0.6714818 0.03136953 0.6172599 0.7857029 -0.04075765 0.8747136 0.4844509 0.01354089 0.8653795 0.5010915 0.005051305 0.8803284 0.4743188 0.006601385 0.8682659 0.4959768 -0.01101047 0.9424424 0.3342934 0.00708667 0.9680775 0.2498649 -0.01983307 0.9857121 0.1681469 0.009921866 0.9978131 0.06584438 -0.005801538 0.9992776 0.03800532 1.661265e-09 0.788874 0.1111158 0.6044263 0.574764 0.5657465 0.5912505 0.9999657 0.008279492 0 0.9999092 0.01094219 0.007861016 0 0 -1 0 0 -1 0 0 -1 -1.07265e-06 -2.124364e-06 -1 2.0324e-07 -2.372509e-06 -1 0.1679776 0.8134022 -0.5569205 -0.527081 0.7737833 -0.3513474 0.1468092 -0.9832067 -0.1084042 -0 0 -1 7.049432e-06 -3.671986e-06 -1 1.034586e-05 0 -1 0 0 -1 0 0 -1 0 0 -1 -0 0 -1 0 -0 -1 0.2483597 0.912405 -0.3253223 0 0.9273635 -0.3741617 -0 0 -1 0 0 -1 0 0 -1 -0 0 -1 0 0 -1 -0.0005849975 -6.06322e-05 -0.9999998 -0.0008601109 -0.0004634256 -0.9999995 -0.0001208943 -0.0002060265 -0.9999999 0 0 -1 0.5290282 0.8486041 -0 0.7001918 0.0396263 0.7128543 0.6406767 0.05868964 0.7655645 0.9283015 0.370752 -0.0282717 0.7962556 0.6028953 0.04994311 0.8409715 0.5410793 0 0.7574382 0.4928112 0.4282808 0.4012259 -0.2818908 0.8715248 0.8228481 0.5584182 0.10531 -0.0204015 0.1009417 0.9946831 0.002060978 0.3197125 0.9475123 0.04919881 0.144346 0.9883034 0 0.3701084 0.9289886 0 0.7547956 0.6559601 -0 0.7547956 0.6559601 0 0.9826783 0.1853196 -0 0.9826783 0.1853196 0.2860245 0.8586263 0.4253834 0.04801119 0.1584505 0.986199 0.7066675 0.6271104 0.3276483 0.5324239 0.8176985 0.2188463 0.2480082 0.8808372 0.4032588 0.272758 0.8454639 0.4591228 0.3094754 0.3399688 0.8880576 0.6770414 0.7358747 -0.01016798 0.8143035 0.5480441 -0.1912002 -0.4753509 0.8514766 -0.2214254 -0.3697355 0.9257463 -0.079306 -0.1834271 0.4578141 0.86992 -0.1859047 0.829236 0.5270742 0.3874736 0.5867147 0.7110767 0.3963885 0.3173633 0.8614851 0.3343474 0.7809788 0.5275262 0.1583012 0.01158601 0.9873229 0.9704731 0.06549866 0.2321464 -0.3506606 -0.9107926 0.2179308 -0.685243 0.727187 0.04050971 0.05250587 -0.0290881 -0.9981969 0.7980424 -0.5741682 0.1829187 0.3536301 -0.9346185 -0.03786959 -0.8141683 0.5683984 0.1185462 -0.3496135 0.9262893 -0.140565 0.9887359 -0.01167072 0.1492155 -0.6658341 -0.7130007 0.2197613 -0.5200632 0.8417013 0.1451664 0.0009136419 -0.09020927 -0.9959224 0.9887358 -0.0116707 0.1492153 -0.6658343 -0.7130004 0.2197615 -0.5200638 0.8417009 0.1451667 0.0009104292 -0.090209 -0.9959224 0.9258562 0.359873 -0.1152464 0.5852968 -0.7647446 0.2694314 -0.9013888 -0.3721864 -0.221304 -0.5989796 0.7647514 0.2374418 0.6780398 0.7134969 0.1765901 0.488237 -0.858788 0.1552672 -0.9836262 0.105595 0.1460454 -0.0257938 -0.05197912 -0.998315 -0.2424127 0.8968122 0.3700864 -0.1229207 -0.865441 0.4856978 -0.08873039 0.105578 -0.9904444 0.9828738 0.110463 0.1475024 -0.2228632 0.3140439 0.9228805 0.1822587 -0.9822685 0.04393548 -0.2696747 -0.287985 -0.9188799 0.1200433 0.9921903 -0.0338827 -0.05200186 -0.3245248 0.9444467 -0.197353 -0.8558396 -0.4781113 -0.2110495 0.9058226 -0.3673466 0.9914212 0.04128122 -0.1240154 -0.3109236 -0.2794354 0.9084285 -0.2447761 -0.3686629 -0.8967565 0.06630481 0.9953625 0.06969401 0.5196446 -0.8493178 -0.09289097 0.2162781 -0.8930656 -0.3945346 0.1295854 -0.01281322 0.9914855 0.1379581 0.8808397 -0.4528675 -0.9929243 -0.06269114 -0.1008523 0.1501392 0.001468456 -0.9886638 0.42797 -0.5749276 0.6973521 -0.06475394 0.747692 0.6608809 -0.4918702 -0.6372138 -0.5933146 0.1747977 0.7137067 -0.6782835 0.1521026 -0.8737286 -0.4620209 0.1532745 0.1275935 0.9799117 -0.9982867 -0.0523475 0.02614306 0.07342464 -0.6488187 -0.7573924 0.444387 0.047985 0.8945488 0.06409352 0.954141 -0.2924162 -0.6551021 -0.7094755 0.2597802 0.9793105 0.08142257 0.1852607 -0.8222946 0.1886252 0.5368912 -0.01531806 0.1374761 -0.9903866 -0.1195186 -0.9928262 -0.003403825 0.6399161 0.1362595 0.7562677 -0.8796921 0.3152122 0.3560661 0.1792291 0.09544383 -0.9791666 -0.04391881 -0.9986411 -0.02805441 -0.933645 0.0275073 0.357142 -0.3037412 -0.1530412 0.9403828 0.5851294 -0.08459116 -0.8065159 0.8818576 0.3556019 -0.3096357 -0.9266239 -0.107617 -0.3602589 0.06991002 -0.2337229 0.9697866 0.8287518 -0.1673049 -0.534022 -0.002620714 0.9963892 -0.08486219 -0.6558602 -0.1224072 -0.7448918 -0.3005073 -0.1261116 0.9454053 0.9629909 -0.249587 -0.1017593 0.1157638 0.988227 -0.1000305 -0.5546434 -0.08521366 0.8277133 0.9898133 -0.1422864 -0.004925728 -0.08911047 -0.1961924 -0.976508 0.00148524 0.9904147 0.1381173 0.3248986 0.1239417 -0.9375923 0.2970715 0.1252542 0.9466043 -0.9011354 0.1813283 -0.3937955 0.07769899 -0.9258224 0.3698859 0.9186692 0.05328834 0.3914172 -0.721703 0.346461 0.5992576 -0.06050949 0.1092572 -0.9921701 -0.1240667 -0.9886716 0.08447438 -0.7678878 -0.1427763 0.6244703 -0.3212934 0.006003237 0.9469607 0.7722375 -0.006259463 -0.6353031 0.3153858 0.1040084 -0.9432465 -0.9933815 -0.07648925 -0.08568791 0.786903 -0.1909435 0.5867916 0.4718567 -0.03050437 -0.8811474 -0.4427747 0.4642692 0.7670755 0.6110837 0.14479 -0.7782111 0.887991 -0.1050217 0.447708 -0.6056923 0.157144 0.7800273 -0.8904746 -0.1105422 -0.4414016 0.7698706 0.1171699 0.627352 0.2127055 -0.08233496 0.9736413 -0.7680734 0.079258 -0.6354379 -0.2156775 -0.04390013 -0.9754773 1 0 0 -1 0 -0 0.6714451 -0.654543 -0.3474694 0.5964105 0 0.8026797 1 0 0 0.5462933 0.8000622 -0.2479195 1 0 -0 0.8963451 -0.08002995 -0.4360742 0.8608681 -0.5063256 -0.05040361 0.9949712 -0.02878121 0.09593736 0.9462366 0.2844291 -0.1540658 1 -0 0 -1 0 -0 1 0 0 1 0 0 -1 0 0 -1 -0 0 1 -0 0 -1 -0 0 1 0 0 1 0 0 1 0 -0 1 0 0 0.2060733 0.1766347 0.9624625 0 0 1 -0 0 1 0 0 1 0.2718506 0.9623395 5.098646e-08 0 0.9950817 0.09905822 0 0 -1 0 0 -1 0 0 -1 3.178906e-07 -1 1.29093e-07 0 1 0 0 -1 0 0 -1 0 0.1242649 -0.9879262 -0.09251953 -0.05507413 0.9137297 -0.4025729 0.4272805 0.4240266 0.7985192 0.7668993 -0.3009852 -0.5668097 0.1509488 -0.924302 0.3505429 0.08305917 0.1227526 -0.9889554 0.0709179 0.793274 0.6047207 0.06760842 -0.7137658 0.6971136 -0.08771034 -0.8796416 0.46748 0.05701145 -0.2550588 -0.9652434 -0.07240975 -0.03792918 -0.9966535 0.04189813 0.9735032 0.2248023 -0.153888 0.835983 0.526736 -0.3299557 -0.2411669 -0.9126707 0.7675303 -0.3636826 -0.5278563 -0.5152002 -0.5886148 0.6229779 -0.2807004 0.9305798 0.2350073 1 0 0 1 0 -0 1 0 0 0.9900135 0.003567686 -0.1409268 0.9897586 -0.1303014 0.05830689 1 0 0 0.9685018 0.1543589 0.195391 1 0 0 1 0 0 0.9923002 -0.1234462 0.01006306 0.9911328 0.03810108 -0.1272948 1 0 0 1 -0 0 1 0 0 1 0 0 1 -0 0 1 0 0 0.9140659 -0.351107 0.2029962 -1 0 0 1 0 0 1 0 0 1 0 0 1 0 0 1 0 0 1 -0 0 0.9912667 0.009957915 0.131496 0.9997446 -0.002522802 -0.02245848 0.9995 -0.03083428 0.007003408 1 0 0 0.980138 -0.1579629 0.1199045 1 0 0 1 0 -0 1 0 0 1 0 0 1 0 0 0.983669 -0.02421274 -0.1783508 0.9959953 0.06927224 -0.05652269 1 8.414626e-07 2.734743e-06 1 -6.142209e-07 2.423399e-07 1 0 0 1 0 0 1 0 0 1 0 0 1 0 0 0.9997134 0.01689927 -0.0169594 1 -1.196862e-06 -5.181919e-07 1 -4.383354e-06 -3.647786e-08 0.9094223 -0.4149159 -0.02821388 1 -4.374676e-07 4.411465e-07 -0.864822 -0.09613249 0.4927896 1 -2.162381e-07 2.812056e-07 1 1.073845e-06 4.649306e-07 0.7382995 0.006355616 0.6744429 0.9608848 0.2249738 -0.1615153 1 2.025675e-06 -1.505708e-06 1 0 0 1 0 -0 1 0 0 1 0 -0 1 -0 0 1 0 0 1 6.303485e-08 6.995625e-07 1 0 0 1 0 -0 1 0 -0 1 0 0 1 -1.433631e-06 -7.382139e-07 0.9864087 0.146081 0.07522091 0.9912381 -0.1176926 0.05996303 0.9819988 0.05959999 -0.1792379 0.9908662 -0.1196495 0.06219359 1 -5.245446e-07 2.726573e-07 1 0 -0 1 0 0 1 0 0 1 0 0 1 0 0 1 -7.936013e-07 -1.446516e-06 0.9972787 -0.02910034 -0.06773717 0.9191107 0.341853 0.1958878 1 0 0 1 0 -0 0.9995264 0.01911051 -0.02412107 1 0 -0 1 0 0 1 2.054078e-06 -1.106867e-06 1 0 0 1 0 -0 1 0 0 1 0 0 1 -0 0 0.9481559 -0.04751113 0.3142337 0.9983616 0.02738677 -0.05024135 1 -7.374916e-08 -1.984415e-06 0.9999313 -0.0009124467 0.01168747 0.9996237 -0.02604439 -0.008604231 1 -0 0 1 -0 0 0.9793013 0.2022405 -0.008240447 0.9819536 -0.151146 -0.1136752 1 -0 0 1 0 7.288095e-07 1 -8.099522e-07 3.308929e-07 1 -7.76046e-07 1.184569e-08 1 -2.141967e-07 -6.829653e-07 0.993794 -0.1112231 0.001697728 1 -4.059088e-06 1.653907e-07 1 -3.254268e-06 -9.345624e-08 0.9978916 -0.06311529 0.01512533 -0.9981349 0.05922333 -0.01480715 1 -9.421949e-08 -4.004328e-07 1 0 -4.016684e-07 -0.4545054 0.8903571 -0.02624971 0.004273789 0.9999908 7.824948e-08 -0.0002192388 0.9999999 -6.778298e-05 -0 1 0 0 0 1 -0.7052739 0.7052658 0.07203451 0 1 0 0 1 0 0 1 0 0 1 0 0 0.9807854 0.1950901 0 0.8314686 0.5555717 0 0.3828357 0.9238165 -0.830564 0.3094097 0.4630648 0.0006389196 0.1950914 0.9807848 -5.722134e-06 0 1 -1.907466e-06 5.085921e-08 1 -5.722133e-06 0 1 0.0003382406 -0.1950914 0.980785 -0.6055273 -0.304613 0.7352194 0.6056981 -0.5626413 0.5626408 -0.6056954 -0.735128 0.3044993 0 -0.9807854 0.1950901 0 -1 0 0 -1 0 0 0 1 0 0 1 0.00120745 -0.9999993 -4.769857e-05 0 -1 -1.502219e-07 0.00362029 -0.9999934 0 -0.6978709 -0.05074668 -0.7144235 0.0145578 -0.0005960878 -0.9998938 0 0 -1 0 0 -1 -0.4516038 0.01073692 -0.892154 0.0001019139 -7.868254e-06 -1 -0.2257859 -0.9671046 -0.1171723 -0.6827592 -0.7296956 -0.03720736 0.5041001 -0.8560947 0.1139518 -0.3835019 0.1242393 0.9151453 -0.909902 -0.0302444 0.4137191 -0.3364633 0.8845627 0.3230192 0.9452688 0.3137098 -0.08973803 -0.8192042 0.5706904 0.05671752 -0.7345406 0.1053037 -0.6703441 -0.8898368 0.134079 -0.4361344 -0.8586374 -0.1537202 -0.4889907 0.1169459 -0.9929201 -0.02081372 -0.3586515 -0.932875 -0.03336588 0.006464531 -0.9999444 -0.008321445 -0.06906772 -0.9953136 -0.06768037 0.9706602 0.01757809 0.2398119 0 -0.3666805 0.9303469 0 -1.560203e-07 1 0.071859 0.002938818 0.9974105 -0.435662 0.3604844 0.8247725 0.294937 0.4950747 0.8172595 0.7312949 0.6814371 -0.02917566 0.04446598 0.9988165 0.01970759 0.1257469 0.9904957 0.0557318 0.9929386 0.0963662 -0.06918415 -0.925925 0.3772986 0.01757288 0.5907071 0.0696617 -0.8038733 -0.03991855 0.03460357 -0.9986036 0.03106873 -0.003243624 -0.999512 -0.8678106 0.22814 0.4414259 0.8353205 -0.3750584 0.4019586 -0.6756705 -0.5391166 -0.5028148 0.8063657 0.1575578 -0.5700437 -0.5685021 -0.3199368 -0.7579221 0.5842018 0.6200154 0.5237262 -0.7077464 -0.3849854 0.5923523 0.9197468 -0.1264014 -0.3716026 -0.98063 0.1202699 -0.1545961 0.9396248 -0.009465855 0.3420753 -0.9619799 -0.203757 0.1818728 -0.6729565 -0.4698392 -0.5712973 -0.971303 0.2291375 -0.06376846 0.9942026 0.09101913 0.05724269 0.6116624 -0.2574949 0.748041 0.9908545 -0.1235427 0.05426437 0.9340939 -0.1068422 -0.3406659 0.9851977 0.1563209 -0.07035159 -0.9853942 -0.1549748 0.07057763 0.9580616 0.2864442 0.008226121 0.4636077 -0.4881793 0.7394246 -0.9467151 -0.3200692 0.03586587 0.938073 -0.1459878 -0.314176 0.6732834 0.01684831 -0.7391925 0.9727628 0.2267551 0.04811233 -0.88484 0.3012465 0.3553995 0.7365034 -0.6324604 0.2399097 -0.9213069 -0.3489377 -0.1715696 0.8622397 0.01976344 -0.5061148 -0.9571865 0.242506 -0.158066 0.6807542 0.5075171 0.5282046 -0.909656 0.06018766 0.4109786 -0.9689604 -0.2385083 0.06503512 -0.7209228 -0.2036448 0.6624191 -0.9147601 0.107713 0.3893736 -0.7989115 0.3945653 0.4539369 -0.9719051 0.1427032 -0.18718 0.9543473 -0.06671486 -0.2911537 0.5412819 -0.6529527 -0.5297797 0.2994489 0.1065074 0.948149 0.9580054 0.1339674 0.2535321 -0.8948413 -0.02085895 -0.4458969 -0.6521901 -0.4620954 0.6009292 0.6024993 -0.7927288 -0.09260362 -0.7220875 -0.03088656 -0.6911119 0.3867577 0.1390664 -0.9116353 -0.4287716 0.2656819 0.8634628 0.2841747 0.1735899 0.942927 -0.2030623 -0.09955412 0.9740918 0.2294209 0.9454201 -0.2314021 -0.7275013 0.4831148 -0.4871775 0.9643131 -0.2552917 -0.07018752 0.6426086 0.3178056 -0.6971755 0.956918 -0.09610268 -0.2739933 0.9311211 0.06920259 0.3580847 0.9819252 0.1654499 0.09191848 0.4323202 -0.3559294 -0.8285007 0.9543959 -0.2985233 0.00350872 -0.7517169 -0.1257982 0.6473766 0.9418604 -0.02961851 -0.3346966 -1 -7.030975e-06 -5.211272e-06 -0.2665307 0.1727163 -0.9482249 0.891806 -0.4394462 0.1075594 -0.7703175 0.02275593 -0.6372543 0.2974721 -0.8176671 0.4928803 -0.7259361 0.5228656 0.446798 -0.4787489 0.7790195 0.4048804 -0.7887324 -0.1760369 -0.5889925 -0.5833057 -0.3725769 0.7217624 -0.759506 0.5260812 0.3826083 0.006638054 -0.01355984 -0.999886 -0.06055224 -0.7439517 -0.6654842 0.7065282 0.1112691 -0.6988828 -0.1502802 -0.5765479 0.8031242 -0.5772302 -0.7797012 0.2426343 0.1650691 0.9862139 -0.01159155 -0.1038146 0.9919962 0.0718758 -1 0 0 -1 -0 0 -0.9967012 -0.05602923 0.0587141 -1 -0 0 -1 0 0 -0.8358253 0.5072056 0.2100919 -1 0 -0 -1 0 0 -0.9658834 -0.2008107 -0.1635367 -1 0 0 -0.9896237 -0.02830894 -0.140867 -1 0 0 0.9795956 0.1056408 -0.1709748 -0.9924283 -0.1181008 -0.03373757 -0.8649696 -0.159344 0.475854 -1 0 -0 -0.9845893 0.09175603 -0.1488778 -1 0 0 1 0 0 1 0 -0 -1 0 0 -1 0 0 -1 0 0 -1 0 -0 -1 -0 0 -0.9476014 0.02329121 -0.318605 -0.9377427 -0.229243 0.2609335 1 0 -0 1 0 0 -1 -0 0 -1 0 0 -1 0 0 -1 -0 0 -1 0 -0 -1 0 0 -1 0 0 0.9958284 0.07068007 -0.05770735 -1 -0 0 -1 0 0 -1 0 0 -1 0 0 0.6549346 -0.03426123 -0.7549086 -1 0 0 -0.9715275 -0.1593878 0.175299 0.9999095 0.01080909 0.008011567 -0.9316775 -0.3628932 -0.01690193 -1 0 0 -0.9928327 0.1194202 -0.004702704 0.9768004 -0.1033575 0.1875583 -1 0 0 -0.9863776 -0.07386188 0.1469822 -0.9812398 0.178591 -0.07262073 1 0 0 -1 0 0 1 0 0 -1 0 0 -1 0 -0 -1 0 0 -1 0 -0 -1 -0 0 -1 0 0 -1 0 0 -1 -0 0 -0.9704599 0.2212878 -0.09612124 -0.561147 -0.5796757 0.5908384 -1 0 -0 -1 0 0 -1 0 0 -1 0 0 1 -0 0 -1 0 0 -1 0 0 -0.9961825 0.01719914 0.08558395 -1 0 0 -1 0 0 -1 0 0 -0.9940701 0.07718367 -0.07659917 -0.9848194 0.04733333 -0.1670042 -1 0 -0 -1 0 0 -1 -0 0 0.9980019 -0.05629741 0.02868288 0.5514402 -0.4220001 0.7196038 -1 -0 0 -1 0 0 -1 0 0 -1 0 0 -1 0 -0 -1 0 0 -0.9472011 0.3139306 0.06525049 -0.9845243 -0.1633147 0.06356213 -1 -0 0 -1 0 0 -1 0 0 -1 0 0 -1 0 0 -1 0 0 -1 0 0 -1 -0 0 -1 0 -0 -1 -0 0 -1 0 0 -1 0 0 -0.6782613 -0.6355803 0.3687809 -0.2399725 -0.239563 -0.9407565 -0.0415839 0.9801018 -0.1940909 -0.03033672 -0.9939313 0.1057364 0.2221781 -0.9747242 0.02344337 0.02684963 0.9897228 0.1404555 0.08995658 0.9958705 -0.01224099 -0.03687125 -0.9992629 0.01068122 -0.03093131 -0.9989148 0.03481825 0.02261028 0.9948159 -0.09914741 -0.01762835 0.8394064 0.5432183 -0.01393929 0.2065058 0.978346 0.0004685711 0.954105 0.2994719 0.01552582 0.3997746 0.916482 0.002366115 0.9999621 -0.008380353 -0.008838719 0.9947649 -0.101807 0.02049018 0.9997894 -0.001194234 -0.04502415 0.9522461 -0.3019935 -0.01656419 0.999862 0.001250249 -0.01789103 0.9998392 -0.001215481 -0.02723115 0.5702299 -0.8210338 0.09298491 0.1351317 -0.9864548 -0.001251694 -0.9996042 0.02810699 0.04987834 -0.993067 0.1064433 -0.003948981 -0.9999846 -0.003919214 -0.01753619 -0.9994646 -0.0276229 0.002940561 -0.9999703 -0.007135143 -0.003137982 -0.9999872 -0.003975051 -0.007157376 -0.9923566 -0.1231957 0.0149374 -0.885717 -0.4639851 -0.04724598 -0.372197 -0.9269505 -0.03662084 -0.363351 0.9309323 0.005280174 -0.8486784 0.5288827 0.01369409 -0.7706599 0.6370994 -0.9978844 0.06486727 0.004365503 -0.01405093 0.002744418 -0.9998975 -0.03970559 0.01588357 -0.9990852 -0.01789111 -0.01225907 -0.9997648 -0.04526937 0.3115143 -0.9491626 -0.001396068 0.8575842 -0.5143418 0.01542874 0.7051284 -0.7089118 -0.994655 -0.1032397 -0.001781696 -0.9794196 -0.2018089 0.003210193 -0.9530687 -0.1080765 -0.2828069 0.01362145 0.3569444 0.9340264 -0.1578133 0.9453049 0.2854708 -0.9977991 0.01477045 -0.06464337 -0.350344 -0.2800307 0.8937796 -0.904801 0.01038407 0.4257082 -0.7883361 0 0.6152449 -0.8927851 -0.01320674 0.4502892 0.9475967 0.3093445 0.07979026 -0.9894313 0.04622132 0.1374389 -0.5147977 0.3017934 -0.8024364 -0.9122224 0.4096677 -0.004755002 -0.3983101 0.8881813 0.2290915 -0.2176311 0.747611 0.6274667 -0.002340946 0 0.9999973 -0.01197811 -0.004478012 0.9999183 -0.01715932 0.9968821 0.07701676 -0.2484864 0.7819505 -0.5716712 -0.05113887 0.2321839 -0.9713266 -0 0 -1 -0 0 -1 -0.02285747 -0.01769034 -0.9995822 0.00847326 -0.5465636 -0.8373746 -0.03911782 -0.9950618 -0.09122352 -0.2430564 -0.8907666 0.3840033 -0.0501182 -0.2272847 0.9725379 -0.01324716 -0.9997374 -0.01869757 -0.01265257 0.0246612 0.9996158 -0.007129963 0.01790543 0.9998143 -0.06337993 -0.04292588 0.9970659 0.9251791 -0.05506219 -0.3755155 -0.9190766 -0.0139533 -0.3938317 -0.7658182 0 -0.6430572 -0.351534 0.5548404 -0.7540398 0.009069705 -0.03342408 0.9994001 -0.9555012 -0.1543331 0.2513937 0.1258756 -0.9920428 -0.002537273 -0.7905229 -0.6098024 0.05669796 0.03436518 -0.999406 -0.002556106 -0.9162539 -0.2821902 -0.2843373 -0.1953322 -0.4307922 -0.8810581 -0.9176065 -0.006470499 -0.3974374 0.9697193 -0.1259172 -0.2092594 0.005038157 0.6873263 -0.7263314 -0.105394 -0.5339276 -0.8389359 -0.004585844 -0.99996 0.007681488 -0.00788107 -0.9999682 0.001218931 -0.00196462 -0.8666335 -0.4989416 -0.006911448 -0.8329351 -0.5533276 -0.01513892 -0.1292437 -0.9914973 0.000381365 -0.312799 0.9498193 -0.02510332 -0.6872842 0.7259547 -0.01138099 -0.7789253 0.6270134 -0.1247641 0.01479909 -0.992076 0.9744703 -0.164729 0.1525521 0.03044507 0.779072 -0.6261949 0.07639506 0.9967223 0.02661754 0.9333084 0.3590653 -0.002758266 0.9397238 0.3135792 0.1363345 0.02982154 -0.5546256 -0.8315654 0.4531086 0.1254735 0.8825809 0.1502177 -0.1785025 -0.972405 -0.9256767 0.008019581 -0.3782307 -0.004457648 0.353018 -0.9356058 -0.02957116 0.6359063 -0.7711996 -0.01175784 0.7789308 -0.6269997 -0.01309018 0.9979537 -0.06258536 0.005746744 0.9999637 0.006293224 -0.01474095 0.9954608 0.09402391 0.01787872 0.7974846 0.6030743 -0.002004669 0.04467192 0.9989997 -0.9484734 0.316842 0.003077112 -0.0669909 0.6292526 0.7743084 0.01078028 0.01648203 0.9998061 -0.06241304 -0.01655949 -0.9979131 0.9204426 0.2628838 -0.2892706 -0.9826825 0.0112872 -0.1849534 0.01523 -0.1008817 0.9947819 0.01488259 -0.9496026 0.3131029 -0.04323924 -0.7331419 0.6786998 -0.01991236 -0.7402529 -0.6720336 -0.002794765 -0.6303048 -0.7763427 -0.1063003 -0.7639614 -0.6364457 0.5991529 0.08335076 0.7962841 0.4396206 -0.7098473 0.5503184 0.18837 -0.9820798 -0.005998631 0.03150766 0.7538005 0.6563476 -0.009026105 0.007999334 -0.9999272 -0.008991622 -0.007343878 -0.9999326 -0.00362392 0.0001905808 -0.9999934 -0.9211752 -0.3757456 -0.101249 -0.2336171 0.01405129 0.9722271 -0.0132458 -0.01535299 0.9997944 -0.003469153 0.0002086579 0.9999939 -0.01330478 0.02339384 0.9996378 -0.03753433 0.9989235 -0.0272536 0.03372364 0.99942 0.004737434 -0.03371318 -0.9994176 0.005284673 0.004891875 0.9937413 -0.1115986 0.2745526 -0.9288951 0.2485451 0.03565259 -0.9989914 0.02729429 0.002936376 -0.9998228 -0.01859377 -0.005451561 -0.9990671 -0.04283983 -0.007583403 -0.999875 0.01387211 0.1169651 -0.9926057 -0.03245121 -0.08481424 0.9925422 -0.08755784 0.002219753 0.9899008 -0.1417445 -0.008682738 0.9998134 0.01725465 -0.002094785 0.996963 0.07784794 -0.003197964 0.9999746 0.006360984 0.008167127 0.9999309 0.008454646 0.01943071 0.9992102 0.03466106 -0.7815052 0.6217712 0.05148061 -0.70592 -0.7082836 -0.003357393 0.8837725 -0.4645467 0.05605712 0.3744393 0.9264153 0.03936857 -0.9056077 0.1683102 -0.3892895 -0.7629377 0.644099 0.05534002 -0.8477429 0.2039248 -0.4896393 0.0003103938 -0.001236498 -0.9999992 0.09727953 0.00166948 -0.9952556 0.0001413719 0.05208007 -0.9986429 -0.05953236 -0.01550743 -0.998106 0.008500775 0.006352127 -0.9999437 0.01981956 0.017991 -0.9996417 -0.002876038 -0.02811674 -0.9996005 -0.008765746 -0.005101575 -0.9999486 0.01095109 -0.03889143 -0.9991835 0.009251256 0.04973633 0.9987195 -0.006451119 -0.06109283 0.9981112 -0.003200461 -0.05357396 0.9985588 -0.0172142 0.01864534 0.999678 -0.009603082 -0.02316819 0.9996855 -0.001175388 -0.06862919 0.9976415 -0.02964202 0.07073444 -0.9970546 0.004195755 -0.0007779242 0.9999909 0.1694476 -0.03141686 0.9850383 0.4423653 0.001934412 0.8968328 -0.1629937 -0.2757231 0.9473172 0.003377127 0.00121389 0.9999936 0.3098649 -0.003540522 0.950774 -0.008211973 -0.08551074 0.9963034 -0.02367997 -0.01556213 0.9995984 0.02242235 0.03146375 0.9992533 -0.01225957 -0.01666148 0.9997861 0.0190688 -0.001360268 0.9998173 0.02930496 0.004757399 0.9995592 -0.002757865 -0.03350311 0.9994348 0.02562049 -0.0133475 0.9995826 0.0298525 0.002874876 0.9995502 -0.0140334 -0.005558621 -0.999886 -0.01681136 0.007627155 -0.9998295 -0.001159468 0.0051539 -0.9999861 -0.01198008 -0.0101852 -0.9998764 -0.04060708 -0.003495619 -0.9991691 -0.01606759 -0.01957423 -0.9996793 0.2198859 0.03523439 -0.974889 -0.009841789 0.02840397 -0.9995481 0.013671 0.002386327 -0.9999037 -0.01041992 -0.004175419 -0.999937 -0.01007899 0.003493681 -0.9999431 -1 0 0 -1 0 0 -1 0 0 -1 0 0 -1 0 0 -1 0 0 -1 0 0 -0.8203634 -0.02058251 -0.571472 -0.9222751 0.3512709 0.1612996 -1 0 -0 -1 0 0 -0.9571128 -0.004359172 -0.2896826 -0.973371 0.229145 -0.006428081 -0.9340628 0.3326886 -0.129788 -0.9911367 0.1237409 0.04833436 -1 -0 0 -1 -0 0 -1 -0 0 -1 0 0 -1 0 0 -0.9967465 0.07987551 0.01078519 -0.9924529 0.05882135 0.1075974 -0.9755671 0 0.219702 -0.6162105 0.006757752 -0.7875525 -0.9999353 -0.01137578 0 -0.7355747 4.638297e-05 0.6774436 -0.8464367 -0.08301365 0.5259786 -0.9287927 -0.105858 -0.3551595 -1 0 0 -1 -0 0 -0.9221226 0.2170549 0.3202765 -1 0 0 -1 0 0 -1 0 0 -1 0 0 -1 0 0 -0.9699197 -0.2374612 0.05355291 -0.9864635 -0.1633972 0.01382593 -0.4661778 -0.007559036 -0.8846588 -0.9717445 -0.01937997 0.2352382 -0.5194893 0.008391086 -0.8544357 -0.9374091 -0.3244175 -0.1265603 -0.973776 -0.2274194 -0.006379896 -0.9761897 -0.04151151 -0.2129097 -0.9966903 -0.06361993 -0.0506069 -0.9911802 0.01940136 -0.1310932 -0.9914291 0.01072689 -0.1302053 -0.609442 -0.009342773 -0.7927756 -0.8271639 0.3390677 -0.4481441 -0.9740819 0.1957946 -0.113265 -0.2362785 -0.01819834 0.971515 -0.6578425 -0.2755473 0.70094 -0.8904442 0.002648977 0.4550847 0.08129205 -0.1494408 0.9854233 -0.0005805467 -0.005074973 0.9999869 -0.08975112 0.000533887 -0.9959641 -0.775687 0.06547049 0.6277127 -0.8272169 0.08253448 0.555788 -0.8790982 -0.03204194 0.4755625 -0.9536633 -0.002743206 0.3008635 -0.954769 0.01188551 0.2971111 -0 0 -1 0.005196251 -0.005820667 -0.9999696 0.0002803727 0.0004707923 0.9999999 0 0 1 0.00510984 -0.008580269 0.9999502 -0.00455221 -0.3264876 -0.9451905 0.00198694 -0.5610124 -0.827805 0 -0.5756604 -0.8176888 0 -0.9950147 -0.09972864 0 -0.9950147 -0.09972864 -0.9112579 0.4097828 0.04107183 -0.9419013 0.1669259 0.2914751 -0.9728917 -0.009273496 -0.231075 -0.7070798 0 -0.7071338 -0.9728917 0.009273496 -0.2310749 -0.9472125 -0.1579333 0.2790083 -0.9085894 -0.4156079 0.04165561 0.09892794 0.3315911 -0.9382221 -0.01448777 0.009116439 -0.9998535 -0.0354398 0.5762611 -0.8164969 0.04182055 0.9941442 -0.09964123 0 0.9788094 -0.2047735 -0.9709689 0.2391185 -0.006454044 -0.2717854 -0.7470076 0.6067226 -0.9801879 0.08246488 -0.180087 -0.5598379 0.8108473 -0.1706116 -0.007634271 -0.4163296 0.9091817 0.006243023 -0.5629622 0.8264591 -0.03312119 -0.9780355 0.2057899 0 -0.9950146 0.09972869 -0.9284695 0 0.3714086 -0.9284695 0 0.3714086 -0.7179789 -0.6811498 -0.1433216 -0.9650919 -0.001288502 -0.2619079 -0.8448328 0.2227555 0.4864538 -0.9683496 -0.2495535 -0.0047015 0 0.9785725 0.2059027 -0.03758844 0.9943115 0.09965806 0.00779052 0.5391461 0.8421762 -0.006055183 0.4163342 0.9091914 0.05794113 -0.005760786 -0.9983034 -0.3159066 -0.003735258 0.948783 0 -1 0 0 -1 -0 0 1 0 0 1 -0 0 0 -1 0 0 -1 0 1 0 0 1 -0 0 -1 0 -0.021097 -0.7251286 0.6882902 0 0 -1 0 0 -1 -0.0004274199 -0.9903242 -0.1387723 1 -0 0 0 -0.9996067 -0.02804239 0 -0.9996068 -0.0280424 -0.03715516 -0.9954563 -0.08767167 -0.01287312 -0.93154 0.363411 0.01157834 -0.9994361 0.03151965 0 -1 0 0 -1 0 0 -1 0 0.001416621 -0.9999987 0.0007547271 0.001396578 -0.997994 0.0632921 -0.005784047 -0.9987339 0.0499705 -0.01379153 -0.9979991 0.06170515 -0.008219972 -0.9995731 0.02804046 1 -0 0 -0.03784689 0.9968398 -0.06984216 -0.04861632 0.9975704 -0.04989792 0 0.9997672 0.02158002 -0.008219991 0.9995731 -0.0280412 -0.01287304 0.9315408 0.3634088 0.01344158 0.9998956 0.005308155 0.01981603 0.9980091 0.05987757 0.02229747 0.9973066 0.06987487 0 1 -0 -4.191687e-08 1 8.116375e-08 1.735066e-08 1 5.242802e-08 -0.01381233 0.9995113 0.02803972 0 0.9950985 0.09888911 0.04954543 0.9985802 0.01956577 -0.01165086 -0.04069238 -0.9991038 -0.0151746 -0.06567748 -0.9977255 0.01176837 -0.155887 0.9877048 0 -0.04069581 0.9991716 0 0.04069582 0.9991716 -0.01176837 0.155887 0.9877048 0 0.1558973 -0.9877733 0 0.1558973 -0.9877733 -0.4177175 0.00970109 0.9085252 -0.132472 -0.008227387 0.9911525 0 -0.4404295 0.8977872 0.01063288 -0.6638069 0.7478285 -0.01530259 -0.8976824 0.4403772 -0.9691272 -0.03843841 0.243547 -0.09193653 -0.6666584 0.7396717 -0.9622257 -0.2722531 0 -0.7675127 0.05018328 0.6390665 -0.9449354 0.327257 0 -0.8363673 0.432124 -0.3372811 -0.9622256 0.2722532 0 -0.7675139 -0.05018323 -0.639065 -0.9449351 -0.3272578 0 -0.8363673 -0.432124 0.3372812 -0.9606243 -0.01130717 -0.2776204 -0.8188307 -0.2528218 -0.5153614 0.983971 -0.160101 -0.0785408 -0.84738 -0.326314 -0.4188867 -0 -0.8977879 -0.440428 -0.01708527 -0.7824865 -0.6224331 1.590496e-08 -0.4404292 -0.8977874 -0.9173628 -0.3457773 -0.1971887 -0.09675981 -0.12642 -0.9872465 0 -0.01499247 -0.9998875 -0.004925096 -0.03174145 -0.999484 -0.9691272 0.03843828 -0.2435468 -0.09194395 0.6666572 -0.7396719 0 0.6644285 -0.7473519 -0.01788978 0.7824749 -0.6224252 0.0007367958 0.03295493 -0.9994566 -0.007893772 0.01415104 -0.9998688 -0.07803836 0.09122849 -0.9927676 -0.9606246 0.01130732 0.2776195 -0.8188334 0.2528201 0.515358 0.9839709 0.1601013 0.07854099 0.9416137 0.2714934 0.1991352 0 0.8977877 0.4404284 -0.0170853 0.782486 0.6224337 -1.590496e-08 0.4404292 0.8977874 -0.3405016 0.9069054 0.2481557 -0.6019691 0.5075678 0.6164481 0.0002788715 0.014045 0.9999014 -0.0123287 0.05691163 0.9983031 -0.6420045 0.307634 0.7022761 -1 0 0 -1 0 0 -1 0 -0 0.390731 0 0.9205048 0.0657395 -0.02196589 0.997595 -0.3163514 -0.0116773 -0.9485702 0.8783618 -0.2833757 0.3849398 0.4425757 0.4072486 0.7989214 0.4654292 0.2796888 0.8397321 0.4237863 0.0385792 -0.9049403 0.5531021 -0.3847813 -0.7389326 0.3157879 -0.02766262 -0.9484265 0.5872823 0 -0.8093822 0.4964984 0.00260573 -0.8680337 -0.007987686 -0.03287936 0.9994274 -0.02550783 -0.09239163 0.995396 -0.65429 -0.3034382 -0.6926976 -0.9999991 0.0005311429 0.001212509 -0.9999968 0.002518457 0 -0.9999964 0.002662064 -0.000328349 -0.02931468 -0.05035205 0.9983011 -0.2755692 -0.1337654 0.9519288 0.05314577 0.05491727 0.9970756 0 0 1 0 0 1 -0 0 1 -0 0 1 0.7010766 -0.217333 -0.6791598 0.0485071 0.09602269 0.9941965 -0.2755692 0.1337653 -0.9519288 -0.02931407 0.05035183 -0.9983013 0.05314578 -0.05491728 -0.9970755 0 0 -1 0 0 -1 0 0 -1 0 0 -1 0.7010764 0.217333 0.6791598 0.04850711 -0.09602268 -0.9941965 0 0.9967562 0.08048033 -0.00077897 0.9971344 0.07564575 0.06859858 0.9976444 0 0.07090315 0.997483 -0.0006575679 0 0.9970842 -0.07630911 -0.006100776 0.9924604 -0.1224135 -0.5826157 -0.7648085 -0.2750032 -0 -1 0 0.874126 -0.469528 0.1242866 1 0 0 0 1 0 -0.5389988 0.8156951 0.2100516 0 -0.9916118 -0.1292523 -0.007877842 -0.9964899 -0.08334137 0.06859858 -0.9976444 0 0.07090314 -0.997483 0.0006575678 0 -0.9970842 0.07630911 -0.006100816 -0.9924604 0.1224138 0.874126 0.4695279 -0.1242867 1 0 0 -0.165309 -0.08616869 0.9824703 -0.09501286 0.5764169 0.8116132 0 4.083748e-05 1 0.9746161 0.1847009 -0.1265264 0 0 1 0 0 1 0.2818246 0.01912596 0.9592753 -0.02923132 -0.479824 0.8768776 -0.3934557 0.2683029 0.8793215 0.9888424 -0.1365108 -0.05962835 -0.1151951 0.1503124 0.9819044 0.200472 0.5183895 0.8313142 0.2183009 0.9744034 -0.05369039 -0.008067043 0.9999648 0.002338917 -0.9934584 0.1140643 -0.005458194 -0.9656975 0.2588589 -0.02050514 -0.4522893 0.1491989 -0.8793032 -0.09240763 0.4907461 -0.8663884 -0.142781 0.6844485 -0.7149432 -0.9823121 0.0253382 -0.1855291 0 4.275876e-05 -1 -0.01446099 0.001126678 -0.9998948 -0.9899373 -0.0002571029 -0.1415065 0.4635861 -0.6643544 -0.5862773 0.1984359 -0.8871188 -0.4167053 0.3452953 -0.517594 -0.7828586 0 -0.8968939 -0.4422457 0.4180306 -0.9041814 -0.0877853 -0.9698424 -0.002180282 -0.2437228 0.03328095 -0.9994412 -0.003124676 -0.03395735 0.9075831 -0.4184971 0.02540923 0.4998027 -0.8657665 -0.7271417 0.6536664 -0.2097264 -0.8186138 0.5695294 0.07421362 -0.2569386 0.966118 -0.02446385 -0.983813 0.005865329 -0.1791022 -0.9657109 0.04078966 -0.2563954 0 0.03273095 -0.9994643 -0.005921305 0.01233531 -0.9999065 -0.9577893 0.2873769 -0.007371017 -0.9675856 0.2522113 -0.01294334 0 0.9996712 -0.02564087 0 0.9996712 -0.02564087 -0.829046 0.3979525 -0.3928316 -0.9923616 0.03937281 -0.1169106 -0.9583938 0.2359168 -0.1607001 -0.592531 0.7016811 -0.3956647 -0.9977357 0.06723494 -0.001724529 0 0.3191634 -0.9476996 -0.02683973 0.1757324 -0.984072 0.007017459 0.62066 -0.7840484 -0.02245575 0.8262671 -0.5628307 0 0.8971433 -0.4417398 -0.8234863 -0.004620472 -0.5673174 -0.1182787 -0.03865915 -0.9922276 0.9882812 0.02683414 -0.1502667 -0.986474 0.1109903 -0.1206241 0 0 -1 -0.1356604 -0.3162129 -0.9389386 -0.9793123 -0.1623099 -0.1208424 -0.2109275 -0.5026921 -0.8383378 -0.9052955 -0.01004504 -0.4246635 -0.02499595 0.00816989 -0.9996542 0.002366937 -0.8290538 -0.5591639 -0.7769753 -0.6293241 -0.01614173 -0.04295247 -0.3188689 -0.9468251 0.09307196 -0.7011297 -0.7069333 0 -0.9996712 -0.02564088 0.01258731 -0.9982653 -0.05751558 0.9725822 -0.002745689 -0.2325435 -0.9786527 -0.1654797 -0.1218826 -0.9972714 -0.07161371 -0.01792319 8.030823e-05 -0.01180638 -0.9999303 0 -0.01216334 -0.999926 0.02117711 -0.4246327 -0.905118 -0.00846358 -0.6910049 -0.7228004 -0.9864654 -0.144787 -0.07696003 -0.9829434 -0.127086 -0.1329337 -0.2208883 -0.9752341 0.01126193 -0.01740314 -0.9662716 0.2569364 -0.06238024 -0.998038 -0.005367528 -0.008537528 -0.9988393 -0.047405 0.004508787 -0.9925265 -0.1219458 -0.7271417 -0.6536664 0.2097264 -0.8186139 -0.5695294 -0.07421355 -0.01740317 0.9662713 -0.2569373 -0.024179 0.9997076 -8.039902e-08 0 0.9998008 0.01995932 -0.05743477 0.9431213 -0.3274498 -0.9866706 0.1435615 0.07662313 -0.9830053 0.1326945 0.126857 0 0.535594 -0.8444756 0 0 -1 0 0 -1 0.7268798 0.6057335 -0.3236245 -0.3295408 0.0411288 -0.9432451 0.008382495 -0.004412319 -0.9999551 -0.09501279 -0.576417 -0.8116131 0 -4.083752e-05 -1 0.03775531 0.6873904 0.7253062 0.02857022 0.7225323 0.6907465 -0.7645168 -0.02109849 -0.6442584 -0.9415359 -0.2215877 0.2537895 0.9746162 -0.1847008 0.1265261 -0.03395743 -0.9075832 0.4184969 0.02540918 -0.4998022 0.8657668 -0.983813 -0.005865322 0.179102 -0.9657111 -0.04078965 0.2563951 -0.004686062 0.03273059 0.9994532 0 0.01178761 0.9999305 -0.7306324 0.6825467 0.01750685 -0.8178256 -0.553192 -0.1585557 0 0.9996712 0.02564087 -0.0004597562 0.9997004 0.02447607 -0.8348776 0.3318976 0.4391167 -0.9052729 0.1355904 0.4026118 -0.9826933 0.153096 0.104285 -0.9592649 -0.0003522439 -0.2825083 -0.9915022 0.1300895 0.0001032079 -0.9592648 0.0003521771 0.2825083 -0.9915022 -0.1300896 -0.0001032079 -0.9577891 -0.2873771 0.007371023 -0.9675856 -0.2522115 0.01294334 -0.8290452 -0.3979529 0.3928325 -0.9923615 -0.03937292 0.1169109 -0.9583936 -0.2359174 0.1607007 -0.8234851 0.004620614 0.567319 -0.8745751 0 0.4848901 -0.008493938 -0.319152 0.9476655 0.01905592 -0.5186852 0.8547529 -0.02245576 -0.8262668 0.562831 0 -0.8971431 0.4417401 -0.01068175 0.826428 0.5629411 0.003525403 0.7917371 0.6108516 -0.006594854 0.3191565 0.947679 0 0.2810149 0.9597034 -0.9975407 0.06794439 0.01720902 0.9579476 0.2236509 0.1797688 -0.6855968 0.2239427 0.6926808 0 -0.9996712 0.02564087 0 -0.9996712 0.02564087 -0.4113154 -0.493158 0.7665603 -0.9391241 -0.004561377 0.3435477 -0.9246479 -0.0001979338 0.3808232 -0.5149142 0.02279752 0.8569385 -0.05021314 0.03453474 0.9981412 -0.592531 -0.701681 0.395665 -0.9977357 -0.06723487 0.001724527 0 -0.03273095 0.9994643 -0.005921165 -0.01233579 0.9999064 -0.4719303 0.8509123 -0.2307167 0.08322328 0.9961339 0.02812664 -0.9791312 0.201777 0.02425019 -0.2763106 0.945763 0.1708358 -0.1959789 0.7271191 0.6579438 0 0.6327552 0.7743519 -0.9969668 0.02114476 0.0748999 0.0006259762 -0 0.9999998 0 -4.362502e-05 1 -0.6327539 0 0.774353 -0.3999316 -0.6473845 0.6488051 -0.1160847 -0.9560837 0.269125 0.01960779 -0.1151937 -0.9931495 0.5315023 -0.8423551 -0.08912447 -0.5292003 -0.8443887 0.08339532 -0.9656976 -0.2588584 0.02050512 -0.9517186 -0.02046648 0.3062885 -0.9966289 -0.007003601 0.08174152 0.02725416 -0.2604365 0.9651062 0 -0.4472169 0.8944256 0.01382509 -0.5350363 0.844716 0.009363987 -0.01327553 0.999868 0 -0 1 0 0 1 0.9425116 -0.03976963 0.3317984 -0.6584985 0 0.752582 0.03755985 0.02741714 0.9989182 -0.02598127 0.4470662 0.8941234 -0.04062267 0.446848 0.8936871 -0.6911351 0.02362239 0.7223394 -0.9972155 0.02056656 0.07168161 -0.9995908 -0.01623739 0.02354502 -0.9994741 0.01373164 0.02937443 -0.9902045 -0.03702601 0.1346262 -0.9992568 -0.0125436 0.03644762 -0.9994683 0.01402133 0.02943573 -0.9986261 -0.0009024431 0.05239537 -0.9976631 0.0185666 0.06575549 -0.9959881 0.02092042 0.08700609 -0.9965447 0.08275636 0.007069747 -0.9965412 0.07959719 0.02387301 -0.9993212 -0.02717224 0.0248761 -0.9986783 -0.0468151 0.02121194 -0.9973978 -0.05114153 0.05081515 -0.04920908 -0.9791964 -0.1968571 0.1525503 -0.4949549 -0.8554227 -0.6376737 0.5160152 -0.5719271 0.1906986 0.9780861 0.08355641 -0.1660822 -0.08382086 0.982543 0.1893986 -0.8126955 0.5510483 -0.53499 0.3625477 -0.7631152 0.03723496 -0.7928183 -0.6083196 0.03680054 0.9794409 -0.1983466 -0.02445751 0.91602 0.4003863 -0.2521346 0.1887237 0.9491109 0.2336616 -0.68973 0.6853282 -0.9983266 -0.05724576 -0.008183458 -0.9978897 -0.06492897 0.0006517319 -0.978151 -0.1697062 -0.1200848 -0.9971663 -0.07422036 -0.01227668 -0.9952331 0.04519819 -0.0864196 -0.9976551 -0.06020514 -0.0325525 -0.9988948 0.02549187 -0.03948811 -0.9973978 0.05114155 -0.05081522 -0.9986783 0.04681512 -0.02121192 -0.9993212 0.02717219 -0.0248761 -0.9996139 -0.01151082 -0.02528789 -0.9958545 -0.08678973 -0.02722934 -0.9929256 -0.04345934 -0.1104985 -0.9996641 -0.0175368 -0.01908032 -0.995674 -0.002197205 -0.09288891 -0.9995583 0.02254352 -0.01936098 -0.9995908 0.01623742 -0.02354502 0.4303532 -0.8149604 0.3881181 -0.3670564 0.4787255 0.7975534 -0.06716877 -0.9137427 -0.4007024 -0.213305 -0.657443 -0.7226823 0.6296079 0.5511159 -0.5475994 0.1750465 0.97927 0.1019261 0.2613554 0.8736587 0.4103826 0.3820991 -0.5012086 0.7763957 0.09854891 -0.7696853 0.6307715 -0.03364237 0.1488249 -0.9882912 -0.4710744 -0.3654422 -0.8028331 0.3566563 0.9341886 -0.009377033 0.6176605 0.2274657 -0.7528312 1 -0 0 1 0 0 1 -0 0 1 0 0 -0.002483432 -0.9709669 0.239201 0.02871837 -0.8186218 0.5736145 0.002948359 -0.6536448 0.7567958 0.02649256 -0.02346933 0.9993734 -0.003273652 -0.2466 0.9691118 0.009420066 -0.02754537 -0.9995762 -0.01032126 -0.518628 -0.8549377 0.010119 -0.6321222 -0.7748026 0.01008248 -0.970921 -0.2391876 0.02023654 -0.9874946 -0.1563483 -0.04930709 0.918481 -0.3923793 0.009641922 0.9885392 -0.1506558 0.01011357 0.6536142 -0.7567604 0.01011337 0.6536131 -0.7567613 0.0107453 0.2483947 -0.9685993 -0.01038959 0.04196198 -0.9990652 0.01906634 0.4324092 0.9014759 0.0192843 0.5186738 0.8547547 0.009703884 0.562947 0.8264359 0.01040625 0.9195508 0.3928335 0 0.9476994 0.3191643 0.996353 -0.0749429 -0.04079469 0.03829135 -0.01841142 -0.9990969 -0.7870356 -0.007901025 -0.6168569 -0.987433 0.01694326 -0.1571277 -0.8390527 -0.3062858 -0.4496437 -0.9991257 -0.04100695 -0.008142424 -0.9998171 -0.01812213 -0.006103135 -0.99669 -0.08129388 0.0004717707 -0.0067142 0.009943096 0.9999281 -1.674622e-05 0 1 -3.696436e-07 2.007014e-05 1 0.009403062 -0.9195599 0.3928374 -0.007991149 -0.8264489 0.562955 0.03313097 -0.5182393 0.8545938 0.02421429 -0.4337094 0.9007274 0.005878135 -0.3191587 0.947683 -0.9927846 0.1198157 0.004803583 -0.9987206 0.05037695 0.004389144 -0.9531155 0.2500971 -0.1703594 -0.8316459 0.02174567 -0.5548804 -0.9999996 0.0002959986 -0.0008789134 -0.8318537 -0.01367926 -0.5548264 0.9987462 0.04695451 -0.01735487 0.05850202 0.05430396 -0.9968092 -0.002483514 0.9709673 -0.2391995 0.02871847 0.8186221 -0.5736141 -0.01469438 0.518468 -0.8549708 0.0238952 0.06335665 -0.9977049 -0.6319521 0.7749824 -0.00624281 1 0 -0 1 -0 0 1 0 0 1 -0 0 0.007955663 -0.43196 -0.9018577 0.01239059 -0.3191388 -0.9476269 0.03308552 -0.5186644 -0.8543375 -0.007991032 -0.8264487 -0.5629553 0.009403028 -0.9195594 -0.3928386 0.02854711 0.09322604 0.9952356 -0.01067043 0.5186321 0.8549309 0.0423428 0.8927502 0.4485579 0.01086856 0.9709128 0.2391867 0.2480554 0.07653325 0.9657179 -0.9964853 -0.01896842 0.08159208 -0.9498038 0.09984901 0.2964842 -0.9512436 0.2736577 0.1422919 -0.9883943 0.12555 0.08552141 -0.9286223 0.3710206 -0.002113135 -4.868e-07 2.643125e-05 -1 -1.825801e-05 -0 -1 -0.008964816 0.01093659 -0.9999 -0.3951674 -0.001998525 0.9186069 0.9788958 -0.1741813 0.1068828 -0.9971256 -0.07575275 -0.001433947 -0.8826621 -0.3072191 0.3557021 -0.9798687 -0.0237831 0.1982215 -0.8640596 -0.5033752 0.003776218 -0.006981783 -0.9999368 -0.008807218 -0.00697271 -0.999935 0.009027441 -7.572553e-05 -1 -3.784361e-08 -0.8484661 0.5292271 0.004885834 0.006415819 0.9999428 -0.008559878 0.00616029 0.9999528 0.007514199 3.102544e-08 1 3.784422e-08 -0.7693796 0.6267516 -0.1234397 0 1 0 -0.006940048 0.9999361 -0.008929249 -5.886819e-08 1 7.568843e-08 -0.9992142 0.03945728 0.003734215 -0.7301826 -0.6832446 -0.003203588 0.006415882 -0.9999428 0.008559876 -0.00617301 -0.9999526 0.007529719 6.205085e-08 -1 -7.568843e-08 -0.06092036 0.001433528 -0.9981416 -0.002209487 0.0002389571 -0.9999976 -0.001426754 0.0009874982 -0.9999985 -0 0 -1 0 0 -1 -0.001489265 -0.0008636383 -0.9999985 0 -0.002351922 -0.9999972 -0.002557546 4.337611e-06 -0.9999967 -0.1278242 0.0002167904 -0.9917968 -0.05876276 -0.0002754508 -0.9982719 -0.1268381 -0.01371808 0.9918286 0.03862474 -0.0004195692 0.9992536 0 0.9966769 -0.08145594 -0.114469 -0.01728888 0.9932764 0.3569663 0.1099247 0.9276268 -0.1153055 0.01273913 -0.9932484 -0.277585 -0.09073387 0.9564068 0.209949 -0.06336533 0.9756568 0.06466264 -0.006993296 -0.9978827 0.2779166 0.07656256 -0.9575493 0.9998881 -0.0140832 -0.005063915 0.9999565 -0.00910279 -0.002023136 1 2.465526e-05 -2.732673e-05 0.8962885 -0.4347402 -0.08756702 0.8610582 -0.5076979 0.02866609 0.9997652 -0.02112821 0.004818369 1 0 0 0.9999729 0.00734889 0.0005003835 0.999967 -0.008016921 0.001346921 0.9999958 0.0004273548 -0.002837906 0.9989399 -0.04565888 0.005869336 0.9986727 -0.0398367 0.03264692 0.9925767 0.0006533958 -0.1216183 1 -0 0 0.9999641 0.008244286 -0.001942449 1 3.12618e-05 2.913574e-05 0.9988333 -0.008101345 -0.04760731 0.993125 -0.1154403 0.0193951 0.9999808 -0.00556124 -0.00274217 0.9997448 3.283874e-09 -0.02258503 0.999746 -3.814639e-06 -0.02253505 0.9976938 0.06780595 0.003083132 1 -0 0 1 0 -0 1 0 0 0.9696015 0.0159014 0.2441724 0.9991672 0.03999163 -0.008098712 0.999997 -0.001890613 -0.001537523 0.9998637 -0.002583219 0.01630704 0.9995865 -0.02819177 -0.005667656 0.9927446 0.009162721 0.1198922 1 3.491608e-06 -4.489189e-07 1 0 0 1 0 -0 0.9998984 0.01380613 0.00355525 0.9999501 0.009979184 0.0005415245 0.9991704 0.03973352 -0.008928646 0.9999964 0.001422728 0.002281555 0.596895 -0.295269 -0.746011 -0.1787307 -0.9560483 -0.2324374 -0.02078667 -0.996331 -0.08302065 0.62475 1.132551e-07 -0.7808248 0.01050716 -0.00713398 -0.9999194 0.9921868 0.1094652 -0.05985749 -0.9620758 0.1681212 -0.2148147 0.001238085 0.2606565 -0.9654309 0.9870095 0.1602905 0.01091412 0.03270097 0.9994002 -0.01140142 -0.9914926 0.03014677 0.1266242 -0.1618677 0.9459114 0.2811589 -0.07515965 0.9816421 0.175299 0.09803835 0.03392204 0.9946043 -0.05416789 -0.9201179 0.3878776 -0.3534351 -0.2223539 0.9086487 -0.356763 -0.214152 0.9093179 -0.2645858 -0.1695298 0.9493439 -0.8981559 -0.4392694 0.01893182 0.01833275 -0.9997472 0.01302002 -0.002136165 -0.7534259 -0.6575294 -0.007179742 -0.3560535 -0.934438 -0.001618632 -0.3275246 -0.9448413 7.208798e-05 2.420788e-06 -1 0.01209587 0.3869454 -0.9220233 -0.01079634 0.6614743 -0.7498901 0.006337389 0.7567848 -0.6536335 -0.02155444 0.9343321 -0.3557513 0 0.9844266 -0.1757961 0 1 7.307849e-08 -0.002136201 0.7534251 0.6575302 -0.00717988 0.3560535 0.934438 0 0.319163 0.9476998 0 -0 1 -0.02026805 -0.9383143 0.3451893 0.002966915 -0.9885994 0.1505401 6.053453e-05 -1 2.503826e-05 0.1252525 -0.7060591 -0.6969881 0.2095862 0.3037613 0.9294099 0.947095 0.2547767 -0.1951919 0.9987673 0.0488634 -0.008725886 0.9855607 0.128143 -0.1106769 0.9161133 0.4008921 0.00466729 0.1323685 0.9901255 0.04615152 0.1274928 0.9763931 0.1743616 0.9949726 0.02761564 0.09626461 0.9942367 0.0342165 0.1016 0.1522328 0.934276 0.3224181 0.1689887 -0.05847137 0.9838821 0.443883 -0.2507924 0.8602738 0.3139089 -0.1669088 0.9346672 0.03865178 0.9885803 -0.1456535 0.109628 -0.74387 0.6592717 -1.119833e-05 0.0003402696 1 0 0.0003262223 0.9999999 0 0 1 -0.006040162 -0.001708381 0.9999803 -0.03500532 0.03884286 0.9986319 0.01049096 0.0009472544 0.9999445 -0.004957676 -0.002602527 0.9999843 -0.1735556 -0.1711605 0.9698364 -0.04015717 0.008075048 0.9991607 -0.01313202 0.01758338 0.9997591 -0.1739594 0.03797283 -0.9840204 -0.2674641 0.02892739 -0.9631335 0.05710216 -0.01688091 -0.9982256 0.2610874 0.01279126 -0.9652305 -0.04697378 0.01011104 0.9988449 0.038663 -0.00348832 -0.9992462 0.165161 -0.3160639 0.9342513 -0.00119636 0.03635241 0.9993383 -0.2605453 -0.06566429 0.9632261 0.2675236 0.01980873 0.9633477 -0.9403499 0 0.3402086 -0.7974069 0 -0.6034421 -0.7974068 0 -0.6034421 -0.8403452 -0.3900658 0.3763887 -0.8414198 0.381797 0.3824183 -0.5948753 0.5394021 -0.5959603 -0.0172035 0.9998335 0.006081474 -0.02845519 0.9994314 0.01808826 0 0.6000305 -0.7999771 -0.02530087 0.7031153 -0.7106256 -0.6189734 -0.5019593 -0.6040767 -0.03320539 -0.5375243 -0.8425942 -0.04275122 -0.5799444 -0.8135335 -0.03110261 -0.9993388 -0.01882719 0.006064092 -0.9998037 0.018862 -0.8032041 0 0.595704 -0.8032041 0 0.5957039 -0 0.6327562 0.774351 -0.005144241 0.6060296 0.7954255 -0.9999597 -0.003496957 -0.008258133 -0.999971 -0.004819438 -0.005897905 -0.9998826 0.004299937 -0.0147039 -0.9948548 -0.01641573 -0.09997169 -0.9982522 0 0.05909735 0.01705831 -0.1646383 0.9862065 -0.2812706 -0.6170472 0.734942 -0.9986029 0.05283264 -0.0009967256 -0.9994478 -0.007966161 -0.03226113 -0.9994946 0.01709832 0.0268024 -0.9995552 0.006961003 -0.02900106 -0.9467633 -0.2068911 0.2466481 -0.09981512 -0.6536988 -0.7501431 -0.231487 -0.9728055 -0.007952369 -0.319141 -0.7380881 -0.5944533 -0.243583 -0.937871 -0.2471139 0 0.0004940628 0.9999999 0.000878503 0 0.9999997 -0.8316327 0.4973097 -0.2471234 -0.7846028 0.607771 -0.1225267 5.937236e-06 0 -1 0 -1.394792e-06 -1 -0.01911547 -0.02155019 -0.999585 -4.044372e-06 0 -1 -0.7258393 0.6011752 -0.3342841 -0.2543557 0.9665016 -0.03431978 0.9997722 0.02071255 0.005154654 0.9794958 0.04788293 -0.1956917 0.979256 -0.05273717 -0.1956437 0.9895416 -0.04106755 -0.1382784 0.985112 -0.1719114 -0.0009117848 0.9979261 -0.06408041 0.006110333 0.9999998 -4.000318e-06 0.0006133602 0.9999375 0.01117619 -7.363739e-06 0.9999378 0.01115669 0 1 0 0 0.9999914 0.002056865 0.003606684 0.9999893 0.002241121 0.004058104 1 0 0 0.9999992 -0.001218325 0.0004562244 0.9999812 0.005195707 -0.003265061 0.9997332 0.02290081 0.0029945 0.4822868 0.7244793 0.4924726 0.1648092 -0.7323626 0.6606686 -0.3091806 -0.9510034 0 -0.9373168 -0.1153202 0.3288442 0.33951 0.3392265 0.8773017 -0.5855905 0.7064579 0.3974937 0.8099158 0.5789931 0.09382592 0.9118946 -0.3866561 0.1376423 -0.9397983 0.1255867 0.3178163 -0.9481858 0.1211906 0.2936946 0.1912961 -0.9376563 0.2901833 0.5881786 -0.7724884 0.23939 0.5712112 0.1958699 -0.7970903 -0.1411953 -0.9899761 -0.003331707 -0.9996363 0.01472342 -0.02259573 -0.9763595 0.1356428 0.1682945 0.9978898 0.003269065 -0.06484821 0.9928174 -0.02092681 -0.1177952 0.1484042 0.4652425 -0.8726543 0.1402711 -0.9714762 -0.1912014 -0.02999141 -0.9140099 -0.4045818 -0.09061211 -0.222704 -0.9706659 0.05995764 -0.05730383 -0.9965547 -0.05515812 0.6012132 -0.7971826 0.01768094 0.984176 -0.1763091 -0.6700296 -0.5313248 -0.5184153 -0.8937578 0.01436317 0.4483201 0.1649061 -0.1558467 -0.9739188 0.090393 -0.09769196 -0.9911032 -0.03604164 0.898973 0.4365188 -0.901366 -0.3798969 0.2078886 -0.9950272 0.09672744 0.02376119 -0.9946691 -0.07786261 -0.06760707 0.9964054 0.04372921 -0.07255459 0.9974449 0.03719766 -0.06099291 0.8346107 -0.3346612 -0.4375235 0.4267091 0.8137833 -0.3945581 0.5429946 0.8388023 -0.03959297 1 0 0 0.9085191 0.02418613 0.4171427 0.584488 0.7957068 0.1588222 -0.7717888 -0.6047786 0.1964305 -0.7547778 -0.312327 -0.5768555 -0.4269327 0.8608114 -0.2770056 -0.1237019 0.9135241 0.3875198 -0.03945971 0.9506826 0.3076454 -0.380417 0.9206697 -0.087465 0.1291953 -0.9661881 0.2231348 0.08291154 -0.8979997 0.4321136 -0.03529882 -0.9513333 0.3061352 -0.3546045 0.05367659 0.9334744 -0.05012429 0.3637986 0.930128 -0.1342638 0.006462782 -0.9909245 -0.8752341 -0.2529362 -0.4122967 -0.3098363 0.06728845 -0.9484059 -0.1090119 0.002785618 -0.9940366 -0.01884517 0.001371873 -0.9998215 -0.118346 -0.06595781 -0.9907794 0.2770424 0.06287936 0.9587981 0.1597435 -0.03410686 0.9865692 -0.04506889 0.006514874 0.9989626 -0.1442983 0.0002368682 0.9895343 0.6545382 -0.1299087 0.7447842 0.03143606 -0.1427082 0.9892654 -0.3020154 -0.08311243 0.9496731 -0.06394926 -0.005265049 0.9979393 0.4019175 0.1706995 0.8996243 -0.4226235 0 0.9063053 -0.9934211 0.03381228 0.1094135 -1 -0 -0 0.02870205 -0.212829 -0.9766678 -0.9986066 -0.02942525 0.04380562 -0.9983252 -0.04670122 0.0341425 -0.8649397 0.05297626 0.499072 -0.06945001 -0.764121 -0.6413235 -0.9671233 -0.2529217 -0.02652093 -0.2080994 0.134485 -0.968818 -1 0 -0 -0.9907341 -0.02312984 -0.133832 -0.9923077 0.1136818 -0.04900744 0.9321265 0.2453412 0.2663604 -0.9553882 -0.1197544 0.2699858 -0.5514385 0.8214736 -0.1452467 -0.9641011 -0.1287459 0.2322359 -0.7889186 0.5368863 0.2989324 -0.7958985 0.5277056 -0.2967702 -0.9737934 -0.09786024 -0.205304 -0.9959816 -0.04211524 -0.07903726 -0.9999771 0.006605744 -0.001465328 -0.9989708 -0.04069085 0.02003644 -0.9965892 -0.009468402 0.08197641 -0.9999759 0.006925257 -0.0004255167 0.9312449 -0.3596064 0.05887461 0.6315672 -0.6704262 -0.3894247 0.9234897 -0.3661752 0.1143783 0.7873431 0.2073971 -0.5805835 0.936747 0.1121456 0.3315546 0.7387813 0.6739452 0.0002317358 0.7382708 0.6745042 0.0006066886 0.9876581 -0.1160378 -0.1051981 0.9149201 -0.4035253 0.009415059 0.9679087 -0.2397632 0.07527434 0.7861196 -0.1807334 -0.5910594 0.05813225 -0.9983089 0 0.07506675 -0.9971681 0.004562913 0.04620406 -0.7934657 -0.6068587 0.1580582 0.153075 -0.9754925 0.4746749 0.4722697 -0.7427281 0.4737185 0.3172064 -0.8215661 0.130656 0.9914278 0 0.168282 0.9857032 -0.008383956 0.4549685 -0.07729146 0.8871469 -0.04461356 0.2002694 0.9787245 -0.03363013 -0.5375727 0.8425465 0.4584777 -0.1271383 0.8795648 0.6016737 -0.002016556 -0.7987394 0.9847746 -0.1719522 -0.02552082 0.9891531 0.1125563 0.09437766 1 0 0 0.9470159 0.3208893 0.01382032 0.997889 0.02004824 0.0617714 0.9481334 -0.08931771 -0.3050662 0.7579477 0.04206526 -0.6509576 0.9848287 0.03206418 0.1705411 0.9975102 0.01566787 0.06876037 -0.9970879 -0.04438728 -0.06201208 0.821346 0.203604 -0.5328567 0.9841715 -0.1617039 -0.07251395 0.9689642 -0.2452897 0.0306835 0.9931592 -0.1158654 0.01449371 0.9162687 -0.4005643 0 0.9978296 -0.04390711 0.04907492 -0.201174 0.2176252 0.955075 -0.6979902 0.7160348 -0.01018615 -0.6803359 -0.7328333 -0.009928564 0.6565441 -0.164681 0.736091 -0.9767283 -0.1318793 -0.1691438 -0.318666 -0.7903574 0.5232469 0.05807553 0.9310624 0.3602084 0.9820047 0.1567196 -0.1053837 0.7785485 -0.5156901 0.3576675 -0.6114195 0.5136483 0.6019399 0.1862319 0.9230998 0.3364587 -0.5581101 -0.02856154 -0.8292752 -0.9992167 -0.0371785 -0.01355112 -0.9679108 -0.0006344327 -0.2512932 -0.9988309 0.03582226 0.03245895 -0.9981264 -0.05708143 0.02203107 -0.978308 -0.2071365 0.002784741 -0.99909 -0.04131431 -0.01060019 -0.9978115 -0.01443649 0.06452817 -0.9878462 -0.1289854 0.08673429 -0.9517023 0.04328372 -0.3039561 -0.9867899 -0.05100497 0.1537665 -0.9992163 -0.03593589 -0.01659834 -0.9778861 0.2091225 0.002525318 -0.999025 0.03666043 0.02459782 0.1671544 -0.9549978 -0.2450279 -0.4679728 -0.02037594 -0.8835079 -0.4750603 -0.03628101 -0.879205 -0.4834863 -0.02522117 -0.8749885 0.1679856 0.9643835 -0.2043165 -0.05038287 0.9987299 0 0.4811591 0.727956 0.4884322 0.5843813 0.7577118 0.2904672 -0.403456 -0.354333 0.8436062 0.5048058 -0.8053316 0.3108248 -0.132569 -0.9903173 0.04119539 0.01244064 -0.3145491 0.9491597 -0.1220139 -0.9898648 0.07266517 -0.01988648 -0.9998023 0 -0.3599119 -0.7175851 -0.5962675 0.03016186 0.9994351 -0.01482978 -0.3376381 0.6509437 0.6799064 -0.9162701 0.1551171 -0.3693072 -0.8466206 0.0002142164 0.532197 -0.7815282 0.516524 0.349881 -0.894607 0.2428773 -0.3750852 -0.9578258 0.2871011 -0.01194019 -0.9518476 0.3057491 -0.02244479 -0.9737124 -0.2261749 -0.02699932 -0.9245662 0.1894937 -0.3305594 -0.8325859 -0.1364355 -0.5368296 -0.2636253 -0.8181818 0.5109601 -0.2108929 -0.01687957 -0.9773634 0.1500353 0.7550049 0.6383236 0.4157856 0.7785195 0.4701379 0.2932168 -0.8690436 -0.398481 -0.3322936 0.9338277 -0.1324645 0.05645899 0.5742688 0.8167176 -0.06784835 -0.8867392 0.4572638 0.6024811 -0.6220608 -0.5000569 -0.6183788 0.1886812 -0.7628939 -0.03124478 -0.5334882 -0.8452303 -0.1665261 -0.6372232 0.7524731 0.08549674 -0.1935143 0.9773651 0.003342148 0.9898062 -0.1423817 0.3718821 -0.0955445 -0.9233499 -0.1727118 0.9813967 -0.08385212 0.335045 0.4331687 0.8367257 0.06268525 -0.554122 0.8300719 0.2191402 -0.007266284 -0.9756663 -0.6850587 -0.03290274 -0.7277444 -0.9518934 -0.08682957 0.2938702 0.3361357 -0.9115664 0.2367687 0.3043323 -0.5534032 -0.7753236 0.4613656 0.653172 -0.6004233 0.3486296 0.9372593 -0.001547641 0.5711678 0.2830649 0.7704814 0.4169117 -0.8617492 0.2890898 0.197395 0.6130049 0.7650231 0.7766204 0.1057837 -0.6210238 -0.1512959 0.1986401 0.9683241 -0.008710166 -0.2326423 0.9725234 0.1042773 0.9125561 -0.3954337 -0.0644231 0.9891884 0.1317424 0.009565881 -0.7765303 -0.6300073 0.1241114 -0.599691 -0.7905486 -0.6736946 -0.6594864 -0.3334868 -0.8531767 -0.5175161 -0.06531884 -0.8562401 -0.08361965 -0.5097652 -0.999303 0.0339764 0.01546289 0.8706667 -0.2599253 0.4175863 0.8426731 -0.3091826 0.4408041 0.7545244 -0.02964105 -0.6556022 -0.8381652 0.1899576 0.5112681 -0.2038964 0.6895081 0.6949855 0.07730354 0.9963187 0.037057 -0.4225017 0.700039 -0.5757063 -0.3284162 0.4495586 -0.8306863 -0.5459944 -0.7476504 -0.378033 -0.5148214 -0.4485105 0.7306143 -0.673399 -0.641279 -0.3678248 -0.6759514 0.6470977 -0.3526392 -0.2169525 0.01278256 0.9760984 0.5397401 -0.8018038 0.2564982 0.3597228 -0.3677483 -0.8575318 0.3543379 0.3635982 -0.8615341 0.3657341 0.9219604 0.1273874 0.2515937 0.2689952 0.9297001 0.411338 -0.857769 0.3082745 0.6822006 -0.5412006 -0.4916343 0.7318051 0.5783294 -0.3605502 0.7251537 -0.1201097 0.6780308 -0.08009648 -0.8900194 0.448832 0.09690145 -0.6962438 0.7112346 0.01924832 0.9056585 0.4235708 0.04297762 0.9462594 0.3205402 -0.04512408 0.3300954 -0.9428684 0.02219653 0.1347096 -0.9906365 -0.9235834 -0.2323974 -0.3049347 -0.8841869 -0.4424381 -0.1498735 -0.6373862 -0.02544526 -0.7701243 -0.9609305 0.2107712 -0.1794106 -0.9936858 0.01412783 0.1113045 0.7830735 -0.01453561 0.6217592 0.5567223 0.7133345 -0.4256925 0.7526113 -0.5711777 -0.3276161 -0.8709313 0.07339447 0.485893 -0.3494608 0.6888283 0.6351321 -0.3006749 0.947603 0.1079027 -0.5921625 -0.01692009 -0.8056409 -0.1132235 -0.9926956 -0.04166421 -0.06137786 -0.5321741 0.8444071 -0.9797612 0.03706732 -0.1967077 0.163395 0.7986093 0.5792454 0.294825 -0.9264588 0.2339917 0.7779862 0.03585222 -0.6272576 -0.9797612 0.03706724 -0.1967077 0.1633939 0.7986096 0.5792453 0.2948245 -0.9264591 0.2339916 0.7779867 0.03585186 -0.6272569 0.9942674 -0.09519136 -0.04869144 0.4244478 0.3620284 0.8299274 -0.5264854 0.3924453 -0.7541881 -0.5424824 -0.8011637 -0.2526846 0.2280912 -0.8736588 0.4297611 0.2346009 0.3886234 -0.8910299 -0.01753239 0.630194 0.7762398 -0.511638 -0.4962221 -0.7014201 0.05855021 -0.9276048 -0.3689461 0.120884 0.229643 0.9657387 0.07930005 0.7797694 -0.6210244 -0.9490797 0.3027012 0.0872912 0.2105315 -0.4180233 0.8837042 0.2746653 0.8105779 -0.5172257 -0.2660501 0.7411082 0.6164219 -0.1007076 -0.7853134 -0.6108524 0.1192879 0.5109624 0.8512859 0.1084042 0.4975371 -0.8606424 0.06126115 -0.9981152 0.003612182 -0.9974459 -0.07042304 -0.01193668 -0.01301072 0.3005858 0.953666 0.09678246 0.6884328 0.7188138 0.02382907 -0.5437591 -0.8389031 -0.09014311 -0.3049401 -0.9480959</float_array>
          <technique_common>
            <accessor count="4148" source="#cubenormals-array0-array" stride="3">
              <param type="float" name="X"/>
              <param type="float" name="Y"/>
              <param type="float" name="Z"/>
            </accessor>
          </technique_common>
        </source>
        <vertices id="cubeverts-array0-vertices">
          <input semantic="POSITION" source="#cubeverts-array0"/>
        </vertices>
        <triangles count="4148" material="ref_base_link_stl002">
          <input offset="0" semantic="VERTEX" source="#cubeverts-array0-vertices"/>
          <input offset="1" semantic="NORMAL" source="#cubenormals-array0"/>
          <p>1648 0 1619 0 1642 0 1642 1 1623 1 1648 1 1623 2 1642 2 1609 2 1609 3 1608 3 1623 3 1608 4 1609 4 1619 4 1619 5 1648 5 1608 5 1642 6 1723 6 1764 6 1723 7 1642 7 1619 7 1619 8 1065 8 1723 8 1781 9 1609 9 1642 9 1609 10 1781 10 1417 10 1609 11 1417 11 1619 11 1642 12 1764 12 1781 12 1619 13 1417 13 1065 13 1175 14 1065 14 1417 14 1065 15 1175 15 1143 15 1151 16 1065 16 1143 16 1151 17 1032 17 1065 17 1151 18 1417 18 1781 18 1417 19 1151 19 1175 19 925 20 702 20 1065 20 702 21 925 21 857 21 907 22 1032 22 857 22 907 23 1065 23 1032 23 1065 24 907 24 925 24 1621 25 1164 25 1781 25 1164 26 1621 26 1631 26 1631 27 1803 27 1164 27 1656 28 1803 28 1631 28 1656 29 1781 29 1803 29 1781 30 1656 30 1621 30 1151 31 1781 31 1032 31 1167 32 1032 32 1781 32 1167 33 1781 33 1164 33 1032 34 865 34 696 34 696 35 865 35 872 35 921 36 1032 36 1164 36 1140 37 1164 37 1032 37 1032 38 1167 38 1140 38 921 39 696 39 872 39 696 40 921 40 1164 40 1032 41 921 41 865 41 1735 42 1164 42 1803 42 1164 43 1735 43 1160 43 1160 44 696 44 1164 44 696 45 1160 45 738 45 547 46 696 46 597 46 696 47 547 47 1032 47 508 48 1032 48 547 48 1032 49 508 49 857 49 498 50 857 50 508 50 857 51 498 51 702 51 1608 52 1759 52 1416 52 1759 53 1608 53 1648 53 1648 54 1780 54 1759 54 1623 55 1780 55 1648 55 1623 56 1416 56 1780 56 1416 57 1623 57 1608 57 1080 58 1150 58 1416 58 1416 59 1150 59 1177 59 1416 60 1177 60 1148 60 1031 61 1148 61 1150 61 916 62 1031 62 1080 62 1150 63 1080 63 1031 63 498 64 855 64 916 64 916 65 1080 65 498 65 1031 66 924 66 855 66 924 67 1031 67 916 67 855 68 498 68 507 68 507 69 1031 69 855 69 1031 70 507 70 607 70 917 71 607 71 1158 71 607 72 917 72 872 72 861 73 1031 73 607 73 861 74 607 74 872 74 917 75 1158 75 1031 75 1031 76 861 76 917 76 1148 77 1031 77 1416 77 1149 78 1416 78 1031 78 1158 79 1145 79 1149 79 1149 80 1031 80 1158 80 1158 81 1176 81 1145 81 607 82 1754 82 1158 82 1614 83 1754 83 1644 83 1754 84 1614 84 1158 84 1615 85 1158 85 1614 85 1615 86 1416 86 1158 86 1176 87 1158 87 1416 87 1416 88 1149 88 1176 88 1644 89 1754 89 1780 89 1615 90 1780 90 1416 90 1780 91 1615 91 1644 91 1759 92 1764 92 1723 92 1764 93 1759 93 1780 93 1780 94 1781 94 1764 94 1780 95 1803 95 1781 95 1803 96 1780 96 1754 96 1754 97 1735 97 1803 97 1754 98 1160 98 1735 98 1754 99 738 99 1160 99 738 100 1754 100 607 100 607 101 696 101 738 101 607 102 597 102 696 102 607 103 547 103 597 103 607 104 508 104 547 104 508 105 607 105 507 105 507 106 498 106 508 106 1723 107 1416 107 1759 107 1416 108 1723 108 1065 108 1065 109 1080 109 1416 109 1065 110 498 110 1080 110 498 111 1065 111 702 111 1167 112 1176 112 1149 112 1176 113 1167 113 1164 113 1164 114 1145 114 1176 114 1145 115 1164 115 1140 115 1140 116 1149 116 1145 116 1149 117 1140 117 1167 117 1150 118 1143 118 1175 118 1175 119 1177 119 1150 119 1177 120 1175 120 1151 120 1151 121 1148 121 1177 121 1151 122 1150 122 1148 122 1150 123 1151 123 1143 123 917 124 865 124 921 124 921 125 872 125 917 125 861 126 872 126 865 126 865 127 917 127 861 127 916 128 857 128 925 128 925 129 924 129 916 129 924 130 925 130 907 130 907 131 855 131 924 131 855 132 907 132 857 132 857 133 916 133 855 133 1644 134 1621 134 1656 134 1644 135 1656 135 1631 135 1631 136 1614 136 1644 136 1631 137 1615 137 1614 137 1615 138 1631 138 1621 138 1621 139 1644 139 1615 139 1127 140 1116 140 1119 140 1116 141 1127 141 1106 141 1106 142 1099 142 1116 142 1099 143 1106 143 1119 143 1119 144 1132 144 1127 144 1119 145 1093 145 1132 145 1093 146 1119 146 1106 146 1106 147 1098 147 1093 147 1127 148 1098 148 1106 148 1098 149 1095 149 1093 149 1095 150 1098 150 1099 150 1131 151 1098 151 1127 151 1131 152 1132 152 1130 152 1132 153 1131 153 1127 153 1095 154 1099 154 1119 154 1119 155 1131 155 1130 155 1119 156 1130 156 1095 156 1131 157 1119 157 1116 157 1116 158 1098 158 1131 158 1099 159 1098 159 1116 159 1130 160 1132 160 1134 160 1095 161 1134 161 1091 161 1134 162 1095 162 1130 162 1095 163 1091 163 1093 163 499 164 645 164 501 164 645 165 499 165 1200 165 1132 166 1200 166 1202 166 1093 167 1200 167 1132 167 866 168 1200 168 965 168 1200 169 1093 169 965 169 645 170 776 170 648 170 1200 171 776 171 645 171 776 172 1200 172 847 172 847 173 1200 173 866 173 847 174 866 174 868 174 1200 175 1201 175 1202 175 1201 176 1200 176 1199 176 1201 177 1757 177 1762 177 1757 178 1201 178 1199 178 1757 179 1760 179 1762 179 1760 180 1709 180 1641 180 647 181 501 181 645 181 501 182 647 182 502 182 502 183 647 183 503 183 503 184 647 184 481 184 481 185 647 185 513 185 658 186 513 186 647 186 513 187 658 187 520 187 586 188 670 188 677 188 670 189 586 189 578 189 578 190 658 190 670 190 658 191 578 191 520 191 586 192 677 192 589 192 684 193 589 193 677 193 589 194 684 194 595 194 595 195 684 195 488 195 488 196 684 196 600 196 600 197 686 197 598 197 686 198 600 198 684 198 771 199 759 199 649 199 649 200 777 200 771 200 777 201 649 201 650 201 650 202 776 202 777 202 776 203 650 203 648 203 1703 204 771 204 777 204 771 205 1703 205 1682 205 771 206 1682 206 759 206 1684 207 759 207 1682 207 759 208 1684 208 772 208 778 209 1684 209 1685 209 1684 210 778 210 772 210 772 211 649 211 759 211 656 212 778 212 779 212 778 213 656 213 649 213 649 214 772 214 778 214 656 215 743 215 655 215 743 216 656 216 779 216 779 217 1156 217 743 217 1156 218 779 218 1778 218 1156 219 1778 219 1777 219 1778 220 1764 220 1777 220 1763 221 1764 221 1778 221 1764 222 1685 222 1657 222 1685 223 1764 223 1763 223 964 224 965 224 968 224 867 225 968 225 846 225 968 226 867 226 964 226 868 227 846 227 847 227 846 228 868 228 867 228 868 229 866 229 910 229 946 230 868 230 910 230 868 231 946 231 961 231 961 232 964 232 962 232 964 233 961 233 965 233 952 234 962 234 964 234 868 235 930 235 952 235 952 236 867 236 868 236 952 237 964 237 867 237 930 238 868 238 961 238 930 239 961 239 962 239 952 240 866 240 965 240 866 241 952 241 910 241 952 242 965 242 961 242 961 243 946 243 952 243 962 244 952 244 946 244 946 245 930 245 962 245 930 246 946 246 910 246 930 247 910 247 952 247 1678 248 1682 248 1703 248 1682 249 1678 249 1679 249 1682 250 1679 250 1680 250 1680 251 1684 251 1682 251 1684 252 1680 252 1683 252 1683 253 1685 253 1684 253 1685 254 1683 254 1657 254 1683 255 1155 255 1657 255 643 256 1678 256 641 256 1155 257 646 257 700 257 1678 258 643 258 1679 258 644 259 1679 259 643 259 1679 260 644 260 1680 260 646 261 1680 261 644 261 1680 262 646 262 1683 262 1155 263 1683 263 646 263 643 264 646 264 644 264 646 265 643 265 641 265 646 266 641 266 700 266 700 267 641 267 642 267 500 268 700 268 642 268 1685 269 1646 269 1601 269 1646 270 1763 270 1778 270 1646 271 1685 271 1763 271 922 272 779 272 852 272 1778 273 1605 273 1646 273 1605 274 1778 274 779 274 1601 275 1144 275 1685 275 778 276 880 276 852 276 852 277 779 277 778 277 922 278 1144 278 779 278 923 279 1144 279 922 279 1144 280 923 280 1685 280 923 281 778 281 1685 281 778 282 923 282 880 282 1601 283 1178 283 1144 283 1154 284 779 284 1144 284 1154 285 1605 285 779 285 1605 286 1154 286 1601 286 1178 287 1601 287 1154 287 1603 288 1601 288 1646 288 1605 289 1635 289 1646 289 1635 290 1605 290 1603 290 1601 291 1603 291 1605 291 1137 292 1144 292 1171 292 1178 293 1171 293 1144 293 1171 294 1178 294 1153 294 1154 295 1153 295 1178 295 1144 296 1153 296 1154 296 1153 297 1144 297 1137 297 922 298 880 298 923 298 880 299 922 299 927 299 927 300 922 300 852 300 1657 301 1603 301 1646 301 1603 302 1657 302 1620 302 1620 303 1635 303 1603 303 1635 304 1620 304 1646 304 1171 305 1174 305 1152 305 1152 306 1137 306 1171 306 1137 307 1152 307 1147 307 1147 308 1153 308 1137 308 1153 309 1147 309 1174 309 1174 310 1171 310 1153 310 905 311 880 311 927 311 880 312 905 312 852 312 903 313 927 313 852 313 927 314 903 314 905 314 846 315 1073 315 1067 315 1066 316 968 316 1071 316 968 317 1066 317 846 317 1202 318 1134 318 1132 318 1134 319 1202 319 1201 319 1134 320 1201 320 1091 320 1703 321 1641 321 1700 321 1641 322 1703 322 777 322 776 323 846 323 777 323 846 324 776 324 847 324 965 325 1071 325 968 325 1071 326 965 326 1093 326 1093 327 1083 327 1071 327 1083 328 1093 328 1091 328 1263 329 1201 329 1762 329 1067 330 777 330 846 330 1641 331 1762 331 1760 331 1073 332 846 332 1066 332 777 333 1578 333 1641 333 1264 334 1578 334 777 334 1286 335 1578 335 1264 335 1578 336 1286 336 1585 336 1083 337 1073 337 1066 337 777 338 1067 338 1082 338 1082 339 1264 339 777 339 1263 340 1082 340 1073 340 1082 341 1263 341 1264 341 1585 342 1762 342 1641 342 1585 343 1286 343 1762 343 1263 344 1762 344 1286 344 1201 345 1263 345 1073 345 1201 346 1073 346 1091 346 1091 347 1073 347 1083 347 1263 348 1273 348 1252 348 1273 349 1263 349 1286 349 1286 350 1280 350 1273 350 1280 351 1286 351 1264 351 1264 352 1252 352 1280 352 1252 353 1264 353 1263 353 1069 354 1067 354 1073 354 1073 355 1077 355 1069 355 1077 356 1073 356 1082 356 1082 357 1078 357 1077 357 1078 358 1082 358 1067 358 1067 359 1069 359 1078 359 1066 360 1070 360 1077 360 1070 361 1066 361 1071 361 1071 362 1084 362 1070 362 1084 363 1071 363 1083 363 1083 364 1077 364 1084 364 1077 365 1083 365 1066 365 1581 366 1578 366 1585 366 1585 367 1612 367 1581 367 1612 368 1585 368 1641 368 1641 369 1587 369 1612 369 1587 370 1641 370 1578 370 1578 371 1581 371 1587 371 1757 372 1709 372 1760 372 1077 373 1199 373 1200 373 1078 374 1199 374 1077 374 1709 375 1757 375 1612 375 1678 376 1709 376 641 376 1280 377 641 377 1709 377 1084 378 1077 378 1200 378 1587 379 1709 379 1612 379 1199 380 1273 380 1757 380 1070 381 1200 381 499 381 1084 382 1200 382 1070 382 1280 383 1587 383 1273 383 1587 384 1280 384 1709 384 1273 385 1587 385 1581 385 1273 386 1581 386 1757 386 1612 387 1757 387 1581 387 641 388 1078 388 642 388 1078 389 641 389 1199 389 1070 390 499 390 1077 390 1252 391 641 391 1280 391 1252 392 1199 392 641 392 1199 393 1252 393 1273 393 500 394 1078 394 608 394 1078 395 500 395 642 395 1069 396 608 396 1078 396 1069 397 499 397 608 397 1069 398 1077 398 499 398 1703 399 1700 399 1718 399 1718 400 1721 400 1703 400 1747 401 1752 401 1767 401 1752 402 1747 402 1738 402 1709 403 1738 403 1747 403 1738 404 1709 404 1678 404 1709 405 1700 405 1641 405 1709 406 1718 406 1700 406 1718 407 1709 407 1747 407 1718 408 1747 408 1767 408 1767 409 1727 409 1718 409 1727 410 1767 410 1776 410 1779 411 1721 411 1728 411 1721 412 1779 412 1752 412 1752 413 1703 413 1721 413 1703 414 1752 414 1738 414 1703 415 1738 415 1678 415 1728 416 1776 416 1779 416 1776 417 1728 417 1727 417 1725 418 1726 418 1724 418 1728 419 1725 419 1727 419 1742 420 1727 420 1725 420 1725 421 1718 421 1702 421 1724 422 1721 422 1718 422 1718 423 1725 423 1724 423 1726 424 1728 424 1741 424 1721 425 1724 425 1741 425 1741 426 1728 426 1721 426 1726 427 1725 427 1728 427 1742 428 1718 428 1727 428 1702 429 1718 429 1742 429 1726 430 1686 430 1724 430 1741 431 1724 431 1686 431 1741 432 1688 432 1726 432 1686 433 1726 433 1688 433 1773 434 1686 434 1688 434 1686 435 1773 435 1769 435 1769 436 1741 436 1686 436 1688 437 1741 437 1773 437 1741 438 1779 438 1773 438 1741 439 1752 439 1779 439 1752 440 1741 440 1769 440 1742 441 1776 441 1767 441 1752 442 1769 442 1772 442 1767 443 1752 443 1772 443 1772 444 1769 444 1773 444 1772 445 1776 445 1742 445 1776 446 1772 446 1779 446 1772 447 1773 447 1779 447 1687 448 1725 448 1702 448 1742 449 1725 449 1687 449 1702 450 1742 450 1767 450 1702 451 1767 451 1772 451 1772 452 1687 452 1702 452 1687 453 1772 453 1742 453 1147 454 1156 454 1174 454 852 455 655 455 743 455 743 456 903 456 852 456 1156 457 903 457 743 457 744 458 860 458 904 458 904 459 1157 459 744 459 1081 460 906 460 733 460 860 461 733 461 906 461 904 462 1081 462 1157 462 1081 463 904 463 906 463 1142 464 1081 464 1163 464 1142 465 1157 465 1081 465 1165 466 1157 466 1142 466 1165 467 1418 467 1157 467 1418 468 1165 468 1163 468 1163 469 1081 469 1418 469 1627 470 1157 470 1418 470 1157 471 1627 471 1626 471 1784 472 1626 472 1650 472 1626 473 1784 473 1157 473 1650 474 1736 474 1784 474 744 475 596 475 733 475 860 476 744 476 733 476 700 477 508 477 852 477 655 478 852 478 508 478 547 479 655 479 508 479 655 480 547 480 683 480 596 481 683 481 547 481 683 482 596 482 675 482 596 483 744 483 675 483 1620 484 1777 484 1646 484 1777 485 1620 485 1156 485 1620 486 1417 486 1156 486 1620 487 1155 487 1417 487 1155 488 1620 488 1657 488 1646 489 1764 489 1657 489 1646 490 1777 490 1764 490 1147 491 1065 491 1156 491 1147 492 1155 492 1065 492 1155 493 1147 493 1152 493 1152 494 1417 494 1155 494 1417 495 1152 495 1174 495 1174 496 1156 496 1417 496 905 497 1065 497 1155 497 905 498 1156 498 1065 498 1156 499 905 499 903 499 905 500 700 500 852 500 905 501 1155 501 700 501 1736 502 1650 502 1627 502 1627 503 1418 503 1736 503 1159 504 1736 504 1418 504 1081 505 1159 505 1418 505 733 506 1159 506 1081 506 1784 507 1801 507 1785 507 1801 508 1784 508 1736 508 781 509 675 509 744 509 1157 510 781 510 744 510 781 511 1157 511 1785 511 1785 512 1157 512 1784 512 1801 513 1736 513 1693 513 596 514 624 514 733 514 689 515 733 515 624 515 733 516 687 516 685 516 688 517 733 517 689 517 733 518 688 518 687 518 1699 519 689 519 1710 519 1159 520 1695 520 1736 520 689 521 1699 521 688 521 1698 522 688 522 1699 522 688 523 1698 523 687 523 1695 524 687 524 1698 524 687 525 1695 525 685 525 1695 526 1159 526 685 526 733 527 685 527 1159 527 1611 528 1650 528 1626 528 1611 529 1626 529 1627 529 1627 530 1639 530 1611 530 1639 531 1627 531 1650 531 1650 532 1611 532 1617 532 1606 533 1639 533 1650 533 1639 534 1606 534 1611 534 1617 535 1611 535 1606 535 1179 536 1163 536 1165 536 1165 537 1146 537 1179 537 1146 538 1165 538 1142 538 1142 539 1141 539 1146 539 1141 540 1142 540 1163 540 1163 541 1179 541 1141 541 1141 542 1136 542 1146 542 1166 543 1146 543 1136 543 1146 544 1166 544 1179 544 1168 545 1179 545 1166 545 1179 546 1168 546 1141 546 1136 547 1141 547 1168 547 920 548 906 548 904 548 920 549 904 549 860 549 901 550 860 550 906 550 906 551 920 551 901 551 908 552 920 552 860 552 919 553 920 553 908 553 920 554 919 554 901 554 860 555 901 555 919 555 782 556 1606 556 1693 556 860 557 782 557 781 557 1617 558 1785 558 1650 558 1606 559 1168 559 1617 559 1168 560 1606 560 782 560 1693 561 1606 561 1650 561 1650 562 1801 562 1693 562 1650 563 1785 563 1801 563 1617 564 1168 564 1785 564 1166 565 1785 565 1168 565 919 566 782 566 860 566 1136 567 919 567 1166 567 908 568 1166 568 919 568 919 569 1136 569 782 569 1168 570 782 570 1136 570 1785 571 1166 571 908 571 908 572 781 572 1785 572 781 573 908 573 860 573 781 574 682 574 675 574 773 575 760 575 682 575 773 576 682 576 782 576 682 577 781 577 782 577 1693 578 773 578 782 578 773 579 1693 579 1694 579 773 580 1694 580 760 580 1696 581 760 581 1694 581 760 582 1696 582 774 582 784 583 1696 583 1706 583 1696 584 784 584 774 584 681 585 784 585 783 585 784 586 681 586 683 586 683 587 774 587 784 587 774 588 683 588 682 588 774 589 682 589 760 589 1736 590 1694 590 1693 590 1694 591 1736 591 1695 591 1694 592 1695 592 1698 592 1698 593 1696 593 1694 593 1696 594 1698 594 1699 594 1699 595 1706 595 1696 595 1706 596 1699 596 1710 596 1706 597 1710 597 1749 597 1749 598 1722 598 1706 598 1722 599 1749 599 1802 599 1802 600 1730 600 1722 600 1730 601 1802 601 1786 601 1729 602 1786 602 1783 602 1786 603 1729 603 1730 603 1719 604 1706 604 1722 604 1749 605 1800 605 1802 605 1800 606 1749 606 1748 606 1710 607 1748 607 1749 607 1748 608 1710 608 1704 608 1783 609 1719 609 1729 609 1719 610 1783 610 1800 610 1719 611 1800 611 1748 611 1719 612 1748 612 1704 612 1806 613 1719 613 1704 613 1805 614 1806 614 1808 614 1205 615 1805 615 1808 615 1805 616 1205 616 1203 616 1204 617 1205 617 1206 617 1205 618 1204 618 1203 618 1732 619 1730 619 1729 619 1744 620 1729 620 1719 620 1731 621 1729 621 1744 621 1731 622 1734 622 1732 622 1729 623 1731 623 1732 623 1744 624 1719 624 1733 624 1722 625 1733 625 1719 625 1711 626 1722 626 1730 626 1730 627 1732 627 1711 627 1734 628 1722 628 1711 628 1733 629 1734 629 1731 629 1734 630 1733 630 1722 630 1691 631 1734 631 1711 631 1734 632 1691 632 1732 632 1689 633 1732 633 1691 633 1732 634 1689 634 1711 634 1796 635 1691 635 1711 635 1691 636 1796 636 1790 636 1691 637 1790 637 1793 637 1793 638 1689 638 1691 638 1793 639 1711 639 1689 639 1711 640 1793 640 1796 640 1786 641 1792 641 1783 641 1744 642 1783 642 1792 642 1790 643 1786 643 1793 643 1744 644 1800 644 1783 644 1793 645 1802 645 1796 645 1800 646 1796 646 1802 646 1793 647 1786 647 1802 647 1792 648 1790 648 1797 648 1790 649 1792 649 1786 649 1797 650 1800 650 1744 650 1797 651 1790 651 1796 651 1800 652 1797 652 1796 652 1733 653 1692 653 1744 653 1690 654 1731 654 1744 654 1731 655 1690 655 1733 655 1692 656 1733 656 1690 656 1690 657 1744 657 1792 657 1792 658 1692 658 1690 658 1692 659 1792 659 1797 659 1692 660 1797 660 1744 660 1704 661 1808 661 1806 661 1205 662 1047 662 1206 662 1206 663 1039 663 602 663 1206 664 1047 664 1039 664 1582 665 1276 665 1284 665 1276 666 1582 666 1580 666 1580 667 1704 667 689 667 1704 668 1710 668 689 668 1049 669 689 669 1038 669 689 670 1049 670 1580 670 602 671 1039 671 1036 671 1038 672 602 672 1036 672 1582 673 1808 673 1610 673 1808 674 1582 674 1205 674 1051 675 1036 675 1047 675 1036 676 1051 676 1038 676 1038 677 689 677 624 677 624 678 603 678 1038 678 1038 679 603 679 602 679 1704 680 1580 680 1610 680 1610 681 1808 681 1704 681 1205 682 1284 682 1258 682 1284 683 1205 683 1582 683 1276 684 1051 684 1258 684 1258 685 1047 685 1205 685 1258 686 1051 686 1047 686 1051 687 1580 687 1049 687 1276 688 1580 688 1051 688 1035 689 1036 689 1039 689 1039 690 1048 690 1035 690 1048 691 1039 691 1047 691 1047 692 1043 692 1048 692 1043 693 1047 693 1036 693 1036 694 1035 694 1043 694 1579 695 1580 695 1582 695 1582 696 1610 696 1579 696 1583 697 1610 697 1580 697 1580 698 1579 698 1583 698 1258 699 1281 699 1255 699 1281 700 1258 700 1284 700 1281 701 1284 701 1276 701 1276 702 1271 702 1281 702 1271 703 1276 703 1258 703 1258 704 1255 704 1271 704 1038 705 1042 705 1034 705 1042 706 1038 706 1051 706 1051 707 1046 707 1042 707 1046 708 1051 708 1049 708 1046 709 1049 709 1038 709 1038 710 1034 710 1046 710 783 711 849 711 850 711 1805 712 1719 712 1806 712 1034 713 784 713 1046 713 1046 714 1706 714 1719 714 1719 715 1042 715 1046 715 1046 716 784 716 1706 716 1719 717 1610 717 1583 717 1583 718 1042 718 1719 718 1133 719 1203 719 1204 719 1203 720 1133 720 1135 720 1135 721 1042 721 1203 721 1092 722 1042 722 1135 722 1042 723 1092 723 1034 723 1719 724 1805 724 1610 724 1281 725 1579 725 1805 725 1610 726 1805 726 1579 726 1048 727 1092 727 1094 727 1579 728 1281 728 1583 728 1043 729 1092 729 1048 729 1043 730 1034 730 1092 730 1048 731 1094 731 966 731 966 732 1035 732 1048 732 1203 733 1255 733 1281 733 1255 734 1203 734 1042 734 1255 735 1042 735 1271 735 1271 736 1583 736 1281 736 1271 737 1042 737 1583 737 1203 738 1281 738 1805 738 1035 739 966 739 967 739 849 740 783 740 784 740 1034 741 849 741 784 741 849 742 1034 742 967 742 967 743 1034 743 1035 743 1035 744 1034 744 1043 744 1092 745 1129 745 1097 745 1129 746 1092 746 1135 746 1129 747 1135 747 1133 747 1092 748 1097 748 1094 748 849 749 869 749 850 749 849 750 967 750 869 750 963 751 967 751 966 751 686 752 602 752 598 752 783 753 686 753 681 753 1206 754 1094 754 1133 754 1206 755 1133 755 1204 755 602 756 686 756 1206 756 783 757 1206 757 686 757 850 758 1206 758 783 758 966 759 1206 759 870 759 870 760 1206 760 850 760 870 761 850 761 869 761 1206 762 966 762 1094 762 963 763 926 763 929 763 929 764 870 764 869 764 870 765 929 765 926 765 936 766 929 766 869 766 963 767 869 767 967 767 869 768 963 768 936 768 947 769 966 769 870 769 966 770 947 770 953 770 953 771 963 771 966 771 947 772 870 772 926 772 953 773 926 773 963 773 926 774 953 774 936 774 926 775 936 775 947 775 1128 776 1129 776 1133 776 1096 777 1094 777 1097 777 1097 778 1115 778 1096 778 1115 779 1129 779 1128 779 1107 780 1094 780 1096 780 1107 781 1133 781 1094 781 1133 782 1107 782 1128 782 1115 783 1128 783 1096 783 936 784 963 784 947 784 929 785 947 785 963 785 929 786 936 786 953 786 953 787 947 787 929 787 1126 788 1115 788 1114 788 1097 789 1114 789 1115 789 1097 790 1129 790 1126 790 1115 791 1126 791 1129 791 1107 792 1114 792 1097 792 1114 793 1107 793 1096 793 1114 794 1096 794 1128 794 1128 795 1126 795 1114 795 1126 796 1128 796 1107 796 1107 797 1097 797 1126 797 683 798 675 798 682 798 701 799 683 799 666 799 656 800 650 800 649 800 665 801 664 801 683 801 665 802 683 802 701 802 662 803 655 803 683 803 683 804 664 804 662 804 662 805 656 805 655 805 663 806 665 806 666 806 650 807 663 807 666 807 650 808 656 808 663 808 656 809 662 809 663 809 664 810 665 810 663 810 648 811 647 811 645 811 647 812 648 812 657 812 657 813 658 813 647 813 657 814 652 814 654 814 654 815 652 815 693 815 652 816 657 816 648 816 650 817 666 817 683 817 683 818 653 818 650 818 650 819 653 819 630 819 651 820 650 820 630 820 651 821 648 821 650 821 652 822 648 822 651 822 659 823 658 823 657 823 659 824 670 824 658 824 670 825 659 825 673 825 673 826 677 826 670 826 673 827 684 827 677 827 684 828 673 828 674 828 674 829 678 829 679 829 676 830 678 830 674 830 680 831 681 831 679 831 680 832 683 832 681 832 683 833 676 833 623 833 674 834 679 834 681 834 686 835 674 835 681 835 674 836 686 836 684 836 678 837 683 837 680 837 683 838 678 838 676 838 683 839 623 839 671 839 653 840 683 840 671 840 518 841 693 841 505 841 651 842 505 842 693 842 630 843 505 843 651 843 505 844 630 844 504 844 608 845 630 845 653 845 671 846 623 846 579 846 579 847 653 847 671 847 653 848 579 848 608 848 588 849 623 849 676 849 588 850 674 850 587 850 674 851 588 851 676 851 585 852 674 852 673 852 674 853 585 853 587 853 673 854 577 854 585 854 673 855 521 855 577 855 521 856 673 856 659 856 519 857 659 857 657 857 659 858 519 858 521 858 519 859 654 859 518 859 654 860 519 860 657 860 518 861 654 861 693 861 731 862 680 862 732 862 679 863 732 863 680 863 732 864 679 864 730 864 678 865 730 865 679 865 730 866 678 866 731 866 680 867 731 867 678 867 730 868 590 868 592 868 592 869 732 869 730 869 732 870 592 870 593 870 593 871 731 871 732 871 593 872 730 872 731 872 730 873 593 873 590 873 724 874 652 874 723 874 651 875 723 875 652 875 693 876 723 876 651 876 652 877 724 877 693 877 506 878 724 878 723 878 724 879 506 879 512 879 724 880 512 880 509 880 509 881 693 881 724 881 509 882 723 882 693 882 723 883 509 883 506 883 701 884 666 884 728 884 665 885 728 885 666 885 728 886 665 886 729 886 701 887 729 887 665 887 558 888 701 888 728 888 701 889 558 889 561 889 561 890 729 890 701 890 729 891 561 891 559 891 559 892 728 892 729 892 728 893 559 893 558 893 596 894 603 894 624 894 593 895 588 895 590 895 602 896 588 896 598 896 588 897 602 897 603 897 588 898 603 898 623 898 593 899 598 899 588 899 598 900 593 900 592 900 587 901 590 901 588 901 585 902 586 902 589 902 595 903 585 903 589 903 585 904 595 904 488 904 488 905 587 905 585 905 600 906 587 906 488 906 587 907 600 907 598 907 598 908 592 908 587 908 587 909 592 909 590 909 603 910 608 910 579 910 623 911 603 911 579 911 585 912 578 912 586 912 578 913 585 913 577 913 577 914 520 914 578 914 608 915 504 915 630 915 520 916 577 916 521 916 520 917 521 917 519 917 519 918 513 918 520 918 519 919 481 919 513 919 608 920 505 920 504 920 505 921 608 921 499 921 506 922 505 922 499 922 505 923 506 923 509 923 509 924 518 924 505 924 506 925 501 925 512 925 506 926 499 926 501 926 512 927 518 927 509 927 512 928 501 928 518 928 501 929 519 929 518 929 519 930 501 930 502 930 519 931 502 931 503 931 481 932 519 932 503 932 500 933 508 933 700 933 500 934 533 934 508 934 596 935 559 935 561 935 561 936 603 936 596 936 533 937 547 937 508 937 559 938 596 938 547 938 603 939 533 939 536 939 533 940 559 940 547 940 559 941 533 941 558 941 558 942 603 942 561 942 603 943 558 943 533 943 603 944 536 944 535 944 603 945 535 945 608 945 533 946 608 946 535 946 533 947 500 947 608 947 663 948 727 948 664 948 727 949 663 949 725 949 662 950 725 950 663 950 725 951 662 951 726 951 664 952 726 952 662 952 726 953 664 953 727 953 725 954 533 954 535 954 535 955 727 955 725 955 727 956 535 956 536 956 536 957 726 957 727 957 726 958 536 958 533 958 533 959 725 959 726 959 1794 960 1832 960 1834 960 1834 961 1791 961 1794 961 1791 962 1834 962 1829 962 1829 963 1788 963 1791 963 1788 964 1829 964 1832 964 1832 965 1794 965 1788 965 1828 966 1823 966 1836 966 1831 967 1838 967 1833 967 1826 968 1832 968 1827 968 1824 969 1822 969 1820 969 1822 970 1824 970 1827 970 1827 971 1829 971 1822 971 1829 972 1835 972 1822 972 1835 973 1829 973 1834 973 1834 974 1837 974 1835 974 1827 975 1832 975 1829 975 1831 976 1825 976 1828 976 1831 977 1828 977 1838 977 1828 978 1836 978 1838 978 1821 979 1824 979 1820 979 1823 980 1828 980 1817 980 1817 981 1821 981 1823 981 1833 982 1838 982 1834 982 1834 983 1838 983 1837 983 1825 984 1821 984 1817 984 1821 985 1825 985 1824 985 1833 986 1834 986 1832 986 1832 987 1830 987 1833 987 1830 988 1832 988 1826 988 1830 989 1825 989 1831 989 1825 990 1830 990 1826 990 1825 991 1826 991 1824 991 1791 992 1804 992 1794 992 1771 993 1756 993 1761 993 1771 994 1788 994 1774 994 1771 995 1761 995 1788 995 1791 996 1761 996 1804 996 1761 997 1791 997 1788 997 1770 998 1758 998 1756 998 1758 999 1770 999 1817 999 1756 1000 1775 1000 1770 1000 1758 1001 1789 1001 1787 1001 1787 1002 1759 1002 1758 1002 1787 1003 1754 1003 1759 1003 1756 1004 1771 1004 1768 1004 1768 1005 1775 1005 1756 1005 1774 1006 1775 1006 1768 1006 1794 1007 1804 1007 1807 1007 1774 1008 1788 1008 1775 1008 1754 1009 1787 1009 1795 1009 1795 1010 1809 1010 1754 1010 1809 1011 1794 1011 1807 1011 1809 1012 1795 1012 1794 1012 1775 1013 1758 1013 1817 1013 1758 1014 1775 1014 1788 1014 1789 1015 1758 1015 1788 1015 1794 1016 1789 1016 1788 1016 1794 1017 1795 1017 1789 1017 1823 1018 1758 1018 1759 1018 1758 1019 1823 1019 1821 1019 1754 1020 1823 1020 1759 1020 1823 1021 1754 1021 1836 1021 1838 1022 1754 1022 1809 1022 1754 1023 1838 1023 1836 1023 1807 1024 1838 1024 1809 1024 1838 1025 1807 1025 1837 1025 1835 1026 1807 1026 1804 1026 1807 1027 1835 1027 1837 1027 1761 1028 1835 1028 1804 1028 1835 1029 1761 1029 1822 1029 1820 1030 1761 1030 1756 1030 1761 1031 1820 1031 1822 1031 1820 1032 1758 1032 1821 1032 1758 1033 1820 1033 1756 1033 1775 1034 1817 1034 1828 1034 1775 1035 1828 1035 1825 1035 1825 1036 1770 1036 1775 1036 1825 1037 1817 1037 1770 1037 1833 1038 1789 1038 1795 1038 1789 1039 1833 1039 1830 1039 1830 1040 1787 1040 1789 1040 1787 1041 1830 1041 1831 1041 1831 1042 1795 1042 1787 1042 1795 1043 1831 1043 1833 1043 1774 1044 1826 1044 1827 1044 1827 1045 1771 1045 1774 1045 1771 1046 1827 1046 1824 1046 1824 1047 1768 1047 1771 1047 1768 1048 1824 1048 1826 1048 1826 1049 1774 1049 1768 1049 1598 1050 1574 1050 1630 1050 1630 1051 1640 1051 1598 1051 1640 1052 1630 1052 1592 1052 1592 1053 1562 1053 1640 1053 1562 1054 1592 1054 1574 1054 1574 1055 1598 1055 1562 1055 1598 1056 1659 1056 1549 1056 1598 1057 1640 1057 1659 1057 1576 1058 1640 1058 1562 1058 1549 1059 1562 1059 1598 1059 1640 1060 1655 1060 1659 1060 1554 1061 1576 1061 1562 1061 1576 1062 1554 1062 1570 1062 1576 1063 1570 1063 1655 1063 1655 1064 1640 1064 1576 1064 1554 1065 1549 1065 1550 1065 1549 1066 1554 1066 1562 1066 1812 1067 1659 1067 1655 1067 1659 1068 1812 1068 1666 1068 1666 1069 1812 1069 1819 1069 1863 1070 1819 1070 1812 1070 1819 1071 1863 1071 1862 1071 1863 1072 1857 1072 1862 1072 1857 1073 1863 1073 1859 1073 1857 1074 1859 1074 1858 1074 1901 1075 1857 1075 1858 1075 1857 1076 1901 1076 1900 1076 1927 1077 1900 1077 1901 1077 1900 1078 1927 1078 1928 1078 1925 1079 1928 1079 1927 1079 1928 1080 1925 1080 1926 1080 1899 1081 1926 1081 1925 1081 1926 1082 1899 1082 1898 1082 1856 1083 1898 1083 1899 1083 1898 1084 1856 1084 1855 1084 1856 1085 1853 1085 1855 1085 1853 1086 1856 1086 1852 1086 1300 1087 1398 1087 1270 1087 1338 1088 1398 1088 1300 1088 1398 1089 1338 1089 1433 1089 1666 1090 1549 1090 1659 1090 1549 1091 1666 1091 1533 1091 1533 1092 1550 1092 1549 1092 1550 1093 1533 1093 1475 1093 1475 1094 1433 1094 1550 1094 1433 1095 1475 1095 1398 1095 1321 1096 1338 1096 1300 1096 1267 1097 1219 1097 1303 1097 1303 1098 1321 1098 1267 1098 1321 1099 1303 1099 1338 1099 1239 1100 1300 1100 1270 1100 1300 1101 1239 1101 1233 1101 1222 1102 1233 1102 1239 1102 1218 1103 1219 1103 1267 1103 1288 1104 1321 1104 1300 1104 1288 1105 1267 1105 1321 1105 1267 1106 1233 1106 1218 1106 1233 1107 1267 1107 1248 1107 1248 1108 1300 1108 1233 1108 1300 1109 1248 1109 1288 1109 1288 1110 1277 1110 1285 1110 1285 1111 1267 1111 1288 1111 1267 1112 1285 1112 1247 1112 1247 1113 1248 1113 1267 1113 1248 1114 1247 1114 1277 1114 1277 1115 1288 1115 1248 1115 1658 1116 1645 1116 1811 1116 1673 1117 1658 1117 1811 1117 1673 1118 1811 1118 1818 1118 1853 1119 1818 1119 1811 1119 1818 1120 1853 1120 1852 1120 1658 1121 1673 1121 1647 1121 1647 1122 1673 1122 1624 1122 1624 1123 1622 1123 1647 1123 1624 1124 1553 1124 1622 1124 1553 1125 1624 1125 1545 1125 1548 1126 1553 1126 1545 1126 1553 1127 1548 1127 1547 1127 1658 1128 1647 1128 1604 1128 1573 1129 1553 1129 1547 1129 1604 1130 1547 1130 1658 1130 1547 1131 1604 1131 1573 1131 1573 1132 1622 1132 1553 1132 1622 1133 1573 1133 1647 1133 1586 1134 1647 1134 1573 1134 1647 1135 1586 1135 1633 1135 1633 1136 1604 1136 1647 1136 1604 1137 1633 1137 1591 1137 1591 1138 1573 1138 1604 1138 1573 1139 1591 1139 1586 1139 1331 1140 1430 1140 1330 1140 1658 1141 1458 1141 1645 1141 1458 1142 1658 1142 1547 1142 1458 1143 1547 1143 1548 1143 1458 1144 1548 1144 1430 1144 1430 1145 1343 1145 1458 1145 1430 1146 1331 1146 1343 1146 1343 1147 1331 1147 1259 1147 1243 1148 1225 1148 1221 1148 1225 1149 1243 1149 1259 1149 1343 1150 1259 1150 1243 1150 1329 1151 1331 1151 1330 1151 1329 1152 1306 1152 1331 1152 1306 1153 1329 1153 1307 1153 1307 1154 1283 1154 1306 1154 1283 1155 1307 1155 1220 1155 1283 1156 1220 1156 1213 1156 1257 1157 1283 1157 1213 1157 1257 1158 1306 1158 1283 1158 1306 1159 1259 1159 1331 1159 1225 1160 1259 1160 1257 1160 1257 1161 1213 1161 1225 1161 1279 1162 1306 1162 1257 1162 1306 1163 1279 1163 1294 1163 1294 1164 1259 1164 1306 1164 1259 1165 1294 1165 1246 1165 1246 1166 1257 1166 1259 1166 1257 1167 1246 1167 1279 1167 1214 1168 1217 1168 1216 1168 1222 1169 1218 1169 1233 1169 1218 1170 1222 1170 1217 1170 1219 1171 1218 1171 1217 1171 1219 1172 1217 1172 1215 1172 1217 1173 1214 1173 1215 1173 1219 1174 1213 1174 1220 1174 1213 1175 1219 1175 1215 1175 1215 1176 1225 1176 1213 1176 1225 1177 1215 1177 1221 1177 1222 1178 1216 1178 1217 1178 1216 1179 1222 1179 1236 1179 1697 1180 1434 1180 1716 1180 1397 1181 1236 1181 1222 1181 1397 1182 1697 1182 1236 1182 1697 1183 1397 1183 1474 1183 1434 1184 1697 1184 1474 1184 1697 1185 1716 1185 1745 1185 1799 1186 1745 1186 1716 1186 1745 1187 1799 1187 1798 1187 1765 1188 1782 1188 1766 1188 1782 1189 1765 1189 1798 1189 1782 1190 1798 1190 1799 1190 1715 1191 1765 1191 1766 1191 1765 1192 1715 1192 1740 1192 1740 1193 1715 1193 1681 1193 1534 1194 1681 1194 1715 1194 1485 1195 1681 1195 1534 1195 1396 1196 1681 1196 1485 1196 1681 1197 1396 1197 1235 1197 1237 1198 1235 1198 1396 1198 1215 1199 1235 1199 1237 1199 1235 1200 1215 1200 1214 1200 1697 1201 1432 1201 1236 1201 1745 1202 1496 1202 1697 1202 1697 1203 1496 1203 1461 1203 1432 1204 1697 1204 1461 1204 1216 1205 1375 1205 1348 1205 1375 1206 1216 1206 1236 1206 1375 1207 1236 1207 1400 1207 1400 1208 1236 1208 1432 1208 1216 1209 1348 1209 1305 1209 1297 1210 1216 1210 1305 1210 1216 1211 1297 1211 1214 1211 1419 1212 1681 1212 1235 1212 1538 1213 1745 1213 1798 1213 1745 1214 1538 1214 1496 1214 1214 1215 1297 1215 1323 1215 1369 1216 1214 1216 1323 1216 1369 1217 1235 1217 1214 1217 1235 1218 1369 1218 1388 1218 1235 1219 1388 1219 1419 1219 1740 1220 1512 1220 1765 1220 1681 1221 1419 1221 1446 1221 1681 1222 1446 1222 1478 1222 1478 1223 1740 1223 1681 1223 1740 1224 1478 1224 1512 1224 1552 1225 1765 1225 1512 1225 1572 1226 1765 1226 1552 1226 1572 1227 1798 1227 1765 1227 1798 1228 1572 1228 1567 1228 1538 1229 1798 1229 1567 1229 1419 1230 1387 1230 1420 1230 1431 1231 1419 1231 1420 1231 1431 1232 1446 1232 1419 1232 1446 1233 1431 1233 1447 1233 1447 1234 1478 1234 1446 1234 1478 1235 1447 1235 1477 1235 1477 1236 1512 1236 1478 1236 1512 1237 1477 1237 1511 1237 1511 1238 1552 1238 1512 1238 1552 1239 1511 1239 1551 1239 1551 1240 1572 1240 1552 1240 1572 1241 1551 1241 1571 1241 1571 1242 1567 1242 1572 1242 1567 1243 1571 1243 1566 1243 1566 1244 1538 1244 1567 1244 1538 1245 1566 1245 1537 1245 1537 1246 1496 1246 1538 1246 1496 1247 1537 1247 1495 1247 1495 1248 1461 1248 1496 1248 1461 1249 1495 1249 1460 1249 1460 1250 1432 1250 1461 1250 1432 1251 1460 1251 1435 1251 1435 1252 1400 1252 1432 1252 1400 1253 1435 1253 1399 1253 1399 1254 1375 1254 1400 1254 1375 1255 1399 1255 1374 1255 1374 1256 1348 1256 1375 1256 1348 1257 1374 1257 1347 1257 1347 1258 1305 1258 1348 1258 1305 1259 1347 1259 1304 1259 1304 1260 1297 1260 1305 1260 1297 1261 1304 1261 1296 1261 1296 1262 1323 1262 1297 1262 1323 1263 1296 1263 1322 1263 1322 1264 1369 1264 1323 1264 1369 1265 1322 1265 1368 1265 1368 1266 1388 1266 1369 1266 1388 1267 1368 1267 1387 1267 1387 1268 1419 1268 1388 1268 1859 1269 1500 1269 1435 1269 1435 1270 1338 1270 1303 1270 1303 1271 1219 1271 1435 1271 1570 1272 1859 1272 1655 1272 1465 1273 1488 1273 1466 1273 1488 1274 1465 1274 1500 1274 1465 1275 1435 1275 1500 1275 1453 1276 1435 1276 1465 1276 1453 1277 1433 1277 1435 1277 1338 1278 1435 1278 1433 1278 1455 1279 1433 1279 1453 1279 1497 1280 1466 1280 1488 1280 1466 1281 1497 1281 1433 1281 1466 1282 1433 1282 1455 1282 1497 1283 1550 1283 1433 1283 1570 1284 1500 1284 1859 1284 1655 1285 1859 1285 1863 1285 1497 1286 1554 1286 1550 1286 1554 1287 1497 1287 1500 1287 1500 1288 1570 1288 1554 1288 1812 1289 1655 1289 1863 1289 1856 1290 1511 1290 1477 1290 1503 1291 1430 1291 1548 1291 1537 1292 1901 1292 1858 1292 1901 1293 1537 1293 1566 1293 1430 1294 1503 1294 1483 1294 1856 1295 1551 1295 1511 1295 1551 1296 1856 1296 1899 1296 1899 1297 1571 1297 1551 1297 1571 1298 1899 1298 1925 1298 1925 1299 1566 1299 1571 1299 1566 1300 1925 1300 1927 1300 1901 1301 1566 1301 1927 1301 1483 1302 1447 1302 1431 1302 1483 1303 1477 1303 1447 1303 1545 1304 1505 1304 1503 1304 1503 1305 1548 1305 1545 1305 1505 1306 1477 1306 1483 1306 1505 1307 1856 1307 1477 1307 1624 1308 1852 1308 1856 1308 1673 1309 1852 1309 1624 1309 1624 1310 1505 1310 1545 1310 1856 1311 1505 1311 1624 1311 1818 1312 1852 1312 1673 1312 1406 1313 1330 1313 1430 1313 1483 1314 1431 1314 1430 1314 1408 1315 1430 1315 1431 1315 1430 1316 1408 1316 1406 1316 1395 1317 1330 1317 1406 1317 1395 1318 1329 1318 1330 1318 1395 1319 1387 1319 1368 1319 1387 1320 1395 1320 1408 1320 1408 1321 1420 1321 1387 1321 1408 1322 1431 1322 1420 1322 1347 1323 1219 1323 1304 1323 1219 1324 1296 1324 1304 1324 1296 1325 1219 1325 1220 1325 1220 1326 1322 1326 1296 1326 1307 1327 1322 1327 1220 1327 1374 1328 1219 1328 1347 1328 1219 1329 1374 1329 1399 1329 1399 1330 1435 1330 1219 1330 1859 1331 1435 1331 1460 1331 1460 1332 1858 1332 1859 1332 1858 1333 1460 1333 1495 1333 1537 1334 1858 1334 1495 1334 1395 1335 1368 1335 1322 1335 1307 1336 1395 1336 1322 1336 1329 1337 1395 1337 1307 1337 1465 1338 1467 1338 1454 1338 1467 1339 1465 1339 1466 1339 1466 1340 1456 1340 1467 1340 1456 1341 1466 1341 1455 1341 1455 1342 1454 1342 1456 1342 1454 1343 1455 1343 1453 1343 1454 1344 1453 1344 1465 1344 1406 1345 1410 1345 1401 1345 1410 1346 1406 1346 1408 1346 1408 1347 1404 1347 1410 1347 1408 1348 1394 1348 1404 1348 1394 1349 1408 1349 1395 1349 1395 1350 1401 1350 1394 1350 1401 1351 1395 1351 1406 1351 1500 1352 1499 1352 1498 1352 1499 1353 1500 1353 1497 1353 1497 1354 1486 1354 1499 1354 1486 1355 1497 1355 1488 1355 1488 1356 1498 1356 1486 1356 1498 1357 1488 1357 1500 1357 1503 1358 1506 1358 1484 1358 1506 1359 1503 1359 1505 1359 1483 1360 1484 1360 1505 1360 1484 1361 1483 1361 1503 1361 1475 1362 1467 1362 1456 1362 1398 1363 1285 1363 1277 1363 1782 1364 1900 1364 1928 1364 1926 1365 1782 1365 1928 1365 1853 1366 1766 1366 1855 1366 1782 1367 1855 1367 1766 1367 1782 1368 1898 1368 1855 1368 1898 1369 1782 1369 1926 1369 1766 1370 1853 1370 1715 1370 1534 1371 1853 1371 1586 1371 1853 1372 1534 1372 1715 1372 1485 1373 1501 1373 1487 1373 1501 1374 1485 1374 1534 1374 1485 1375 1237 1375 1396 1375 1237 1376 1485 1376 1279 1376 1221 1377 1237 1377 1246 1377 1237 1378 1221 1378 1215 1378 1294 1379 1343 1379 1246 1379 1243 1380 1246 1380 1343 1380 1243 1381 1221 1381 1246 1381 1532 1382 1645 1382 1458 1382 1591 1383 1811 1383 1645 1383 1645 1384 1532 1384 1591 1384 1853 1385 1633 1385 1586 1385 1633 1386 1811 1386 1591 1386 1811 1387 1633 1387 1853 1387 1900 1388 1782 1388 1857 1388 1857 1389 1782 1389 1799 1389 1799 1390 1862 1390 1857 1390 1862 1391 1799 1391 1716 1391 1630 1392 1819 1392 1862 1392 1716 1393 1630 1393 1862 1393 1716 1394 1592 1394 1630 1394 1592 1395 1716 1395 1434 1395 1434 1396 1574 1396 1592 1396 1574 1397 1533 1397 1666 1397 1666 1398 1630 1398 1574 1398 1630 1399 1666 1399 1819 1399 1222 1400 1247 1400 1285 1400 1285 1401 1397 1401 1222 1401 1454 1402 1398 1402 1456 1402 1454 1403 1397 1403 1398 1403 1454 1404 1474 1404 1397 1404 1467 1405 1474 1405 1454 1405 1467 1406 1475 1406 1474 1406 1498 1407 1434 1407 1474 1407 1499 1408 1475 1408 1434 1408 1475 1409 1499 1409 1486 1409 1486 1410 1474 1410 1475 1410 1474 1411 1486 1411 1498 1411 1499 1412 1434 1412 1498 1412 1247 1413 1222 1413 1239 1413 1247 1414 1239 1414 1277 1414 1586 1415 1532 1415 1534 1415 1532 1416 1586 1416 1591 1416 1294 1417 1485 1417 1343 1417 1485 1418 1294 1418 1279 1418 1246 1419 1237 1419 1279 1419 1502 1420 1534 1420 1532 1420 1534 1421 1502 1421 1501 1421 1487 1422 1458 1422 1485 1422 1458 1423 1487 1423 1502 1423 1502 1424 1532 1424 1458 1424 1458 1425 1401 1425 1410 1425 1343 1426 1394 1426 1401 1426 1343 1427 1401 1427 1458 1427 1410 1428 1485 1428 1458 1428 1485 1429 1410 1429 1404 1429 1394 1430 1485 1430 1404 1430 1394 1431 1343 1431 1485 1431 1285 1432 1398 1432 1397 1432 1475 1433 1456 1433 1398 1433 1277 1434 1239 1434 1270 1434 1398 1435 1277 1435 1270 1435 1475 1436 1533 1436 1434 1436 1533 1437 1574 1437 1434 1437 1506 1438 1501 1438 1502 1438 1501 1439 1506 1439 1505 1439 1505 1440 1487 1440 1501 1440 1487 1441 1505 1441 1484 1441 1484 1442 1502 1442 1487 1442 1502 1443 1484 1443 1506 1443 1675 1444 1660 1444 1708 1444 1675 1445 1708 1445 1677 1445 1677 1446 1660 1446 1675 1446 1660 1447 1677 1447 1708 1447 1103 1448 1100 1448 1110 1448 1110 1449 1121 1449 1103 1449 1121 1450 1110 1450 1122 1450 1122 1451 1109 1451 1121 1451 1109 1452 1122 1452 1100 1452 1100 1453 1103 1453 1109 1453 943 1454 364 1454 1328 1454 1194 1455 1100 1455 1122 1455 1100 1456 1194 1456 363 1456 1100 1457 948 1457 1110 1457 1110 1458 948 1458 959 1458 943 1459 363 1459 364 1459 1209 1460 1328 1460 1278 1460 948 1461 363 1461 943 1461 948 1462 1100 1462 363 1462 1122 1463 1209 1463 1194 1463 1110 1464 1209 1464 1122 1464 959 1465 1209 1465 1110 1465 1209 1466 959 1466 1328 1466 1328 1467 959 1467 943 1467 943 1468 956 1468 937 1468 956 1469 943 1469 959 1469 959 1470 954 1470 956 1470 954 1471 959 1471 948 1471 948 1472 937 1472 954 1472 937 1473 948 1473 943 1473 1227 1474 1209 1474 1278 1474 1227 1475 1194 1475 1209 1475 1194 1476 1227 1476 1245 1476 1245 1477 1227 1477 1324 1477 1278 1478 1324 1478 1227 1478 1344 1479 1324 1479 1278 1479 1333 1480 1385 1480 1349 1480 1349 1481 1351 1481 1336 1481 1349 1482 1336 1482 1333 1482 1307 1483 1333 1483 1336 1483 1307 1484 1324 1484 1333 1484 1324 1485 1307 1485 1245 1485 1349 1486 1357 1486 1356 1486 1357 1487 1349 1487 1385 1487 1355 1488 1349 1488 1356 1488 1349 1489 1355 1489 1351 1489 1356 1490 1522 1490 1355 1490 1522 1491 1356 1491 1523 1491 1415 1492 1372 1492 1393 1492 1378 1493 1393 1493 1372 1493 1378 1494 1324 1494 1344 1494 1324 1495 1378 1495 1372 1495 1372 1496 1333 1496 1324 1496 1385 1497 1372 1497 1415 1497 1333 1498 1372 1498 1385 1498 1328 1499 1344 1499 1278 1499 1242 1500 1208 1500 1190 1500 1242 1501 1190 1501 1183 1501 1242 1502 1241 1502 1208 1502 1241 1503 1242 1503 1315 1503 1315 1504 1253 1504 1241 1504 1253 1505 1315 1505 1275 1505 1315 1506 1301 1506 1275 1506 1301 1507 1344 1507 1319 1507 1344 1508 1301 1508 1315 1508 1319 1509 1344 1509 1328 1509 1385 1510 1415 1510 1445 1510 1473 1511 1445 1511 1415 1511 1437 1512 1443 1512 1393 1512 1443 1513 1415 1513 1393 1513 1415 1514 1443 1514 1473 1514 1183 1515 371 1515 374 1515 371 1516 1183 1516 1190 1516 365 1517 1275 1517 1301 1517 1301 1518 364 1518 365 1518 364 1519 1301 1519 1319 1519 364 1520 1319 1520 1328 1520 371 1521 1190 1521 1208 1521 1208 1522 367 1522 371 1522 1241 1523 367 1523 1208 1523 367 1524 1241 1524 1253 1524 1253 1525 365 1525 367 1525 365 1526 1253 1526 1275 1526 1457 1527 1402 1527 1389 1527 1389 1528 1402 1528 1378 1528 1315 1529 1389 1529 1378 1529 1402 1530 1457 1530 1437 1530 1674 1531 1557 1531 1490 1531 1907 1532 1813 1532 1674 1532 1674 1533 1813 1533 1637 1533 1557 1534 1674 1534 1637 1534 1813 1535 1907 1535 1886 1535 1907 1536 1894 1536 1915 1536 1907 1537 1674 1537 1490 1537 1389 1538 1315 1538 1242 1538 1915 1539 1903 1539 1917 1539 1903 1540 1915 1540 1894 1540 1315 1541 1378 1541 1344 1541 1393 1542 1378 1542 1402 1542 1402 1543 1437 1543 1393 1543 1713 1544 1637 1544 1813 1544 1575 1545 1637 1545 1713 1545 1637 1546 1575 1546 1557 1546 1517 1547 1557 1547 1575 1547 1517 1548 1490 1548 1557 1548 1437 1549 1457 1549 1443 1549 1713 1550 1813 1550 1886 1550 1918 1551 1915 1551 1917 1551 1911 1552 1915 1552 1918 1552 1915 1553 1911 1553 1907 1553 1888 1554 1907 1554 1911 1554 1907 1555 1888 1555 1886 1555 1886 1556 1888 1556 1713 1556 1750 1557 1632 1557 1713 1557 1888 1558 1815 1558 1713 1558 1713 1559 1815 1559 1750 1559 1755 1560 1750 1560 1815 1560 1357 1561 1385 1561 1445 1561 1473 1562 1524 1562 1445 1562 1524 1563 1473 1563 1535 1563 1445 1564 1524 1564 1357 1564 1524 1565 1356 1565 1357 1565 1356 1566 1524 1566 1523 1566 1523 1567 1545 1567 1522 1567 1545 1568 1523 1568 1535 1568 1524 1569 1535 1569 1523 1569 1565 1570 1563 1570 1636 1570 1545 1571 1563 1571 1565 1571 1545 1572 1535 1572 1563 1572 1563 1573 1632 1573 1750 1573 1575 1574 1713 1574 1632 1574 1508 1575 1457 1575 1490 1575 1517 1576 1508 1576 1490 1576 1457 1577 1508 1577 1443 1577 1443 1578 1508 1578 1473 1578 1563 1579 1508 1579 1632 1579 1632 1580 1508 1580 1575 1580 1473 1581 1563 1581 1535 1581 1508 1582 1563 1582 1473 1582 1517 1583 1575 1583 1508 1583 1750 1584 1701 1584 1563 1584 1701 1585 1636 1585 1563 1585 1755 1586 1701 1586 1750 1586 1701 1587 1755 1587 1717 1587 1701 1588 1717 1588 1636 1588 357 1589 364 1589 363 1589 364 1590 357 1590 358 1590 358 1591 365 1591 364 1591 365 1592 358 1592 359 1592 359 1593 367 1593 365 1593 367 1594 359 1594 366 1594 366 1595 371 1595 367 1595 371 1596 366 1596 370 1596 370 1597 374 1597 371 1597 374 1598 370 1598 375 1598 375 1599 403 1599 374 1599 403 1600 375 1600 402 1600 1316 1601 358 1601 1327 1601 1316 1602 359 1602 358 1602 375 1603 1192 1603 1184 1603 1192 1604 375 1604 370 1604 366 1605 1250 1605 1240 1605 1240 1606 370 1606 366 1606 370 1607 1240 1607 1198 1607 1192 1608 370 1608 1198 1608 359 1609 1316 1609 1291 1609 1266 1610 359 1610 1291 1610 1266 1611 366 1611 359 1611 366 1612 1266 1612 1250 1612 1055 1613 1180 1613 1181 1613 1180 1614 1055 1614 402 1614 996 1615 402 1615 1055 1615 402 1616 996 1616 403 1616 1180 1617 1186 1617 1181 1617 1186 1618 1180 1618 1187 1618 1187 1619 1229 1619 1186 1619 1229 1620 1187 1620 1230 1620 1230 1621 1309 1621 1229 1621 1309 1622 1230 1622 1310 1622 1310 1623 1379 1623 1309 1623 1379 1624 1310 1624 1380 1624 1380 1625 1411 1625 1379 1625 1411 1626 1380 1626 1412 1626 1412 1627 1448 1627 1411 1627 1448 1628 1412 1628 1449 1628 1449 1629 1491 1629 1448 1629 1491 1630 1449 1630 1492 1630 1492 1631 1558 1631 1491 1631 1558 1632 1492 1632 1559 1632 1559 1633 1668 1633 1558 1633 1668 1634 1559 1634 1669 1634 1669 1635 1869 1635 1668 1635 1869 1636 1669 1636 1870 1636 1870 1637 1879 1637 1869 1637 1879 1638 1870 1638 1878 1638 402 1639 1187 1639 1180 1639 1441 1640 1492 1640 1449 1640 1878 1641 1884 1641 1913 1641 1870 1642 1884 1642 1878 1642 1884 1643 1870 1643 1669 1643 1492 1644 1441 1644 1589 1644 1589 1645 1559 1645 1492 1645 1589 1646 1669 1646 1559 1646 1669 1647 1589 1647 1884 1647 1346 1648 1310 1648 1230 1648 1346 1649 1380 1649 1310 1649 1346 1650 1412 1650 1380 1650 1412 1651 1346 1651 1441 1651 1441 1652 1449 1652 1412 1652 375 1653 1187 1653 402 1653 1187 1654 375 1654 1184 1654 1184 1655 1230 1655 1187 1655 1346 1656 1230 1656 1184 1656 1346 1657 1184 1657 1290 1657 1377 1658 1346 1658 1290 1658 1422 1659 1346 1659 1377 1659 1346 1660 1422 1660 1441 1660 1462 1661 1441 1661 1422 1661 1515 1662 1441 1662 1462 1662 1441 1663 1515 1663 1589 1663 1589 1664 1850 1664 1884 1664 1893 1665 1884 1665 1850 1665 1921 1666 1884 1666 1893 1666 1913 1667 1884 1667 1921 1667 1913 1668 1930 1668 1931 1668 1930 1669 1913 1669 1921 1669 1921 1670 1920 1670 1930 1670 1920 1671 1921 1671 1893 1671 1893 1672 1897 1672 1920 1672 1882 1673 1893 1673 1850 1673 1893 1674 1882 1674 1897 1674 1868 1675 1654 1675 1625 1675 1654 1676 1868 1676 1850 1676 1882 1677 1850 1677 1868 1677 1625 1678 1654 1678 1515 1678 1625 1679 1515 1679 1536 1679 1536 1680 1515 1680 1480 1680 1480 1681 1515 1681 1462 1681 1480 1682 1462 1682 1444 1682 1422 1683 1444 1683 1462 1683 1377 1684 1405 1684 1422 1684 1422 1685 1405 1685 1444 1685 1342 1686 1377 1686 1290 1686 1377 1687 1342 1687 1371 1687 1405 1688 1377 1688 1371 1688 1654 1689 1850 1689 1589 1689 1589 1690 1515 1690 1654 1690 1918 1691 1931 1691 1932 1691 1931 1692 1918 1692 1917 1692 1917 1693 1913 1693 1931 1693 1913 1694 1917 1694 1903 1694 1878 1695 1903 1695 1879 1695 1903 1696 1878 1696 1913 1696 1192 1697 1290 1697 1184 1697 1290 1698 1250 1698 1266 1698 1291 1699 1290 1699 1266 1699 1290 1700 1291 1700 1342 1700 1316 1701 1342 1701 1291 1701 1342 1702 1316 1702 1327 1702 1290 1703 1198 1703 1240 1703 1290 1704 1240 1704 1250 1704 1290 1705 1192 1705 1198 1705 1366 1706 1342 1706 1327 1706 1366 1707 1327 1707 1299 1707 1121 1708 1193 1708 1211 1708 1109 1709 1193 1709 1121 1709 954 1710 357 1710 1193 1710 357 1711 954 1711 937 1711 956 1712 358 1712 937 1712 358 1713 956 1713 1327 1713 1193 1714 1109 1714 954 1714 1109 1715 956 1715 954 1715 1103 1716 956 1716 1109 1716 1327 1717 1211 1717 1299 1717 1211 1718 1327 1718 956 1718 1211 1719 956 1719 1103 1719 1211 1720 1103 1720 1121 1720 937 1721 358 1721 357 1721 1211 1722 1224 1722 1299 1722 1224 1723 1193 1723 1220 1723 1193 1724 1224 1724 1211 1724 1299 1725 1345 1725 1366 1725 1299 1726 1341 1726 1345 1726 1336 1727 1299 1727 1307 1727 1341 1728 1336 1728 1329 1728 1336 1729 1341 1729 1299 1729 1220 1730 1299 1730 1224 1730 1366 1731 1345 1731 1390 1731 1366 1732 1371 1732 1342 1732 1391 1733 1366 1733 1390 1733 1391 1734 1371 1734 1366 1734 1442 1735 1482 1735 1479 1735 1482 1736 1442 1736 1471 1736 1480 1737 1452 1737 1479 1737 1429 1738 1390 1738 1442 1738 1429 1739 1442 1739 1452 1739 1452 1740 1442 1740 1479 1740 1429 1741 1391 1741 1390 1741 1442 1742 1390 1742 1471 1742 1341 1743 1353 1743 1354 1743 1341 1744 1354 1744 1345 1744 1353 1745 1341 1745 1352 1745 1341 1746 1351 1746 1352 1746 1520 1747 1351 1747 1519 1747 1351 1748 1520 1748 1352 1748 1875 1749 1864 1749 1866 1749 1868 1750 1712 1750 1864 1750 1868 1751 1625 1751 1712 1751 1625 1752 1514 1752 1596 1752 1514 1753 1625 1753 1536 1753 1536 1754 1479 1754 1514 1754 1479 1755 1536 1755 1480 1755 1452 1756 1480 1756 1444 1756 1444 1757 1429 1757 1452 1757 1429 1758 1444 1758 1405 1758 1405 1759 1391 1759 1429 1759 1371 1760 1391 1760 1405 1760 1868 1761 1864 1761 1875 1761 1875 1762 1882 1762 1868 1762 1905 1763 1882 1763 1875 1763 1882 1764 1905 1764 1897 1764 1905 1765 1920 1765 1897 1765 1923 1766 1920 1766 1905 1766 1923 1767 1930 1767 1920 1767 1930 1768 1923 1768 1932 1768 1930 1769 1932 1769 1931 1769 1712 1770 1753 1770 1864 1770 1866 1771 1851 1771 1854 1771 1851 1772 1866 1772 1864 1772 1932 1773 1911 1773 1918 1773 1911 1774 1932 1774 1923 1774 1923 1775 1888 1775 1911 1775 1888 1776 1923 1776 1905 1776 1905 1777 1815 1777 1888 1777 363 1778 1193 1778 357 1778 1193 1779 363 1779 1194 1779 1194 1780 1220 1780 1193 1780 1220 1781 1194 1781 1245 1781 1245 1782 1299 1782 1220 1782 1299 1783 1245 1783 1307 1783 1329 1784 1336 1784 1351 1784 1351 1785 1341 1785 1329 1785 1355 1786 1519 1786 1351 1786 1519 1787 1355 1787 1522 1787 1522 1788 1542 1788 1519 1788 1542 1789 1522 1789 1545 1789 1565 1790 1602 1790 1545 1790 1602 1791 1565 1791 1636 1791 1636 1792 1717 1792 1602 1792 1854 1793 1717 1793 1755 1793 1755 1794 1866 1794 1854 1794 1866 1795 1755 1795 1815 1795 1815 1796 1875 1796 1866 1796 1815 1797 1905 1797 1875 1797 1542 1798 1520 1798 1519 1798 1521 1799 1352 1799 1520 1799 1482 1800 1471 1800 1546 1800 1390 1801 1354 1801 1471 1801 1354 1802 1390 1802 1345 1802 1354 1803 1521 1803 1471 1803 1521 1804 1354 1804 1353 1804 1352 1805 1521 1805 1353 1805 1471 1806 1521 1806 1542 1806 1542 1807 1521 1807 1520 1807 1471 1808 1542 1808 1546 1808 1546 1809 1542 1809 1555 1809 1514 1810 1479 1810 1482 1810 1712 1811 1625 1811 1596 1811 1753 1812 1596 1812 1546 1812 1596 1813 1753 1813 1712 1813 1514 1814 1546 1814 1596 1814 1546 1815 1514 1815 1482 1815 1717 1816 1616 1816 1602 1816 1616 1817 1717 1817 1720 1817 1545 1818 1555 1818 1542 1818 1555 1819 1602 1819 1616 1819 1602 1820 1555 1820 1545 1820 1555 1821 1616 1821 1546 1821 1739 1822 1753 1822 1546 1822 1720 1823 1739 1823 1616 1823 1616 1824 1739 1824 1546 1824 1753 1825 1739 1825 1851 1825 1753 1826 1851 1826 1864 1826 1851 1827 1717 1827 1854 1827 1717 1828 1851 1828 1720 1828 1851 1829 1739 1829 1720 1829 997 1830 1055 1830 1056 1830 1055 1831 997 1831 996 1831 1056 1832 999 1832 997 1832 999 1833 1056 1833 1058 1833 1057 1834 999 1834 1058 1834 999 1835 1057 1835 998 1835 1053 1836 1055 1836 1054 1836 1055 1837 1053 1837 1057 1837 1057 1838 1056 1838 1055 1838 1056 1839 1057 1839 1058 1839 999 1840 996 1840 997 1840 996 1841 999 1841 998 1841 998 1842 995 1842 996 1842 995 1843 998 1843 994 1843 1053 1844 998 1844 1057 1844 998 1845 1053 1845 994 1845 994 1846 1054 1846 995 1846 1054 1847 994 1847 1053 1847 996 1848 374 1848 403 1848 374 1849 996 1849 995 1849 995 1850 1183 1850 374 1850 1183 1851 995 1851 1054 1851 1894 1852 1869 1852 1879 1852 1490 1853 1448 1853 1491 1853 1448 1854 1490 1854 1457 1854 1457 1855 1411 1855 1448 1855 1411 1856 1457 1856 1389 1856 1389 1857 1379 1857 1411 1857 1907 1858 1558 1858 1668 1858 1558 1859 1907 1859 1490 1859 1490 1860 1491 1860 1558 1860 1907 1861 1668 1861 1869 1861 1869 1862 1894 1862 1907 1862 1242 1863 1229 1863 1309 1863 1242 1864 1379 1864 1389 1864 1242 1865 1309 1865 1379 1865 1181 1866 1054 1866 1055 1866 1054 1867 1181 1867 1186 1867 1186 1868 1183 1868 1054 1868 1183 1869 1186 1869 1229 1869 1229 1870 1242 1870 1183 1870 1894 1871 1880 1871 1909 1871 1904 1872 1909 1872 1902 1872 1909 1873 1904 1873 1903 1873 1909 1874 1903 1874 1894 1874 1880 1875 1879 1875 1881 1875 1879 1876 1880 1876 1894 1876 1881 1877 1890 1877 1880 1877 1904 1878 1902 1878 1890 1878 1904 1879 1890 1879 1881 1879 1902 1880 1909 1880 1880 1880 1896 1881 1903 1881 1904 1881 1879 1882 1903 1882 1883 1882 1883 1883 1881 1883 1879 1883 1883 1884 1904 1884 1881 1884 1904 1885 1883 1885 1896 1885 1896 1886 1890 1886 1902 1886 1890 1887 1896 1887 1883 1887 1883 1888 1880 1888 1890 1888 1883 1889 1902 1889 1880 1889 1902 1890 1883 1890 1903 1890 1902 1891 1903 1891 1896 1891 971 1892 1063 1892 1061 1892 1892 1893 1903 1893 1879 1893 1879 1894 1885 1894 1892 1894 403 1895 915 1895 913 1895 915 1896 403 1896 440 1896 440 1897 973 1897 915 1897 1885 1898 1879 1898 1871 1898 1569 1899 1560 1899 1493 1899 1569 1900 1670 1900 1560 1900 1670 1901 1569 1901 1874 1901 1874 1902 1871 1902 1670 1902 1874 1903 1885 1903 1871 1903 1424 1904 1493 1904 1450 1904 1493 1905 1424 1905 1569 1905 1889 1906 1892 1906 1885 1906 1885 1907 1874 1907 1889 1907 1088 1908 1188 1908 1181 1908 1188 1909 1088 1909 1090 1909 1090 1910 1231 1910 1188 1910 1892 1911 1889 1911 1903 1911 1261 1912 1381 1912 1311 1912 1381 1913 1261 1913 1424 1913 1424 1914 1413 1914 1381 1914 1424 1915 1450 1915 1413 1915 1261 1916 1311 1916 1231 1916 1063 1917 971 1917 973 1917 973 1918 440 1918 1063 1918 440 1919 1090 1919 1063 1919 1090 1920 440 1920 1182 1920 1231 1921 1090 1921 1182 1921 1261 1922 1231 1922 1182 1922 972 1923 915 1923 973 1923 915 1924 972 1924 914 1924 969 1925 914 1925 972 1925 914 1926 969 1926 911 1926 911 1927 970 1927 912 1927 970 1928 911 1928 969 1928 971 1929 970 1929 969 1929 969 1930 973 1930 971 1930 973 1931 969 1931 972 1931 914 1932 913 1932 915 1932 913 1933 914 1933 911 1933 911 1934 912 1934 913 1934 970 1935 913 1935 912 1935 913 1936 970 1936 971 1936 1089 1937 1063 1937 1090 1937 1063 1938 1089 1938 1062 1938 1086 1939 1062 1939 1089 1939 1062 1940 1086 1940 1059 1940 1059 1941 1087 1941 1060 1941 1087 1942 1059 1942 1086 1942 1062 1943 1061 1943 1063 1943 1061 1944 1062 1944 1059 1944 1059 1945 1060 1945 1061 1945 1088 1946 1087 1946 1086 1946 1086 1947 1090 1947 1088 1947 1090 1948 1086 1948 1089 1948 1087 1949 1061 1949 1060 1949 1061 1950 1087 1950 1088 1950 913 1951 402 1951 403 1951 971 1952 402 1952 913 1952 1061 1953 402 1953 971 1953 1061 1954 1180 1954 402 1954 1180 1955 1061 1955 1088 1955 1180 1956 1088 1956 1181 1956 1878 1957 1871 1957 1879 1957 1871 1958 1878 1958 1872 1958 1872 1959 1670 1959 1871 1959 1670 1960 1872 1960 1671 1960 1671 1961 1560 1961 1670 1961 1560 1962 1671 1962 1561 1962 1561 1963 1493 1963 1560 1963 1493 1964 1561 1964 1494 1964 1494 1965 1450 1965 1493 1965 1450 1966 1494 1966 1451 1966 1451 1967 1413 1967 1450 1967 1413 1968 1451 1968 1414 1968 1414 1969 1381 1969 1413 1969 1381 1970 1414 1970 1382 1970 1382 1971 1311 1971 1381 1971 1311 1972 1382 1972 1312 1972 1312 1973 1231 1973 1311 1973 1231 1974 1312 1974 1232 1974 1232 1975 1188 1975 1231 1975 1188 1976 1232 1976 1189 1976 1189 1977 1181 1977 1188 1977 1181 1978 1189 1978 1180 1978 1383 1979 1261 1979 1308 1979 1261 1980 1383 1980 1424 1980 1423 1981 1424 1981 1383 1981 1476 1982 1424 1982 1423 1982 1424 1983 1476 1983 1569 1983 1914 1984 1916 1984 1917 1984 1889 1985 1916 1985 1914 1985 1916 1986 1889 1986 1908 1986 1889 1987 1874 1987 1849 1987 1874 1988 1667 1988 1849 1988 1569 1989 1667 1989 1874 1989 1569 1990 1556 1990 1667 1990 1476 1991 1556 1991 1569 1991 1556 1992 1476 1992 1489 1992 1489 1993 1476 1993 1459 1993 1476 1994 1439 1994 1459 1994 1439 1995 1476 1995 1423 1995 1439 1996 1423 1996 1403 1996 1383 1997 1403 1997 1423 1997 1889 1998 1914 1998 1903 1998 1261 1999 1182 1999 1197 1999 1244 2000 1261 2000 1226 2000 1261 2001 1197 2001 1226 2001 1332 2002 1256 2002 1282 2002 1256 2003 1332 2003 1308 2003 1261 2004 1244 2004 1308 2004 1308 2005 1244 2005 1256 2005 1332 2006 1282 2006 1314 2006 1317 2007 1332 2007 1314 2007 1332 2008 1317 2008 1326 2008 440 2009 1197 2009 1182 2009 1197 2010 440 2010 441 2010 441 2011 1226 2011 1197 2011 1244 2012 441 2012 445 2012 441 2013 1244 2013 1226 2013 1317 2014 450 2014 1326 2014 1317 2015 447 2015 450 2015 1314 2016 447 2016 1317 2016 447 2017 1314 2017 1282 2017 447 2018 1282 2018 1256 2018 1256 2019 445 2019 447 2019 1244 2020 445 2020 1256 2020 1335 2021 1332 2021 1326 2021 402 2022 440 2022 403 2022 440 2023 402 2023 439 2023 439 2024 441 2024 440 2024 441 2025 439 2025 442 2025 442 2026 445 2026 441 2026 445 2027 442 2027 446 2027 446 2028 447 2028 445 2028 447 2029 446 2029 454 2029 454 2030 450 2030 447 2030 450 2031 454 2031 456 2031 456 2032 448 2032 450 2032 448 2033 456 2033 455 2033 446 2034 1249 2034 1254 2034 454 2035 1320 2035 456 2035 456 2036 1320 2036 1325 2036 454 2037 1295 2037 1313 2037 1320 2038 454 2038 1313 2038 1254 2039 454 2039 446 2039 454 2040 1254 2040 1274 2040 1295 2041 454 2041 1274 2041 1185 2042 442 2042 439 2042 442 2043 1185 2043 1191 2043 442 2044 1191 2044 1223 2044 1223 2045 446 2045 442 2045 446 2046 1223 2046 1238 2046 1249 2047 446 2047 1238 2047 1932 2048 1917 2048 1918 2048 1917 2049 1932 2049 1931 2049 1931 2050 1914 2050 1917 2050 1914 2051 1931 2051 1922 2051 1922 2052 1903 2052 1914 2052 1903 2053 1922 2053 1913 2053 1913 2054 1879 2054 1903 2054 1879 2055 1913 2055 1878 2055 1189 2056 402 2056 1180 2056 1518 2057 1451 2057 1494 2057 1265 2058 1232 2058 1312 2058 1451 2059 1518 2059 1425 2059 1425 2060 1414 2060 1451 2060 1425 2061 1382 2061 1414 2061 1265 2062 1382 2062 1425 2062 1265 2063 1312 2063 1382 2063 1877 2064 1561 2064 1671 2064 1561 2065 1877 2065 1518 2065 1518 2066 1494 2066 1561 2066 1877 2067 1671 2067 1872 2067 1872 2068 1913 2068 1877 2068 1913 2069 1872 2069 1878 2069 1232 2070 1265 2070 1185 2070 1232 2071 1185 2071 1189 2071 439 2072 1189 2072 1185 2072 1189 2073 439 2073 402 2073 1436 2074 1463 2074 1468 2074 1463 2075 1436 2075 1421 2075 1392 2076 1421 2076 1436 2076 1392 2077 1376 2077 1421 2077 1376 2078 1392 2078 1367 2078 1367 2079 1302 2079 1376 2079 1463 2080 1504 2080 1468 2080 1504 2081 1463 2081 1516 2081 1516 2082 1564 2082 1504 2082 1516 2083 1643 2083 1564 2083 1643 2084 1516 2084 1705 2084 1643 2085 1705 2085 1873 2085 1891 2086 1873 2086 1705 2086 1873 2087 1891 2087 1895 2087 1910 2088 1895 2088 1891 2088 1895 2089 1910 2089 1919 2089 1922 2090 1919 2090 1910 2090 1919 2091 1922 2091 1929 2091 1929 2092 1922 2092 1931 2092 1910 2093 1913 2093 1922 2093 1913 2094 1910 2094 1877 2094 1891 2095 1877 2095 1910 2095 1705 2096 1877 2096 1891 2096 1877 2097 1705 2097 1518 2097 1516 2098 1518 2098 1705 2098 1463 2099 1518 2099 1516 2099 1518 2100 1463 2100 1425 2100 1421 2101 1425 2101 1463 2101 1376 2102 1425 2102 1421 2102 1293 2103 1425 2103 1376 2103 1425 2104 1293 2104 1265 2104 1293 2105 1376 2105 1302 2105 1265 2106 1293 2106 1185 2106 1334 2107 1325 2107 1320 2107 1293 2108 1238 2108 1223 2108 1293 2109 1223 2109 1191 2109 1293 2110 1191 2110 1185 2110 1293 2111 1249 2111 1238 2111 1249 2112 1293 2112 1302 2112 1320 2113 1367 2113 1334 2113 1367 2114 1320 2114 1313 2114 1367 2115 1313 2115 1295 2115 1295 2116 1302 2116 1367 2116 1302 2117 1295 2117 1274 2117 1302 2118 1274 2118 1254 2118 1302 2119 1254 2119 1249 2119 1335 2120 1212 2120 1228 2120 1335 2121 1228 2121 1318 2121 1318 2122 1287 2122 1337 2122 1350 2123 1337 2123 1340 2123 1337 2124 1350 2124 1318 2124 1318 2125 1207 2125 1287 2125 1207 2126 1318 2126 1228 2126 1207 2127 1212 2127 1195 2127 1212 2128 1207 2128 1228 2128 957 2129 450 2129 938 2129 450 2130 957 2130 1326 2130 448 2131 955 2131 938 2131 955 2132 448 2132 1195 2132 938 2133 450 2133 448 2133 1123 2134 1195 2134 1212 2134 1111 2135 1195 2135 1123 2135 1195 2136 1111 2136 955 2136 1111 2137 957 2137 955 2137 1104 2138 957 2138 1111 2138 1326 2139 1212 2139 1335 2139 1212 2140 1326 2140 957 2140 1212 2141 957 2141 1104 2141 1212 2142 1104 2142 1123 2142 1104 2143 1101 2143 1112 2143 1112 2144 1123 2144 1104 2144 1123 2145 1112 2145 1124 2145 1124 2146 1111 2146 1123 2146 1111 2147 1124 2147 1101 2147 1101 2148 1104 2148 1111 2148 944 2149 957 2149 938 2149 957 2150 944 2150 960 2150 960 2151 955 2151 957 2151 955 2152 960 2152 949 2152 949 2153 938 2153 955 2153 938 2154 949 2154 944 2154 1335 2155 1373 2155 1332 2155 1384 2156 1407 2156 1373 2156 1318 2157 1373 2157 1335 2157 1373 2158 1318 2158 1384 2158 1350 2159 1384 2159 1318 2159 1358 2160 1350 2160 1360 2160 1360 2161 1340 2161 1359 2161 1340 2162 1360 2162 1350 2162 1527 2163 1360 2163 1359 2163 1360 2164 1527 2164 1526 2164 1438 2165 1472 2165 1481 2165 1472 2166 1438 2166 1427 2166 1384 2167 1427 2167 1438 2167 1440 2168 1407 2168 1438 2168 1438 2169 1464 2169 1440 2169 1464 2170 1438 2170 1481 2170 1407 2171 1384 2171 1438 2171 1916 2172 1918 2172 1917 2172 1916 2173 1912 2173 1918 2173 1628 2174 1849 2174 1667 2174 1889 2175 1849 2175 1887 2175 1628 2176 1667 2176 1556 2176 1556 2177 1507 2177 1628 2177 1489 2178 1507 2178 1556 2178 1489 2179 1464 2179 1507 2179 1464 2180 1489 2180 1459 2180 1459 2181 1440 2181 1464 2181 1440 2182 1459 2182 1439 2182 1439 2183 1407 2183 1440 2183 1407 2184 1439 2184 1403 2184 1373 2185 1403 2185 1383 2185 1403 2186 1373 2186 1407 2186 1308 2187 1332 2187 1383 2187 1332 2188 1373 2188 1383 2188 1912 2189 1916 2189 1908 2189 1889 2190 1912 2190 1908 2190 1912 2191 1889 2191 1887 2191 1751 2192 1816 2192 1887 2192 1628 2193 1751 2193 1887 2193 1672 2194 1751 2194 1628 2194 1849 2195 1628 2195 1887 2195 1816 2196 1746 2196 1810 2196 1746 2197 1816 2197 1751 2197 1525 2198 1472 2198 1427 2198 1472 2199 1525 2199 1513 2199 1384 2200 1358 2200 1427 2200 1358 2201 1384 2201 1350 2201 1526 2202 1358 2202 1360 2202 1358 2203 1526 2203 1525 2203 1427 2204 1358 2204 1525 2204 1527 2205 1539 2205 1526 2205 1539 2206 1527 2206 1541 2206 1525 2207 1526 2207 1539 2207 1525 2208 1539 2208 1513 2208 1539 2209 1541 2209 1544 2209 1597 2210 1568 2210 1544 2210 1539 2211 1544 2211 1568 2211 1597 2212 1651 2212 1568 2212 1676 2213 1651 2213 1597 2213 1651 2214 1676 2214 1746 2214 1539 2215 1568 2215 1513 2215 1513 2216 1568 2216 1481 2216 1507 2217 1464 2217 1481 2217 1568 2218 1507 2218 1481 2218 1568 2219 1628 2219 1507 2219 1568 2220 1672 2220 1628 2220 1472 2221 1513 2221 1481 2221 1651 2222 1672 2222 1568 2222 1746 2223 1672 2223 1651 2223 1672 2224 1746 2224 1751 2224 1810 2225 1746 2225 1676 2225 944 2226 455 2226 456 2226 944 2227 456 2227 1325 2227 1196 2228 1101 2228 1124 2228 1101 2229 1196 2229 455 2229 1101 2230 949 2230 1112 2230 1112 2231 949 2231 960 2231 949 2232 455 2232 944 2232 1210 2233 1325 2233 1334 2233 949 2234 1101 2234 455 2234 1124 2235 1210 2235 1196 2235 1112 2236 1210 2236 1124 2236 960 2237 1210 2237 1112 2237 1210 2238 960 2238 1325 2238 1325 2239 960 2239 944 2239 1219 2240 1210 2240 1234 2240 1210 2241 1219 2241 1196 2241 1334 2242 1298 2242 1234 2242 1210 2243 1334 2243 1234 2243 1298 2244 1334 2244 1370 2244 1365 2245 1298 2245 1370 2245 1298 2246 1365 2246 1339 2246 1298 2247 1219 2247 1234 2247 1303 2248 1298 2248 1340 2248 1339 2249 1340 2249 1298 2249 1339 2250 1338 2250 1340 2250 1334 2251 1386 2251 1370 2251 1365 2252 1370 2252 1409 2252 1339 2253 1361 2253 1362 2253 1339 2254 1362 2254 1364 2254 1361 2255 1339 2255 1365 2255 1364 2256 1338 2256 1339 2256 1338 2257 1364 2257 1363 2257 1363 2258 1531 2258 1530 2258 1531 2259 1363 2259 1364 2259 1428 2260 1409 2260 1370 2260 1469 2261 1409 2261 1428 2261 1426 2262 1428 2262 1386 2262 1428 2263 1470 2263 1469 2263 1386 2264 1428 2264 1370 2264 1386 2265 1367 2265 1392 2265 1334 2266 1367 2266 1386 2266 1426 2267 1392 2267 1436 2267 1392 2268 1426 2268 1386 2268 1428 2269 1468 2269 1470 2269 1468 2270 1428 2270 1436 2270 1436 2271 1428 2271 1426 2271 1509 2272 1504 2272 1564 2272 1509 2273 1468 2273 1504 2273 1468 2274 1509 2274 1470 2274 1873 2275 1865 2275 1707 2275 1707 2276 1643 2276 1873 2276 1564 2277 1643 2277 1707 2277 1865 2278 1876 2278 1867 2278 1865 2279 1873 2279 1876 2279 1873 2280 1906 2280 1876 2280 1906 2281 1873 2281 1895 2281 1919 2282 1906 2282 1895 2282 1906 2283 1919 2283 1924 2283 1929 2284 1924 2284 1919 2284 1929 2285 1932 2285 1924 2285 1932 2286 1929 2286 1931 2286 1865 2287 1814 2287 1707 2287 1814 2288 1600 2288 1707 2288 1865 2289 1860 2289 1861 2289 1860 2290 1865 2290 1867 2290 455 2291 1195 2291 448 2291 1195 2292 455 2292 1196 2292 1196 2293 1207 2293 1195 2293 1207 2294 1196 2294 1219 2294 1219 2295 1287 2295 1207 2295 1287 2296 1219 2296 1298 2296 1298 2297 1337 2297 1287 2297 1337 2298 1298 2298 1303 2298 1337 2299 1303 2299 1340 2299 1338 2300 1359 2300 1340 2300 1359 2301 1338 2301 1363 2301 1363 2302 1527 2302 1359 2302 1527 2303 1363 2303 1530 2303 1530 2304 1541 2304 1527 2304 1554 2305 1544 2305 1541 2305 1554 2306 1597 2306 1544 2306 1743 2307 1810 2307 1676 2307 1810 2308 1743 2308 1860 2308 1860 2309 1816 2309 1810 2309 1816 2310 1860 2310 1867 2310 1918 2311 1924 2311 1932 2311 1924 2312 1918 2312 1912 2312 1912 2313 1906 2313 1924 2313 1906 2314 1912 2314 1887 2314 1887 2315 1876 2315 1906 2315 1876 2316 1887 2316 1816 2316 1876 2317 1816 2317 1867 2317 1860 2318 1743 2318 1861 2318 1861 2319 1814 2319 1865 2319 1814 2320 1861 2320 1737 2320 1543 2321 1554 2321 1541 2321 1530 2322 1543 2322 1541 2322 1543 2323 1530 2323 1531 2323 1529 2324 1528 2324 1543 2324 1543 2325 1528 2325 1510 2325 1529 2326 1543 2326 1531 2326 1409 2327 1361 2327 1365 2327 1528 2328 1409 2328 1469 2328 1528 2329 1469 2329 1510 2329 1409 2330 1528 2330 1361 2330 1528 2331 1362 2331 1361 2331 1362 2332 1528 2332 1529 2332 1529 2333 1364 2333 1362 2333 1364 2334 1529 2334 1531 2334 1469 2335 1470 2335 1509 2335 1469 2336 1540 2336 1510 2336 1707 2337 1600 2337 1564 2337 1540 2338 1564 2338 1600 2338 1564 2339 1540 2339 1509 2339 1509 2340 1540 2340 1469 2340 1543 2341 1510 2341 1540 2341 1584 2342 1597 2342 1554 2342 1554 2343 1543 2343 1584 2343 1584 2344 1676 2344 1597 2344 1676 2345 1584 2345 1743 2345 1737 2346 1584 2346 1600 2346 1743 2347 1584 2347 1737 2347 1600 2348 1584 2348 1540 2348 1540 2349 1584 2349 1543 2349 1743 2350 1737 2350 1861 2350 1814 2351 1737 2351 1600 2351 1634 2352 1653 2352 1649 2352 1634 2353 1618 2353 1653 2353 1634 2354 1649 2354 1618 2354 1618 2355 1649 2355 1653 2355 1629 2356 1652 2356 1638 2356 1629 2357 1613 2357 1652 2357 1638 2358 1613 2358 1629 2358 1638 2359 1652 2359 1613 2359 1162 2360 1170 2360 1173 2360 1162 2361 1139 2361 1170 2361 1162 2362 1173 2362 1139 2362 1139 2363 1173 2363 1170 2363 1161 2364 1169 2364 1172 2364 1161 2365 1138 2365 1169 2365 1161 2366 1172 2366 1138 2366 1138 2367 1172 2367 1169 2367 900 2368 902 2368 879 2368 871 2369 902 2369 900 2369 871 2370 879 2370 902 2370 879 2371 871 2371 900 2371 899 2372 928 2372 881 2372 899 2373 877 2373 928 2373 899 2374 881 2374 877 2374 877 2375 881 2375 928 2375 1664 2376 1839 2376 1842 2376 1664 2377 1848 2377 1839 2377 1664 2378 1842 2378 1848 2378 1842 2379 1839 2379 1848 2379 1841 2380 1665 2380 1661 2380 1661 2381 1843 2381 1841 2381 1843 2382 1661 2382 1665 2382 1665 2383 1841 2383 1843 2383 1663 2384 1845 2384 1846 2384 1663 2385 1840 2385 1845 2385 1663 2386 1846 2386 1840 2386 1840 2387 1846 2387 1845 2387 1714 2388 1847 2388 1662 2388 1662 2389 1844 2389 1714 2389 1662 2390 1847 2390 1844 2390 1714 2391 1844 2391 1847 2391 803 2392 352 2392 356 2392 803 2393 344 2393 352 2393 803 2394 356 2394 344 2394 344 2395 356 2395 352 2395 350 2396 800 2396 695 2396 800 2397 340 2397 695 2397 800 2398 350 2398 340 2398 340 2399 350 2399 695 2399 804 2400 351 2400 347 2400 804 2401 353 2401 351 2401 804 2402 347 2402 353 2402 353 2403 347 2403 351 2403 346 2404 801 2404 697 2404 355 2405 697 2405 801 2405 801 2406 346 2406 355 2406 355 2407 346 2407 697 2407 1594 2408 1595 2408 1599 2408 1594 2409 1577 2409 1595 2409 1594 2410 1599 2410 1577 2410 1577 2411 1599 2411 1595 2411 1272 2412 1262 2412 1289 2412 1272 2413 1251 2413 1262 2413 1272 2414 1289 2414 1251 2414 1289 2415 1262 2415 1251 2415 1590 2416 1593 2416 1588 2416 1593 2417 1590 2417 1607 2417 1590 2418 1588 2418 1607 2418 1593 2419 1607 2419 1588 2419 1268 2420 1260 2420 1269 2420 1268 2421 1292 2421 1260 2421 1268 2422 1269 2422 1292 2422 1292 2423 1269 2423 1260 2423 1041 2424 1037 2424 1050 2424 1041 2425 1052 2425 1037 2425 1041 2426 1050 2426 1052 2426 1050 2427 1037 2427 1052 2427 1040 2428 1044 2428 1033 2428 1040 2429 1045 2429 1044 2429 1040 2430 1033 2430 1045 2430 1045 2431 1033 2431 1044 2431 1075 2432 1085 2432 1072 2432 1075 2433 1068 2433 1085 2433 1075 2434 1072 2434 1068 2434 1085 2435 1068 2435 1072 2435 1076 2436 1074 2436 1079 2436 1076 2437 1064 2437 1074 2437 1076 2438 1079 2438 1064 2438 1064 2439 1079 2439 1074 2439 1118 2440 1102 2440 1113 2440 1118 2441 1120 2441 1102 2441 1113 2442 1120 2442 1118 2442 1113 2443 1102 2443 1120 2443 945 2444 941 2444 939 2444 958 2445 941 2445 945 2445 945 2446 939 2446 958 2446 939 2447 941 2447 958 2447 951 2448 950 2448 940 2448 951 2449 942 2449 950 2449 942 2450 951 2450 940 2450 940 2451 950 2451 942 2451 1108 2452 1125 2452 1117 2452 1108 2453 1105 2453 1125 2453 1117 2454 1105 2454 1108 2454 1117 2455 1125 2455 1105 2455 882 2456 893 2456 894 2456 894 2457 897 2457 882 2457 780 2458 897 2458 895 2458 897 2459 780 2459 891 2459 897 2460 894 2460 895 2460 893 2461 891 2461 780 2461 891 2462 893 2462 882 2462 892 2463 858 2463 896 2463 858 2464 897 2464 896 2464 897 2465 858 2465 882 2465 858 2466 892 2466 882 2466 886 2467 891 2467 887 2467 887 2468 891 2468 882 2468 891 2469 886 2469 883 2469 883 2470 886 2470 885 2470 885 2471 882 2471 883 2471 887 2472 882 2472 885 2472 890 2473 882 2473 892 2473 889 2474 882 2474 890 2474 882 2475 889 2475 888 2475 888 2476 884 2476 882 2476 888 2477 892 2477 884 2477 892 2478 888 2478 890 2478 542 2479 892 2479 896 2479 892 2480 542 2480 532 2480 532 2481 884 2481 892 2481 884 2482 532 2482 525 2482 896 2483 543 2483 542 2483 897 2484 543 2484 896 2484 543 2485 883 2485 523 2485 543 2486 891 2486 883 2486 543 2487 897 2487 891 2487 883 2488 524 2488 523 2488 524 2489 883 2489 882 2489 524 2490 882 2490 884 2490 524 2491 884 2491 525 2491 538 2492 895 2492 894 2492 538 2493 894 2493 893 2493 538 2494 893 2494 895 2494 780 2495 895 2495 893 2495 531 2496 889 2496 890 2496 531 2497 890 2497 888 2497 531 2498 888 2498 889 2498 886 2499 528 2499 491 2499 528 2500 886 2500 887 2500 887 2501 527 2501 528 2501 527 2502 887 2502 885 2502 885 2503 491 2503 527 2503 491 2504 885 2504 886 2504 382 2505 528 2505 527 2505 528 2506 382 2506 383 2506 383 2507 491 2507 528 2507 527 2508 491 2508 382 2508 523 2509 510 2509 516 2509 580 2510 600 2510 574 2510 503 2511 502 2511 511 2511 480 2512 511 2512 502 2512 501 2513 511 2513 480 2513 511 2514 501 2514 523 2514 503 2515 511 2515 481 2515 530 2516 520 2516 511 2516 511 2517 520 2517 513 2517 513 2518 481 2518 511 2518 574 2519 488 2519 595 2519 589 2520 574 2520 595 2520 598 2521 601 2521 602 2521 601 2522 598 2522 583 2522 600 2523 580 2523 599 2523 580 2524 598 2524 599 2524 598 2525 580 2525 583 2525 510 2526 523 2526 482 2526 553 2527 546 2527 560 2527 555 2528 554 2528 560 2528 560 2529 554 2529 553 2529 548 2530 546 2530 555 2530 555 2531 546 2531 554 2531 550 2532 548 2532 552 2532 572 2533 580 2533 574 2533 488 2534 574 2534 600 2534 492 2535 575 2535 560 2535 575 2536 492 2536 570 2536 575 2537 570 2537 584 2537 487 2538 575 2538 583 2538 566 2539 580 2539 572 2539 563 2540 566 2540 555 2540 566 2541 563 2541 580 2541 565 2542 555 2542 560 2542 555 2543 565 2543 563 2543 583 2544 565 2544 487 2544 487 2545 565 2545 560 2545 591 2546 584 2546 606 2546 601 2547 594 2547 607 2547 601 2548 584 2548 594 2548 537 2549 526 2549 539 2549 557 2550 556 2550 573 2550 557 2551 541 2551 556 2551 541 2552 557 2552 545 2552 541 2553 545 2553 611 2553 606 2554 571 2554 607 2554 571 2555 606 2555 570 2555 573 2556 622 2556 571 2556 582 2557 573 2557 607 2557 584 2558 570 2558 629 2558 591 2559 607 2559 594 2559 591 2560 606 2560 607 2560 540 2561 604 2561 638 2561 537 2562 540 2562 638 2562 604 2563 526 2563 537 2563 550 2564 542 2564 543 2564 532 2565 550 2565 530 2565 530 2566 525 2566 532 2566 525 2567 530 2567 511 2567 511 2568 524 2568 525 2568 511 2569 523 2569 524 2569 543 2570 604 2570 546 2570 550 2571 543 2571 546 2571 548 2572 550 2572 546 2572 584 2573 601 2573 575 2573 575 2574 601 2574 583 2574 607 2575 571 2575 582 2575 622 2576 582 2576 571 2576 573 2577 486 2577 485 2577 486 2578 573 2578 556 2578 573 2579 485 2579 562 2579 607 2580 573 2580 562 2580 555 2581 566 2581 550 2581 555 2582 550 2582 552 2582 574 2583 550 2583 566 2583 550 2584 532 2584 542 2584 544 2585 541 2585 534 2585 534 2586 498 2586 544 2586 529 2587 484 2587 541 2587 556 2588 562 2588 485 2588 556 2589 544 2589 562 2589 544 2590 556 2590 541 2590 560 2591 551 2591 492 2591 551 2592 560 2592 546 2592 546 2593 540 2593 551 2593 540 2594 546 2594 604 2594 574 2595 589 2595 586 2595 574 2596 586 2596 549 2596 549 2597 550 2597 574 2597 549 2598 530 2598 550 2598 520 2599 530 2599 549 2599 484 2600 498 2600 534 2600 484 2601 529 2601 498 2601 498 2602 529 2602 514 2602 611 2603 539 2603 526 2603 526 2604 529 2604 611 2604 522 2605 529 2605 526 2605 514 2606 529 2606 522 2606 483 2607 517 2607 514 2607 522 2608 517 2608 483 2608 517 2609 522 2609 526 2609 543 2610 523 2610 604 2610 516 2611 604 2611 523 2611 515 2612 604 2612 516 2612 604 2613 515 2613 526 2613 515 2614 516 2614 482 2614 517 2615 498 2615 514 2615 515 2616 498 2616 517 2616 482 2617 498 2617 515 2617 523 2618 498 2618 482 2618 501 2619 498 2619 523 2619 498 2620 501 2620 499 2620 607 2621 451 2621 453 2621 607 2622 453 2622 452 2622 452 2623 601 2623 607 2623 452 2624 602 2624 601 2624 602 2625 448 2625 598 2625 448 2626 602 2626 452 2626 448 2627 599 2627 598 2627 600 2628 449 2628 450 2628 449 2629 600 2629 599 2629 599 2630 448 2630 449 2630 488 2631 600 2631 450 2631 488 2632 445 2632 595 2632 440 2633 595 2633 445 2633 595 2634 440 2634 589 2634 589 2635 440 2635 586 2635 440 2636 549 2636 586 2636 520 2637 440 2637 374 2637 440 2638 520 2638 549 2638 520 2639 374 2639 513 2639 367 2640 513 2640 374 2640 513 2641 367 2641 481 2641 364 2642 503 2642 481 2642 503 2643 364 2643 502 2643 364 2644 480 2644 502 2644 501 2645 480 2645 363 2645 360 2646 501 2646 363 2646 501 2647 360 2647 499 2647 362 2648 498 2648 499 2648 362 2649 499 2649 360 2649 498 2650 362 2650 361 2650 498 2651 361 2651 379 2651 379 2652 544 2652 498 2652 408 2653 544 2653 379 2653 408 2654 562 2654 544 2654 607 2655 408 2655 451 2655 408 2656 607 2656 562 2656 433 2657 580 2657 429 2657 580 2658 433 2658 583 2658 583 2659 433 2659 432 2659 432 2660 565 2660 583 2660 565 2661 432 2661 415 2661 565 2662 415 2662 414 2662 563 2663 414 2663 416 2663 414 2664 563 2664 565 2664 416 2665 580 2665 563 2665 580 2666 416 2666 429 2666 417 2667 570 2667 492 2667 570 2668 417 2668 418 2668 571 2669 418 2669 419 2669 418 2670 571 2670 570 2670 419 2671 573 2671 571 2671 419 2672 557 2672 573 2672 557 2673 419 2673 412 2673 412 2674 545 2674 557 2674 545 2675 412 2675 400 2675 400 2676 611 2676 545 2676 611 2677 400 2677 398 2677 398 2678 539 2678 611 2678 539 2679 398 2679 397 2679 397 2680 537 2680 539 2680 397 2681 540 2681 537 2681 540 2682 397 2682 396 2682 540 2683 396 2683 404 2683 404 2684 551 2684 540 2684 404 2685 492 2685 551 2685 369 2686 482 2686 516 2686 516 2687 372 2687 369 2687 372 2688 516 2688 510 2688 510 2689 482 2689 372 2689 411 2690 486 2690 556 2690 556 2691 485 2691 411 2691 399 2692 534 2692 541 2692 541 2693 389 2693 399 2693 389 2694 541 2694 484 2694 534 2695 399 2695 484 2695 380 2696 514 2696 522 2696 522 2697 373 2697 380 2697 373 2698 522 2698 483 2698 380 2699 483 2699 514 2699 377 2700 517 2700 526 2700 526 2701 378 2701 377 2701 378 2702 526 2702 515 2702 515 2703 373 2703 378 2703 515 2704 377 2704 373 2704 377 2705 515 2705 517 2705 553 2706 410 2706 406 2706 410 2707 553 2707 554 2707 554 2708 405 2708 410 2708 405 2709 554 2709 546 2709 546 2710 406 2710 405 2710 406 2711 546 2711 553 2711 555 2712 409 2712 407 2712 409 2713 555 2713 552 2713 552 2714 401 2714 409 2714 401 2715 552 2715 548 2715 548 2716 407 2716 401 2716 407 2717 548 2717 555 2717 429 2718 572 2718 574 2718 572 2719 429 2719 416 2719 416 2720 566 2720 572 2720 566 2721 416 2721 413 2721 413 2722 574 2722 566 2722 574 2723 413 2723 429 2723 420 2724 575 2724 487 2724 420 2725 560 2725 575 2725 560 2726 420 2726 415 2726 560 2727 415 2727 487 2727 444 2728 591 2728 594 2728 594 2729 443 2729 444 2729 443 2730 594 2730 584 2730 584 2731 438 2731 443 2731 438 2732 584 2732 591 2732 591 2733 444 2733 438 2733 622 2734 669 2734 582 2734 668 2735 582 2735 669 2735 582 2736 668 2736 573 2736 622 2737 573 2737 668 2737 584 2738 672 2738 606 2738 629 2739 570 2739 606 2739 672 2740 584 2740 629 2740 660 2741 541 2741 611 2741 541 2742 660 2742 529 2742 661 2743 529 2743 660 2743 529 2744 661 2744 611 2744 605 2745 537 2745 638 2745 604 2746 537 2746 605 2746 419 2747 669 2747 622 2747 419 2748 668 2748 669 2748 668 2749 419 2749 431 2749 668 2750 431 2750 422 2750 422 2751 622 2751 668 2751 622 2752 422 2752 419 2752 438 2753 672 2753 629 2753 672 2754 438 2754 606 2754 417 2755 629 2755 606 2755 629 2756 417 2756 438 2756 661 2757 386 2757 393 2757 393 2758 611 2758 661 2758 393 2759 660 2759 611 2759 660 2760 393 2760 389 2760 389 2761 661 2761 660 2761 661 2762 389 2762 386 2762 432 2763 417 2763 420 2763 381 2764 372 2764 363 2764 376 2765 363 2765 480 2765 449 2766 433 2766 429 2766 449 2767 429 2767 450 2767 450 2768 445 2768 488 2768 445 2769 450 2769 429 2769 429 2770 440 2770 445 2770 376 2771 481 2771 367 2771 376 2772 367 2772 374 2772 364 2773 376 2773 480 2773 360 2774 363 2774 362 2774 369 2775 440 2775 482 2775 482 2776 363 2776 372 2776 379 2777 484 2777 399 2777 399 2778 408 2778 379 2778 389 2779 484 2779 379 2779 405 2780 440 2780 410 2780 440 2781 405 2781 406 2781 407 2782 440 2782 401 2782 407 2783 409 2783 440 2783 401 2784 413 2784 409 2784 433 2785 449 2785 448 2785 448 2786 452 2786 433 2786 452 2787 432 2787 433 2787 415 2788 432 2788 487 2788 487 2789 432 2789 420 2789 416 2790 440 2790 409 2790 440 2791 416 2791 414 2791 414 2792 410 2792 440 2792 410 2793 414 2793 415 2793 444 2794 452 2794 453 2794 420 2795 417 2795 415 2795 393 2796 399 2796 389 2796 393 2797 400 2797 399 2797 393 2798 398 2798 400 2798 605 2799 397 2799 440 2799 397 2800 380 2800 440 2800 397 2801 386 2801 380 2801 386 2802 397 2802 398 2802 386 2803 398 2803 393 2803 404 2804 417 2804 492 2804 396 2805 440 2805 404 2805 440 2806 396 2806 604 2806 440 2807 604 2807 605 2807 397 2808 605 2808 396 2808 362 2809 373 2809 368 2809 362 2810 363 2810 482 2810 362 2811 482 2811 440 2811 380 2812 379 2812 368 2812 380 2813 368 2813 483 2813 483 2814 368 2814 373 2814 379 2815 362 2815 368 2815 362 2816 379 2816 361 2816 440 2817 378 2817 373 2817 362 2818 440 2818 373 2818 378 2819 380 2819 377 2819 378 2820 440 2820 380 2820 377 2821 380 2821 373 2821 389 2822 379 2822 380 2822 380 2823 386 2823 389 2823 363 2824 376 2824 381 2824 382 2825 381 2825 376 2825 381 2826 382 2826 491 2826 381 2827 491 2827 383 2827 383 2828 440 2828 381 2828 440 2829 383 2829 382 2829 382 2830 376 2830 440 2830 372 2831 381 2831 440 2831 406 2832 404 2832 440 2832 410 2833 404 2833 406 2833 440 2834 369 2834 372 2834 364 2835 481 2835 376 2835 411 2836 408 2836 399 2836 401 2837 440 2837 413 2837 376 2838 374 2838 440 2838 485 2839 408 2839 411 2839 422 2840 486 2840 411 2840 412 2841 422 2841 411 2841 399 2842 412 2842 411 2842 412 2843 399 2843 400 2843 486 2844 408 2844 485 2844 486 2845 422 2845 408 2845 415 2846 404 2846 410 2846 404 2847 415 2847 417 2847 409 2848 413 2848 416 2848 422 2849 412 2849 419 2849 422 2850 451 2850 408 2850 419 2851 426 2851 431 2851 426 2852 417 2852 606 2852 606 2853 438 2853 426 2853 426 2854 419 2854 418 2854 426 2855 418 2855 417 2855 417 2856 432 2856 438 2856 432 2857 443 2857 438 2857 443 2858 432 2858 452 2858 452 2859 444 2859 443 2859 440 2860 429 2860 413 2860 444 2861 426 2861 438 2861 444 2862 453 2862 426 2862 453 2863 431 2863 426 2863 453 2864 422 2864 431 2864 451 2865 422 2865 453 2865 396 2866 605 2866 638 2866 638 2867 604 2867 396 2867 496 2868 763 2868 742 2868 740 2869 495 2869 496 2869 742 2870 763 2870 740 2870 495 2871 740 2871 763 2871 756 2872 742 2872 740 2872 756 2873 216 2873 742 2873 756 2874 762 2874 216 2874 610 2875 216 2875 762 2875 742 2876 157 2876 167 2876 165 2877 745 2877 761 2877 745 2878 157 2878 742 2878 157 2879 745 2879 165 2879 740 2880 610 2880 756 2880 167 2881 496 2881 742 2881 610 2882 740 2882 496 2882 168 2883 216 2883 610 2883 610 2884 496 2884 168 2884 496 2885 167 2885 168 2885 758 2886 216 2886 164 2886 216 2887 758 2887 746 2887 140 2888 610 2888 762 2888 495 2889 140 2889 496 2889 140 2890 495 2890 610 2890 496 2891 140 2891 138 2891 756 2892 495 2892 763 2892 495 2893 756 2893 610 2893 763 2894 496 2894 138 2894 763 2895 138 2895 788 2895 136 2896 788 2896 138 2896 144 2897 787 2897 139 2897 787 2898 144 2898 762 2898 140 2899 762 2899 144 2899 144 2900 138 2900 140 2900 136 2901 197 2901 314 2901 197 2902 136 2902 134 2902 137 2903 197 2903 134 2903 145 2904 793 2904 137 2904 793 2905 145 2905 767 2905 143 2906 767 2906 145 2906 145 2907 142 2907 143 2907 142 2908 145 2908 148 2908 142 2909 148 2909 141 2909 141 2910 739 2910 142 2910 739 2911 141 2911 775 2911 141 2912 148 2912 133 2912 137 2913 153 2913 145 2913 134 2914 153 2914 137 2914 153 2915 134 2915 151 2915 134 2916 136 2916 151 2916 136 2917 149 2917 151 2917 149 2918 136 2918 138 2918 139 2919 150 2919 144 2919 144 2920 149 2920 138 2920 306 2921 151 2921 149 2921 149 2922 304 2922 306 2922 306 2923 153 2923 151 2923 309 2924 153 2924 306 2924 304 2925 149 2925 144 2925 144 2926 305 2926 304 2926 305 2927 144 2927 150 2927 307 2928 150 2928 152 2928 305 2929 150 2929 307 2929 152 2930 310 2930 307 2930 310 2931 152 2931 148 2931 148 2932 311 2932 310 2932 145 2933 309 2933 311 2933 309 2934 145 2934 153 2934 311 2935 148 2935 145 2935 193 2936 139 2936 343 2936 193 2937 133 2937 139 2937 133 2938 193 2938 173 2938 133 2939 148 2939 152 2939 133 2940 150 2940 139 2940 133 2941 152 2941 150 2941 198 2942 133 2942 173 2942 133 2943 198 2943 141 2943 794 2944 787 2944 762 2944 763 2945 762 2945 756 2945 794 2946 763 2946 796 2946 762 2947 763 2947 794 2947 796 2948 763 2948 788 2948 788 2949 799 2949 796 2949 161 2950 165 2950 156 2950 157 2951 165 2951 167 2951 216 2952 168 2952 164 2952 165 2953 221 2953 167 2953 168 2954 752 2954 753 2954 752 2955 168 2955 167 2955 752 2956 167 2956 745 2956 221 2957 745 2957 167 2957 221 2958 165 2958 799 2958 757 2959 164 2959 746 2959 168 2960 746 2960 164 2960 746 2961 168 2961 753 2961 164 2962 162 2962 173 2962 757 2963 746 2963 758 2963 753 2964 216 2964 746 2964 753 2965 742 2965 216 2965 742 2966 753 2966 752 2966 752 2967 745 2967 742 2967 745 2968 221 2968 799 2968 799 2969 761 2969 745 2969 758 2970 792 2970 794 2970 166 2971 161 2971 156 2971 790 2972 166 2972 747 2972 163 2973 747 2973 166 2973 747 2974 163 2974 754 2974 169 2975 754 2975 163 2975 169 2976 751 2976 754 2976 160 2977 751 2977 169 2977 751 2978 160 2978 182 2978 789 2979 182 2979 798 2979 169 2980 163 2980 160 2980 159 2981 182 2981 160 2981 159 2982 162 2982 182 2982 162 2983 159 2983 173 2983 158 2984 163 2984 166 2984 166 2985 156 2985 158 2985 158 2986 785 2986 747 2986 640 2987 158 2987 747 2987 640 2988 163 2988 158 2988 789 2989 160 2989 739 2989 160 2990 789 2990 159 2990 739 2991 751 2991 789 2991 790 2992 747 2992 785 2992 754 2993 640 2993 747 2993 754 2994 751 2994 640 2994 789 2995 751 2995 182 2995 790 2996 161 2996 166 2996 165 2997 161 2997 799 2997 790 2998 799 2998 161 2998 757 2999 758 2999 794 2999 757 3000 794 3000 798 3000 757 3001 162 3001 164 3001 757 3002 798 3002 162 3002 798 3003 182 3003 162 3003 741 3004 640 3004 751 3004 497 3005 766 3005 767 3005 766 3006 497 3006 640 3006 741 3007 767 3007 640 3007 741 3008 497 3008 767 3008 751 3009 497 3009 741 3009 497 3010 160 3010 163 3010 160 3011 497 3011 739 3011 163 3012 640 3012 497 3012 751 3013 494 3013 497 3013 494 3014 751 3014 766 3014 143 3015 640 3015 767 3015 494 3016 143 3016 142 3016 739 3017 494 3017 142 3017 640 3018 143 3018 494 3018 494 3019 766 3019 640 3019 497 3020 494 3020 739 3020 767 3021 775 3021 795 3021 767 3022 766 3022 751 3022 739 3023 767 3023 751 3023 767 3024 739 3024 775 3024 767 3025 795 3025 793 3025 835 3026 795 3026 775 3026 833 3027 793 3027 795 3027 792 3028 173 3028 765 3028 765 3029 789 3029 792 3029 198 3030 159 3030 789 3030 198 3031 173 3031 159 3031 343 3032 173 3032 792 3032 789 3033 765 3033 198 3033 164 3034 343 3034 758 3034 343 3035 164 3035 173 3035 792 3036 758 3036 764 3036 343 3037 792 3037 764 3037 775 3038 141 3038 198 3038 787 3039 343 3039 139 3039 343 3040 826 3040 193 3040 173 3041 193 3041 826 3041 775 3042 198 3042 765 3042 775 3043 765 3043 173 3043 826 3044 343 3044 764 3044 764 3045 787 3045 826 3045 787 3046 764 3046 758 3046 343 3047 787 3047 758 3047 785 3048 493 3048 761 3048 761 3049 799 3049 785 3049 314 3050 165 3050 761 3050 314 3051 156 3051 165 3051 156 3052 314 3052 493 3052 156 3053 493 3053 197 3053 197 3054 493 3054 785 3054 628 3055 785 3055 158 3055 197 3056 158 3056 156 3056 158 3057 197 3057 628 3057 694 3058 785 3058 628 3058 785 3059 694 3059 197 3059 694 3060 493 3060 314 3060 493 3061 694 3061 761 3061 314 3062 788 3062 136 3062 788 3063 694 3063 628 3063 788 3064 314 3064 761 3064 694 3065 788 3065 761 3065 793 3066 628 3066 137 3066 628 3067 793 3067 788 3067 628 3068 197 3068 137 3068 314 3069 197 3069 694 3069 828 3070 832 3070 831 3070 824 3071 828 3071 831 3071 825 3072 828 3072 824 3072 828 3073 825 3073 818 3073 818 3074 821 3074 828 3074 833 3075 839 3075 834 3075 828 3076 834 3076 832 3076 834 3077 828 3077 797 3077 797 3078 833 3078 834 3078 838 3079 844 3079 835 3079 833 3080 841 3080 839 3080 841 3081 833 3081 795 3081 795 3082 842 3082 841 3082 842 3083 795 3083 844 3083 835 3084 844 3084 795 3084 840 3085 838 3085 837 3085 843 3086 838 3086 840 3086 845 3087 838 3087 843 3087 838 3088 845 3088 844 3088 837 3089 836 3089 840 3089 805 3090 836 3090 837 3090 836 3091 805 3091 802 3091 830 3092 802 3092 823 3092 791 3093 827 3093 819 3093 802 3094 822 3094 823 3094 791 3095 822 3095 802 3095 822 3096 791 3096 817 3096 791 3097 819 3097 817 3097 816 3098 817 3098 819 3098 810 3099 809 3099 808 3099 794 3100 815 3100 820 3100 809 3101 814 3101 815 3101 809 3102 810 3102 814 3102 814 3103 810 3103 812 3103 814 3104 812 3104 816 3104 817 3105 816 3105 812 3105 815 3106 794 3106 809 3106 796 3107 809 3107 794 3107 791 3108 805 3108 827 3108 821 3109 833 3109 797 3109 793 3110 799 3110 788 3110 796 3111 811 3111 809 3111 796 3112 813 3112 811 3112 813 3113 796 3113 799 3113 799 3114 818 3114 813 3114 818 3115 799 3115 821 3115 799 3116 833 3116 821 3116 799 3117 790 3117 833 3117 790 3118 793 3118 833 3118 793 3119 790 3119 785 3119 799 3120 793 3120 785 3120 789 3121 835 3121 775 3121 829 3122 794 3122 820 3122 789 3123 775 3123 173 3123 826 3124 789 3124 173 3124 789 3125 826 3125 792 3125 787 3126 792 3126 826 3126 787 3127 794 3127 792 3127 835 3128 789 3128 798 3128 835 3129 798 3129 829 3129 794 3130 829 3130 798 3130 829 3131 79 3131 80 3131 820 3132 79 3132 829 3132 81 3133 827 3133 805 3133 78 3134 827 3134 81 3134 827 3135 78 3135 819 3135 79 3136 820 3136 73 3136 815 3137 73 3137 820 3137 73 3138 815 3138 76 3138 814 3139 76 3139 815 3139 76 3140 814 3140 75 3140 75 3141 96 3141 76 3141 73 3142 76 3142 96 3142 73 3143 71 3143 79 3143 71 3144 80 3144 79 3144 74 3145 80 3145 71 3145 74 3146 98 3146 83 3146 83 3147 98 3147 84 3147 74 3148 829 3148 80 3148 829 3149 74 3149 835 3149 83 3150 835 3150 74 3150 84 3151 835 3151 83 3151 835 3152 84 3152 838 3152 75 3153 95 3153 96 3153 95 3154 78 3154 70 3154 78 3155 95 3155 77 3155 77 3156 95 3156 75 3156 77 3157 819 3157 78 3157 819 3158 77 3158 816 3158 75 3159 816 3159 77 3159 816 3160 75 3160 814 3160 70 3161 81 3161 72 3161 81 3162 70 3162 78 3162 84 3163 97 3163 82 3163 72 3164 82 3164 97 3164 82 3165 72 3165 81 3165 84 3166 98 3166 97 3166 82 3167 838 3167 84 3167 838 3168 82 3168 837 3168 837 3169 82 3169 805 3169 81 3170 805 3170 82 3170 755 3171 828 3171 770 3171 797 3172 770 3172 821 3172 28 3173 832 3173 29 3173 832 3174 28 3174 831 3174 25 3175 824 3175 24 3175 824 3176 25 3176 825 3176 88 3177 808 3177 85 3177 808 3178 88 3178 810 3178 23 3179 822 3179 22 3179 822 3180 23 3180 823 3180 26 3181 830 3181 27 3181 830 3182 26 3182 802 3182 94 3183 843 3183 91 3183 843 3184 94 3184 845 3184 93 3185 91 3185 56 3185 91 3186 93 3186 94 3186 840 3187 91 3187 843 3187 91 3188 840 3188 33 3188 33 3189 56 3189 91 3189 844 3190 92 3190 842 3190 319 3191 92 3191 844 3191 93 3192 845 3192 94 3192 845 3193 93 3193 325 3193 325 3194 844 3194 845 3194 844 3195 325 3195 319 3195 9 3196 92 3196 319 3196 92 3197 9 3197 11 3197 11 3198 842 3198 92 3198 842 3199 11 3199 841 3199 85 3200 86 3200 88 3200 8 3201 88 3201 86 3201 88 3202 8 3202 10 3202 10 3203 810 3203 88 3203 810 3204 10 3204 812 3204 811 3205 87 3205 809 3205 67 3206 809 3206 87 3206 809 3207 67 3207 324 3207 85 3208 323 3208 86 3208 323 3209 85 3209 808 3209 808 3210 324 3210 323 3210 324 3211 808 3211 809 3211 813 3212 87 3212 811 3212 87 3213 813 3213 18 3213 18 3214 67 3214 87 3214 30 3215 802 3215 26 3215 802 3216 30 3216 836 3216 29 3217 834 3217 31 3217 834 3218 29 3218 832 3218 21 3219 825 3219 25 3219 825 3220 21 3220 818 3220 22 3221 817 3221 20 3221 817 3222 22 3222 822 3222 721 3223 797 3223 755 3223 797 3224 721 3224 770 3224 31 3225 834 3225 839 3225 839 3226 11 3226 31 3226 11 3227 839 3227 841 3227 1 3228 29 3228 31 3228 31 3229 11 3229 1 3229 1 3230 28 3230 29 3230 1 3231 13 3231 28 3231 4 3232 25 3232 24 3232 4 3233 24 3233 65 3233 0 3234 23 3234 22 3234 0 3235 12 3235 23 3235 5 3236 26 3236 27 3236 5 3237 27 3237 66 3237 5 3238 30 3238 26 3238 5 3239 32 3239 30 3239 5 3240 33 3240 32 3240 33 3241 5 3241 3 3241 840 3242 32 3242 33 3242 32 3243 840 3243 836 3243 836 3244 30 3244 32 3244 56 3245 33 3245 3 3245 93 3246 56 3246 15 3246 15 3247 325 3247 93 3247 325 3248 15 3248 209 3248 0 3249 22 3249 20 3249 20 3250 10 3250 0 3250 817 3251 10 3251 20 3251 10 3252 817 3252 812 3252 322 3253 86 3253 323 3253 86 3254 322 3254 16 3254 86 3255 16 3255 8 3255 4 3256 21 3256 25 3256 4 3257 19 3257 21 3257 4 3258 18 3258 19 3258 18 3259 4 3259 2 3259 813 3260 19 3260 18 3260 19 3261 813 3261 818 3261 818 3262 21 3262 19 3262 18 3263 2 3263 67 3263 2 3264 14 3264 67 3264 14 3265 324 3265 67 3265 324 3266 14 3266 208 3266 324 3267 208 3267 320 3267 320 3268 323 3268 324 3268 323 3269 320 3269 321 3269 322 3270 323 3270 321 3270 791 3271 736 3271 734 3271 736 3272 791 3272 802 3272 791 3273 722 3273 805 3273 734 3274 713 3274 791 3274 736 3275 805 3275 722 3275 805 3276 736 3276 802 3276 797 3277 828 3277 755 3277 735 3278 770 3278 721 3278 821 3279 770 3279 828 3279 755 3280 735 3280 737 3280 735 3281 755 3281 770 3281 319 3282 326 3282 17 3282 319 3283 17 3283 9 3283 209 3284 328 3284 325 3284 328 3285 319 3285 325 3285 319 3286 328 3286 327 3286 326 3287 319 3287 327 3287 65 3288 13 3288 4 3288 13 3289 65 3289 68 3289 90 3290 28 3290 13 3290 65 3291 24 3291 824 3291 824 3292 90 3292 65 3292 90 3293 824 3293 831 3293 28 3294 90 3294 831 3294 90 3295 68 3295 65 3295 90 3296 13 3296 68 3296 12 3297 66 3297 69 3297 66 3298 12 3298 5 3298 89 3299 23 3299 12 3299 66 3300 27 3300 830 3300 830 3301 89 3301 66 3301 89 3302 830 3302 823 3302 23 3303 89 3303 823 3303 89 3304 69 3304 66 3304 89 3305 12 3305 69 3305 208 3306 60 3306 320 3306 60 3307 208 3307 14 3307 14 3308 61 3308 60 3308 61 3309 14 3309 16 3309 16 3310 321 3310 61 3310 321 3311 16 3311 322 3311 321 3312 391 3312 385 3312 391 3313 321 3313 320 3313 59 3314 61 3314 57 3314 61 3315 59 3315 60 3315 424 3316 327 3316 328 3316 327 3317 424 3317 430 3317 209 3318 63 3318 328 3318 63 3319 209 3319 15 3319 15 3320 62 3320 63 3320 62 3321 15 3321 17 3321 17 3322 327 3322 62 3322 327 3323 17 3323 326 3323 64 3324 62 3324 58 3324 62 3325 64 3325 63 3325 253 3326 327 3326 430 3326 62 3327 253 3327 58 3327 253 3328 62 3328 327 3328 253 3329 255 3329 234 3329 59 3330 320 3330 60 3330 320 3331 59 3331 246 3331 349 3332 246 3332 283 3332 246 3333 349 3333 391 3333 246 3334 391 3334 320 3334 246 3335 237 3335 257 3335 253 3336 430 3336 300 3336 300 3337 430 3337 437 3337 313 3338 437 3338 434 3338 437 3339 313 3339 300 3339 300 3340 313 3340 292 3340 292 3341 253 3341 300 3341 292 3342 458 3342 298 3342 458 3343 292 3343 434 3343 313 3344 434 3344 292 3344 292 3345 298 3345 263 3345 303 3346 458 3346 390 3346 458 3347 303 3347 298 3347 298 3348 293 3348 263 3348 293 3349 384 3349 297 3349 384 3350 293 3350 387 3350 303 3351 387 3351 293 3351 387 3352 303 3352 390 3352 349 3353 297 3353 384 3353 293 3354 298 3354 303 3354 283 3355 297 3355 349 3355 58 3356 234 3356 51 3356 255 3357 51 3357 234 3357 7 3358 58 3358 17 3358 51 3359 17 3359 58 3359 7 3360 53 3360 58 3360 49 3361 17 3361 51 3361 17 3362 49 3362 9 3362 51 3363 232 3363 49 3363 232 3364 51 3364 255 3364 47 3365 9 3365 49 3365 9 3366 47 3366 11 3366 49 3367 231 3367 47 3367 231 3368 49 3368 232 3368 11 3369 44 3369 1 3369 44 3370 11 3370 46 3370 46 3371 11 3371 47 3371 255 3372 248 3372 231 3372 255 3373 231 3373 232 3373 46 3374 229 3374 44 3374 229 3375 46 3375 230 3375 230 3376 46 3376 248 3376 47 3377 248 3377 46 3377 248 3378 47 3378 231 3378 44 3379 4 3379 1 3379 4 3380 44 3380 147 3380 248 3381 229 3381 230 3381 229 3382 248 3382 263 3382 147 3383 44 3383 229 3383 146 3384 4 3384 147 3384 4 3385 40 3385 2 3385 40 3386 4 3386 146 3386 261 3387 229 3387 263 3387 229 3388 261 3388 147 3388 146 3389 239 3389 40 3389 38 3390 2 3390 40 3390 261 3391 146 3391 147 3391 146 3392 261 3392 239 3392 40 3393 224 3393 38 3393 224 3394 40 3394 239 3394 36 3395 2 3395 38 3395 2 3396 36 3396 14 3396 239 3397 257 3397 224 3397 38 3398 257 3398 36 3398 257 3399 38 3399 224 3399 237 3400 36 3400 257 3400 36 3401 237 3401 34 3401 14 3402 34 3402 6 3402 34 3403 14 3403 36 3403 6 3404 34 3404 57 3404 222 3405 57 3405 252 3405 59 3406 57 3406 34 3406 34 3407 246 3407 59 3407 246 3408 34 3408 237 3408 6 3409 57 3409 16 3409 35 3410 16 3410 57 3410 234 3411 58 3411 253 3411 64 3412 58 3412 53 3412 53 3413 235 3413 64 3413 235 3414 53 3414 250 3414 15 3415 53 3415 7 3415 53 3416 15 3416 52 3416 250 3417 424 3417 328 3417 64 3418 328 3418 63 3418 328 3419 64 3419 235 3419 328 3420 235 3420 250 3420 250 3421 436 3421 424 3421 252 3422 321 3422 385 3422 61 3423 252 3423 57 3423 252 3424 61 3424 321 3424 250 3425 52 3425 256 3425 52 3426 250 3426 53 3426 52 3427 56 3427 50 3427 56 3428 52 3428 15 3428 252 3429 254 3429 222 3429 57 3430 222 3430 35 3430 254 3431 35 3431 222 3431 37 3432 16 3432 35 3432 16 3433 37 3433 8 3433 50 3434 256 3434 52 3434 256 3435 50 3435 233 3435 50 3436 3 3436 48 3436 3 3437 50 3437 56 3437 48 3438 233 3438 50 3438 233 3439 48 3439 240 3439 5 3440 48 3440 3 3440 45 3441 5 3441 43 3441 48 3442 5 3442 45 3442 12 3443 0 3443 5 3443 6 3444 16 3444 14 3444 13 3445 1 3445 4 3445 7 3446 17 3446 15 3446 39 3447 8 3447 37 3447 8 3448 39 3448 10 3448 10 3449 42 3449 0 3449 42 3450 10 3450 41 3450 41 3451 10 3451 39 3451 42 3452 5 3452 0 3452 5 3453 42 3453 43 3453 41 3454 226 3454 42 3454 226 3455 41 3455 247 3455 39 3456 247 3456 41 3456 247 3457 39 3457 225 3457 45 3458 240 3458 48 3458 240 3459 45 3459 238 3459 43 3460 238 3460 45 3460 238 3461 43 3461 228 3461 233 3462 240 3462 256 3462 238 3463 262 3463 240 3463 262 3464 238 3464 228 3464 37 3465 225 3465 39 3465 225 3466 37 3466 223 3466 226 3467 247 3467 267 3467 267 3468 227 3468 226 3468 227 3469 267 3469 245 3469 245 3470 262 3470 228 3470 245 3471 228 3471 155 3471 254 3472 247 3472 225 3472 254 3473 225 3473 223 3473 35 3474 223 3474 37 3474 223 3475 35 3475 254 3475 436 3476 250 3476 301 3476 301 3477 435 3477 436 3477 250 3478 294 3478 301 3478 294 3479 435 3479 301 3479 312 3480 435 3480 294 3480 435 3481 312 3481 425 3481 294 3482 280 3482 312 3482 302 3483 457 3483 312 3483 312 3484 457 3484 425 3484 280 3485 302 3485 312 3485 291 3486 457 3486 302 3486 339 3487 457 3487 291 3487 252 3488 385 3488 299 3488 299 3489 385 3489 339 3489 299 3490 339 3490 291 3490 291 3491 252 3491 299 3491 291 3492 280 3492 267 3492 291 3493 302 3493 280 3493 245 3494 154 3494 227 3494 154 3495 55 3495 227 3495 55 3496 154 3496 54 3496 227 3497 42 3497 226 3497 155 3498 228 3498 43 3498 42 3499 227 3499 55 3499 54 3500 42 3500 55 3500 54 3501 43 3501 42 3501 43 3502 54 3502 155 3502 155 3503 154 3503 245 3503 54 3504 154 3504 155 3504 267 3505 262 3505 245 3505 275 3506 280 3506 294 3506 271 3507 252 3507 291 3507 250 3508 276 3508 294 3508 247 3509 273 3509 267 3509 273 3510 291 3510 267 3510 250 3511 256 3511 276 3511 262 3512 267 3512 280 3512 280 3513 275 3513 262 3513 275 3514 240 3514 262 3514 240 3515 275 3515 276 3515 276 3516 256 3516 240 3516 254 3517 252 3517 271 3517 271 3518 247 3518 254 3518 247 3519 271 3519 273 3519 273 3520 394 3520 392 3520 392 3521 291 3521 273 3521 291 3522 392 3522 388 3522 421 3523 276 3523 275 3523 276 3524 421 3524 428 3524 428 3525 294 3525 276 3525 428 3526 275 3526 294 3526 275 3527 428 3527 423 3527 275 3528 423 3528 421 3528 388 3529 271 3529 291 3529 271 3530 388 3530 394 3530 394 3531 273 3531 271 3531 270 3532 297 3532 283 3532 297 3533 270 3533 269 3533 257 3534 283 3534 246 3534 283 3535 257 3535 270 3535 248 3536 274 3536 263 3536 269 3537 293 3537 297 3537 272 3538 293 3538 269 3538 248 3539 277 3539 274 3539 277 3540 248 3540 255 3540 255 3541 253 3541 277 3541 257 3542 272 3542 270 3542 272 3543 257 3543 239 3543 261 3544 272 3544 239 3544 293 3545 272 3545 261 3545 261 3546 263 3546 293 3546 274 3547 292 3547 263 3547 277 3548 253 3548 292 3548 274 3549 458 3549 427 3549 427 3550 292 3550 274 3550 427 3551 277 3551 292 3551 277 3552 427 3552 461 3552 461 3553 274 3553 277 3553 274 3554 461 3554 458 3554 269 3555 384 3555 387 3555 387 3556 272 3556 269 3556 272 3557 387 3557 395 3557 272 3558 395 3558 384 3558 384 3559 270 3559 272 3559 384 3560 269 3560 270 3560 737 3561 714 3561 755 3561 718 3562 715 3562 720 3562 720 3563 717 3563 718 3563 717 3564 720 3564 719 3564 719 3565 716 3565 717 3565 132 3566 715 3566 718 3566 715 3567 132 3567 126 3567 126 3568 714 3568 715 3568 126 3569 755 3569 714 3569 755 3570 126 3570 122 3570 722 3571 171 3571 123 3571 123 3572 716 3572 722 3572 716 3573 123 3573 131 3573 131 3574 717 3574 716 3574 717 3575 131 3575 121 3575 715 3576 107 3576 720 3576 107 3577 715 3577 118 3577 714 3578 118 3578 715 3578 118 3579 714 3579 116 3579 737 3580 116 3580 714 3580 116 3581 737 3581 122 3581 722 3582 115 3582 736 3582 716 3583 115 3583 722 3583 115 3584 716 3584 117 3584 719 3585 117 3585 716 3585 117 3586 719 3586 119 3586 131 3587 123 3587 121 3587 120 3588 123 3588 171 3588 103 3589 123 3589 120 3589 123 3590 103 3590 115 3590 123 3591 115 3591 117 3591 117 3592 121 3592 123 3592 121 3593 117 3593 119 3593 121 3594 119 3594 108 3594 736 3595 115 3595 103 3595 734 3596 736 3596 103 3596 734 3597 103 3597 113 3597 712 3598 109 3598 707 3598 109 3599 712 3599 111 3599 713 3600 111 3600 712 3600 734 3601 111 3601 713 3601 111 3602 734 3602 113 3602 106 3603 105 3603 109 3603 109 3604 125 3604 106 3604 125 3605 109 3605 111 3605 111 3606 120 3606 125 3606 120 3607 111 3607 113 3607 120 3608 113 3608 103 3608 106 3609 125 3609 130 3609 170 3610 125 3610 120 3610 130 3611 712 3611 709 3611 712 3612 130 3612 125 3612 125 3613 713 3613 712 3613 713 3614 125 3614 170 3614 128 3615 106 3615 130 3615 709 3616 712 3616 707 3616 707 3617 710 3617 709 3617 710 3618 707 3618 708 3618 708 3619 711 3619 710 3619 721 3620 114 3620 735 3620 114 3621 721 3621 112 3621 711 3622 112 3622 721 3622 112 3623 711 3623 110 3623 708 3624 110 3624 711 3624 721 3625 135 3625 124 3625 124 3626 711 3626 721 3626 711 3627 124 3627 127 3627 127 3628 710 3628 711 3628 104 3629 124 3629 135 3629 124 3630 104 3630 114 3630 124 3631 114 3631 112 3631 112 3632 127 3632 124 3632 127 3633 112 3633 110 3633 127 3634 110 3634 105 3634 735 3635 114 3635 104 3635 737 3636 735 3636 104 3636 737 3637 104 3637 122 3637 135 3638 122 3638 104 3638 107 3639 126 3639 132 3639 118 3640 126 3640 107 3640 126 3641 118 3641 116 3641 116 3642 122 3642 126 3642 107 3643 132 3643 129 3643 708 3644 105 3644 110 3644 105 3645 707 3645 109 3645 105 3646 708 3646 707 3646 128 3647 127 3647 105 3647 709 3648 128 3648 130 3648 127 3649 128 3649 710 3649 128 3650 709 3650 710 3650 105 3651 106 3651 128 3651 719 3652 108 3652 119 3652 108 3653 720 3653 107 3653 108 3654 719 3654 720 3654 108 3655 107 3655 121 3655 129 3656 121 3656 107 3656 718 3657 129 3657 132 3657 121 3658 129 3658 717 3658 129 3659 718 3659 717 3659 175 3660 120 3660 171 3660 188 3661 713 3661 185 3661 185 3662 713 3662 170 3662 185 3663 170 3663 171 3663 185 3664 171 3664 181 3664 722 3665 181 3665 171 3665 722 3666 188 3666 181 3666 713 3667 188 3667 722 3667 713 3668 722 3668 791 3668 120 3669 175 3669 170 3669 181 3670 177 3670 185 3670 170 3671 177 3671 171 3671 175 3672 181 3672 188 3672 175 3673 177 3673 181 3673 175 3674 171 3674 177 3674 175 3675 178 3675 170 3675 177 3676 178 3676 185 3676 178 3677 177 3677 170 3677 185 3678 175 3678 188 3678 175 3679 185 3679 178 3679 459 3680 385 3680 391 3680 385 3681 459 3681 465 3681 457 3682 388 3682 392 3682 388 3683 457 3683 339 3683 388 3684 339 3684 385 3684 394 3685 385 3685 465 3685 385 3686 394 3686 388 3686 430 3687 460 3687 461 3687 391 3688 384 3688 459 3688 459 3689 384 3689 395 3689 395 3690 467 3690 459 3690 387 3691 467 3691 395 3691 467 3692 387 3692 463 3692 427 3693 434 3693 437 3693 427 3694 437 3694 461 3694 427 3695 458 3695 434 3695 458 3696 469 3696 464 3696 349 3697 384 3697 391 3697 463 3698 387 3698 390 3698 390 3699 464 3699 463 3699 464 3700 390 3700 458 3700 458 3701 461 3701 469 3701 428 3702 436 3702 435 3702 424 3703 428 3703 421 3703 428 3704 424 3704 436 3704 423 3705 462 3705 468 3705 468 3706 421 3706 423 3706 392 3707 462 3707 457 3707 462 3708 392 3708 465 3708 465 3709 392 3709 394 3709 462 3710 423 3710 457 3710 423 3711 425 3711 457 3711 423 3712 435 3712 425 3712 428 3713 435 3713 423 3713 424 3714 460 3714 430 3714 424 3715 421 3715 460 3715 421 3716 468 3716 460 3716 430 3717 461 3717 437 3717 471 3718 467 3718 463 3718 931 3719 459 3719 467 3719 459 3720 931 3720 990 3720 464 3721 471 3721 463 3721 471 3722 464 3722 986 3722 474 3723 469 3723 461 3723 473 3724 464 3724 469 3724 464 3725 473 3725 986 3725 460 3726 474 3726 461 3726 474 3727 460 3727 935 3727 472 3728 468 3728 462 3728 934 3729 460 3729 468 3729 460 3730 934 3730 935 3730 472 3731 462 3731 933 3731 465 3732 470 3732 807 3732 465 3733 807 3733 932 3733 932 3734 462 3734 465 3734 462 3735 932 3735 933 3735 459 3736 470 3736 465 3736 470 3737 459 3737 990 3737 931 3738 467 3738 975 3738 471 3739 975 3739 467 3739 975 3740 471 3740 988 3740 986 3741 988 3741 471 3741 986 3742 473 3742 978 3742 469 3743 978 3743 473 3743 978 3744 469 3744 979 3744 474 3745 979 3745 469 3745 979 3746 474 3746 980 3746 935 3747 980 3747 474 3747 934 3748 468 3748 977 3748 472 3749 977 3749 468 3749 977 3750 472 3750 976 3750 933 3751 976 3751 472 3751 470 3752 974 3752 807 3752 974 3753 470 3753 989 3753 990 3754 989 3754 470 3754 990 3755 931 3755 988 3755 975 3756 988 3756 931 3756 986 3757 980 3757 993 3757 980 3758 986 3758 979 3758 979 3759 986 3759 978 3759 980 3760 991 3760 993 3760 991 3761 980 3761 935 3761 934 3762 991 3762 935 3762 991 3763 976 3763 992 3763 976 3764 991 3764 977 3764 977 3765 991 3765 934 3765 992 3766 976 3766 933 3766 992 3767 932 3767 989 3767 932 3768 992 3768 933 3768 974 3769 989 3769 807 3769 807 3770 989 3770 932 3770 174 3771 755 3771 172 3771 186 3772 755 3772 174 3772 186 3773 174 3773 180 3773 135 3774 180 3774 174 3774 184 3775 755 3775 186 3775 755 3776 184 3776 721 3776 721 3777 180 3777 135 3777 721 3778 184 3778 180 3778 172 3779 122 3779 135 3779 122 3780 172 3780 755 3780 179 3781 180 3781 176 3781 180 3782 179 3782 186 3782 174 3783 176 3783 135 3783 176 3784 174 3784 179 3784 184 3785 172 3785 135 3785 176 3786 184 3786 135 3786 184 3787 176 3787 180 3787 184 3788 174 3788 172 3788 184 3789 179 3789 174 3789 184 3790 186 3790 179 3790 71 3791 73 3791 74 3791 70 3792 102 3792 99 3792 102 3793 70 3793 72 3793 74 3794 101 3794 98 3794 73 3795 96 3795 100 3795 99 3796 95 3796 70 3796 279 3797 96 3797 95 3797 96 3798 279 3798 284 3798 285 3799 95 3799 99 3799 95 3800 285 3800 279 3800 72 3801 97 3801 102 3801 97 3802 290 3802 288 3802 288 3803 102 3803 97 3803 289 3804 97 3804 98 3804 97 3805 289 3805 290 3805 100 3806 74 3806 73 3806 74 3807 100 3807 101 3807 100 3808 284 3808 286 3808 284 3809 100 3809 96 3809 281 3810 284 3810 279 3810 281 3811 286 3811 284 3811 286 3812 281 3812 296 3812 249 3813 296 3813 281 3813 287 3814 279 3814 285 3814 98 3815 296 3815 289 3815 296 3816 98 3816 101 3816 266 3817 290 3817 289 3817 266 3818 289 3818 296 3818 266 3819 288 3819 290 3819 279 3820 287 3820 295 3820 191 3821 249 3821 295 3821 249 3822 191 3822 296 3822 191 3823 295 3823 187 3823 183 3824 295 3824 287 3824 295 3825 183 3825 187 3825 296 3826 100 3826 286 3826 296 3827 101 3827 100 3827 266 3828 296 3828 187 3828 266 3829 187 3829 288 3829 285 3830 183 3830 287 3830 183 3831 285 3831 99 3831 102 3832 288 3832 183 3832 183 3833 99 3833 102 3833 288 3834 187 3834 183 3834 187 3835 296 3835 191 3835 990 3836 988 3836 987 3836 983 3837 992 3837 989 3837 983 3838 991 3838 992 3838 991 3839 983 3839 985 3839 985 3840 993 3840 991 3840 993 3841 985 3841 986 3841 981 3842 986 3842 984 3842 987 3843 982 3843 989 3843 987 3844 981 3844 982 3844 982 3845 985 3845 983 3845 987 3846 986 3846 981 3846 986 3847 987 3847 988 3847 985 3848 982 3848 984 3848 986 3849 985 3849 984 3849 989 3850 982 3850 983 3850 990 3851 987 3851 989 3851 1019 3852 1005 3852 984 3852 1008 3853 1022 3853 982 3853 1008 3854 982 3854 981 3854 1018 3855 1022 3855 1024 3855 1026 3856 1018 3856 1024 3856 1012 3857 1023 3857 1019 3857 1030 3858 1019 3858 1023 3858 1024 3859 1022 3859 1026 3859 1008 3860 1011 3860 1001 3860 1011 3861 1008 3861 1013 3861 1008 3862 1009 3862 1022 3862 1009 3863 1008 3863 1001 3863 1011 3864 1022 3864 1009 3864 1003 3865 1009 3865 1001 3865 1003 3866 1001 3866 1004 3866 1011 3867 1004 3867 1001 3867 1009 3868 1003 3868 1004 3868 1004 3869 1011 3869 1009 3869 1011 3870 1026 3870 1020 3870 1026 3871 1011 3871 1027 3871 1014 3872 1027 3872 1011 3872 1027 3873 1015 3873 1028 3873 1015 3874 1027 3874 1014 3874 1028 3875 1015 3875 1021 3875 1010 3876 1030 3876 1021 3876 1020 3877 1022 3877 1011 3877 1000 3878 1017 3878 1005 3878 1019 3879 1010 3879 1005 3879 1019 3880 1030 3880 1010 3880 1010 3881 1017 3881 1000 3881 1000 3882 1006 3882 1010 3882 1000 3883 1005 3883 1002 3883 1006 3884 1000 3884 1002 3884 1002 3885 1005 3885 1006 3885 1010 3886 1006 3886 1005 3886 1026 3887 1022 3887 1020 3887 1021 3888 1030 3888 1029 3888 1029 3889 1028 3889 1021 3889 1029 3890 1027 3890 1028 3890 1027 3891 1029 3891 1025 3891 1025 3892 1026 3892 1027 3892 1010 3893 1016 3893 1017 3893 1016 3894 1010 3894 1021 3894 1021 3895 1015 3895 1016 3895 1014 3896 1011 3896 1025 3896 1025 3897 1013 3897 1026 3897 1013 3898 1025 3898 1011 3898 1016 3899 1030 3899 1017 3899 1016 3900 1029 3900 1030 3900 1029 3901 1016 3901 1015 3901 1025 3902 1015 3902 1014 3902 1015 3903 1025 3903 1029 3903 984 3904 1017 3904 981 3904 1017 3905 984 3905 1005 3905 981 3906 1013 3906 1008 3906 1013 3907 981 3907 1017 3907 1017 3908 1026 3908 1013 3908 1017 3909 1030 3909 1026 3909 1018 3910 1026 3910 1030 3910 1022 3911 1007 3911 982 3911 1007 3912 984 3912 982 3912 984 3913 1007 3913 1012 3913 1018 3914 1030 3914 1023 3914 1007 3915 1022 3915 1018 3915 1012 3916 1018 3916 1023 3916 1007 3917 1018 3917 1012 3917 984 3918 1012 3918 1019 3918 192 3919 305 3919 307 3919 307 3920 311 3920 265 3920 310 3921 311 3921 307 3921 305 3922 192 3922 268 3922 305 3923 268 3923 278 3923 305 3924 278 3924 304 3924 201 3925 304 3925 278 3925 304 3926 201 3926 306 3926 306 3927 278 3927 203 3927 306 3928 203 3928 308 3928 308 3929 309 3929 306 3929 309 3930 308 3930 265 3930 265 3931 311 3931 309 3931 307 3932 265 3932 215 3932 268 3933 307 3933 215 3933 278 3934 306 3934 201 3934 268 3935 203 3935 278 3935 203 3936 268 3936 308 3936 307 3937 268 3937 192 3937 265 3938 268 3938 215 3938 268 3939 265 3939 308 3939 279 3940 282 3940 281 3940 249 3941 281 3941 282 3941 295 3942 249 3942 282 3942 282 3943 279 3943 295 3943 909 3944 875 3944 918 3944 875 3945 862 3945 918 3945 874 3946 875 3946 909 3946 862 3947 856 3947 918 3947 909 3948 853 3948 874 3948 909 3949 856 3949 853 3949 918 3950 856 3950 909 3950 854 3951 862 3951 875 3951 875 3952 851 3952 854 3952 875 3953 874 3953 851 3953 862 3954 854 3954 703 3954 854 3955 633 3955 632 3955 633 3956 854 3956 851 3956 703 3957 854 3957 632 3957 862 3958 634 3958 856 3958 634 3959 862 3959 614 3959 614 3960 862 3960 703 3960 853 3961 634 3961 635 3961 634 3962 853 3962 856 3962 853 3963 637 3963 874 3963 637 3964 853 3964 635 3964 633 3965 851 3965 637 3965 874 3966 637 3966 851 3966 667 3967 612 3967 613 3967 636 3968 634 3968 614 3968 621 3969 617 3969 639 3969 636 3970 635 3970 634 3970 635 3971 636 3971 620 3971 620 3972 637 3972 635 3972 612 3973 667 3973 703 3973 667 3974 613 3974 636 3974 614 3975 667 3975 636 3975 637 3976 620 3976 617 3976 621 3977 637 3977 617 3977 612 3978 703 3978 631 3978 637 3979 639 3979 615 3979 632 3980 631 3980 703 3980 632 3981 615 3981 631 3981 615 3982 632 3982 633 3982 615 3983 633 3983 637 3983 620 3984 576 3984 617 3984 620 3985 636 3985 613 3985 631 3986 615 3986 612 3986 615 3987 639 3987 617 3987 576 3988 621 3988 639 3988 637 3989 621 3989 568 3989 568 3990 639 3990 637 3990 639 3991 568 3991 576 3991 667 3992 614 3992 569 3992 569 3993 703 3993 667 3993 703 3994 569 3994 567 3994 567 3995 614 3995 703 3995 569 3996 612 3996 567 3996 569 3997 613 3997 612 3997 613 3998 569 3998 614 3998 615 3999 568 3999 564 3999 564 4000 612 4000 615 4000 612 4001 564 4001 567 4001 617 4002 568 4002 615 4002 617 4003 576 4003 568 4003 621 4004 576 4004 620 4004 568 4005 621 4005 620 4005 581 4006 613 4006 614 4006 581 4007 620 4007 613 4007 620 4008 581 4008 568 4008 564 4009 205 4009 567 4009 336 4010 567 4010 205 4010 336 4011 614 4011 567 4011 206 4012 614 4012 336 4012 614 4013 206 4013 581 4013 581 4014 206 4014 207 4014 581 4015 207 4015 568 4015 337 4016 568 4016 207 4016 335 4017 568 4017 337 4017 568 4018 335 4018 564 4018 564 4019 335 4019 205 4019 618 4020 206 4020 336 4020 619 4021 206 4021 618 4021 619 4022 207 4022 206 4022 207 4023 619 4023 337 4023 616 4024 205 4024 335 4024 205 4025 616 4025 336 4025 337 4026 466 4026 335 4026 479 4027 336 4027 616 4027 618 4028 336 4028 479 4028 466 4029 337 4029 619 4029 619 4030 479 4030 466 4030 479 4031 619 4031 618 4031 479 4032 616 4032 466 4032 335 4033 466 4033 616 4033 204 4034 264 4034 317 4034 204 4035 317 4035 338 4035 627 4036 317 4036 264 4036 338 4037 264 4037 204 4037 264 4038 338 4038 627 4038 769 4039 317 4039 627 4039 338 4040 806 4040 627 4040 806 4041 338 4041 769 4041 317 4042 769 4042 338 4042 806 4043 769 4043 627 4043 202 4044 334 4044 194 4044 194 4045 334 4045 626 4045 202 4046 626 4046 345 4046 626 4047 202 4047 194 4047 202 4048 345 4048 334 4048 626 4049 334 4049 768 4049 345 4050 768 4050 334 4050 768 4051 345 4051 859 4051 626 4052 859 4052 345 4052 859 4053 626 4053 768 4053 478 4054 706 4054 475 4054 475 4055 690 4055 609 4055 863 4056 690 4056 475 4056 863 4057 475 4057 706 4057 706 4058 478 4058 873 4058 478 4059 609 4059 873 4059 609 4060 690 4060 873 4060 863 4061 878 4061 690 4061 878 4062 873 4062 690 4062 873 4063 863 4063 706 4063 873 4064 251 4064 242 4064 242 4065 863 4065 873 4065 242 4066 878 4066 863 4066 878 4067 242 4067 244 4067 878 4068 244 4068 251 4068 251 4069 873 4069 878 4069 242 4070 331 4070 329 4070 329 4071 244 4071 242 4071 242 4072 251 4072 331 4072 244 4073 260 4073 251 4073 475 4074 332 4074 329 4074 332 4075 475 4075 609 4075 475 4076 331 4076 478 4076 244 4077 332 4077 260 4077 332 4078 609 4078 260 4078 260 4079 609 4079 478 4079 260 4080 478 4080 251 4080 251 4081 478 4081 331 4081 475 4082 329 4082 331 4082 332 4083 244 4083 329 4083 477 4084 704 4084 476 4084 490 4085 705 4085 477 4085 476 4086 786 4086 490 4086 476 4087 704 4087 786 4087 864 4088 704 4088 477 4088 477 4089 705 4089 864 4089 876 4090 705 4090 490 4090 490 4091 786 4091 876 4091 898 4092 786 4092 704 4092 704 4093 864 4093 898 4093 705 4094 876 4094 864 4094 898 4095 876 4095 786 4095 258 4096 864 4096 876 4096 864 4097 258 4097 243 4097 243 4098 898 4098 864 4098 898 4099 243 4099 241 4099 241 4100 876 4100 898 4100 876 4101 241 4101 258 4101 241 4102 330 4102 259 4102 243 4103 330 4103 241 4103 243 4104 318 4104 330 4104 318 4105 243 4105 258 4105 258 4106 241 4106 259 4106 333 4107 476 4107 490 4107 318 4108 490 4108 477 4108 330 4109 477 4109 476 4109 259 4110 333 4110 258 4110 333 4111 490 4111 258 4111 490 4112 318 4112 258 4112 318 4113 477 4113 330 4113 476 4114 259 4114 330 4114 333 4115 259 4115 476 4115 200 4116 195 4116 189 4116 189 4117 316 4117 200 4117 316 4118 189 4118 195 4118 200 4119 316 4119 195 4119 199 4120 196 4120 190 4120 190 4121 315 4121 199 4121 315 4122 190 4122 196 4122 199 4123 315 4123 196 4123 698 4124 692 4124 691 4124 698 4125 341 4125 692 4125 341 4126 698 4126 691 4126 341 4127 691 4127 692 4127 848 4128 342 4128 699 4128 354 4129 848 4129 699 4129 342 4130 848 4130 354 4130 354 4131 699 4131 342 4131 750 4132 211 4132 212 4132 750 4133 236 4133 211 4133 750 4134 212 4134 236 4134 236 4135 212 4135 211 4135 625 4136 348 4136 214 4136 210 4137 348 4137 625 4137 210 4138 214 4138 348 4138 625 4139 214 4139 210 4139 749 4140 213 4140 217 4140 749 4141 219 4141 213 4141 749 4142 217 4142 219 4142 213 4143 219 4143 217 4143 748 4144 218 4144 220 4144 218 4145 748 4145 489 4145 220 4146 489 4146 748 4146 489 4147 220 4147 218 4147</p>
        </triangles>
      </mesh>
    </geometry>
  </library_geometries>
  <library_materials>
    <material id="mat_base_link_stl002" name="base_link_stl002">
      <instance_effect url="#effect_base_link_stl002"/>
    </material>
  </library_materials>
  <library_visual_scenes>
    <visual_scene id="myscene">
      <node id="node0" name="node0">
        <instance_geometry url="#geometry0">
          <bind_material>
            <technique_common>
              <instance_material symbol="ref_base_link_stl002" target="#mat_base_link_stl002"/>
            </technique_common>
          </bind_material>
        </instance_geometry>
      </node>
    </visual_scene>
  </library_visual_scenes>
  <scene>
    <instance_visual_scene url="#myscene"/>
  </scene>
</COLLADA>
