<COLLADA xmlns="http://www.collada.org/2005/11/COLLADASchema" version="1.4.1">
  <asset>
    <contributor/>
    <created>2026-02-17T13:35:53.260432</created>
    <modified>2026-02-17T13:35:53.260438</modified>
    <unit name="meter" meter="1.0"/>
    <up_axis>Z_UP</up_axis>
  </asset>
  <library_effects>
    <effect id="effect_link_2_l_stl002" name="effect_link_2_l_stl002">
      <profile_COMMON>
        <technique sid="common">
          <phong>
            <emission>
              <color>0.0 0.0 0.0 1.0</color>
            </emission>
            <ambient>
              <color>0.0 0.0 0.0 1.0</color>
            </ambient>
            <diffuse>
              <color>0.6784313917160034 0.7098039388656616 0.7411764860153198 1.0</color>
            </diffuse>
            <specular>
              <color>1 1 1 1.0</color>
            </specular>
            <shininess>
              <float>0.0</float>
            </shininess>
            <reflective>
              <color>0.0 0.0 0.0 1.0</color>
            </reflective>
            <reflectivity>
              <float>0.0</float>
            </reflectivity>
            <transparent>
              <color>0.0 0.0 0.0 1.0</color>
            </transparent>
            <transparency>
              <float>1.0</float>
            </transparency>
          </phong>
        </technique>
        <extra>
          <technique profile="GOOGLEEARTH">
            <double_sided>0</double_sided>
          </technique>
        </extra>
      </profile_COMMON>
    </effect>
  </library_effects>
  <library_geometries>
    <geometry id="geometry0" name="link_2_l_stl002">
      <mesh>
        <source id="cubeverts-array0">
          <float_array count="5769" id="cubeverts-array0-array">-0.06400003 0.0415 0.09957439 -0.06400002 0.0415 0.05356283 -0.06400001 -0.06855733 0.09957439 -0.064 -0.06883344 0.05356283 -0.06353867 -0.06855733 0.1060015 -0.06350003 0.04180001 0.09950426 -0.06350003 0.05235732 0.09950426 -0.06350002 0.04180001 0.05349271 -0.06350002 0.04513563 0.06674704 -0.06350002 0.04821717 0.06256493 -0.06350002 0.0500523 0.06692522 -0.06350002 0.05235732 0.05349271 -0.06345269 -0.07018391 0.09957439 -0.06338314 0.0415 0.107 -0.06338312 -0.02200001 0.107 -0.06320681 0.0415 0.04515092 -0.06320678 -0.06855733 0.04515092 -0.06313332 -0.02427087 0.1083324 -0.06313109 -0.07066884 0.05356283 -0.06303869 0.05235732 0.1059314 -0.06295271 0.05398391 0.09950426 -0.06295271 0.05398391 0.05349271 -0.06286047 0.0415 0.04349999 -0.06286045 -0.047 0.04349999 -0.06281549 0.0415 0.1036 -0.06281547 -0.0225 0.1036 -0.06279659 0.04180001 0.1074299 -0.06278079 -0.02500001 0.1099784 -0.06273257 -0.01500001 0.1043826 -0.06273257 0.02499999 0.1043826 -0.06270681 0.04180001 0.0450808 -0.06259501 0.0356125 0.1084543 -0.06243797 0.05317062 0.04513196 -0.06237727 0.03255001 0.106951 -0.06237727 0.0415 0.106951 -0.06237726 -0.02205 0.106951 -0.06237726 -0.02200001 0.106951 -0.06231803 -0.07018391 0.1090327 -0.06227349 0.0415 0.04559999 -0.06227348 -0.047 0.04559999 -0.06216721 -0.07132096 0.05356283 -0.06216721 -0.07132096 0.09957439 -0.06216409 -0.06855733 0.1122969 -0.06211478 0.02499999 0.1039344 -0.06211477 -0.01500001 0.1039344 -0.06205655 0.0415 0.04449998 -0.06205654 -0.047 0.04449998 -0.06205173 -0.02545158 0.1082712 -0.0620377 -0.07075243 0.04537338 -0.06200002 0.037 0.05999999 -0.06200002 0.037 0.06999998 -0.06200002 0.0415 0.05356283 -0.06200002 0.0415 0.05999999 -0.06200002 0.0415 0.06999998 -0.06200002 0.0415 0.09957439 -0.06199999 -0.06883515 0.0995929 -0.06199998 -0.0692887 0.0535597 -0.06196125 0.02499999 0.1014 -0.06196124 -0.01500001 0.1014 -0.06194304 0.0415 0.04494093 -0.06194303 -0.0465 0.04494093 -0.06191401 0.03290214 0.1049543 -0.06191352 0.04802042 0.06561919 -0.06191208 -0.02244621 0.1049695 -0.06186974 0.02499999 0.104906 -0.06186973 -0.01500001 0.104906 -0.06181805 0.05398391 0.1089626 -0.06181342 0.03667556 0.1077514 -0.06181117 0.02499999 0.1036 -0.06181117 0.0415 0.1036 -0.06181116 -0.01500001 0.1036 -0.06175132 -0.04651116 0.04549998 -0.06170709 0.0415 0.04549998 -0.06166721 0.05512095 0.05349271 -0.06166721 0.05512095 0.09950426 -0.06166411 0.05235732 0.1122267 -0.06164891 0.0415 0.04469999 -0.0616489 -0.0465 0.04469999 -0.06163988 0.04730561 0.06366403 -0.06160195 -0.02528172 0.1087599 -0.061564 -0.02593277 0.105557 -0.0615411 0.02499999 0.1047263 -0.06154109 -0.01500001 0.1047263 -0.06150002 0.04180001 0.05349271 -0.06150002 0.04180001 0.05992987 -0.06150002 0.04180001 0.06992986 -0.06150002 0.04180001 0.09950426 -0.06150002 0.04996379 0.06618084 -0.06150002 0.05235732 0.05349271 -0.06150002 0.05235732 0.05992987 -0.06150002 0.05235732 0.06992986 -0.06150002 0.05235732 0.09950426 -0.06138907 -0.06947853 0.09957439 -0.06131758 0.05289951 0.08471706 -0.0612563 0.0415 0.04559999 -0.06124917 -0.047 0.04556239 -0.06124204 -0.06855733 0.04552479 -0.06106536 -0.07132096 0.1087592 -0.06104977 0.05313639 0.055102 -0.0610341 -0.047 0.04449998 -0.06102618 -0.02750001 0.1086736 -0.06101024 -0.06855733 0.1087472 -0.06100002 0.042 0.07399998 -0.06100002 0.043 0.07399998 -0.06100002 0.043 0.09826103 -0.06096032 0.02499999 0.1014 -0.06096031 -0.01500001 0.1014 -0.06090631 0.05512095 0.04542341 -0.06088908 0.05327853 0.06992986 -0.06088908 0.05327853 0.09950426 -0.06087883 0.032525 0.1068149 -0.06087868 -0.02205 0.1068151 -0.06085511 -0.06855733 0.03703557 -0.06085511 -0.047 0.03703557 -0.06085235 -0.06928903 0.04559894 -0.06080598 -0.047 0.04349999 -0.06074206 0.04180001 0.04545467 -0.06070004 0.0398 0.1077417 -0.06067685 0.02499999 0.1047746 -0.06067683 -0.01500001 0.1047746 -0.06065245 0.05262841 0.04547172 -0.06064516 -0.06969898 0.03711847 -0.06062985 0.042 0.05024656 -0.06062268 -0.06928903 0.1086626 -0.06056537 0.05512095 0.1086891 -0.06051664 0.042 0.1033974 -0.06051025 0.05235732 0.1086771 -0.06050002 0.04606749 0.06599511 -0.06050002 0.04776669 0.06295975 -0.06035877 0.03746523 0.1139759 -0.06035511 0.04180001 0.03696545 -0.06035511 0.05235732 0.03696545 -0.06030002 0.0415 0.04449998 -0.06030001 -0.047 0.04449998 -0.06014517 0.05349899 0.03704835 -0.0601227 0.05308902 0.1085924 -0.06011257 0.03468333 0.1081515 -0.06004691 -0.07066884 0.0373547 -0.06000002 0.0415 0.04349999 -0.06000002 0.0415 0.04419999 -0.06000002 0.0415 0.05999999 -0.06000002 0.0415 0.06999998 -0.06000002 0.04645249 0.06559679 -0.06000002 0.04829036 0.06379293 -0.06000002 0.053 0.05999999 -0.06000002 0.053 0.06999998 -0.06000001 -0.047 0.04349999 -0.06000001 -0.047 0.04419999 -0.05990449 -0.06855733 0.1183313 -0.05990449 -0.02500001 0.1183313 -0.05990002 0.0415 0.04349999 -0.05990002 0.0415 0.04469999 -0.05990001 -0.0465 0.04349999 -0.05990001 -0.0465 0.04469999 -0.05969931 -0.06969898 0.1182373 -0.05954692 0.05446883 0.03728458 -0.05950251 0.0538371 0.06982095 -0.05950002 0.04180001 0.05992987 -0.05950002 0.04180001 0.06992986 -0.05950002 0.05383796 0.05992987 -0.05941367 0.03581685 0.1060227 -0.0594045 0.0353 0.1182612 -0.0594045 0.05235732 0.1182612 -0.05919932 0.05349899 0.1181671 -0.05915039 -0.07132096 0.03770871 -0.05911465 -0.07066884 0.1179692 -0.05900002 0.04902564 0.06553828 -0.05899551 0.0355 0.1179145 -0.05899549 -0.027 0.1179145 -0.05899549 -0.02500001 0.1179145 -0.05899488 -0.06855733 0.03777012 -0.05899488 -0.047 0.03777012 -0.05887483 0.043 0.04119671 -0.05882519 -0.06909953 0.03783712 -0.0586504 0.05512095 0.03763858 -0.05861466 0.05446883 0.117899 -0.05850001 -0.068 0.05356283 -0.05850001 -0.068 0.09957439 -0.05850001 -0.049 0.05356283 -0.05850001 -0.049 0.09957439 -0.05849551 0.0353 0.1178444 -0.05849551 0.03780001 0.1178444 -0.05849489 0.04180001 0.03769999 -0.05849489 0.05235732 0.03769999 -0.0583252 0.05289951 0.037767 -0.05823849 -0.07132096 0.1175674 -0.05821919 0.043 0.05412857 -0.05815829 0.043 0.1137824 -0.05808651 -0.06855733 0.1174977 -0.05808651 -0.02750001 0.1174977 -0.05800002 0.037 0.05999999 -0.05800002 0.037 0.06999998 -0.05800002 0.04712091 0.06413251 -0.05800002 0.04799072 0.06665855 -0.05800002 0.05003144 0.06208208 -0.05800002 0.052 0.06999998 -0.05800002 0.053 0.05999999 -0.05800002 0.053 0.06999998 -0.05792665 0.05327853 0.03792437 -0.05792068 -0.06909953 0.1174217 -0.05790867 0.04394078 0.05899999 -0.05790867 0.04394078 0.07099998 -0.05780374 -0.068 0.04617905 -0.05780374 -0.049 0.04617905 -0.0577385 0.05512095 0.1174973 -0.05759081 -0.068 0.1080006 -0.05759081 -0.049 0.1080006 -0.05758652 0.03780001 0.1174276 -0.05758652 0.05235732 0.1174276 -0.05753118 -0.06947853 0.117243 -0.05742068 0.05289951 0.1173515 -0.05731982 0.042 0.08500562 -0.05731982 0.043 0.08500562 -0.05720002 0.04634827 0.06507936 -0.05720002 0.04811764 0.06651089 -0.05703119 0.05327853 0.1171729 -0.05700002 0.052 0.05999999 -0.05700002 0.052 0.06999998 -0.05696293 0.04399232 0.07099998 -0.0569157 0.03252489 0.104013 -0.0568026 0.04302269 0.05899999 -0.0567201 0.04223704 0.07107076 -0.05668843 0.04305321 0.0716546 -0.05653289 0.042 0.05224999 -0.05648644 0.042 0.05842689 -0.05640002 0.04880701 0.06404599 -0.05627193 -0.02201089 0.1038276 -0.0560257 0.03251172 0.10584 -0.05600832 -0.02699991 0.1085899 -0.05580398 -0.02202244 0.1057751 -0.05573948 -0.068 0.03905557 -0.05573948 -0.049 0.03905557 -0.05509888 0.042 0.09923576 -0.05496354 -0.02750001 0.1267072 -0.05490505 -0.068 0.1160388 -0.05490505 -0.049 0.1160388 -0.05442186 0.042 0.04983619 -0.05375002 0.04827608 0.06565815 -0.05368752 0.04727246 0.06436299 -0.05358648 0.04204534 0.1209491 -0.05352699 0.043 0.05552725 -0.05350089 -0.06292 0.09930338 -0.05350001 -0.06292001 0.05792819 -0.05350001 -0.055 0.05792819 -0.05350001 -0.055 0.09409641 -0.0534673 -0.02461004 0.1032972 -0.05321381 0.042 0.092369 -0.05303503 -0.05347197 0.05792819 -0.05294649 -0.05336531 0.09573109 -0.05291158 -0.07408208 0.05036508 -0.05285907 -0.06292001 0.05628355 -0.05284184 -0.06291998 0.106491 -0.05283308 -0.07407932 0.1032236 -0.05281851 -0.0721214 0.09957439 -0.05271307 0.05788209 0.09950426 -0.05253357 -0.07211874 0.05040196 -0.05241159 0.05788208 0.05029496 -0.05238819 0.04370715 0.1244449 -0.0523835 0.043 0.09228593 -0.0523185 0.0559214 0.09950426 -0.0522752 -0.02499812 0.1070645 -0.05223526 0.03549992 0.1070851 -0.05219986 -0.05559557 0.0557748 -0.05217394 0.042125 0.05287789 -0.05213346 0.03250624 0.1022143 -0.05204008 -0.0721214 0.1067886 -0.05202045 0.0559214 0.05033184 -0.05198857 -0.05380778 0.1080153 -0.05192556 0.05788209 0.1068026 -0.05189619 -0.06006993 0.1022261 -0.05169857 -0.02447649 0.1054437 -0.05167694 -0.02200253 0.101988 -0.05154008 0.0559214 0.1067185 -0.05151456 -0.05217676 0.09567778 -0.0515055 -0.06236736 0.04587692 -0.05147104 0.042 0.02143883 -0.05146217 0.043 0.06891188 -0.05140466 0.05002859 0.127271 -0.05132026 0.052 0.125056 -0.05127243 0.05591909 0.04440528 -0.05114875 -0.0570341 0.09708485 -0.05109605 0.03250294 0.1039334 -0.05108891 -0.06292001 0.04089193 -0.05107403 -0.05211418 0.05792819 -0.05104532 0.03749424 0.104574 -0.05103239 -0.02200572 0.103902 -0.05101598 -0.05614416 0.04070726 -0.05093182 -0.02539842 0.1378986 -0.0508439 0.0353 0.1369298 -0.05082207 -0.07408208 0.0409973 -0.05077228 -0.05775865 0.1054213 -0.05075014 0.042 0.06847677 -0.0505 -0.052 0.09409641 -0.05049538 -0.07211382 0.04115374 -0.05048968 -0.05100002 0.1056514 -0.05040421 0.04556815 0.125851 -0.05036011 -0.06292001 0.1139547 -0.05036011 -0.051 0.1139547 -0.05032209 0.05788208 0.04092717 -0.05026241 -0.02500002 0.1369513 -0.05025706 0.043 0.1195713 -0.05024384 0.0355 0.1369998 -0.05024384 0.0375 0.1369998 -0.05024377 -0.027 0.137 -0.05019022 -0.06292001 0.05287939 -0.05009932 -0.07408208 0.1138351 -0.05001449 -0.047 0.1375 -0.05000334 0.043 0.0177219 -0.04996822 -0.047 0.14 -0.04996822 -0.028 0.14 -0.04990701 -0.02740092 0.1377344 -0.0498772 0.0381328 0.1377994 -0.04984185 -0.05282962 0.0409674 -0.04983147 -0.02750001 0.1355 -0.04978528 0.0415 0.1379998 -0.04978479 -0.04643018 0.1380008 -0.04974377 0.0353 0.1369298 -0.04974064 -0.0721214 0.1136707 -0.04971732 -0.02522837 0.138148 -0.04959929 0.05788209 0.113765 -0.04954336 0.03801826 0.1373669 -0.04946443 -0.02950001 0.1375 -0.04941969 0.03629684 0.1387971 -0.04939928 0.04179908 0.1400793 -0.04927103 -0.02587868 0.1391213 -0.04924064 0.0559214 0.1136005 -0.04915908 0.043 0.03714171 -0.04908268 0.04900238 0.1302955 -0.04907363 0.04658539 0.1303152 -0.04897282 -0.02685195 0.1397716 -0.04891436 -0.047 0.1375 -0.04887293 0.03780001 0.1364298 -0.04886817 0.0385 0.1399998 -0.04886817 0.0415 0.1399998 -0.0488681 -0.047 0.14 -0.0488681 -0.0465 0.14 -0.0488681 -0.028 0.14 -0.0488317 -0.05931025 0.04914583 -0.04880337 0.043 0.1065467 -0.04880037 0.042 0.1167565 -0.04841438 0.04180001 0.1374298 -0.04840661 -0.0545087 0.04356376 -0.04824927 -0.0266719 0.1030307 -0.04816592 -0.05339783 0.05548083 -0.04807993 0.03469622 0.1035814 -0.04806104 0.052 0.1345627 -0.04781261 0.0325 0.09961684 -0.0478126 -0.02200001 0.09961684 -0.04729845 0.04358039 0.1353131 -0.04715205 0.052 0.1341458 -0.04663206 0.0325 0.1012312 -0.04652254 -0.02375789 0.1011613 -0.04638401 0.04325528 0.1353378 -0.04545077 0.0414 0.1122278 -0.04531934 -0.05896611 0.09995016 -0.0451473 -0.05615548 0.09730317 -0.04470012 0.042 0.09049756 -0.04453828 0.042 0.1270318 -0.04433845 -0.05300993 0.09578743 -0.04402134 -0.05537296 0.1023857 -0.04400001 -0.07300001 0.09957439 -0.04398808 0.043 0.09006245 -0.04394758 0.0414 0.1094067 -0.04378442 -0.07300001 0.0512513 -0.04365431 -0.075 0.1024474 -0.04350002 0.0588 0.09950426 -0.04345738 -0.075 0.05009962 -0.04328443 0.0588 0.05118118 -0.04323544 0.042 0.1027869 -0.04315432 0.05680001 0.1023773 -0.04307514 0.043 0.1198087 -0.04300726 0.042 0.1479829 -0.04300552 0.042 -1.87983e-09 -0.04295739 0.05680001 0.05002951 -0.04276196 -0.05658662 0.05191589 -0.04274684 0.043 0.06580943 -0.04266203 0.0422 0.111683 -0.04252208 -0.05507037 0.04695035 -0.04230364 -0.07300001 0.1082846 -0.04225284 -0.07300001 0.04438102 -0.04210405 0.043 -1.840426e-09 -0.04191653 0.042 0.06572634 -0.04180364 0.0588 0.1082144 -0.04175285 0.0588 0.0443109 -0.04172472 -0.075 0.1099949 -0.04150349 -0.05200034 0.05524187 -0.04146506 -0.06292001 0.01651964 -0.04146506 -0.055 0.01651964 -0.04133743 -0.052 0.04585941 -0.04128335 -0.027 0.1013329 -0.04122473 0.05680001 0.1099248 -0.04102495 -0.054 0.001791186 -0.04102495 -0.049 0.001791186 -0.04091329 -0.05332837 0.01673752 -0.04046387 0.043 0.1113988 -0.04036487 0.042 0.03907499 -0.04029848 0.043 0.1538901 -0.04018611 0.0325 0.09467162 -0.0401861 -0.02200001 0.09467162 -0.03999488 -0.06855733 -0.01579271 -0.03999488 -0.047 -0.01579271 -0.03980003 0.04277746 0.006509584 -0.03978493 -0.06969898 -0.01570981 -0.0394986 0.043 0.09803788 -0.03949489 0.04180001 -0.01586283 -0.03949489 0.05235732 -0.01586283 -0.03936496 -0.05896 0.01505497 -0.03934935 0.042 0.006014113 -0.03928494 0.05349899 -0.01577993 -0.03927824 -0.06800069 -0.002631631 -0.03919385 -0.02200001 0.09640812 -0.03918669 -0.07066884 -0.01547358 -0.03914545 0.03430922 0.09638012 -0.0386867 0.05446883 -0.01554371 -0.03829508 -0.05207902 0.01891706 -0.03829016 -0.07132096 -0.01511957 -0.03813465 -0.06855733 -0.01505817 -0.03813465 -0.047 -0.01505817 -0.03796496 -0.06909953 -0.01499116 -0.03786695 0.042 0.1037083 -0.03784303 0.042 0.09879056 -0.03779018 0.05512095 -0.0151897 -0.03770548 -0.02500001 0.09901288 -0.03769262 -0.0595 0.1415795 -0.03769262 -0.051 0.1415795 -0.03763466 0.04180001 -0.01512829 -0.03763466 0.05235732 -0.01512829 -0.03761993 0.043 0.07365263 -0.03760958 0.042 0.11633 -0.03759769 -0.06853596 -0.006888379 -0.03756641 -0.06947853 -0.01483379 -0.03746497 0.05289951 -0.01506129 -0.03726204 -0.05405635 0.01598589 -0.03705309 0.043 0.08278226 -0.03700435 0.042 0.07555186 -0.0364298 -0.07000001 0.0006346849 -0.03602304 -0.05100031 0.09899097 -0.03598203 0.03423058 0.09291789 -0.03594474 -0.06292001 0.01637759 -0.03589159 0.043 0.02192277 -0.03587842 -0.06883125 0.01262596 -0.03581821 -0.06855733 -0.02379192 -0.03536231 -0.07018391 -0.02348909 -0.03520399 0.0425 0.165 -0.03511433 -0.068 0.01773497 -0.03509027 0.05317062 -0.02371062 -0.03506436 0.03661325 0.09475623 -0.03492173 0.043 0.1030774 -0.03487926 -0.07000001 -0.01377271 -0.03487926 -0.054 -0.01377271 -0.03415226 -0.06855733 -0.02268532 -0.0339043 0.042 0.165 -0.03389022 0.0355 0.09710837 -0.0338824 0.042 0.08157741 -0.03382182 -0.06928903 -0.02246583 -0.03379153 0.05512095 -0.02284795 -0.03377936 -0.06855733 -0.02660742 -0.03377936 -0.047 -0.02660742 -0.03356176 0.043 0.07277217 -0.03345445 0.043 0.05717392 -0.03332183 0.05308902 -0.02253595 -0.03331599 -0.0595 0.1511239 -0.03327937 0.04180001 -0.02667755 -0.03304016 0.04255492 0.02214044 -0.03291834 -0.055 0.02183192 -0.03268025 0.05235732 -0.02409772 -0.03265257 -0.05278423 0.08825161 -0.03257257 -0.0595 0.1480057 -0.03242393 0.04299997 0.1604864 -0.03238439 -0.05348883 0.1480289 -0.03220823 -0.06855733 -0.02536987 -0.03220823 -0.047 -0.02536987 -0.03206949 -0.02443167 0.09062022 -0.03205356 0.0325 0.09061201 -0.03190093 0.0375 0.09662696 -0.03181461 -0.06855733 0.1795887 -0.03181461 -0.047 0.1795887 -0.03171596 0.042 0.0705231 -0.03170824 0.04180001 -0.02543999 -0.03163037 -0.05380866 0.1547085 -0.03160943 -0.06969898 0.1794946 -0.03153709 -0.07132096 -0.02610537 -0.03153469 0.043 0.07716931 -0.03152613 0.04243735 0.1609936 -0.0315 -0.062 -1.376908e-09 -0.03148501 -0.054 0.0006870038 -0.03147002 -0.049 0.001374009 -0.03142352 -0.053 0.09167451 -0.03142173 0.05235732 -0.02874549 -0.03137677 -0.05266742 0.02579707 -0.03131462 0.04180001 0.1795186 -0.03131462 0.05235732 0.1795186 -0.03126212 0.0325 0.09244875 -0.03124439 -0.05207612 0.1486738 -0.03123188 -0.0241591 0.09243781 -0.03110944 0.05349899 0.1794245 -0.03102476 -0.07066884 0.1792265 -0.03080586 -0.02741562 0.1377324 -0.03080586 -0.02579684 0.1387972 -0.03080585 -0.0465 0.138 -0.03080585 -0.0465 0.14 -0.03080585 -0.028 0.138 -0.03080585 -0.028 0.14 -0.03080573 0.03629684 0.1387971 -0.03080573 0.0381338 0.137792 -0.03080573 0.04000001 0.1399998 -0.03063551 0.042 0.1042718 -0.03052478 0.05446883 0.1791564 -0.03031417 0.043 0.09874838 -0.03025313 0.0375 0.1368093 -0.0301486 -0.07132096 0.1788248 -0.03008944 -0.027 0.1366976 -0.03006408 -0.06855733 -0.03074331 -0.02999663 -0.06855733 0.1787551 -0.02999663 -0.047 0.1787551 -0.02997683 0.0415 0.1377141 -0.02996179 -0.07408209 -0.01183097 -0.02989125 -0.06883125 0.02316665 -0.02983079 -0.06909953 0.178679 -0.02964862 0.05512095 0.1787546 -0.02961907 -0.07211613 -0.01169564 -0.02960032 -0.062 -0.01077363 -0.02960032 -0.062 0.01077363 -0.02960032 -0.054 -0.01077363 -0.02960032 -0.049 0.01077363 -0.02949664 0.04180001 0.178685 -0.02949664 0.05235732 0.178685 -0.02948722 0.05787657 -0.01191112 -0.02947065 -0.07000001 0.02284067 -0.0294413 -0.06947853 0.1785004 -0.02943114 -0.05571835 0.08780054 -0.0293308 0.05289951 0.1786089 -0.02923625 -0.06292 0.02656109 -0.02914803 -0.0465 0.1374285 -0.02914803 -0.028 0.1374285 -0.02912915 0.05591386 -0.01175901 -0.02894131 0.05327853 0.1784303 -0.02894114 -0.0555644 0.0921142 -0.02888721 -0.07000001 -0.0239119 -0.02888721 -0.054 -0.0239119 -0.02873205 0.05455244 -0.02996258 -0.02866575 -0.06855733 -0.02931338 -0.0283884 -0.06928903 -0.02902977 -0.0282296 -0.05230995 0.1581679 -0.02822078 0.042 0.09241682 -0.02819996 -0.028 0.1391018 -0.02818922 -0.05474041 0.02772126 -0.0281425 0.042 0.1506576 -0.02810149 0.03983186 0.1390147 -0.02804282 -0.0465 0.1390475 -0.02782764 -0.06109447 0.1630927 -0.02771606 -0.06855733 0.1863733 -0.02765617 0.043 0.08620246 -0.02755703 0.042 0.02852367 -0.02746005 -0.027 0.09438023 -0.02740845 0.03817081 0.135706 -0.02727441 -0.02500076 0.1359139 -0.02723924 -0.0595 0.1367861 -0.02721608 0.05235732 0.1863032 -0.0271487 0.042 0.1042475 -0.02707803 -0.05447338 0.1367121 -0.02686032 0.05249287 -0.03040923 -0.02681517 -0.068 0.1772962 -0.02681517 -0.049 0.1772962 -0.02677366 -0.07075243 0.1856466 -0.02665006 -0.05522919 0.1620795 -0.02652619 -0.02668202 0.09256716 -0.02647632 -0.05887398 0.09286675 -0.02634049 0.043 0.1129266 -0.02627368 0.05455244 0.1855765 -0.02618737 -0.07018391 -0.03311507 -0.02600245 -0.06005704 0.1640624 -0.02587599 -0.02461263 0.08866431 -0.02586678 0.03464834 0.08866389 -0.02586196 0.043 0.1021111 -0.0258244 -0.06855733 0.1855451 -0.02573588 -0.05306181 0.1360967 -0.0256106 -0.02771249 0.1341892 -0.02551397 -0.06928903 0.1852981 -0.02545125 0.0325 0.09061845 -0.02545124 -0.02200001 0.09061845 -0.02536769 -0.06855733 0.1891139 -0.02536769 -0.047 0.1891139 -0.02522584 -0.068 0.03010176 -0.02514778 0.04195 0.11012 -0.02501398 0.05308902 0.185228 -0.0248677 0.04180001 0.1890438 -0.02477127 -0.05615357 0.1433211 -0.02472135 -0.047 -0.03518315 -0.02467756 -0.07408209 -0.02042728 -0.02459805 -0.052 0.03390854 -0.0245733 0.042 0.07487675 -0.0245671 0.04299997 0.1438958 -0.02447168 0.05318378 -0.03166601 -0.02443719 0.04080001 0.1128332 -0.02437127 0.05235732 0.1865704 -0.02435754 0.043 0.03265923 -0.02422136 0.04180001 -0.03525327 -0.02417735 0.05788215 -0.02049721 -0.0241304 -0.062 -0.02024781 -0.0241304 -0.062 0.0202478 -0.0241304 -0.054 -0.02024781 -0.0241304 -0.049 0.0202478 -0.02411739 0.03550444 0.1342054 -0.02411308 -0.0595 0.1436035 -0.02404472 -0.05292989 0.1433528 -0.02398438 0.03615306 0.09052397 -0.02398043 -0.07212147 -0.02061169 -0.02391811 -0.06855733 0.1877359 -0.02391811 -0.047 0.1877359 -0.02385363 -0.06855733 -0.03576194 -0.02362473 0.0424998 0.1441171 -0.02357152 -0.06855733 -0.03354672 -0.02357152 -0.047 -0.03354672 -0.0234807 0.0559214 -0.02068203 -0.02341812 0.04180001 0.1876658 -0.02318666 -0.028 0.1348938 -0.02312151 0.043 0.08247568 -0.02310307 0.043 0.07583761 -0.02307153 0.04180001 -0.03361684 -0.02277349 0.05317062 -0.03589017 -0.0227588 0.04190001 0.110981 -0.02270408 0.042 0.08229151 -0.02267996 -0.05911877 0.0864348 -0.02253329 -0.02465592 0.08921633 -0.02248933 -0.05658258 0.160058 -0.02240216 0.05276397 0.1911488 -0.02229489 0.03448621 0.09131963 -0.022196 -0.06855733 0.1920617 -0.0221823 0.0375 0.1306845 -0.02203435 -0.07407655 0.1751039 -0.02171505 -0.0465 0.1314075 -0.02165062 -0.07212143 0.174928 -0.02150934 0.05788211 0.1750223 -0.0214168 0.05235732 -0.03472057 -0.0213926 -0.075 -0.008447265 -0.02117458 0.0559161 0.1748688 -0.02117211 0.0415 0.1322472 -0.02089262 0.05680001 -0.008517386 -0.02069886 -0.068 0.1860192 -0.02069886 -0.049 0.1860192 -0.02065332 -0.073 -0.009864373 -0.0206293 -0.0465 0.1330871 -0.02052928 -0.05516278 0.08346862 -0.02052625 -0.05941132 0.1585096 -0.02047107 -0.052 0.0802233 -0.02039264 -0.06291991 0.1795634 -0.02015334 0.0588 -0.009934495 -0.02014607 -0.06855732 0.1911368 -0.02004584 -0.07 -0.03169249 -0.02004584 -0.054 -0.03169249 -0.0200022 -0.05225684 0.08143076 -0.019943 -0.0515 0.1665089 -0.019943 -0.0465 0.1665089 -0.0199039 -0.06928902 0.1908227 -0.01977913 -0.04900041 0.1699681 -0.01974125 -0.06292 0.03421304 -0.01964608 0.05235732 0.1910667 -0.01963219 0.042 0.1025476 -0.01947105 -0.0555876 0.1528137 -0.01939043 0.0325 0.08799985 -0.01939043 0.0325 0.08999986 -0.01939043 -0.022 0.08799985 -0.01939043 -0.022 0.08999986 -0.01905799 -0.05364254 0.03504929 -0.01889932 -0.02495096 0.09325581 -0.01887564 -0.028 0.1297337 -0.01883258 -0.0515 0.1582669 -0.01883258 -0.0465 0.1582669 -0.01881452 -0.05594293 0.0910875 -0.0187787 -0.05211185 0.1510808 -0.01872769 -0.049 0.1566618 -0.01870471 -0.0515 0.1609675 -0.01857172 -0.07018391 0.1937551 -0.0185 -0.07 -8.086605e-10 -0.0185 -0.066 -8.086605e-10 -0.01833964 -0.0499573 0.1577485 -0.01825627 0.042 0.1123879 -0.01813333 -0.07132095 -0.03670504 -0.0181026 -0.027 0.1285785 -0.01810257 0.0355 0.1285785 -0.01805968 -0.06855732 -0.03655597 -0.01793186 -0.028 0.131497 -0.01788495 -0.06928903 -0.03620228 -0.01787878 -0.07132095 0.1926822 -0.01763334 0.05512095 -0.03677517 -0.01760511 -0.0515 0.17449 -0.01760511 -0.0465 0.17449 -0.01758165 -0.06883124 0.03348232 -0.01744815 -0.05134383 0.1742536 -0.01737879 0.05512095 0.1926121 -0.01733426 -0.07 0.03301119 -0.01687774 0.0355 0.09303676 -0.01668531 -0.05994539 0.1816981 -0.01666792 -0.07 -0.008026848 -0.01666792 -0.07 0.008026846 -0.01666792 -0.066 -0.008026848 -0.01666792 -0.066 0.008026846 -0.01660075 0.043 0.1371607 -0.01659001 -0.07212142 0.1818468 -0.01647918 0.04253662 0.03589119 -0.01632725 0.03831691 0.1284814 -0.01631882 -0.0579086 0.08024179 -0.01629556 -0.05132922 0.1534296 -0.01618124 -0.047 0.1960349 -0.01617698 0.043 0.1126282 -0.01609005 0.05592141 0.1817767 -0.01597532 0.05318378 0.1926638 -0.01591709 -0.05312243 0.077647 -0.01590271 -0.075 0.07901104 -0.01590271 -0.073 0.07901104 -0.01585938 -0.06855732 0.1961985 -0.01575 -0.062 0.0272798 -0.01575 -0.049 0.0272798 -0.01575 -0.062 -0.0272798 -0.01575 -0.054 -0.0272798 -0.01569957 0.05680001 -0.01573524 -0.01568125 0.04180001 0.1959648 -0.01562271 -0.06184545 0.1854096 -0.01560781 -0.07408209 0.182872 -0.01557249 0.0588 0.07352943 -0.01548548 -0.0445 0.1656708 -0.01540273 0.05680001 0.07894091 -0.0152566 -0.047 0.1942615 -0.0152566 -0.06855732 0.1942615 -0.01519046 -0.073 0.061127 -0.01512169 -0.04925 0.1779782 -0.01510779 0.05788211 0.1828018 -0.01507697 0.05317062 0.195965 -0.01475661 0.04180001 0.1941913 -0.0147058 -0.07018391 -0.03982423 -0.01464632 0.0363588 0.1288479 -0.01457948 -0.02500018 0.1274603 -0.01446737 -0.05198958 0.1672959 -0.01446583 -0.0515 0.1511891 -0.01446583 -0.0465 0.1511891 -0.01444271 -0.0465 0.1692307 -0.01434944 -0.075 0.05889374 -0.01433634 -0.02767663 0.127596 -0.01430221 -0.075 0.1652685 -0.01423923 -0.06855732 -0.04056796 -0.01418921 -0.07408208 -0.02872146 -0.01402349 -0.0445 0.1583975 -0.01390027 0.042 0.1366365 -0.0138605 -0.052 0.05682924 -0.01384946 0.05680001 0.05882362 -0.01380706 -0.03374 0.1655981 -0.01380706 -0.0445 0.1655981 -0.01377646 -0.05654105 0.1468231 -0.01375634 0.05249287 0.194621 -0.01373925 0.05235732 -0.04063808 -0.0136891 0.05788215 -0.02879131 -0.01368082 0.0415 0.1274123 -0.01368081 -0.0465 0.1274123 -0.0136515 -0.073 0.1622373 -0.01363483 -0.075 0.1712523 -0.01363483 -0.073 0.1712523 -0.01360653 -0.049 0.1498889 -0.01360442 -0.053 0.1305337 -0.01358308 -0.047 -0.04079827 -0.01356518 0.05308902 -0.03815948 -0.01348219 -0.052 0.06993531 -0.01339994 -0.0445 0.1727905 -0.01338708 -0.073 -0.001157162 -0.0132928 -0.06855732 0.1952043 -0.01325558 0.0325 0.08799985 -0.01325558 0.0325 0.08999986 -0.01325558 -0.022 0.08799985 -0.01325558 -0.022 0.08999986 -0.01315152 0.05680001 0.1621672 -0.01313485 0.0588 0.1711822 -0.01313301 -0.06928902 0.1948412 -0.01308309 0.04180001 -0.04086839 -0.01308146 0.0588 0.003915211 -0.01307696 0.05235732 -0.03875121 -0.01299678 0.0385 0.1292917 -0.01299678 0.0415 0.1292917 -0.01299677 -0.0465 0.1292917 -0.01296868 -0.075 0.004822174 -0.01295789 0.0588 0.1621964 -0.01295131 -0.047 -0.03890068 -0.01295131 -0.06855732 -0.03890068 -0.01276761 0.05680001 0.171723 -0.01276594 -0.07212146 -0.02892981 -0.01271684 -0.05181234 0.1569325 -0.01267895 0.0415 0.04349999 -0.01267895 0.0415 0.04549999 -0.01267894 -0.0465 0.04349999 -0.01267894 -0.0465 0.04549999 -0.01265024 0.05680001 0.004825974 -0.0125959 -0.05240139 0.06626576 -0.01250353 -0.03374 0.1591132 -0.01250352 -0.0445 0.1591132 -0.01245132 0.04180001 -0.0389708 -0.01226609 0.0559214 -0.02900023 -0.01222313 -0.0515 0.1808302 -0.01222313 -0.0465 0.1808302 -0.01216423 -0.05426759 0.1298733 -0.01214716 -0.06292 0.1879837 -0.01214241 0.042 0.05417852 -0.01209343 0.0354403 0.08918842 -0.01206327 -0.0515 0.1767074 -0.01194756 -0.03374 0.1719461 -0.01194756 -0.0445 0.1719461 -0.01194481 -0.02333652 0.09020358 -0.01188296 -0.049 0.1920008 -0.01188296 -0.068 0.1920008 -0.0118725 -0.05942597 0.1651768 -0.01182415 -0.0525 0.1627385 -0.01178644 -0.0595 0.1297001 -0.01168619 -0.0465 0.1555172 -0.01165446 -0.075 0.1574214 -0.01162617 0.05680001 -0.00729997 -0.01153456 -0.07 0.01446388 -0.01153456 -0.066 0.01446388 -0.01153456 -0.07 -0.01446388 -0.01153456 -0.066 -0.01446388 -0.01132715 -0.057 0.1505663 -0.01129701 -0.05445913 0.03784411 -0.01126431 0.0325 0.08774806 -0.0112643 -0.022 0.08774806 -0.01113833 -0.05433039 0.0554063 -0.01106745 -0.05524997 0.07342101 -0.01106735 -0.05925568 0.07782314 -0.011 -0.06292 0.05599999 -0.011 -0.06292 0.07399998 -0.01095173 -0.068 0.03776217 -0.01091132 -0.02699713 0.09041058 -0.01087864 0.043 0.05475 -0.0108225 -0.075 -0.01878503 -0.01079494 0.043 0.07264825 -0.01076649 0.0325 0.08968512 -0.01061984 0.04249994 0.1350887 -0.0105773 0.0415 0.04588011 -0.01057729 -0.0465 0.04588011 -0.01054965 -0.075 -0.009083252 -0.01050409 -0.05297887 0.1368243 -0.0101905 -0.022 0.08949928 -0.01006662 -0.07462663 0.07819255 -0.010065 -0.06292 0.05325937 -0.009980237 -0.073 0.1753527 -0.009970403 0.05644261 0.07325475 -0.009952762 0.03459036 0.09009151 -0.00991511 -0.075 0.1752778 -0.0098917 -0.057 0.1518664 -0.009888219 0.05398391 -0.04099043 -0.009883766 -0.05142921 0.1482989 -0.009876746 0.0415 0.04400682 -0.009876735 -0.0465 0.04400682 -0.009566637 0.05842662 0.07812243 -0.00953968 0.0588 -0.02013989 -0.009532356 -0.05749999 0.1499328 -0.009501246 -0.06292 0.07709843 -0.00947483 -0.0565 0.1501662 -0.009443406 -0.075 0.1234872 -0.009443406 -0.073 0.1234872 -0.009411874 0.0588 0.1752117 -0.009348886 -0.0445 0.1526368 -0.009334861 -0.05206052 0.04634542 -0.009315218 -0.073 -0.02016312 -0.009272462 0.0588 0.01061736 -0.009227218 -0.054 -0.03634704 -0.009227216 -0.07 -0.03634704 -0.009012815 0.0325 0.0867821 -0.009012806 -0.022 0.0867821 -0.008943422 0.05680001 0.1234171 -0.008943422 0.0588 0.1234171 -0.008889215 -0.05615123 0.1657155 -0.008852499 -0.05910043 0.1594621 -0.008741937 0.0415 0.04697231 -0.008741925 -0.0465 0.04697231 -0.00869663 0.042 0.06444401 -0.008402551 -0.05987859 0.08364737 -0.00833559 -0.03373999 0.1539768 -0.008335588 -0.0445 0.1539768 -0.008244633 -0.0445 0.1781254 -0.008240621 -0.054416 0.1355153 -0.008082131 -0.06855732 0.199054 -0.008023426 0.0375 0.09091596 -0.007952122 0.0325 0.08847766 -0.007952114 -0.022 0.08847766 -0.007807324 -0.07075243 0.1978961 -0.007767541 -0.06292 0.165 -0.007712804 0.042 0.03877481 -0.00769754 -0.06291999 0.03886225 -0.007646129 -0.05053441 0.1831919 -0.007597802 -0.0515 0.1464993 -0.007597802 -0.0465 0.1464993 -0.007552881 -0.03373999 0.168195 -0.007520348 -0.05438483 0.05055863 -0.007495719 -0.05226068 0.1770306 -0.007494507 0.0325 0.08552937 -0.007494499 -0.022 0.08552937 -0.007460342 -0.075 0.01224854 -0.007430676 -0.07199328 0.06855521 -0.007429598 0.0415 0.04546308 -0.007429587 -0.0465 0.04546308 -0.007425323 -0.07264262 0.09884361 -0.007361994 -0.028 0.1272407 -0.007351024 -0.03373999 0.1767027 -0.007351022 -0.0445 0.1767027 -0.007320678 0.043 0.08479845 -0.007307342 0.05455244 0.197826 -0.007291438 -0.05930265 0.1348489 -0.007272781 -0.05939486 0.1451823 -0.007050911 0.05680001 0.01236183 -0.007036373 -0.07394823 0.06857162 -0.006915917 -0.06100644 0.1897455 -0.006880138 -0.05415503 0.0882567 -0.006877815 -0.068 0.1613902 -0.006877815 -0.068 0.1686097 -0.006841313 -0.07212142 0.1876327 -0.006759463 -0.05458871 0.1427584 -0.006724545 -0.074071 0.07772385 -0.006617678 0.05591079 0.07770885 -0.006599095 -0.062 -0.001626531 -0.006513469 -0.032 0.1699828 -0.00650001 -0.05654541 0.04169546 -0.006418298 -0.05949999 0.1842511 -0.00640357 -0.06292 0.04772507 -0.006388647 -0.02463306 0.08526579 -0.006361614 0.0588 0.04049698 -0.006341338 0.05592141 0.1875626 -0.006338563 -0.025 0.09680612 -0.006334855 -0.049 0.1455033 -0.006286977 0.042 0.07513684 -0.006268554 -0.0520618 0.1376305 -0.006224562 0.057871 0.07765372 -0.006178736 -0.073 -0.01309327 -0.006164748 0.05235732 0.1992591 -0.006156275 -0.06883124 0.03753366 -0.006148875 -0.06855732 -0.04255809 -0.006064292 -0.05764665 0.1712537 -0.00606216 0.05774823 0.06531776 -0.006061704 0.0325 0.08349958 -0.006061697 -0.022 0.08349958 -0.006054237 0.0325 0.08691174 -0.00605423 -0.022 0.08691174 -0.00600374 0.03564754 0.08571114 -0.005988092 -0.06292 0.159695 -0.005962152 -0.05243921 0.1549574 -0.005923901 -0.0276338 0.09317027 -0.005905616 -0.06271 0.08189265 -0.005862881 -0.06855732 -0.04057864 -0.005849643 -0.04248419 0.09308933 -0.005806156 -0.06928902 -0.04018603 -0.005797987 -0.028 0.09346045 -0.005731668 -0.032 0.1591346 -0.005648891 0.05235732 -0.04262821 -0.005596193 -0.06928902 0.1971194 -0.005590863 -0.073 0.01313182 -0.005506765 0.0588 -0.01171226 -0.005493234 -0.05099999 0.08509106 -0.005481748 0.043 0.05463343 -0.00546992 -0.049 0.03102144 -0.005469918 -0.062 0.03102144 -0.005469917 -0.054 -0.03102144 -0.005469915 -0.062 -0.03102144 -0.005386806 0.05512095 -0.04081424 -0.005385081 -0.04273288 0.09340254 -0.005371105 -0.042 0.0925714 -0.005365621 0.043 0.05709291 -0.005306172 0.05308902 -0.04025615 -0.005305883 -0.06855732 0.1975686 -0.005247334 -0.047 0.1996044 -0.005247331 -0.06855732 0.1996044 -0.005235452 -0.02687893 0.08887511 -0.005213621 -0.02397517 0.08702361 -0.005183959 0.0588 0.01324963 -0.00509621 0.05308902 0.1970493 -0.005071387 -0.0528125 0.1724608 -0.004991064 -0.0718441 0.1700094 -0.004991064 -0.0718441 0.1599905 -0.004991056 -0.0718441 -0.005009492 -0.004991056 -0.0718441 0.005009492 -0.004947486 -0.047 0.197627 -0.00492219 -0.07384412 0.16994 -0.00492219 -0.07384412 0.1600599 -0.004922183 -0.07384412 -0.004940011 -0.004922183 -0.07384412 0.004940011 -0.004869588 -0.0515 0.1509001 -0.004823112 0.0425 0.073215 -0.0048059 0.05235732 0.1974985 -0.004747346 0.04180001 0.1995343 -0.004727664 -0.0515 0.1844332 -0.004727664 -0.0465 0.1844332 -0.004722608 -0.0465 0.1792894 -0.004706326 -0.05828918 0.09044411 -0.004700576 -0.02599413 0.1250766 -0.00458095 0.042 0.05634976 -0.0045071 -0.05053441 0.1457881 -0.0045046 -0.05899999 0.003990727 -0.004491081 0.05564411 0.1699393 -0.00449108 0.05564411 0.1599203 -0.004491073 0.05564411 -0.005079614 -0.004491073 0.05564411 0.00493937 -0.004447499 0.04180001 0.1975569 -0.004422207 0.05764412 0.1698699 -0.004422206 0.05764412 0.1599898 -0.004422199 0.05764412 -0.005010133 -0.004422199 0.05764412 0.004869889 -0.004284087 -0.07462663 0.1194245 -0.004263234 0.0325 0.08437451 -0.004263227 -0.022 0.08437451 -0.004226395 -0.07211079 0.09839497 -0.004219125 -0.05666566 0.1576129 -0.004203304 -0.07199328 0.05270753 -0.004127542 -0.0257781 0.09450078 -0.004116636 -0.07 0.01803616 -0.004116636 -0.066 0.01803616 -0.004116634 -0.07 -0.01803616 -0.004116634 -0.066 -0.01803616 -0.004082164 -0.03373999 0.1578873 -0.004034073 0.05644261 0.1193895 -0.00383398 -0.07394823 0.05284661 -0.003824634 0.03438852 0.0853167 -0.003703321 0.05579327 0.05263741 -0.003684225 -0.073 0.151146 -0.003598767 -0.073 0.138461 -0.003598767 -0.075 0.138461 -0.003584336 0.0375 0.1226733 -0.003431711 -0.07326984 0.07726205 -0.003367637 -0.028 0.09638947 -0.003275821 -0.03851917 0.09637659 -0.003210289 0.0355 0.08770313 -0.003187096 0.05842662 0.1222162 -0.003124416 -0.02509714 0.115906 -0.003098784 0.05680001 0.1383909 -0.003052088 0.05235732 -0.04085004 -0.003026391 -0.05915881 0.09702262 -0.003007195 0.0415 0.05195891 -0.003007183 -0.0465 0.05195891 -0.002999959 -0.05691064 0.13833 -0.002972641 -0.05899429 0.1730435 -0.002931729 0.05706984 0.07719193 -0.00286063 -0.05868241 0.09865459 -0.002836844 -0.06292 0.1575198 -0.002836843 -0.068 0.1575198 -0.002820896 0.043 0.0404724 -0.002754599 -0.062 0.005740727 -0.002753274 -0.027 0.1223708 -0.002592748 0.04780261 0.09692945 -0.00254366 -0.05899999 -0.002253487 -0.002532568 -0.04449999 0.1497083 -0.002532567 -0.04649999 0.1497083 -0.002451085 -0.073 0.03360642 -0.0023888 -0.035 0.1233011 -0.002313847 0.04797295 0.09846812 -0.002258072 -0.03373999 0.1513657 -0.002258071 -0.04449999 0.1513657 -0.002150194 -0.02739058 0.1224609 -0.002121758 0.05680001 0.1785665 -0.001918139 -0.035 0.1228728 -0.001916855 -0.0274414 0.09341151 -0.001908828 -0.049 0.06806005 -0.001908826 -0.068 0.06806005 -0.001762965 -0.028 0.1222319 -0.001762964 -0.042 0.1222319 -0.001750833 -0.03818753 0.09394247 -0.00172409 -0.06292 0.1721671 -0.001694857 0.0415 0.05044968 -0.001694845 -0.04649999 0.05044968 -0.00167068 0.0415 0.05362479 -0.001670669 -0.04649999 0.05362479 -0.001619339 -0.07018391 -0.04218725 -0.001583754 -0.02787638 0.09101827 -0.001570305 -0.07132095 -0.04090981 -0.001543242 -0.049 0.07699721 -0.001543239 -0.068 0.07699721 -0.00151726 -0.049 0.1944609 -0.001517258 -0.068 0.1944609 -0.001487681 -0.04260799 0.1220662 -0.001473136 -0.062 -0.006260341 -0.00136942 -0.05739744 0.1736383 -0.001301815 -0.047 -0.04298028 -0.001301812 -0.06855732 -0.04298028 -0.001241265 -0.047 -0.0409812 -0.001241262 -0.06855732 -0.0409812 -0.001236225 -0.07408209 0.189004 -0.001228752 -0.07408208 -0.03201165 -0.001200584 -0.04449999 0.1804534 -0.001151081 0.04312002 0.09154707 -0.001142062 -0.04945 0.1357158 -0.001135448 0.05421123 0.06846928 -0.001070458 -0.03373999 0.1787785 -0.001070457 -0.04449999 0.1787785 -0.001033441 -0.04755 0.1383726 -0.001002357 0.0415 0.05565329 -0.001002345 -0.04649999 0.05565329 -0.0009641882 0.04868891 0.09624665 -0.0009441015 0.042 0.09080186 -0.000942012 -0.074071 0.1189558 -0.0009391237 -0.03985979 0.124903 -0.0009362778 -0.068 0.1727109 -0.0008351452 0.05591079 0.1189408 -0.0008018261 0.04180001 -0.0430504 -0.0007626248 0.043 0.1042511 -0.0007412766 0.04180001 -0.04105132 -0.0007362381 0.05788211 0.1889338 -0.0007134138 -0.051 0.1189153 -0.0007124146 -0.06292 0.1189224 -0.0006569656 -0.05949999 0.1370769 -0.0005678809 -0.05959557 0.1245558 -0.0005677758 0.04752773 0.09907325 -0.0004420294 0.057871 0.1188857 -0.0003859447 0.052 0.09244955 -0.0003727393 -0.05447499 0.1374663 -0.0003518303 0.05662132 0.03482608 -0.0003305043 -0.02636531 0.122031 -0.0002815203 -0.075 -0.01391838 -0.0002392028 0.05774823 0.04637533 -0.0002148535 -0.02925 0.1237282 -0.0002122262 -0.06855732 0.1999993 -0.0001913778 -0.04081493 0.1022569 -9.446777e-05 -0.07 0.03691222 -4.139563e-05 0.04637717 0.09706641 -9.44166e-09 -0.032 0.165 -6.884544e-09 -0.0515 0.165 8.716251e-05 0.0415 0.05267086 8.717406e-05 -0.04649999 0.05267086 0.0001092095 0.053 0.0923801 0.0001092115 0.0375 0.0923801 0.0001092221 -0.04299999 0.0923801 0.0001092248 -0.0635 0.0923801 0.0001474374 -0.0585 0.1568472 0.0002027665 0.05680001 -0.01418487 0.000217652 -0.028 0.1219541 0.0002176533 -0.038 0.1219541 0.000217834 -0.049 0.05669453 0.0002178364 -0.068 0.05669453 0.000287758 0.05235732 0.1999292 0.0003351707 0.04639867 0.09399131 0.0003469907 0.04360257 0.1034544 0.0003693463 -0.051 0.124126 0.0005077481 0.052 0.1024221 0.000571331 -0.03949678 0.1224724 0.000574821 -0.05860928 0.09570002 0.0005839486 -0.04649999 0.1450085 0.0005839493 -0.0515 0.1450085 0.0005887086 0.048 0.09579914 0.0006268716 -0.05943179 0.1533966 0.0007634878 -0.022 0.06947008 0.0007864777 0.03263757 0.06941528 0.0008299975 0.03732027 0.07851511 0.0008305644 0.043 0.06850108 0.0008305646 0.042 0.06850108 0.0008519787 -0.022 0.06918868 0.0008545191 0.0325 0.06889372 0.0008545293 -0.022 0.06889371 0.0008675521 -0.06018576 0.09778732 0.00086927 0.042 0.1330118 0.0009083467 -0.06985013 0.08250888 0.0009208409 -0.05776158 0.09816729 0.0009363776 0.05788215 -0.03179242 0.0009375983 -0.07212146 -0.03160734 0.0009496598 0.0469868 0.09837289 0.0009642891 -0.068 0.1570583 0.0009666044 -0.02450927 0.070564 0.0009782604 0.0415 0.05537551 0.000978272 -0.04649999 0.05537551 0.0009910413 -0.07199328 0.1276591 0.0009941275 -0.02497802 0.0827169 0.001004306 0.03547319 0.07132423 0.00113323 0.0588 0.1506966 0.001133589 -0.06019803 0.1269729 0.001160511 0.04351874 0.1033403 0.001180244 -0.06928902 0.06840204 0.001202763 -0.02649625 0.07542023 0.001223303 0.05002859 0.1003241 0.001283299 0.05235732 -0.04301237 0.001360498 -0.07394823 0.127521 0.001392395 -0.04775 0.136549 0.001397727 -0.04326636 0.1216567 0.00140833 0.05365013 0.08243875 0.001437591 0.0559214 -0.03167778 0.001491025 0.05579327 0.127589 0.001493362 -0.04300303 0.1022638 0.001498057 0.053 0.1022832 0.001498059 0.0375 0.1022832 0.001498072 -0.0635 0.1022832 0.001508576 -0.05899999 -0.006271223 0.001576359 -0.06855732 0.06842333 0.001625553 0.03552467 0.07964125 0.001673174 0.043 0.08913142 0.00168283 0.05861332 0.1396491 0.001864001 0.04941636 0.09769232 0.001909424 0.03813657 0.1215278 0.001922838 -0.047 0.07651111 0.001922841 -0.06855732 0.07651111 0.00196384 0.0588 0.0141309 0.001988847 -0.047 0.06439206 0.00198885 -0.06855732 0.06439206 0.002088417 -0.07132095 0.07648789 0.002089827 0.053 0.09210234 0.002089828 0.0415 0.09210234 0.00208984 -0.047 0.09210234 0.00208984 -0.04649999 0.09210234 0.002089842 -0.0635 0.09210234 0.002089843 -0.07003796 0.09210234 0.002099369 -0.075 0.1794269 0.00210692 0.042 0.105025 0.002127019 -0.05942294 0.1753073 0.002133922 0.05249287 0.06734294 0.002142827 -0.049 0.1446123 0.002232561 -0.0538323 0.1558271 0.002241076 0.04275006 0.1333716 0.002251169 0.05680001 0.1514967 0.002261349 -0.03373999 0.1728829 0.002266996 -0.06928902 0.1975244 0.002294579 -0.06855732 0.1979201 0.002350822 -0.07326984 0.118494 0.002365841 -0.0236737 0.07212684 0.002422825 0.05235732 0.07644098 0.002422827 0.04180001 0.07644098 0.002488836 0.04180001 0.06432195 0.002501547 -0.05399999 -0.03741646 0.002501549 -0.07 -0.03741646 0.002524598 0.042 0.08800222 0.002541537 -0.05923076 0.09532312 0.002541537 -0.05836923 0.09532312 0.002561933 0.0325 0.07034501 0.00256194 -0.022 0.07034501 0.0025884 0.05512095 0.07641776 0.002589827 0.05383796 0.09203222 0.002589828 0.04180001 0.09203222 0.002597143 -0.05999362 0.09571962 0.002597143 -0.05760637 0.09571962 0.00261672 -0.0516546 0.1808988 0.002662159 0.04683412 0.09618331 0.002695616 -0.06048302 0.09642178 0.002695616 -0.05711697 0.09642178 0.002708565 -0.06928902 -0.04051286 0.002735027 -0.06855732 -0.04090867 0.002739094 -0.075 0.1511472 0.0027544 -0.06292 0.1577372 0.002766136 0.0425 0.1041249 0.00276698 0.05308902 0.1974542 0.00278792 -0.06855732 0.06041932 0.002794563 0.05235732 0.19785 0.002814398 -0.06058687 0.09726875 0.002814398 -0.05701311 0.09726875 0.00282746 0.0325 0.06950085 0.002827467 -0.022 0.06950085 0.002835153 0.0325 0.06861595 0.00283516 -0.022 0.06861595 0.002850804 0.05706984 0.1184239 0.002861765 -0.02710657 0.08321687 0.002868442 -0.06855732 -0.04290421 0.002918881 0.03481376 0.07130231 0.002926277 -0.06028136 0.09806649 0.002926277 -0.05731862 0.09806649 0.002973094 0.04705019 0.09840041 0.002979228 -0.07075243 0.06454198 0.003005622 -0.0596365 0.09863226 0.003011201 -0.04299999 0.1202727 0.003034257 -0.0588 0.09883643 0.003059809 0.03619088 0.07864378 0.003095567 0.05272317 0.06030075 0.003101217 0.03842975 0.08491353 0.003186798 0.05455244 0.06640365 0.003196588 -0.03853858 0.08921788 0.003235011 0.05235732 -0.04097879 0.003257219 -0.075 0.02721956 0.003331916 0.05398391 -0.04242823 0.00333548 -0.07041123 0.1101907 0.003361442 -0.07018391 0.07630936 0.003369497 0.0376338 0.09192288 0.003442846 -0.04326319 0.09098749 0.003478674 0.053 0.1020054 0.003478675 0.0415 0.1020054 0.003478687 -0.047 0.1020054 0.003478687 -0.04649999 0.1020054 0.003478689 -0.0635 0.1020054 0.00347869 -0.07003796 0.1020054 0.00353294 -0.07132095 0.1977639 0.003573476 -0.06855732 0.06853069 0.003585258 -0.05149999 0.184676 0.003585258 -0.04649999 0.184676 0.003588772 -0.028 0.08840369 0.003664556 -0.02676784 0.07453002 0.003668943 -0.04279597 0.08896158 0.003669869 -0.07018391 0.1990338 0.003772187 -0.05042191 0.1844547 0.003778409 -0.06928902 0.05647497 0.003824612 -0.07199328 0.03866766 0.003835464 0.05421123 0.1101206 0.003861426 0.05398391 0.07623923 0.003870832 -0.06292 0.1316767 0.003903455 -0.047 0.07623335 0.003903458 -0.06855732 0.07623335 0.003915402 -0.02707854 0.09061678 0.003966321 -0.047 0.06469138 0.003978673 0.05383796 0.1019353 0.003978674 0.04180001 0.1019353 0.004023108 0.04857891 0.09505192 0.004029392 -0.05833355 0.09873196 0.004032924 0.05512095 0.1976938 0.004070446 0.0415 0.09182457 0.004070457 -0.047 0.09182457 0.004070457 -0.04649999 0.09182457 0.00407046 -0.06855732 0.09182457 0.00407346 0.05235732 0.06846057 0.004076988 -0.049 0.1838478 0.00411664 -0.07 0.01803616 0.004116642 -0.07 -0.01803616 0.004116642 -0.066 -0.01803616 0.004169853 0.05398391 0.1989636 0.004218855 0.05680001 -0.02132744 0.004225637 -0.066 0.01790659 0.00423248 -0.04113879 0.09414391 0.004239291 -0.049 0.1182292 0.004239293 -0.068 0.1182292 0.004247472 0.03802304 0.07927354 0.00425534 0.04590952 0.09670782 0.004336741 -0.03373999 0.151878 0.004336743 -0.04449999 0.151878 0.004346833 -0.06855732 0.06279961 0.004364017 -0.02626706 0.08437352 0.004403442 0.05235732 0.07616322 0.004403443 0.04180001 0.07616322 0.004466309 0.04180001 0.06462126 0.004468985 0.0375 0.1018665 0.004480087 -0.07212142 0.1882157 0.004536662 -0.05256249 0.1756798 0.00454397 0.043 0.05250662 0.004545933 0.0483176 0.09877988 0.004570443 0.05235732 0.09175444 0.004570445 0.04180001 0.09175444 0.004574126 -0.06047334 0.09541593 0.004615057 -0.032 0.171103 0.004644585 -0.073 0.1786185 0.004823715 -0.03971203 0.09103745 0.004863931 -0.04449999 0.1502829 0.004904385 0.05276397 0.06175018 0.004912516 -0.05959932 0.09629783 0.004918469 -0.04336377 0.1018035 0.004922181 -0.07384412 0.16994 0.004922181 -0.07384412 0.1600599 0.004922188 -0.07384412 -0.004940011 0.004922188 -0.07384412 0.004940011 0.004932692 -0.04099999 0.1195733 0.004967658 -0.06097548 0.1358529 0.004980076 0.05592141 0.1881456 0.004991055 -0.0718441 0.1700094 0.004991055 -0.0718441 0.1599905 0.004991062 -0.0718441 -0.005009492 0.004991062 -0.0718441 0.005009492 0.005024522 0.043 0.1058278 0.0051317 -0.032 0.1586031 0.005140704 -0.049 0.04623206 0.005140707 -0.068 0.04623206 0.005152767 -0.06071951 0.1897158 0.00527625 -0.05775156 0.09774177 0.005327774 0.03820045 0.1017461 0.00532875 -0.062 0.003634348 0.00532875 -0.05899999 0.002796743 0.005422164 0.05764412 0.1698699 0.005422165 0.05764412 0.1599898 0.005422172 0.05764412 -0.005010132 0.005422172 0.05764412 0.004869889 0.005455336 -0.03373999 0.1776977 0.005455337 -0.04449999 0.1776977 0.005459293 0.0415 0.1017277 0.005459304 -0.047 0.1017277 0.005459304 -0.04649999 0.1017277 0.005459307 -0.06855732 0.1017277 0.005464626 0.04887357 0.09580367 0.005469917 -0.049 0.03102144 0.005469918 -0.062 0.03102144 0.00546992 -0.05399999 -0.03102144 0.005469921 -0.062 -0.03102144 0.005491038 0.05564411 0.1699393 0.005491038 0.05564411 0.1599203 0.005491045 0.05564411 -0.005079614 0.005491045 0.05564411 0.004939371 0.005512507 -0.047 0.05279641 0.00551251 -0.06855732 0.05279641 0.005516889 -0.05222384 0.1518405 0.005544464 0.04709004 0.09728947 0.005597142 -0.03513087 0.08877444 0.005739109 -0.075 0.01218786 0.005814077 -0.06292 0.1701508 0.005814079 -0.068 0.1598491 0.005895521 -0.05686671 0.1714872 0.005895923 -0.047 0.197469 0.005895925 -0.06855732 0.197469 0.00595929 0.05235732 0.1016575 0.005959291 0.04180001 0.1016575 0.005964643 -0.06883124 0.03734439 0.006012493 0.05235732 0.05272629 0.006012495 0.04180001 0.05272629 0.006018085 -0.062 -0.003158533 0.006043167 -0.068 0.1692213 0.006118505 -0.04649999 0.1792412 0.006118505 -0.04449999 0.1792412 0.006253252 -0.047 0.1994368 0.006258765 0.0588 0.1776249 0.006330422 0.05680001 0.01228506 0.006351524 -0.05868104 0.09368913 0.006395909 0.04180001 0.1973989 0.006408598 -0.04399939 0.0940961 0.006614857 -0.03373999 0.1611542 0.006689947 -0.049 0.127105 0.00668995 -0.068 0.127105 0.006731121 -0.07326984 0.04101172 0.006733481 -0.04378036 0.1216355 0.006751014 -0.06928902 0.1137943 0.006753238 0.04180001 0.1993667 0.006781162 -0.05545283 0.09678381 0.00681258 0.05514394 0.04060406 0.006854172 0.0355 0.118874 0.006893692 -0.0616135 0.09755502 0.006960909 -0.06855732 0.1992932 0.007056653 -0.073 0.01222776 0.007089761 0.05023643 0.09531784 0.007140727 0.04466438 0.09568124 0.007196193 0.0415 0.1198137 0.007211422 -0.07462663 0.03148805 0.007322188 -0.047 0.05364791 0.007322191 -0.06855732 0.05364791 0.007367203 0.03590193 0.1202835 0.007376969 0.05318378 -0.03975125 0.007386024 -0.073 -0.0114931 0.007429566 -0.04365618 0.1180053 0.007460892 0.05235732 0.1992231 0.007481555 -0.04649999 0.1194346 0.007502175 0.05512095 -0.04040679 0.00754182 -0.06292 0.1631411 0.007605721 0.04759669 0.09899686 0.007656887 0.042 0.1215186 0.007656887 0.043 0.1215186 0.007705371 -0.047 0.1177431 0.007705374 -0.06855732 0.1177431 0.007741291 0.05308902 0.04904522 0.007822174 0.05235732 0.05357779 0.007822176 0.04180001 0.05357779 0.007833811 0.03789779 0.1215655 0.007844481 0.0415 0.1187351 0.007844556 -0.06292 0.1889977 0.007870949 -0.07132095 0.1177199 0.007880232 0.0415 0.1216931 0.007880243 -0.04649999 0.1216931 0.007905295 -0.04305558 0.1063377 0.007924573 0.042 0.04734908 0.007927867 0.04227747 0.03898566 0.007953495 -0.05138292 0.1469606 0.007958321 -0.075 -0.02098821 0.007999886 -0.05653757 0.1602777 0.008005045 -0.04649999 0.152256 0.008055234 0.05609539 0.1263871 0.008170953 0.05318378 0.1188282 0.008172268 0.03881772 0.1194102 0.008205356 0.05235732 0.117673 0.008205359 0.04180001 0.117673 0.008263091 -0.04961249 0.1476146 0.00826418 -0.073 0.1531678 0.008273694 -0.07075243 0.04972903 0.008370933 0.05512095 0.1176497 0.00844077 0.03604092 0.1186515 0.008501235 -0.04157516 0.118643 0.008507754 0.05235732 0.1968694 0.008664729 -0.05149999 0.1469743 0.008664729 -0.04649999 0.1469743 0.00876799 -0.0551646 0.1679604 0.008773677 0.05455244 0.0496589 0.008785709 -0.05749999 0.1792917 0.009046323 -0.049 0.1930787 0.009046326 -0.068 0.1930787 0.009143974 -0.07018391 0.1175413 0.009168015 -0.06855732 0.1238018 0.009329045 -0.06928902 0.04560318 0.009359333 -0.05877554 0.1648867 0.009371855 -0.0565 0.1789857 0.009491139 0.0588 -0.01983112 0.009515603 -0.05935616 0.1587985 0.009643957 0.05398391 0.1174712 0.009648914 -0.06855732 0.04583779 0.009684946 -0.06938378 0.1261209 0.009685987 -0.047 0.1174653 0.00968599 -0.06855732 0.1174653 0.009712024 0.03792597 0.1184732 0.009811515 0.05249287 0.1242322 0.009819564 -0.07394823 0.1409226 0.009825098 0.0415 0.1184573 0.009825109 -0.04649999 0.1184573 0.009914413 -0.047 0.1257439 0.009938056 -0.03373999 0.1553965 0.009938059 -0.04449999 0.1553965 0.01007926 -0.07408209 0.1868204 0.01009294 -0.07199328 0.1416809 0.01011962 -0.06855732 0.19641 0.0101489 0.05235732 0.04576767 0.01018597 0.05235732 0.1173952 0.01018598 0.04180001 0.1173952 0.0104144 0.04180001 0.1256737 0.01047963 -0.05699999 0.1805007 0.01056535 -0.05967936 0.1429481 0.01057323 -0.047 -0.0396132 0.01073137 -0.03373999 0.173708 0.01073138 -0.04449999 0.173708 0.01074368 0.0588 -0.009497073 0.01083786 -0.05699999 0.1785866 0.01095837 0.043 0.04089723 0.01105722 -0.06855732 0.1231454 0.01107322 0.04180001 -0.03968333 0.01107961 0.05631231 0.1454976 0.011089 -0.047 -0.04154556 0.011104 -0.06928902 -0.03905547 0.01114616 -0.04449999 0.154229 0.01116403 0.05680001 0.174758 0.01118407 -0.073 -0.01946004 0.01120475 -0.07075243 0.1262945 0.01121248 -0.06855732 -0.03943703 0.01125073 -0.05240773 0.1627551 0.01126162 -0.06855732 0.04702066 0.01127825 -0.05149999 0.1815166 0.01127825 -0.04649999 0.1815166 0.01134095 -0.049 0.1350521 0.01134095 -0.068 0.1350521 0.01142422 -0.06855732 -0.04145317 0.01151168 0.042 0.1333718 0.01153456 -0.07 0.01446388 0.01153456 -0.066 0.01446388 0.01153456 -0.07 -0.01446388 0.01153456 -0.066 -0.01446388 0.01158899 0.04180001 -0.04161568 0.01159718 0.04300003 0.1331369 0.01168752 0.05262841 -0.03941941 0.01172066 0.05788211 0.1858369 0.01175696 -0.047 0.1249661 0.0117774 -0.06855732 0.1294621 0.01179084 0.05842662 0.02752654 0.01201697 0.05317062 -0.04121388 0.01203592 -0.04449999 0.1747666 0.01207365 -0.075 0.1717986 0.01212741 -0.06800644 0.03779792 0.01220043 -0.047 0.04268961 0.01220043 -0.06855732 0.04268961 0.01225695 0.04180001 0.1248959 0.0123329 -0.05183915 0.1731163 0.01252583 0.05276397 0.1255774 0.01254186 -0.049 0.03734832 0.01258017 0.0588 0.005762992 0.01261254 -0.05149999 0.1570525 0.01270042 0.04180001 0.04261949 0.01270591 -0.075 -0.003638679 0.01275571 0.05277055 0.1304794 0.01297661 0.05235732 0.0454514 0.01301322 -0.06184544 0.1421298 0.01301713 -0.075 0.1591685 0.01326268 -0.03373999 0.1611149 0.01326268 -0.04449999 0.1611149 0.01338239 0.05680001 -0.003769371 0.01341742 -0.049 0.1500984 0.01350351 -0.06855732 0.1284519 0.01351393 0.0588 0.1608898 0.01354898 -0.03373999 0.1677234 0.01354899 -0.04449999 0.1677234 0.01357191 -0.06928902 0.1943816 0.01357948 -0.05104171 0.1792248 0.01361598 -0.04649999 0.1714105 0.01368465 -0.0728213 0.02164989 0.01369164 -0.047 0.04402239 0.01369164 -0.06855732 0.04402239 0.01379199 -0.073 0.1681548 0.01398357 -0.05399999 -0.03479525 0.01398357 -0.07 -0.03479525 0.01401556 0.05318378 0.1942204 0.01410686 -0.047 0.1329074 0.01412193 0.05235732 0.04117567 0.01419163 0.04180001 0.04395227 0.01432053 0.05680001 0.01755574 0.01432103 0.05706984 0.140127 0.01434724 -0.073 0.001503737 0.01445833 -0.07212146 -0.02812223 0.01460685 0.04180001 0.1328372 0.01474076 0.05680001 0.1638567 0.0147707 -0.06855732 0.1337083 0.01477159 -0.07212142 0.1834619 0.01484159 -0.06140139 0.1861972 0.01487494 -0.0455 0.1606427 0.01495846 0.0559214 -0.02819265 0.01504347 -0.06855732 0.03980198 0.01506237 0.05579327 0.02851755 0.01515947 -0.06853224 0.03513803 0.01519604 -0.04449999 0.1680545 0.0152473 -0.05149999 0.152057 0.0152473 -0.04649999 0.152057 0.01526631 -0.07132095 -0.03798708 0.0152716 0.05592141 0.1833918 0.01568739 -0.047 0.1316818 0.01574301 -0.07018391 -0.03917326 0.01575 -0.06199999 0.0272798 0.01575 -0.04899999 0.0272798 0.01575 -0.06199999 -0.0272798 0.01575 -0.05399999 -0.0272798 0.01576354 -0.07435435 0.149101 0.01578113 0.05706984 0.03286114 0.01593451 0.05235732 0.1344391 0.01610261 -0.047 0.1938046 0.01611728 -0.06855732 0.1960493 0.01618738 0.04180001 0.1316117 0.01630973 -0.06855732 0.1324327 0.0163115 -0.06292 0.144702 0.01631814 -0.07408208 -0.02720721 0.0166026 0.04180001 0.1937345 0.01661727 0.05235732 0.1959791 0.01666792 -0.07 -0.008026846 0.01666792 -0.07 0.008026848 0.01666792 -0.066 -0.008026846 0.01666792 -0.066 0.008026848 0.01668259 -0.07326984 0.03166986 0.01672208 -0.07132095 0.1934751 0.01672854 -0.06855732 0.1934364 0.01702114 -0.05149999 0.1755014 0.01702114 -0.04649999 0.1755014 0.01707853 -0.047 0.1955503 0.01710625 0.05411648 0.139756 0.0171485 -0.06938378 0.03757788 0.01715814 -0.05088652 0.1550816 0.01720454 0.05249287 0.1933274 0.01722206 0.05512095 0.193405 0.01729465 -0.07 0.03327378 0.01733668 0.0588 0.01477487 0.01744887 -0.06928902 0.1369197 0.01757852 0.04180001 0.1954802 0.01787938 -0.068 0.1415356 0.01787938 -0.04899999 0.1415356 0.01822164 -0.07018391 0.1939782 0.01826627 -0.07075243 0.1360399 0.01831843 -0.04899999 0.1731558 0.01838611 0.05788215 -0.02664687 0.01843006 -0.068 0.1880343 0.01843006 -0.04899999 0.1880343 0.0185 -0.07 8.086605e-10 0.0185 -0.066 8.086605e-10 0.01853115 0.05308902 0.03697276 0.01872162 0.05398391 0.1939081 0.01875647 -0.07075243 0.03800015 0.01876625 0.05455244 0.1359698 0.01897462 -0.0505344 0.1699105 0.0190777 -0.07408209 0.1796207 0.01911538 -0.05949999 0.1767034 0.01919346 -0.05149999 0.1593776 0.01919346 -0.04649999 0.1593776 0.01919613 -0.06855732 -0.03622856 0.01925645 0.05455244 0.03793003 0.01932011 -0.075 -0.01199182 0.01947181 -0.06855732 0.03894427 0.01957243 0.05235732 0.1351021 0.01966075 -0.07 0.03193281 0.01966075 -0.04899999 0.03193281 0.01982091 -0.05149999 0.1676704 0.01982091 -0.04649999 0.1676704 0.01991674 -0.04924999 0.1618293 0.0199718 0.05235732 0.03887415 0.02000066 -0.06855732 0.1387517 0.02000066 -0.04699999 0.1387517 0.0200759 -0.07212142 0.1525099 0.02037625 0.05398391 -0.0375823 0.0204164 -0.0607844 0.1799564 0.02050065 0.04180001 0.1386815 0.02055646 -0.0595927 0.1534265 0.02084705 0.05235732 -0.03564031 0.02089558 -0.075 0.006244046 0.02090849 0.05788211 0.1522329 0.02121282 -0.04699999 0.1371609 0.02133961 -0.06855732 -0.03730532 0.02143496 -0.073 -0.003450472 0.02149576 -0.06855731 0.0349132 0.02149576 -0.04699999 0.0349132 0.021498 -0.06855731 -0.03491182 0.021498 -0.04699999 -0.03491182 0.02164521 -0.06928902 -0.03417176 0.02166737 -0.07212142 0.174464 0.02171281 0.04180001 0.1370907 0.02183959 0.05235732 -0.03737544 0.02186618 -0.06855731 0.1923289 0.02199574 0.04180001 0.03484308 0.02199799 0.04180001 -0.03498195 0.02206992 0.05680001 -0.003729425 0.02207639 0.05318378 -0.03415978 0.02219503 -0.06144491 0.151784 0.02220611 -0.07031647 0.03029865 0.02236617 0.05235732 0.1922588 0.02252633 0.05788211 0.1745507 0.02254433 -0.04699999 0.03661628 0.02254669 -0.04699999 -0.03661483 0.0228573 -0.07408208 0.1575658 0.02290993 0.0588 -0.001498611 0.02298473 0.05592141 0.1576168 0.02304432 0.04180001 0.03654616 0.02304668 0.04180001 -0.03668496 0.02322877 0.05592141 0.1702414 0.02329378 -0.06928902 0.1878117 0.02335529 0.05235732 0.1414616 0.02335806 0.05512095 -0.03403461 0.0235822 -0.07212141 0.1632905 0.02369051 -0.07408208 0.1690598 0.02379377 0.05308902 0.1877416 0.02407292 -0.06855732 0.1399044 0.02407376 -0.06855731 0.1875594 0.02407718 0.05235732 0.1880191 0.0240863 -0.06999999 -0.02874195 0.0240863 -0.05399999 -0.02874195 0.0241304 -0.06199999 -0.0202478 0.0241304 -0.06199999 0.02024781 0.0241304 -0.05399999 -0.0202478 0.0241304 -0.04899999 0.02024781 0.0244285 -0.07408208 0.02072449 0.02447288 0.05788211 0.163192 0.02448814 -0.07212146 0.02000586 0.02457033 -0.04699999 0.1870295 0.02492825 0.05788215 0.02065418 0.02498837 0.0559214 0.01993595 0.02499273 -0.06158028 0.1719291 0.02501731 -0.06292 0.1684005 0.02504808 -0.068 0.1494165 0.02504808 -0.04899999 0.1494165 0.02507032 0.04180001 0.1869593 0.02515221 -0.06069775 0.1632593 0.02516005 -0.07212146 -0.019154 0.02535688 0.05512095 0.1868185 0.02540089 -0.06928902 0.1445605 0.02540228 0.05235732 0.03221559 0.02541012 -0.068 0.1799858 0.02541012 -0.04899999 0.1799858 0.02566029 0.0559214 -0.01922431 0.02570994 -0.06855731 0.1443118 0.02590088 0.05308902 0.1444904 0.02594119 -0.07075243 0.1866285 0.02601725 -0.07075243 0.143408 0.02605944 -0.04699999 0.1883646 0.02633435 -0.06855731 -0.03142454 0.02644175 -0.07132095 -0.03155268 0.02655943 0.04180001 0.1882944 0.02675713 -0.06855731 0.1875362 0.02677575 0.05262841 -0.03142474 0.02717719 -0.07408208 -0.01696044 0.02725712 0.05235732 0.1874661 0.02742925 -0.06855731 0.1466523 0.02742925 -0.04699999 0.1466523 0.02743301 0.05235732 0.1425778 0.02761896 -0.06855731 -0.03295744 0.02767692 0.05788215 -0.0170304 0.02792194 0.05249287 0.1829869 0.02792924 0.04180001 0.1465822 0.02794317 0.05317062 -0.03281782 0.02807845 0.05512095 0.1468914 0.02808319 -0.06928902 0.1815623 0.02830883 -0.06855731 0.02965822 0.02842488 -0.06855731 0.1817638 0.02853492 0.05308902 0.02930114 0.02859566 -0.06999999 0.02425981 0.02859566 -0.04899999 0.02425981 0.02894996 -0.068 0.1593299 0.02894996 -0.04899999 0.1593299 0.02907612 -0.068 0.1699828 0.02907612 -0.04899999 0.1699828 0.02909163 -0.06855731 0.1455403 0.02909163 -0.04699999 0.1455403 0.02914733 0.05398391 0.1461923 0.02917451 0.05235732 0.1487953 0.02936805 0.05455244 0.03017398 0.02956013 -0.06928902 0.1512459 0.02958305 0.05398391 0.1829837 0.02959162 0.04180001 0.1454702 0.02960032 -0.06199999 -0.01077363 0.02960032 -0.06199999 0.01077363 0.02960032 -0.05399999 -0.01077363 0.02960032 -0.04899999 0.01077363 0.02968975 -0.06855731 0.03110496 0.02979055 -0.06938377 -0.02720605 0.0299198 -0.06855731 0.1510786 0.03006669 0.05318378 0.1778301 0.03036254 -0.07018391 -0.02933433 0.03038462 -0.06855731 0.1778753 0.03038462 -0.04699999 0.1778753 0.030612 -0.06855731 0.02727463 0.030612 -0.04699999 0.02727463 0.03061375 -0.06855731 -0.02727266 0.03061375 -0.04699999 -0.02727266 0.03068173 0.05235732 0.1473408 0.03071665 -0.07212146 0.007509397 0.03076044 -0.07408208 0.008947172 0.03088461 0.04180001 0.1778052 0.03093014 -0.07132095 0.1536296 0.03095619 -0.07212146 -0.006451213 0.03111198 0.04180001 0.02720451 0.03111374 0.04180001 -0.02734278 0.03119074 -0.07132095 0.1756346 0.03121695 0.0559214 0.007439352 0.03121879 -0.07132095 0.0264852 0.03123051 -0.05399999 0.004111576 0.03123051 -0.04899999 0.004111576 0.03123476 -0.06928902 0.1743469 0.03126014 0.05788215 0.008876966 0.03127185 -0.06855731 0.1492815 0.03127777 0.05308902 0.1549196 0.0313975 0.05235732 0.02978491 0.03145649 0.0559214 -0.006521401 0.03149969 0.05235732 0.1760979 0.0315 -0.06199999 1.376908e-09 0.0315 -0.05399999 1.376908e-09 0.03161479 -0.06855731 0.1744607 0.03169073 0.05512095 0.1755645 0.03173315 -0.07408208 -0.004388967 0.03181324 -0.06999999 -0.01985365 0.03181324 -0.05399999 -0.01985365 0.03189568 -0.04699999 0.1565344 0.03193073 -0.06855731 0.1793145 0.03196326 0.05235732 -0.02632473 0.03199541 -0.06928902 0.1587334 0.03210526 -0.06855731 0.0286051 0.03210526 -0.04699999 0.0286051 0.03210711 -0.04699999 -0.02860303 0.03212891 -0.07018391 0.153189 0.03214019 -0.06855731 0.1575958 0.03219362 -0.07018391 0.02731223 0.03222612 -0.04699999 0.1786556 0.03223285 0.05788215 -0.004459048 0.03231279 -0.06855731 -0.02523655 0.03239566 0.04180001 0.1564643 0.03239962 -0.07018391 0.1760468 0.03243072 0.05235732 0.1792444 0.03256469 -0.06928902 0.1665865 0.03260525 0.04180001 0.02853498 0.0326071 0.04180001 -0.02867315 0.03264017 0.05235732 0.1575257 0.0327261 0.04180001 0.1785855 0.03274356 0.05235732 0.02511572 0.03291758 -0.04699999 0.1673307 0.03293924 -0.06855731 0.1669682 0.03299806 -0.06855731 -0.02753532 0.03306467 0.05308902 0.1665163 0.03319542 0.05512095 0.1608108 0.03341757 0.04180001 0.1672606 0.03343923 0.05235732 0.1668981 0.03354741 -0.06928902 0.02287358 0.03372786 0.05317062 -0.02690314 0.03380756 -0.07075243 0.1645996 0.03382875 -0.04699999 0.1560213 0.03387516 -0.06855731 0.02309705 0.03391777 -0.06855731 0.1563713 0.03419331 -0.06855731 0.172471 0.03419637 0.05317062 0.1565408 0.03432873 0.04180001 0.1559512 0.03433303 0.05318378 -0.02177906 0.03455442 0.05398391 0.168403 0.0346933 0.05235732 0.1724009 0.03470999 -0.06999999 0.0141939 0.03470999 -0.04899999 0.0141939 0.03473152 -0.07132095 -0.02167486 0.03491259 -0.04699999 0.167472 0.03495506 -0.06855731 0.1660287 0.03523151 0.05512095 -0.02174499 0.03541257 0.04180001 0.1674019 0.03545506 0.05235732 0.1659586 0.03552761 -0.06855731 0.02422374 0.03580149 0.05317062 0.02399945 0.03596575 0.05318378 0.01901038 0.03640224 -0.06999999 -0.009007062 0.03640224 -0.05399999 -0.009007062 0.03655881 0.05512095 0.01931647 0.03686814 -0.06855731 -0.01793712 0.03715228 -0.06855731 0.01734093 0.03715228 -0.04699999 0.01734093 0.0371534 -0.04699999 -0.01733854 0.03717919 -0.05399999 0.004894732 0.03717919 -0.04899999 0.004894732 0.0372861 0.05262841 -0.01796733 0.03740065 -0.06999999 0.002727957 0.03740065 -0.05399999 0.002727957 0.03758241 -0.06928902 0.01536852 0.03765227 0.04180001 0.01727081 0.03765339 0.04180001 -0.01740866 0.03796307 -0.06928902 -0.01375801 0.03800871 0.05249287 0.01634241 0.03817442 -0.07018391 -0.01857265 0.03881618 -0.06855731 -0.01849821 0.03896459 -0.04699999 0.01818683 0.03896576 -0.04699999 -0.01818432 0.03915113 -0.06855731 0.01138774 0.03931079 -0.07132095 0.01143418 0.03931616 0.05235732 -0.01856833 0.03938269 -0.06855731 0.01723125 0.03946458 0.04180001 0.01811671 0.03946575 0.04180001 -0.01825444 0.03979978 -0.06855731 -0.009847721 0.03988268 0.05235732 0.01716113 0.03991469 0.05308902 -0.009822562 0.03996225 -0.06928902 0.00718661 0.04019217 0.05398391 -0.01445477 0.04029977 0.05235732 -0.009917842 0.04046207 0.05512095 -0.009958002 0.0405383 -0.07018391 0.01179122 0.04055389 -0.07132095 -0.00560895 0.04055968 0.05327853 0.002851782 0.04056625 -0.06855731 0.005948021 0.04056625 -0.04699999 0.005948021 0.04056664 -0.06855731 -0.005945408 0.04056664 -0.04699999 -0.005945408 0.04058212 -0.06928902 -0.001311803 0.04076289 0.05262841 0.007170554 0.0409786 -0.06855731 -0.001324619 0.04103829 0.05398391 0.0117211 0.04106625 0.04180001 0.0058779 0.04106663 0.04180001 -0.006015529 0.04106663 0.05235732 -0.006015529 0.04132991 0.05249287 0.000424893 0.04133146 0.05512095 0.002908075 0.04174123 -0.06855731 -0.0103281 0.04182023 -0.07018391 -0.005784094 0.0424331 -0.06855731 0.00692449 0.0425451 -0.04699999 0.006238169 0.0425455 -0.06855731 -0.006235428 0.0425455 -0.04699999 -0.006235428 0.04264335 0.05235732 -0.008351885 0.04293309 0.05235732 0.006854369 0.04297756 -0.06855731 -0.001389234 0.04304509 0.04180001 0.006168047 0.04304549 0.04180001 -0.006305549 0.04320403 0.05317062 -0.001450515</float_array>
          <technique_common>
            <accessor count="1923" source="#cubeverts-array0-array" stride="3">
              <param type="float" name="X"/>
              <param type="float" name="Y"/>
              <param type="float" name="Z"/>
            </accessor>
          </technique_common>
        </source>
        <source id="cubenormals-array0">
          <float_array count="11760" id="cubenormals-array0-array">0 -1 0 0 -1 0 0 -1 0 0 -1 -0 0 -1 0 0 -1 0 0 -1 0 0 -1 0 -0 -1 0 0 -1 0 0 -1 0 -0 -1 -0 -0.974928 0 -0.2225209 -0.974928 -0 -0.2225209 -0.7818316 0 -0.6234897 -0.7818316 -0 -0.6234897 -0.4261226 0 -0.9046654 -0.4338182 -0.01735979 -0.9008331 -0.01552239 -0.03195003 -0.9993689 0 0 -1 0.4338837 0 -0.9009688 0.4338837 0 -0.9009688 0.7818314 0 -0.62349 0.7818314 0 -0.62349 0.974928 0 -0.2225209 0.974928 0 -0.2225209 0.974928 -0 0.2225209 0.974928 0 0.2225209 0.7818312 -0 0.6234901 0.7818312 0 0.6234901 0.4338835 -0 0.9009689 0.4338835 0 0.9009689 0 0 1 0 0 1 -0.4338837 0 0.9009688 -0.4338837 0 0.9009688 -0.7818316 0 0.6234896 -0.7818316 0 0.6234896 -0.974928 0 0.2225209 -0.974928 0 0.2225209 4.289808e-07 -1 9.791204e-08 3.822717e-07 -1 -8.7251e-08 4.086763e-07 -1 -3.476983e-08 3.907844e-07 -1 8.919397e-08 4.221044e-07 -1 -9.634257e-08 0 -1 0 7.043468e-07 -1 8.484176e-08 3.187133e-07 -1 -2.541653e-07 3.000531e-07 -1 -2.608477e-07 3.786483e-07 -1 -1.601994e-07 4.051786e-07 -1 4.360578e-08 3.53098e-07 -1 2.086735e-07 3.065589e-07 -1 2.444728e-07 6.014433e-07 -1 -2.971254e-07 0 -1 0 0 -1 0 0 -1 0 0 -1 0 -0 -1 0 3.099318e-07 -1 -2.471625e-07 4.373339e-07 -1 -1.370564e-07 0 -1 0 4.981099e-07 -1 1.557577e-07 0 -1 -0 0 -1 0 3.914667e-07 -1 9.186349e-08 3.50163e-07 -1 2.126996e-07 3.06733e-07 -1 2.446114e-07 6.101453e-07 -1 -2.838271e-07 0 -1 -0 0 -1 0 0 -1 0 -0.5938029 -0.8020687 -0.06390576 0.1041543 -0.9463798 0.3058057 0.4597149 -0.3615155 0.8111528 -0.5012541 -0.8606412 -0.08967178 -0.6480938 -0.7545165 0.1033413 -0.3404953 -0.9341714 0.106708 -0.7927379 -0.4108712 0.4502792 -0.586839 -0.4064994 0.7002701 -0.58684 -0.4064955 0.7002717 -0.2020198 -0.4026426 0.8927861 -0.136518 -0.9127637 0.3850003 0.01423507 -0.4108715 0.9115821 0.1177172 -0.8183033 0.5626033 0.197682 -0.6473679 0.7360955 -0.2167421 -0.9413446 0.2586373 -0.6019437 -0.6371816 0.4813143 -0.3549503 -0.9128867 0.2016136 -0.9302139 -0.3138942 0.190191 -0.001496676 -0.473225 0.8809403 0.01535393 -0.1817135 0.9832317 -0.1389676 -0.9094481 0.3919085 -0.375551 -0.6076671 0.6997872 0.7683037 -0.001612077 0.6400834 0.6597927 0.003388276 0.75144 0.6054243 -0.008923729 0.795853 0.5800417 0 0.8145868 0.9991643 1.253786e-07 -0.04087212 0.9991643 1.253786e-07 -0.04087212 0.9829406 1.233428e-07 0.1839231 0.9829406 1.28739e-07 0.1839231 0.9048402 1.185099e-07 0.4257513 0.9048402 1.36251e-07 0.4257513 0.7700925 1.283237e-07 0.6379321 0.9903086 1.242673e-07 -0.1388847 0.9903086 1.242673e-07 -0.1388847 0.7041188 0 -0.7100822 0.704119 1.060263e-07 -0.7100821 0.8630579 1.299594e-07 -0.5051052 0.8630579 1.299594e-07 -0.5051052 0.9639329 1.451491e-07 -0.2661454 0.9639329 1.209576e-07 -0.2661455 -0.8187816 0 0.5741052 -0.8187816 0 0.5741052 -0.5614626 0 0.8275021 -0.5614627 -7.538223e-08 0.827502 -0.2309165 -2.826832e-08 0.9729736 -0.2309165 -2.826832e-08 0.9729736 0.1297429 1.884555e-08 0.9915477 0.1297429 1.884555e-08 0.9915477 0.4734845 5.653666e-08 0.8808022 0.4734844 0 0.8808022 0.7554722 0 0.6551806 0.7554722 0 0.6551806 0.93893 0 0.344108 0.93893 0 0.344108 0.9999299 0 -0.01184232 0.9999299 0 -0.01184232 0.9305172 0 -0.366248 0.9305172 0 -0.366248 0.739743 0 -0.6728895 0.739743 0 -0.6728895 -0.9089884 0 0.4168213 -0.9089884 0 0.4168213 -0.9942288 0 0.1072795 -0.9942288 0 0.1072795 -0.9484588 0 0.3169006 -0.9484588 0 0.3169006 -1 0 0 -1 0 0 -0.9604851 0 -0.2783313 -0.9604851 0 -0.2783313 -0.9955835 0 -0.09388071 -0.9955835 0 -0.09388071 0 -1 -0 -0 -1 0 0 -1 0 -0 -1 0 0 -1 0 0 -1 0 0 -1 0 0 -1 0 0 -1 0 -0 -1 0 0 -1 0 0 -1 0 0 -1 0 0 -1 0 -0 -1 0 0 -1 -0 0 -1 0 0 -1 0 0 -1 0 0 -1 0 0 -1 0 -0 -1 0 0 -1 0 0 -1 0 0 -1 0 0 -1 0 0 -1 0 0 -1 0 0 -1 0 0 -1 -0 0 -1 0 0 -1 0 0 -1 0 -0.0002798291 -0.9999998 0.0005316639 2.909033e-05 -1 2.814144e-05 0 -1 0 -0.9709419 2.665334e-07 -0.2393154 -0.2549398 0.1628933 -0.9531377 -0.4412199 -0.1628919 -0.8824916 0.568065 -7.215917e-07 -0.8229836 0.7272341 -0.3083707 -0.6132193 0.9850066 0.1725169 0 0.9463875 -0.05981894 0.3174469 0.5595488 0.1725151 0.810644 0.6916984 9.738998e-08 0.7221864 -0.03884598 -5.469449e-09 0.9992452 0.1187273 -0.1725147 0.9778254 -0.4978738 0.05981914 0.8651839 -0.7372874 -0.1725167 0.6531808 -0.950982 0.3083717 0.02324511 -0.9301134 0 -0.3672725 -0.9301133 0 -0.3672727 -0.9301134 1.497742e-06 -0.3672723 -0.9301374 -4.037672e-05 -0.3672117 -0.9301113 -1.620709e-05 -0.3672778 -0.9301124 0 -0.367275 0.9665082 0 0.2566357 0.9904115 -0.09401231 0.1012265 0.9735536 0 0.2284589 0.9964002 0 -0.08477289 0.9964002 0 -0.08477289 0.9209654 0 -0.3896443 0.9209654 0 -0.3896443 0.7546903 0 -0.6560813 0.7546903 0 -0.6560813 0.5139747 0 -0.8578053 0.5139746 1.012185e-07 -0.8578054 0.2225628 4.048739e-08 -0.9749184 0.2225628 3.036554e-08 -0.9749183 -0.09080257 -1.012185e-08 -0.9958689 -0.09080257 -1.012185e-08 -0.9958689 -0.3952102 -6.07311e-08 -0.9185907 -0.3952103 0 -0.9185907 -0.6606366 0 -0.7507058 -0.6606367 0 -0.7507058 -0.8609002 0 -0.5087739 -0.8609002 0 -0.5087739 0.9665082 0 0.2566356 0.8546785 0 0.5191576 0.8546785 0 0.5191576 0.6515014 0 0.7586474 0.6515014 0 0.7586474 0 1 0 0 1 0 0 1 0 0 1 0 0 1 0 0 1 0 2.964304e-08 1 -5.778047e-07 -3.97058e-07 1 3.451778e-07 -4.394833e-07 1 1.032963e-07 0 1 -0 0 1 0 -3.486979e-07 1 1.618548e-07 -3.055851e-07 1 2.155954e-07 0 1 -0 0 1 0 0 1 -0 0 1 0 0 1 -0 0 1 0 0 1 0 -3.892893e-07 1 9.138104e-08 -0.04361937 0 -0.9990482 -0.1139141 0.1355713 -0.9841972 0.130526 0 -0.9914449 0.130526 0 -0.9914449 -2.026115e-07 1 2.236355e-08 -5.042112e-08 1 -3.812427e-08 -1.687594e-07 1 5.638608e-08 -3.173451e-05 1 2.816767e-05 -9.506883e-08 1 -2.754924e-08 -1.254115e-07 1 -1.182594e-08 -4.281384e-07 1 1.599352e-07 -8.497221e-08 1 0 -9.666168e-08 1 1.043001e-08 -3.700589e-07 1 -2.795876e-09 2.901394e-08 1 -3.457745e-08 3.938403e-08 1 -3.605077e-08 0 1 0 -0 1 0 -6.759245e-07 1 9.328092e-08 0 1 -0 -3.152825e-07 1 1.697289e-07 -2.663585e-07 1 1.998485e-09 0 1 0 -0 1 0 -0.006791084 0.9997118 -0.02302403 -0.02757475 0.9996197 0.000326572 -0.01887139 0.9993176 0.03175179 -3.205882e-07 1 1.261823e-07 -3.1138e-07 1 2.832394e-07 3.921715e-05 1 -1.80455e-05 0.02024052 0.9996073 0.01937812 0.02228243 0.9996296 -0.01562378 -0.002899699 0.9994485 -0.03308424 -1.85854e-07 1 -3.638195e-07 0 1 0 0 1 0 0 1 0 0 1 0 0 1 -0 0 1 0 0 1 -0 0 1 0 -3.268663e-07 1 2.747239e-07 -2.637675e-07 1 2.948291e-07 0 1 0 0 1 0 0 1 0 0 1 0 0 1 -0 0 1 0 0 1 0 0 1 0 0 1 0 0 1 0 0.980506 0.02385846 -0.1950348 0.9847237 0.01306576 -0.1736333 0.9866236 -0.01578193 0.1622494 0.9848078 0 0.1736481 0.8660254 -0 0.5000001 0.8660254 0 0.5000001 0.6427874 -0 0.7660446 0.6427874 0 0.7660446 0.3420202 -0 0.9396926 0.3420201 6.115796e-08 0.9396926 0 -0 1 0 0 1 -0.3420201 -6.115793e-08 0.9396926 -0.3420202 0 0.9396926 -0.6427878 0 0.7660443 -0.6427878 0 0.7660443 -0.8660253 0 0.5000002 -0.8660253 0 0.5000002 -0.9848078 0 0.1736481 -0.9848078 0 0.1736481 -0.9978589 0 -0.06540281 -0.9832633 0.05598398 -0.1733758 -0.971342 0 -0.2376859 0.9829876 0 -0.1836717 0.8660253 0 -0.5000002 0.8660253 0 -0.5000002 0.6427878 0 -0.7660443 0.6427878 0 -0.7660443 0.3420201 0 -0.9396927 0.3420202 3.763567e-08 -0.9396926 0 0 -1 0 0 -1 -0.3420202 -3.763568e-08 -0.9396926 -0.3420202 0 -0.9396926 -0.6427875 -0 -0.7660446 -0.6427875 0 -0.7660446 -0.8660253 -0 -0.5000001 -0.8660253 0 -0.5000001 -0.971342 0 -0.2376859 0.8939494 0.4425637 0.07065257 0.5617967 0.7098893 0.4247842 0.4083806 0.6121435 0.6771303 0.09986406 0.2953267 0.9501628 -0.127164 0.8886896 0.4405224 -0.4372666 0.03558232 0.8986278 -0.3557935 0.7537981 0.5524487 -0.7913108 -0.4355139 0.4291327 -0.4280451 -0.7012212 -0.5701457 -0.9817877 -0.1330559 -0.1356057 -0.7446874 0.5325012 -0.4023469 -0.4670626 -0.2605321 -0.8449707 0.1042836 -0.4092448 -0.9064457 0.1408311 -0.895353 -0.4225038 0.5414227 0.5418958 -0.6428145 0.8619363 -0.06271742 -0.5031227 0.8430642 -0.2473083 0.4775786 0.5725515 0.4143994 0.7074305 0.4166518 0.04421048 0.9079905 -0.1105891 -0.3273271 0.9384173 -0.6062205 0.7933632 0.05542148 -0.1074305 0.9923328 0.06110862 -0.1366333 0.9905984 -0.006784657 -0.119749 0.9926863 -0.01529572 -0.0984803 0.9497156 -0.2972235 0.02782445 0.9416413 -0.3354658 0.06451799 0.9796945 -0.1898321 0.1351787 0.9624524 -0.2353977 0.03587802 0.9992415 -0.01513878 0.7766291 0.6247554 -0.08079555 0.9931734 0.007826733 0.1163847 0.8727891 0.3941642 0.2878781 0.0452372 0.998288 0.0370754 0.02653069 0.9223195 0.3855163 -0.6479732 -0.1616489 0.744312 0.07165235 0.9970034 0.02915509 0.29587 0.947035 -0.1248428 -0.07286821 0.9907509 -0.1144679 -0.5649691 0.8250772 0.007584774 -0.007602097 0.9990953 0.04184072 0.1044621 0.9914438 0.07827433 -0.004874447 0.9998922 0.01385014 -0.0004838231 0.999604 0.02813308 0.1655154 0.9500756 0.2645012 0.046163 0.9703963 0.2370653 -0.09029439 -0.962298 0.2565725 -0.1819604 0.9769008 0.1120497 -0.5291318 0.8484949 0.00870307 0.1736511 0.7967589 -0.5788094 0.1700443 0.9808984 -0.09446305 -0.1064351 0.9933723 -0.04339533 -0.1637892 0.9599639 -0.2272497 0.005709329 0.9855404 -0.1693444 0.1071415 0.9930318 -0.04907634 0.2989607 0.951926 0.06678001 0.1204701 0.9878207 0.09847477 0.1236634 0.9908515 -0.05404358 0.01217684 0.9934628 -0.1135045 -0.2719731 0.9491003 0.1588685 0.1040449 0.8896368 0.4446583 0.525497 0.7499679 0.4017476 0.7382728 0.5498921 0.3906046 0.0006196572 0.5321975 0.84662 -0.609639 0.00438537 0.7926671 -0.7748703 0.6311328 -0.03531878 -0.8847056 -0.07265848 -0.4604527 -0.8063265 0.2619734 -0.5302901 0.8081671 0.1971171 -0.5549873 0.8818027 -0.06445849 -0.4671927 0.4434698 0.1303392 -0.8867616 0.3173487 0.01272294 -0.9482235 -0.2625228 0.629477 -0.731328 0.2180213 0.1144316 0.9692122 -0.4483083 0.3773634 0.8103188 -0.4075675 0.7684411 0.4933427 -0.9494194 -0.278672 0.1447227 -0.8053082 0.3022574 -0.5100189 -0.2720986 0.5636513 -0.77991 0.4545085 -0.1280204 -0.8814946 -0.2795528 0.8731951 -0.399225 0.2582955 0.2224517 0.9401057 0.5426135 -0.7584987 0.3609019 0.7935948 0.5521014 -0.2557173 0.4942176 0.8409007 -0.2205336 -0.1095304 -0.9897556 0.09158104 -0.04295315 -0.9948673 -0.09161958 -0.1378687 -0.9608548 0.2403131 0.1437426 -0.9501856 0.2765599 0.0672146 -0.9975111 -0.02130428 -0.2282501 0.9686338 -0.09823679 0.2041287 0.937336 -0.2823699 0.1065833 0.9879072 0.1126027 -1.000437e-07 1 -1.106692e-07 -1.348793e-07 1 -7.787261e-08 -1.549801e-07 1 -2.732716e-08 -1.481454e-07 1 7.73075e-08 -1.478425e-07 1 -1.500292e-08 -1.530472e-07 1 2.698633e-08 -1.363423e-07 1 7.871733e-08 -6.423687e-08 1 1.551394e-07 -9.023928e-08 1 1.075429e-07 -3.367124e-07 1 -9.441477e-08 0 1 0 -3.504856e-07 1 5.657316e-08 -9.699973e-08 1 -1.155998e-07 -1.375501e-07 1 2.425377e-08 -1.282188e-07 1 7.402718e-08 -9.86611e-08 1 1.175797e-07 -3.571158e-07 1 -3.835665e-08 0 1 -0 0 1 0 -3.703817e-07 1 1.909151e-09 -9.882428e-08 1 -1.177743e-07 -1.343514e-07 1 -7.756783e-08 -1.494177e-07 1 -2.634637e-08 0.9944955 0.0281771 0.1009205 0.6573876 0.7008156 -0.2769458 0.3571858 -0.3581371 -0.8626447 -0.5775591 0.5719245 -0.5825185 -0.5360944 0.6007628 -0.593032 -0.6027071 0.7751898 -0.1892748 -0.8606268 -0.2400538 0.4491054 0.1010912 0.5446302 0.8325614 0.2434334 0.2608268 0.9341893 -0 1 0 0 1 -0 -0.04044887 -0.9980839 0.04682228 -0.009823857 -0.9999395 0.004951511 -0.004053989 -0.9999746 -0.005859199 -0.008080859 -0.9999557 0.004814461 -0.008111686 -0.9995933 0.0273426 -0.02008733 -0.9997945 0.002738582 -0.003548657 -0.9999217 -0.01200504 -0.0004195155 -0.9999985 -0.001652571 -0.002467141 -0.9999947 -0.002123621 -0.03221447 -0.9994536 0.007400214 0.006463816 -0.9994454 0.03266511 0.003813868 -0.9999803 -0.004971101 0.001663534 -0.9999892 -0.004356259 -0.2147119 -0.9766321 -0.009402973 -0.4900911 -0.8597838 -0.1434666 -0.2139427 -0.9347942 -0.2835281 -0.1626628 -0.9508046 -0.2636501 -0.04016275 -0.9899123 -0.1358698 0.02229027 -0.9646804 -0.2624781 -0.3404617 -0.934773 -0.1014164 -0.6314861 -0.7460389 0.2113086 -0.4483395 -0.7814577 0.4339534 -0.4812706 -0.7282151 0.4879358 -0.8016379 -0.2309091 0.5514141 -0.7496982 -0.07589719 0.6574134 0.3276327 -0.7996663 -0.5031807 0.1048981 -0.9614685 -0.2541158 0.7007527 -0.5334289 -0.4737078 0.4303875 -0.4634499 -0.7745842 0.6031691 0.53603 -0.5906429 -0.6346779 -0.4577477 0.6226161 -0.4053836 0.9019352 0.1489201 -0.8529382 0.4869458 0.1880965 -0.9995909 0.02372711 -0.01597238 -0.3713689 0.8753382 -0.309626 -0.4217879 0.8466746 -0.324403 -0.2635886 0.9542572 -0.1411176 -0.3463313 -0.1200283 -0.930402 -0.00946843 0.2997383 -0.9539744 0.03992321 0.6155216 -0.7871082 -0.1773958 -0.9338582 0.3105473 -0.471599 -0.7234361 0.5042169 -0.2490395 -0.968226 0.02275712 -0.3397745 -0.9404948 0.004761932 -0.4497681 -0.7586385 0.4713558 -0.6292403 -0.492808 0.6009966 0.05112584 -0.9981967 -0.03145845 0.08064494 -0.9960817 -0.03629925 0.701473 -0.6111038 -0.3667257 0.5963715 -0.7227223 -0.3493043 -0.5016416 -0.3853833 -0.7744904 -0.7023615 -0.1017734 -0.7045072 0.5609794 -0.2490058 -0.7894924 0.7775764 -0.2553712 -0.5745959 -0.7219388 -0.3704196 -0.5844603 -0.7963641 -0.2023868 -0.5699506 -0.633021 -0.5833612 -0.508895 -0.8408116 -0.3643458 -0.4003601 -0.3806294 -0.3836766 -0.841376 -0.4515955 -0.7704021 -0.4500468 -0.3846246 -0.7529594 -0.5339627 -0.4553315 -0.7918157 -0.407064 -0.5314456 0.1927362 -0.8248748 -0.7268115 -0.1850021 -0.6614524 -0.9226393 -0.008449091 -0.3855715 -0.7536466 -0.5581104 -0.347174 0.7383046 -0.3625765 -0.5687219 -0.001821082 -0.9999837 -0.005415032 0.002011764 -0.9996789 -0.02525981 -0.4570248 -0.7797182 -0.4279811 0.4816202 -0.8710979 -0.09607494 0.4109256 -0.6316749 0.6573638 0.8058518 -0.527545 -0.2688852 -0.5397503 -0.2158081 0.813693 -0.2693899 -0.605966 0.748488 -0.548977 -0.2552599 0.7959062 -0.5594906 -0.7806932 0.2783671 -0.4062355 -0.876157 0.2594637 0.004627405 -0.9998431 0.01709926 0.005412016 -0.9999851 0.0006915548 0.1450073 -0.940331 0.3078156 0.4916519 -0.1192797 0.8625838 0.1630055 -0.9156376 0.3674738 0.003808317 -0.6701089 0.7422529 0.9078529 -0.2009963 -0.3679722 0.6842107 -0.7144225 -0.1464795 0.4554193 0.1634206 0.8751497 0.5208709 -0.01959493 0.8534105 0 -1 0 3.015229e-07 -1 -1.382649e-07 3.187693e-07 -1 -2.53978e-07 0.9407466 -0.03513182 -0.3372857 0.8997574 0.1421521 -0.4125886 0.9699374 -0.211917 -0.1196354 0.9722594 -0.03133092 0.2317974 -0.4168219 1.765076e-06 -0.9089882 -0.416822 -8.578868e-07 -0.9089881 -0.4168223 0 -0.908988 -0.4168191 2.020762e-06 -0.9089894 -0.4168197 4.803537e-07 -0.9089892 0.7982358 -0.1165831 -0.590955 -0.4168195 -6.73518e-07 -0.9089894 -0.4168209 1.111444e-05 -0.9089887 -0.4168211 7.540487e-06 -0.9089885 0.9087289 -0.04390439 -0.4150713 0.9086595 -0.006167159 -0.4174924 0.9089884 2.278525e-06 -0.4168214 0.9089883 1.179206e-06 -0.4168214 0.9089884 0 -0.4168214 0.9089884 0 -0.4168214 -0.9790854 3.929457e-05 0.2034495 -0.8917537 -0.272656 0.3611566 -0.8848958 -0.3403565 0.3179888 -0.9738548 -0.01068123 0.2269199 -0.9901538 -0.004136456 0.139922 -0.9903086 -1.607877e-07 0.1388847 -0.9903086 1.597854e-07 0.1388847 0.3600708 0.577151 0.7329705 0.06686218 0.691907 0.718884 -0.8460702 -0.1792512 0.5020301 -0.5128937 -0.7311193 0.4498941 0.2664182 -0.646546 0.7148424 0.4143314 -0.01263211 0.9100385 -0.5290164 -0.732286 0.4288344 0.3721895 -0.4971055 0.7838119 0.1072933 0.2957459 0.9492221 -0.695098 -0.6057242 -0.3872168 -0.8392245 -0.4256169 0.338456 -0.8144448 -0.4260027 0.393956 -0.9999187 -0.009440091 -0.008566621 -0.6777494 -0.6964893 -0.2357084 0.02737457 -0.8196592 0.5721969 -0.4351568 -0.8966646 0.08143218 9.150432e-08 -1 -1.901418e-08 1.465927e-07 -1 7.086876e-08 1.598585e-08 -1 1.378004e-06 -7.104125e-06 -1 2.8098e-05 0.8772526 -0.479834 -0.01368851 9.578294e-06 -1 -1.466321e-06 0.8706447 -0.05305436 0.4890429 -0.5547105 -0.569215 0.6068694 0.9832703 -0.1156186 0.1407547 0.9644083 0 -0.2644174 0.948301 -0.03605599 -0.3153177 0.902264 -0.423173 -0.08272946 0.4174582 -0.05964395 0.9067366 0.3054225 -0.8193117 0.4852272 0.4945501 -0.6029673 0.6259797 0.4238248 -0.04851474 0.904444 0.9578878 -0.225751 -0.1774469 0.1262962 -0.6841938 -0.7182814 -0.03299884 -0.858509 -0.5117357 0.9089745 -0.4031704 -0.1059194 0.1033156 -0.9410349 0.3221479 0.3403616 -0.8799278 -0.3314831 0.9351736 -0.3167975 -0.1583972 0.09847912 -0.4524253 -0.8863483 0.5060364 -0.473865 -0.7206795 0.8340669 0.2224176 -0.5048394 1 0 0 1 -9.768098e-05 2.138988e-05 -0.01729463 -0.9982405 -0.05671661 -0.7197238 -0.6595241 0.216854 -0.6620567 -0.7425206 0.1017055 -0.3768507 -0.4157504 -0.8277289 -0.6689473 -0.1775261 -0.7217992 -0.05168045 -0.9986355 0.007503425 -0.06767184 -0.9948516 -0.07543707 -0.673421 -0.5467812 -0.4975283 -0.4442838 -0.6756027 -0.5883645 -0.4658868 -0.3911826 -0.7936786 -0.6952194 -0.2966122 -0.6547451 -0.6773476 -0.3360681 -0.6544146 -0.2867932 -0.9536146 -0.09148156 -0.401998 -0.4757313 -0.7823537 -0.4008082 -0.3073738 -0.863061 -0.1099928 -0.9736581 -0.1997284 -0.01777405 -0.2794303 -0.9600015 -0.202724 -0.8730523 -0.4434892 -0.08235849 -0.9808216 -0.1766524 -0.07229501 -0.9850307 -0.156486 0.1813399 -0.2610027 -0.9481527 0.9475721 -0.3195392 -0.001317769 0.9566861 -0.2911212 0 0.6387012 -0.7694545 0.0006750581 0.5692523 -0.8221459 0.005280171 0.1722097 -0.9850602 0.0003766611 -0.9286848 0.2703559 -0.2538743 -0.3603399 -0.9001303 -0.2447873 0.8560672 -0 0.5168647 0.9301479 -0.0585364 0.3624891 0.7991453 -0.2431812 0.5497541 0.3814699 -0.55094 0.7422572 0.3712981 -0.5850787 0.7209859 0.1825624 -0.7646796 0.6180097 -0.5399726 -0.8152648 -0.20922 -0.9999613 -0.008793823 0 -0.9998689 -0.01588642 0.003123049 -0.8556955 -0.5169672 -0.02302246 -0.3750008 -0.9269613 0.01082444 -0.8317227 0.07385194 -0.5502575 -0.8001629 0.049417 -0.5977436 -0.9457695 -0.03753258 -0.322663 -0.4118798 -0.8612275 -0.2977283 -0.6335952 -0.7719102 0.05207431 -0.7060785 -0.6409314 -0.3010984 -0.9909461 -0.09986918 -0.08973356 -0.8237996 -0.5652514 0.04295537 0.1295872 -0.7952896 -0.5922175 -0.4297706 -0.7664914 0.4772717 -0.6643099 -0.1958108 0.7213532 -0.8063329 -0.09403022 0.5839398 -0.8335981 -0.0596468 0.5491415 -0.6239169 -0.02445754 0.7811078 -0.6272045 -0.03010312 0.7782726 -0.7799183 0.01107378 0.6257834 -0.3598252 -0.04091205 0.9321223 -0.3437239 -0.05916312 0.9372051 -0.4508751 -0.8055286 0.3844936 -0.5903522 -0.5976179 0.5425284 -0.3317442 -0.8763027 0.3493414 -0.3357248 -0.8490685 0.4078867 -0.7743301 -0.3658796 0.5162799 -0.6623862 -0.5041813 0.5541171 -0.5984704 -0.2001959 0.7757285 -0.3755614 -0.0148636 0.9266784 0.5720475 -0 0.8202205 0.1636785 -0.1804383 0.9698718 -0.05458137 -0.8365853 0.5451109 0.1782809 -0.2567833 0.9498832 0.08964726 -0.9958882 0.01304395 0.328784 -0.9339137 0.1403787 0.8820464 -0.3344077 0.3319122 0.8807184 -0.3380215 0.3317779 0 1 0 6.083873e-06 1 4.009238e-06 3.369695e-06 1 -2.841399e-06 3.299298e-06 1 -2.902425e-06 0 1 0 0 1 0 0 1 -0 -0 1 0 -0 1 0 0 1 0 0 1 -0 0 1 -0 -1.661909e-07 1 -6.562355e-08 -1.686306e-07 1 -5.753073e-08 -1.903118e-07 1 0 0.5725389 0.8187532 -0.04292272 -1.931073e-07 1 1.447708e-08 -1.977178e-07 1 1.638458e-08 -3.169119e-07 1 1.532938e-07 -0.0808618 0.9965805 0.01699217 0 1 0 -1.277641e-07 1 -4.285594e-08 -5.071388e-06 1 4.752887e-06 1.231217e-07 1 1.783718e-07 2.726658e-06 1 -2.372929e-06 2.118777e-07 1 -1.843909e-07 0.02423367 0.3354665 0.9417404 -1.895747e-08 1 -7.367032e-07 -1.520302e-06 1 1.091684e-06 0 1 0 0 1 0 -1.023463e-06 1 1.010257e-06 -8.52683e-08 1 -3.323002e-08 -5.896377e-08 1 -4.622745e-08 -0.9822644 0.1207892 0.1434106 0.9301134 -1.976623e-06 0.3672726 0.9301135 0 0.3672721 0.9964129 -0.008430235 0.08420398 0.7741714 -0.4393897 -0.4556265 0.2824301 -0.7377836 -0.6131139 0.853716 -0.4251519 -0.3006908 0.4329013 -0.6287785 -0.6459365 0.7805796 -0.2309238 -0.5808353 0.9068065 0.08563901 0.4127563 0.7866665 -0.02796244 0.6167447 0.8327067 -0.5173928 -0.1972419 0.3004156 -0.4380855 0.8472494 0.1308172 -0.8350452 0.5344028 0.1553721 -0.6075319 0.7789508 0.4848914 -0.842716 -0.2339016 0.01272339 -0.9999147 0.002954756 4.662647e-06 -1 9.817532e-06 9.034121e-06 -1 6.137089e-06 1.404513e-07 -1 -4.054134e-09 0.002277813 -0.9999924 0.003190173 -0.001851817 -0.9999949 -0.002594127 -0.001965985 -0.9999859 0.004924692 3.093947e-05 -1 -3.563777e-05 0.9347954 -0.3548017 0.01653222 0.4151774 -0.4425973 -0.7948178 0.9689934 -0.2454781 -0.02814725 -0.2517096 0.9666556 -0.04710725 0.2974757 0.1156467 0.9476994 0.5903314 -0.5318283 -0.6071799 -0.3375207 -0.9391963 -0.06316675 0.192078 0.9581894 -0.2120828 0.2651091 -0.2336082 0.9354915 -0.9725873 0.1044446 -0.2077621 0.2073017 -0.9511228 -0.2288919 -0 1 0 0 1 -0 0 1 0 0 1 0 0.1913532 -0.7555183 -0.6265589 -0.04060546 0.5564335 -0.8298994 -0.7874551 -0.5564287 -0.2651443 -0.8287448 0.5564305 -0.05972534 -0.3581271 -0.5564345 0.7497505 -0.06561334 0.7555181 0.6518337 0.6926176 -0.6739334 0.2570887 0.7381616 0.6739338 0.03050938 0 1 -0 0 1 0 0 1 0 -3.91061e-07 1 4.253538e-07 -4.763253e-07 1 -1.603836e-07 -5.629579e-07 1 -1.131589e-07 -6.944046e-07 1 2.034121e-07 -8.507959e-07 1 2.018624e-08 0 1 0 0 1 0 0 1 -0 -4.814917e-07 1 3.194071e-07 -4.346592e-07 1 -1.613386e-07 -3.80443e-07 1 -1.791167e-07 -5.736798e-07 1 2.485379e-08 -5.757892e-07 1 -3.323289e-07 0 1 0 0.8645118 2.143871e-07 -0.5026125 0.5319104 1.33992e-07 -0.8468007 0.5319105 5.359683e-08 -0.8468006 0.07745788 1.004939e-08 -0.9969956 0.07745788 1.004939e-08 -0.9969956 -0.3947429 -5.359679e-08 -0.9187917 -0.3947428 -1.071935e-07 -0.9187917 -0.7765114 -2.143869e-07 -0.6301031 -0.7765115 -1.339918e-07 -0.6301031 -0.9803903 -1.741892e-07 -0.1970659 -0.9803903 -2.679834e-07 -0.1970661 -0.9596734 -2.545856e-07 0.2811173 -0.9596734 -2.545856e-07 0.2811173 -0.7191085 -1.875884e-07 0.6948979 -0.7191083 -1.071933e-07 0.694898 -0.3138038 -5.359674e-08 0.9494879 -0.3138038 -4.019757e-08 0.9494879 0.163391 1.339919e-08 0.9865614 0.163391 2.009879e-08 0.9865614 0.6031533 8.039517e-08 0.7976252 0.6031535 1.607903e-07 0.7976251 0.9047412 2.41185e-07 0.4259619 0.9047412 2.41185e-07 0.4259619 0.9990628 2.646338e-07 -0.04328284 0.9990628 2.646338e-07 -0.04328284 0.8645118 2.14387e-07 -0.5026124 0 1 0 0 1 0 -5.859789e-07 1 9.704765e-08 -4.224087e-07 1 3.194198e-07 0 1 -0 0 1 0 0 1 0 0 1 0 -0 1 0 0 1 0 -0 1 0 0 1 0 -5.029655e-07 1 -3.159342e-07 -5.279919e-07 1 -4.102029e-08 0 1 0 0 1 -0 0 1 0 0 1 -0 0 1 0 0 1 -0 0 1 0 0.4927534 0.8592718 -0.1372812 0.4518437 0.8525426 -0.2626942 0.09555401 0.9905006 0.09888384 0 1 0 -0 1 0 0.66527 -0.5748504 -0.4764061 0.5319127 3.085162e-06 -0.8467991 0.2024149 -0.5080361 -0.8372142 0.07745617 0 -0.9969957 -0.535817 0 -0.8443342 -0.2990025 -0.6528788 -0.6959502 -0.7765114 -5.141942e-06 -0.6301033 -0.7426113 -0.6528756 -0.149271 -0.7426112 -0.6528758 -0.1492711 -0.9596738 0 0.2811161 -0.544698 -0.6528766 0.5263615 -0.5446979 -0.6528769 0.5263612 -0.3138007 -3.599359e-06 0.9494889 0.003823818 -0.5080334 0.8613288 0.1633884 0 0.9865618 0.7223083 0 0.6915711 0.456869 -0.6528736 0.6041744 0.9047412 3.7279e-06 0.4259617 0.8171714 -0.574851 0.04215634 -5.850711e-07 1 -2.652512e-07 0 1 0 0 1 0 -0 1 0 0 1 0 0 1 0 -0 1 0 0 1 0 0 1 0 -3.518747e-07 1 -3.458295e-10 -4.527235e-07 1 -2.110234e-07 0 1 -0 0 1 0 0 1 -0 -0 1 0 0.05981684 0.9932643 0.09923666 0.2209093 0.9751511 -0.01671441 0.1520866 0.9590519 -0.2389333 -0 1 0 0 1 0 0 1 0 0 1 0 -5.303236e-07 1 -3.516687e-07 0.8802553 0 -0.4745003 0.6111571 0 -0.7915093 0.6111571 0 -0.7915093 0.2363824 0 -0.9716602 0.2363823 0 -0.9716601 -0.1792624 -2.293458e-08 -0.9838013 -0.1792624 0 -0.9838013 -0.5639138 0 -0.8258337 -0.5639138 0 -0.8258337 -0.8510577 0 -0.5250721 -0.8510577 0 -0.5250721 -0.9910458 0 -0.1335218 -0.9910458 0 -0.1335218 -0.9596738 0 0.281116 -0.9596738 0 0.281116 -0.7623649 0 0.6471474 -0.7623649 0 0.6471474 -0.4332365 0 0.9012803 -0.4332365 0 0.9012803 -0.0291985 0 0.9995736 -0.0291985 0 0.9995736 0.3798905 0 0.9250315 0.3798905 0 0.9250315 0.7232918 0 0.6905425 0.7232918 0 0.6905425 0.9416283 0 0.3366543 0.9416283 0 0.3366543 0.9971499 0 -0.0754462 0.9971499 0 -0.0754462 0.8802553 0 -0.4745003 1.191731e-07 -1 -1.543411e-07 1.716462e-07 -1 -9.252567e-08 1.944402e-07 -1 -1.471171e-08 0 -1 0 0 -1 -0 4.687395e-07 -1 1.3692e-08 0 -1 0 -0 -1 0 0 -1 0 4.556496e-07 -1 1.108492e-07 0 -1 0 0 -1 0 1.836138e-07 -1 6.564625e-08 1.410391e-07 -1 1.346531e-07 7.407713e-08 -1 1.803775e-07 -0.271688 -0.9003329 -0.3399798 -0.5184715 0.4691553 0.7148991 0.9992418 0.0244891 -0.0302686 0.992222 0.03512224 -0.1194242 0.9984965 -0.002215231 -0.05476957 0.9379652 -0.2572465 0.2324773 0.9827986 0.1846801 0 0.9544105 -0.2311673 0.1888447 0.9938259 0.1108668 0.004319845 -0.9237987 0.3715668 -0.09237963 0 1 -0 -0.9817758 -0.03432053 -0.1869184 -0.9933563 0.07238255 -0.08946506 -0.9645923 -0.2559533 0.06363558 -0.9593038 0.2823761 0 -0.9843578 -0.09107888 0.150812 0.004328723 0.9999876 -0.002450603 0.9615288 0.274545 -0.009337302 -0.6386904 -0.7694638 0 -0.8191158 -0.5727528 -0.03168007 -0.9572352 -0.2890507 -0.01227053 -0 0.1239177 0.9922925 -0.006706925 0.1230596 0.9923766 -0.03082036 0.5654961 0.8241749 -0.6483971 -0.426128 0.6308694 -0.7177888 0.1580824 -0.6780775 0.09317204 0.1122492 -0.9893023 -0.9383786 0.1447412 -0.3138401 -0.5647951 -0 -0.8252312 -0.4067577 0.5418863 -0.7354641 -1 0 0 -0.9287143 -0.3704815 0.01527063 -0.8971618 0.4100249 0.1642568 -0.4786889 -0.8569081 0.1912212 -0.1750216 0.9551446 0.2388853 -0.07598162 0.963978 0.2548985 -0.8293018 0.3685343 0.420049 -0.650892 -0.7304222 -0.2069374 -0.4115647 0.9111416 0.02086615 -0.7051114 0.6356395 -0.3142935 -0.9301134 2.399733e-06 -0.3672724 -0.9338086 0.05884488 -0.3529005 -0.3730168 0.8810266 -0.2909475 -0.882864 -0.2275756 0.4108047 -0.1070074 -0.9825939 0.1518512 -0.5062418 0.7939994 -0.3365769 -0.9899514 0.1222463 0.07107838 0.5882074 -0.01616924 -0.8085485 0.8070646 0.5529118 -0.2072084 -0.8768104 0.37529 0.3006009 0 1 0 -0.3358449 -0.9395058 0.06735598 0.4115572 0.1584826 0.8974988 0.004791825 0.08920616 0.9960017 0.9078524 -0.04997667 -0.4163008 0.9334813 0.09004065 -0.3471388 0.9129598 0.2433297 -0.3275594 0.8854189 0.01444151 -0.4645694 0.8940187 -0.0003117037 -0.4480297 -0.787621 -0.3994275 0.4691597 -0.8914942 0.17106 0.4194956 -0.8431792 -0.1045795 0.5273633 -0.9597757 -0.06253294 0.2737158 -0.9424759 -0.0007990273 0.3342729 -0.7850256 0.5598212 0.2652074 -0.9089887 -3.45186e-06 0.4168209 0.8908102 0.3065706 -0.335368 -0.7984487 -0.3377559 0.498398 0.3698327 0.8740879 0.314951 0.3415194 0.8877364 0.3086885 0.07546262 -0.8975276 0.4344533 0.1601762 0.9597408 0.2307404 0.349324 0.840982 0.4131853 0.4222888 0.8841259 0.1999836 0.4333429 0.8773386 0.206133 0.3075027 -0.9411193 0.1404869 0.2229155 0.948176 0.226431 0.3652885 -0.767927 0.5261678 0.1357763 0.8218818 0.5532405 0.1176363 -0.5961357 0.7942191 -0.03120082 -0.3853379 0.9222479 0.01835153 0.2271394 0.9736893 0.9356449 -0.1545254 -0.3173179 0.9509752 0 -0.3092669 0.3508795 -0.9289474 -0.1180685 0.9862178 0 -0.1654526 0.3712561 -0.9000804 -0.2280878 -0.1360955 -0.8203787 -0.5553888 0.6769382 -0.6102422 -0.4115325 0.7607273 0.5995106 -0.2487589 0.0113855 0.9292464 -0.369285 0.03683215 0.9772938 -0.2086627 0.2717395 -0.604236 -0.7490371 0.1133699 0.9843071 -0.1352289 0.1580413 0.9859377 -0.05431107 0.164975 0.9702436 -0.1772307 0.02047794 -0.9698756 -0.2427384 0.1581946 0.93872 -0.3062341 0.2309895 -0.9319648 -0.2794375 0.2489621 0.959691 -0.1304265 0.7264014 0.6156977 -0.3053804 0.2508551 -0.9674956 -0.03199895 0.9740916 1.741812e-07 0.2261533 0.5104569 0.8426892 0.1711983 0.7937509 0.4214535 0.4385619 0.7438588 0.667646 -0.03038158 0.9962482 1.781431e-07 -0.08654248 0.5939165 -0.3252463 0.7358518 -0.1536997 0.935198 0.3190317 0.8684344 -0.02450088 -0.4951985 0.6316742 0.5069649 -0.5864931 -0.03080054 0.9994715 0.01038378 -0.4645336 0.8852679 0.02256737 0.9391998 -0.2959693 -0.1740859 0.9141268 0.3574779 -0.1912639 0.9311739 0.3049861 -0.1997467 0.0777275 0.7400663 0.6680271 0.1652667 0.7769121 0.6075314 0.1498212 0.1178137 0.9816688 0.9666517 0.09992744 0.2357945 0.9060622 0.415281 -0.08119719 -0.9932001 0.09273178 -0.07038742 -0.9680912 0.04875155 0.2458102 -0.7998824 0.5073496 0.3206004 -0.9814811 0.1701725 0.0879559 -0.9496014 -0.304475 -0.074512 -0.9837995 0.1346858 0.1183144 -0.911397 -0.247117 0.3290725 0.9804684 0.07633406 -0.1812591 0.8148094 0.5703664 0.1037674 0.9634714 -0.1201833 -0.2393305 -0.5503565 0.6538496 -0.519219 0.9081028 0.402925 0.1140209 -0.4580822 -0.7419671 0.489536 0.8400376 -0.450197 -0.3027532 0 1 0 -0.06092962 0.9954879 0.07274143 3.248871e-08 1 1.106732e-06 0.0005393685 0.9998667 -0.01632113 0.05572149 0.998436 -0.004539696 0 1 0 0 1 0 0 1 -0 -0.01044066 0.9999394 0.003491272 0.00941786 0.9999546 -0.001452871 0 1 0 0 1 0 0.08185846 0.9580639 -0.2746138 0 1 0 -0.01282827 0.9998552 -0.01118335 0.06272756 0.9979595 0.01191503 0 1 0 0 1 0 0 1 -0 0 1 0 0 1 0 -0 1 0 0 1 -0 0 1 0 0.06488773 0.9811746 0.1818953 0.01882097 0.9990594 -0.03906634 -0.08521391 0.9963566 0.00348041 0 1 -0 -0.02648122 0.999609 0.008978974 -1.152618e-07 1 3.090008e-07 0.01926453 0.999368 0.02987581 2.0884e-06 1 9.890051e-07 -7.701943e-08 1 7.120233e-07 0 1 -0 4.374165e-06 1 -1.702526e-08 0 1 0 -0 1 0 0 1 0 0 1 0 -0 1 -0 0 1 0 0 1 -0 -0 1 -0 0 1 0 0 1 0 0 1 0 0.01258344 0.9999103 0.00458 -0 1 0 0 1 0 0 1 0 0 1 -0 0 1 0 0 1 -0 0 1 0 0 1 0 0 1 0 0 1 0 0 1 0 -0 1 0 0 1 0 0 1 -0 0 1 0 0.1130767 0.9027502 -0.415037 0 1 -0 -3.134814e-06 1 2.56841e-07 -0.02694795 0.9908425 0.1323064 0.7005575 0.7129225 0.03099589 0 1 0 0 1 0 -0.2082907 0.9590745 0.19181 -0.01505855 0.8582734 -0.5129717 0 1 0 0 1 -0 0.1182967 0.9928905 0.01320328 0 1 0 -0.3574223 0.8299432 -0.4283032 0 1 0 -0 1 0 0.4576828 -0.8660858 0.2010523 0.7973878 0.5802389 0.1658175 -0.1394321 -0.9755895 -0.1696576 -0.8459401 -0.2682403 -0.4609041 -0.8843263 -0.4102037 0.2229344 -0.5617034 0.8273372 -0.001560709 0.3717038 -0.9192545 0.1296433 0.2526178 0.9586725 -0.1308861 -0.4112993 -0.8168949 -0.4043706 -0.5555499 0.824324 -0.1088778 -0.3240679 -0.9341635 0.1493941 0.6487926 -0.3369714 0.6822891 0.9396926 -0 0.3420203 0.8308578 0.4479037 0.3302386 0.8733885 0 -0.4870243 0.667281 -0.5916354 -0.4524418 -0.2136849 0.09666471 -0.9721084 -0.2490428 -0.2318191 -0.940339 -0.8317049 0.451767 -0.3227591 -0.5126867 -0.8169831 -0.2639903 -0.8570376 0.2861842 0.4284686 -0.6726973 -0.5950795 0.4397257 0.2931977 0.1652063 0.9416698 0.3305567 -0.1686752 0.9285908 -0.4807319 0.8654553 -0.1410104 0.2540481 0.9644597 -0.07264316 0.245213 0.967893 -0.05525927 -0.09219716 -0.9909844 0.09720898 -0.2207681 -0.954102 0.2023631 0.03808048 0.8958613 -0.442699 0.7523366 0.03260752 0.6579715 0.5301196 0.7993928 0.2827446 -0.4047207 0.9093713 -0.09615083 -0.002963629 -0.9050041 -0.4253925 -0.05516078 -0.8541121 -0.5171556 0.1740302 0.967163 0.1852276 0.7698111 0.6187114 0.1568028 -0.09427757 -0.9876896 0.1248239 -0.5590515 0.8275838 0.05066057 -0.3576096 0.9029895 -0.238171 0.02093149 0.992314 -0.1219619 0.2825866 -0.9590245 0.02041558 0.3169261 0.8465709 0.4276395 -0.6008847 -0.5840592 0.5457218 -0.321806 0.9468043 -0.001565912 0.3522638 0.9244244 -0.1461155 0.004502335 -0.9906657 -0.1362393 -0.2917933 -0.9376392 -0.1889165 -0.2217931 -0.9726588 -0.06886711 0.007417456 0.9808518 0.1946143 0.4046192 -0.7753671 0.4848598 -0.8379931 -0.3408977 -0.4260942 0.04810832 -0.9924066 -0.1132018 0.6649337 -0.7127739 -0.2231962 0.01852696 -0.513632 0.8578106 -0.1603379 0.8139397 0.5583851 -0.7728437 -0.6335463 0.0364907 0.7556001 0.650399 0.07777914 -0.5293657 -0.4268661 -0.733183 0.1892401 -0.91034 -0.3680613 -0.353617 0.9268605 -0.1260343 -0.5028064 0.01876639 0.8641953 0.2412464 0.9619132 0.1285422 0.1462338 -0.9030799 -0.40381 -0.1440363 0.8969955 0.4179146 -0.0146862 -0.9997425 -0.01729883 0.02321679 -0.9997252 -0.003246323 -0 -1 0 0 -1 0 -0.4553399 -0.8896956 0.03327449 -0.3526093 -0.9165636 0.1886212 0 -1 0 0 -1 0 0.4850379 -0.8525078 0.1948561 0 -1 0 0 -1 0 0 -1 0 0 -1 0 0 -1 0 0 -1 0 0 -1 -0 0 -1 0 -0.5286261 -0.6317108 -0.567006 0 -1 0 0 -1 0 0 -1 0 0.01817417 -0.9992853 -0.03314526 -0 -1 0 0 -1 0 -0 -1 0 0 -1 0 0 -1 0 0 -1 -0 0 -1 0 -0.03179291 -0.9993297 0.01814684 0.028695 -0.9995881 -0.0002157923 0 -1 0 -0.006947969 -0.9999718 0.002881948 0.005148414 -0.9908213 0.1350807 0.2152556 -0.937222 -0.2743721 0.5493335 -0.8354378 -0.01662571 -0.06390553 -0.9976028 0.02654656 -0.5184371 -0.8092691 -0.2762364 -0.2955147 -0.9480574 -0.1177209 0 -1 0 0 -1 0 0 -1 0 -0 -1 0 -0 -1 0 0 -1 0 0 -1 0 0 -1 0 0 -1 0 0 -1 -0 -0.04792914 -0.9986691 -0.01905025 0.04501756 -0.9988728 -0.01505351 0.01670813 -0.9998149 -0.009536709 -0.01802426 -0.9998173 -0.006366517 0 -1 0 0 -1 0 0 -1 -0 -0.001787793 -0.9999671 -0.007905334 0.002773793 -0.9999034 0.01361745 -0.007057032 -0.9999564 -0.006109876 0 -1 0 -0 -1 0 -0 -1 0 -0 -1 0 -0 -1 0 0 -1 0 0 -1 0 -0 -1 0 0 -1 0 0 -1 0 -0.00535699 -0.9999746 0.004698219 0 -1 0 -0.0298116 -0.9971009 0.07000645 0 -1 0 0 -1 -0 0 -1 0 -0 -1 0 0 -1 0 0 -1 0 0 -1 0 -0 -1 0 0 -1 0 0.02008106 -0.9994542 0.0262312 0.02175405 -0.2772551 -0.96055 -0.4409042 -0.5505378 0.7088804 0.4313054 0.8584793 0.2774685 -0.0299194 0.9952353 -0.09279833 -0.9903085 -1.363439e-07 0.1388849 -0.9212345 0.2676116 -0.2823311 -0.9903085 -2.488029e-07 0.1388846 -0.9903086 -1.292031e-07 0.1388845 -0.9903086 -6.969746e-08 0.1388844 -0.8765945 0.2115135 0.4322546 -0.9538677 -0.2687769 0.133774 -0 1 0 0 1 0 0.8287965 0.2367617 -0.5069914 0.9903086 1.22446e-07 -0.1388845 0.9903086 1.207426e-07 -0.1388849 0.9652725 0.2004699 0.1675135 0.9538676 -0.2687771 -0.1337741 0.9903086 -4.469695e-09 -0.1388847 0.9903085 -1.804514e-08 -0.1388847 -0.1388817 -1.922731e-08 -0.990309 -0.1388817 -1.814055e-08 -0.9903089 -0.1388808 -4.989703e-07 -0.9903091 -0.1388854 -2.071637e-06 -0.9903085 -0.9820446 0.1795204 0.05797293 -0.6674452 0.7366098 0.1091924 0.1388855 1.814054e-08 0.9903084 0.1388854 -1.390964e-06 0.9903085 0.1388957 4.506903e-06 0.990307 0.138883 1.28895e-06 0.9903088 0.1388855 1.92273e-08 0.9903085 -0.6241549 0.777852 0.0733275 -0.1244502 0.991056 -0.0481689 -0.9895074 0.04021711 0.1387722 -0.9837044 -0.07964255 0.1611914 -0.3226413 0.02491684 -0.9461933 -0.1261038 0.9905276 -0.05434 -0.354356 0.08226322 -0.9314851 -0.3418525 -0.03124029 -0.9392343 -0.3723923 0.3375694 -0.8645062 -0.2114837 0.7902444 -0.5751421 -0.3770122 0.7817003 -0.4967962 -0.2728315 0.8746067 -0.4007819 -0.5245827 0.1048907 -0.8448733 -0.541017 0.1545722 -0.8266849 -0.5347225 0.1663025 -0.8285019 -0.4032666 0.6488588 -0.6452585 -0.5210105 0.1086891 -0.8466018 -0.0002530965 0.8403086 -0.5421082 -0.005898179 0.7854288 -0.618924 -0.0003843299 -0.02305798 -0.9997341 -0.01439841 0.05980732 -0.9981061 -0.9650877 0.1931996 -0.1768606 0.2087539 0.9484263 -0.2385569 -0.4546904 0.8599278 -0.2319068 -0.8572059 0.3065366 -0.4138035 -0.8425568 0.3438251 -0.4145871 -0.9539428 0.0001005427 -0.2999885 -0.999962 -0.00116292 -0.008646733 -0.9915975 -1.673359e-07 -0.1293611 -0.1143697 0.4108373 -0.9045067 -0.4842515 0.2709734 -0.8319099 -0.3934663 0.06411047 -0.9171009 -0.6014415 0.3269553 -0.7289502 -0.7531635 0.3874215 -0.5316479 -0.6400815 0.6109793 -0.4658326 -0.2655181 0.8711299 -0.4130773 -0.8993264 -1.072647e-07 -0.4372778 -0.8992345 -6.035074e-05 -0.4374668 -0.9339539 -0.2036408 -0.2937013 -0.9986941 -0.05035458 -0.008635764 0.8738907 -0.4335483 -0.2198885 -0.1254454 -2.01609e-08 -0.9921005 -0.8169663 -1.000704e-07 -0.5766854 -0.8169664 -1.143662e-07 -0.5766851 -0.6364191 -8.909161e-08 -0.7713434 -0.6364194 -1.002281e-07 -0.7713432 -0.3942774 -6.209377e-08 -0.9189914 -0.3942773 -5.519444e-08 -0.9189915 -0.1254455 -1.798135e-08 -0.9921005 0 0.3747723 -0.9271169 0.01627771 0.3397367 -0.9403797 -0.02187592 0.7879844 -0.6153064 -0.07269768 0.9499113 -0.3039467 -0.04021714 0.6875621 -0.7250111 -0.8779709 -0.1866733 -0.4408176 -0.8695524 -0.2548077 -0.4230268 -0.07176704 -0.9954516 -0.06265315 -0.5704439 -0.7666212 -0.2947639 -0.5644888 -0.7732246 -0.2889225 -0.785601 -0.274429 -0.5545447 -0.3501673 -0.4596032 -0.8161787 -0.1104972 -0.4734173 -0.8738801 -0.1167022 -0.8595448 -0.4975574 -0.6639918 -0.2574768 -0.7020118 -0.6252258 -0.1867284 -0.7577765 0 0 -1 0 0 -1 -0.3960195 0.8675053 -0.3010037 -0.2466663 0.5252292 -0.8144262 -0.2475215 0.6498139 -0.718662 -0.08022676 0.9463805 -0.3129339 -0 -0.4164253 -0.9091699 0.005551554 -0.4323841 -0.9016725 -0.09868708 -0.7951186 -0.5983705 -0.3003292 -5.364813e-05 -0.9538356 -0.3011407 4.002241e-05 -0.9535797 -0.1019954 8.798261e-06 -0.9947848 -0.1019186 -1.073615e-08 -0.9947927 -0.4921198 0.4264032 -0.7589456 -0.4396931 0.1755304 -0.8808286 -0.491356 0.4323829 -0.7560518 -0.37016 0.6526338 -0.661098 -0.1108651 0.9574707 -0.2663808 0.1307299 -0.5365482 -0.833682 0.06434274 -0.8860575 -0.4590884 -0.046824 -0.9795034 -0.1959098 -0.5440595 -1.078083e-07 -0.8390467 -0.5440595 -1.078083e-07 -0.8390467 -0.4466275 -9.240707e-08 -0.89472 -0.4466054 -4.195037e-06 -0.894731 -0.4570131 0.4598728 -0.7613515 -0.3108263 0.4610136 -0.8311759 -0.2304503 0.3736619 -0.8984817 -0.1339525 0.4403504 -0.8877772 0 1 0 0 1 0 0 1 -0 0 1 0 -0.02287619 0.9916304 0.1270668 -0.009839457 0.9997201 -0.021514 -1.693583e-06 1 -0.0001777176 -0.003213764 0.9999948 -9.832266e-05 -0 1 0 -9.110267e-05 1 -0.0001200477 -0.0002691935 0.9999999 7.681685e-05 -0.2286233 0.9475009 -0.223547 -0.5440542 -0.004399974 -0.8390385 -0.4916323 -0.2524938 -0.8333935 -0.3281173 -0.7574186 -0.5644963 -0.1150854 -0.9666435 -0.2288141 -0.1778662 -0.8568325 -0.4839439 -0.2066992 -0.879692 -0.4282727 -0.09269997 -0.9771038 -0.1915074 -0.3633223 -0.2066627 -0.9084533 -0.1974514 -0.01303199 -0.9802261 -0.3255024 -0.7492062 -0.5768346 -0.09117798 -0.978501 -0.1849928 -0.5217203 -0.06872793 -0.8503437 -0.3078949 -0.7737516 -0.5536327 -0.2763113 -0.856387 -0.4361806 -0.4514979 -0.05201616 -0.8907547 -0.1018283 -0.9826542 -0.1549893 -0.6797971 -0.03131159 -0.7327315 -0.3626494 -0.005231841 -0.9319109 -0.1506094 -0.9692734 -0.1944888 -0.156489 -0.9702164 -0.1849096 -0.02747693 -0.983773 -0.1773009 -0.2344709 -0.3516711 -0.906284 -0.9858664 -0.1013507 -0.1333995 -0.4432239 0.02030389 -0.896181 -0.743495 0.01977871 -0.6684489 -0.9378544 -0.05040067 0.3433493 0.04475807 -0.7500645 -0.6598484 -0.1468754 -0.9884477 0.0374022 -0.5501087 -0.831463 0.07777837 -0.9645767 -0.2316596 0.1261966 -0.8183698 -0.5631148 0.1147713 0.6432341 0.5956076 -0.481146 -0.04425786 -0.9990125 0.003898609 -0.08073059 -0.9966183 0.01531926 -0.5084426 -0.8580069 0.07287131 -0.8890051 -0.4384737 0.1319507 -0.9903085 -1.313012e-07 0.1388847 -0.9903103 -2.641289e-05 0.1388721 -0.9719141 -1.158612e-07 -0.2353359 -0.664451 -0.1591123 -0.7301973 -0.259147 -0.8465155 -0.4650316 0.08629347 -0.2253985 0.9704375 0.1445021 -0.08703528 0.9856693 -0.5780945 -0.06167384 -0.8136357 -0.2924383 -0.6194954 -0.7284952 -0.6717942 -0.06045137 -0.7382671 -0.3849852 -0.08935501 -0.918587 -0.3012826 -0.5952057 -0.7449557 -0.9605839 -0.2275518 -0.1596827 -0.9903086 9.375283e-07 0.1388847 -0.9948153 0.02170328 0.09935608 -0.9903086 -1.31311e-07 0.1388839 -0.9903087 -2.067897e-07 0.1388835 -0.9929322 -0.04101883 0.1113696 -0.9903086 -8.164018e-07 0.1388848 -0.9887556 0.04311377 0.143191 -0.9903225 -0.0001330599 0.1387849 -0.9903072 -9.201443e-05 0.1388949 -0.9892259 -0.01044033 0.1460243 -0.9497789 -1.24802e-07 0.3129219 -0.9497789 -1.24802e-07 0.3129219 -0.779999 -1.024928e-07 0.6257808 -0.7799988 -1.056626e-07 0.6257809 -0.6561687 -8.556177e-08 0.7546142 -0.6561687 -8.841382e-08 0.7546142 -0.1779774 -2.314534e-08 0.9840345 -0.1779774 -2.314534e-08 0.9840345 -0.5113887 -6.650431e-08 0.8593495 -0.5113887 -6.650431e-08 0.8593495 -1.556126e-07 -8.660847e-08 1 -3.109445e-07 -4.043725e-14 1 -0.9213068 0.0004629437 0.3888358 -0.9459275 -1.230588e-07 0.324378 -0.6336949 -8.240981e-08 -0.773583 -0.6336949 -8.240981e-08 -0.773583 0 0 -1 0 0 -1 -1 -1.300465e-07 0 -1 -1.300465e-07 0 8.07838e-08 1.050565e-14 -1 8.07838e-08 1.050565e-14 -1 0.5113867 6.374447e-08 -0.8593507 0.5113866 6.659869e-08 -0.8593507 0.17798 2.283385e-08 -0.9840341 0.17798 2.283385e-08 -0.9840341 0.6561688 8.177692e-08 -0.7546142 0.6561688 8.533245e-08 -0.7546142 0.7799987 1.018008e-07 -0.6257812 0.7799987 1.027522e-07 -0.6257812 0.9497787 1.255864e-07 -0.3129224 0.9497787 1.255864e-07 -0.3129224 -0.3397247 -0.002652265 -0.9405212 -0.360357 0.02044195 -0.9325905 -0.3526678 -0.02062882 -0.9355212 -0.4938231 -0.3976821 -0.7732967 -0.4786806 -0.5209832 -0.7067116 -0.2897644 0.8215443 -0.4910209 -0.2738134 -0.8375658 -0.472768 -0.4452475 -0.006767605 -0.8953819 -0.6753405 0 -0.7375061 -0.629365 -0.01545836 -0.7769561 -0.5514476 0.009167407 -0.8341592 -0.4250256 -0.01664785 -0.9050283 -0.4336584 -0.6913196 -0.5779426 -0.2990838 -0.3973 -0.8675838 -0.3687517 -0.7997788 -0.4736837 -4.514574e-06 -1 3.98103e-06 0.0001432866 -1 -0.0001262721 1.524996e-07 -1 6.981895e-08 4.931677e-08 -1 9.805214e-08 -1.218712e-06 -1 -2.269117e-06 -5.020061e-08 -1 -3.346631e-06 1.313052e-05 -1 -6.021066e-06 -0.2949382 -0.9508324 -0.09449422 -0.005641422 -0.9265679 -0.3760854 -0.0007258833 -0.8778651 -0.4789074 -0.0004156492 -0.4163555 -0.9092018 0.01346653 -0.01391055 -0.9998126 -0.3259099 -0 -0.945401 -0.3259099 0 -0.945401 -4.180723e-05 0 -1 -0.4143239 -0.6731271 -0.6125648 -0.1446135 -0.9894777 0.004555502 -0.9740167 -0.1715437 0.1478657 -0.9927921 0.03883652 0.1133835 -0.1035577 -0.9945837 0.0088958 -0.08486401 -0.9963253 0.01157852 -0.08920552 -0.9956903 -0.02536006 -0.1388817 -1.753078e-08 -0.990309 -0.1388817 -1.889903e-08 -0.990309 -0.3911583 -0.1492824 -0.9081354 -0.1336358 -0.2723386 -0.9528762 0.1388855 -6.84189e-07 0.9903085 0.1388854 0.0009700338 0.9903079 0.1290439 1.576143e-08 0.9916388 0.1334478 0.002543556 0.9910526 0 -1 0 0 -1 0 -0.9903086 -1.528978e-07 0.1388844 -0.9903085 -1.295714e-07 0.1388844 -0.9903269 -9.611837e-05 0.1387533 -0.9903085 2.524572e-07 0.1388851 -0.9903086 -2.856609e-08 0.1388849 -0.9903359 -7.808646e-05 0.1386896 -0.9903085 -4.388203e-07 0.1388846 0.2166496 -0.2509018 0.9434571 0.9903086 1.249066e-07 -0.1388846 0.9903083 -1.406e-06 -0.1388868 0.9903086 1.001581e-06 -0.1388842 0.9903085 0 -0.1388846 0.9903085 1.250543e-07 -0.1388849 0.9903086 3.460962e-07 -0.1388841 0.64938 0.2306729 -0.7246348 0.9903086 1.260506e-07 -0.1388847 0.9903086 1.179266e-07 -0.1388847 0.9903086 4.001477e-07 -0.1388842 0.9903085 2.775931e-08 -0.138885 0.9903086 -3.876112e-07 -0.1388842 0.9903085 3.347194e-07 -0.1388849 0.9903086 1.264413e-07 -0.1388847 0.9903086 1.55377e-06 -0.1388839 0.9903086 1.252228e-07 -0.1388848 0.09195099 -0.4003676 -0.9117296 0.06602638 -0.4959545 -0.8658347 0.1820889 -0.9094501 -0.3738236 0.3906098 -0.9187355 0.05787051 0.6253808 -0.6785783 0.3852667 0.4295547 -0.8708501 0.2389619 0.2209978 -0.4624145 0.8586808 0.1882142 0 0.9821281 0.3044982 0.4566637 0.8359061 0.4925274 0.7263013 0.4794823 0.4668642 0.7548649 0.4606699 0.2233676 0.9707811 0.08769795 0.09279494 0.9254177 -0.3674114 0.1320524 0.6444978 -0.7531167 0.3105595 0.2153444 -0.92584 0.3594689 0.1367814 -0.923078 -0.1774104 -5.209885e-08 -0.9841369 -0.1847047 0.004962988 -0.9827815 0.5186262 0.008123146 -0.8549625 -0.5152128 -1.081861e-07 -0.8570623 -0.522989 -0.0008416352 -0.852339 -0.3520413 0.0009373475 -0.935984 -0.3716675 -0.001231196 -0.9283651 -0.1878253 0.001121971 -0.9822018 -0.1978937 -0.007225421 -0.9801969 0.5186111 -0.01023316 -0.8549489 0.9696415 1.849444e-07 -0.2445307 0.9696425 2.774169e-07 -0.2445272 0 1 -0 0 -1 0 -0.5872757 -1.122522e-07 -0.809387 -0.5872805 0 -0.8093835 -0.9026126 0.1680729 0.3962851 -0.9089884 0 0.4168214 -0.9089906 0 0.4168166 -0.9089894 -9.989858e-07 0.4168193 -0.908987 2.459211e-06 0.4168245 -0.908987 2.540699e-06 0.4168245 -0.9089884 0 0.4168214 0.02161227 -0.9794537 0.2005078 0 -0.9141787 0.4053114 0 -0.3088967 0.9510956 0.0404048 -0.4865382 0.8727245 0 0 1 0.3110183 -0.2935767 0.9039249 0.4808755 -0.4154022 0.7721397 0.4590071 -0.5050753 0.7308977 0.2173508 -0.947856 0.2330826 0.3750947 0.1161153 0.9196854 0.3399852 0 0.9404308 0.7083181 -0.1208062 0.6954792 0 1 0 0 1 -0 0 1 0 0 1 -0 0 1 -0 0 1 0 -0 1 0 0 1 0 -0 1 0 0 1 0 -0 1 0 0 1 0 0 1 0 0 1 0 0 1 0 0 1 -0 0 1 0 0 1 0 0 1 0 -0 1 0 0 1 0 0.1342107 0.2572643 0.9569757 0.8744597 0.3660877 -0.3182765 0 1 -0 0 1 0 0 1 -0 0.328652 0.7821853 0.5293147 0.2637144 0.7598149 0.5942525 0.06830931 0.8225572 0.5645648 0 1 0 0.3465506 -0.03765323 0.9372752 0.3420198 -0 0.9396928 0.3060967 -0.4135128 0.8575033 0.2891368 -0.5642964 0.7732849 0.1797359 -0.8683593 0.4622197 0.07629807 -0.9658441 0.2476362 0.9888811 -0.01797041 0.1476181 0.5145367 -0.01247558 0.8573776 0.4217752 -0.2008116 0.8841835 0.9147955 -0.3245839 -0.2404052 0.2140533 -0.2381556 0.9473454 0.9662839 -0.2537924 0.04341573 0.8513753 -0.5106589 -0.1199489 0.8188913 -0.5628651 -0.1122493 0.3170039 -0.9474561 -0.04284329 0.3884972 -0.9197649 -0.05569987 0.9988931 -0.04622927 0.008683852 0.8213354 -0.563317 0.08990106 0.9206411 -0.2618419 0.289584 -0.5828046 0.7346373 -0.3473426 0.4777621 -0.8369838 0.2668362 0.3940085 -0.9046922 0.1621396 0.8565216 -0.3045375 0.4166863 0.8348928 -0.3884485 0.3899509 0.9999622 1.268609e-07 0.008693145 0.9999622 1.268609e-07 0.008693145 0.9539227 1.211148e-07 0.3000525 0.9539227 1.251313e-07 0.3000523 0.247652 -0.9010983 0.3559359 0.7372454 -0.4308588 0.5204133 0.6332706 -0.09939873 0.7675209 0.1219356 -0.2349422 0.9643309 0.6140397 -0.0214442 0.7889838 0.3741782 -0.315212 0.8721423 0.352797 -0.2413301 0.9040432 0.899235 1.180152e-07 0.4374659 0.899235 1.101475e-07 0.4374658 0.7120893 0.5920199 0.3774141 0.9403532 0.3297687 -0.08359659 0.9339949 0.2033332 0.2937841 0.2862776 0.9457604 0.1535654 0.9672745 -0.2535927 0.008408977 0.8169654 1.000703e-07 0.5766867 0.8169653 1.072182e-07 0.5766868 0.6364226 8.352384e-08 0.7713405 0.6364223 1.002286e-07 0.7713407 0.4152056 6.538968e-08 0.9097276 0.3942778 0.00103323 0.9189907 0.1254466 -0.002057245 0.9920983 0.1611819 2.535472e-08 0.9869247 0 -0.5534341 0.832893 0.09870367 -0.1987064 0.9750761 0.04694065 -0.917962 0.3938811 0.8750616 0.1810023 0.4488934 0.8459789 0.3390283 0.4115575 0.2589038 0.9540213 0.1510372 0.1540186 0.2948031 0.9430638 0.4143151 -0.065457 0.9077767 0.4190621 -0.08449227 0.9040177 0.6070989 0.3000479 0.7358004 0.03512837 0.9726894 0.2294369 0.2812265 0.9414139 0.1861492 0.418114 -0.09267709 0.9036546 0.02181895 0.8623484 0.5058451 0.7635964 0.3555056 0.5390141 0 0 1 0 -0 1 0.2387816 -0.6068611 0.7580917 0.09035974 -0.4561314 0.885313 0.2299074 -0.6278617 0.7435942 0.0923228 -0.9573056 0.273939 0.1221513 -0.851225 0.5103871 0.07405367 0.5403135 0.8381989 -0 0.1506909 0.9885809 0.1015378 1.066062e-08 0.9948317 0.1015378 1.066062e-08 0.9948317 0.3002152 3.152008e-08 0.9538715 0.3004268 -2.369725e-05 0.9538049 0.5644931 -0.400311 0.7218716 0.1769593 -0.9463429 0.2704078 0.2830744 -0.8055686 0.5205076 0.003315274 -0.9999939 -0.001070437 3.75751e-06 -1 -1.885032e-06 -0.0002954617 -0.9999998 0.0004732901 0 -1 0 0 -1 0 0 -1 0 0.0001690645 -1 -8.321654e-06 -7.482248e-06 -1 3.431024e-06 0.1122379 -0.9912076 0.07007209 0.1616445 -0.560406 0.8122907 0.4487973 -0.4980772 0.741957 0.1463849 -0.9121422 0.3828422 0.3366005 -0.320775 0.8853267 0.3435879 -0.3004569 0.88976 0.06697135 -0.5423804 0.8374594 -0.6776206 0.734893 -0.02761535 -0.7711984 0.631175 0.08289208 -0.9484283 0.2685802 -0.1683705 -0.9366931 -0.3128004 -0.1573596 -0.9713249 -0.1230624 -0.2034296 -0.9905658 -2.07573e-07 0.1370378 -0.9905663 0 0.137034 -0.9718953 0.1155143 -0.2051246 -0.9205806 -0.3661245 0.1359567 -0.9617776 0 0.2738318 0.09040567 1.894891e-08 0.9959051 0.09029642 3.043282e-06 0.9959149 0.1969519 3.305597e-06 0.9804131 0.200762 -0.0003494022 0.97964 0.3607208 0.0003568203 0.9326738 0.3654096 -0.0001097431 0.9308468 0.5178418 0.0001117324 0.8554764 0.5193172 -5.122189e-05 0.8545817 0.02848721 0.9485344 0.31539 0.0781384 0.5011479 0.8618266 0.4462672 6.55094e-05 0.8948998 0.44629 6.13743e-05 0.8948884 0.5441555 -5.05449e-05 0.8389844 0.5437894 1.550864e-05 0.8392217 0.0883481 0.492866 0.8656083 0.2234215 0.8870186 0.4040801 0.1661097 0.9199345 0.3551455 0.4851569 0.2461441 0.8390684 0.2088733 0.9228259 0.3236732 0.05142006 0.9829847 0.1763436 0.2741924 0.3370527 0.9006742 0.1737393 0.4789426 0.8604817 0.5791242 0.3134348 0.7525781 0.3277124 0.4349576 0.8386993 0.9920627 0.1004761 -0.07560579 -0.9089962 0 0.4168045 -0.9089872 -2.568161e-06 0.416824 -0.9089872 -2.55046e-06 0.4168241 -0.9089875 4.168087e-07 0.4168234 -0.9089864 -2.170872e-06 0.4168257 -0.908989 -8.766756e-07 0.4168201 -0.9099245 0.001605243 0.4147706 -0.9089872 0.001663824 0.4168206 -0.9089223 0 0.4169656 0 0.4791604 0.8777274 0.04099046 0.1985231 0.9792386 0.012087 0.5580857 0.8296953 0.006025427 0.8327238 0.5536558 0.01891343 0.9575781 0.2875524 0.008325301 0.9829338 0.1837713 0 0 1 0 0 1 0.2895674 0.4586326 0.8401232 0.423422 0.5952286 0.682947 0.3258596 -0 0.9454181 0.3259083 -7.672982e-06 0.9454014 0.4809767 0.4637231 0.744058 0.5474526 0.5243031 0.6522285 0.5011606 0.427061 0.7526334 0.2484429 0.5388217 0.8049517 0.287312 0.639034 0.7135036 0.6429 0.003211825 0.7659435 0.626554 0.01050305 0.7793073 0.5428625 -0.006973309 0.8397926 0.4452233 0.01203738 0.8953387 0.3735086 -0.01093462 0.9275622 0 -1 0 0.0002274396 -0.9999099 -0.01342011 -0.01275729 -0.9997973 -0.01557346 2.18117e-06 -0.9999028 -0.0139413 2.11154e-07 -0.9993907 -0.03490315 -0.00367861 -0.9999933 -0 0 -1 0 0 -1 0 0 -1 0 -0 -1 0 0 -1 0 -0 -1 0 1.61348e-07 -1 -5.872557e-08 1.690113e-07 -1 -2.983565e-08 0.9106629 0.3805908 -0.1607599 0.3240133 -0.5396968 0.7770088 0 -1 0 8.07838e-08 -1 0 8.07838e-08 -1 0 0 -1 0 0 -1 -0 0 -1 0 0 -1 -0 0 -1 0 1.630331e-06 -1 -1.109941e-06 2.881563e-06 -1 -2.194128e-08 0 -1 -0 0 -1 0 0 -1 0 0 -1 0 0 -1 -0 0 -1 0 0 -1 0 0.1276127 0.9847494 0.118252 0.7071095 0.7016808 0.08740848 0.4624978 0.2902227 0.8377748 0.1700251 0.9775011 0.1248325 0.8723092 0.2734464 0.4053439 0.5375093 0.4435025 0.7172094 0.0753494 0.9644595 -0.2532593 0.01162129 0.9999276 0.003130054 2.334747e-07 1 5.911578e-06 0.0007778763 0.9999385 0.01105935 0.0001216736 1 -1.387409e-05 -2.719199e-05 1 2.820676e-05 -0.03420104 0.9991941 -0.02101001 -0.0001606321 1 7.419051e-05 3.527751e-05 1 6.099652e-05 0.9670502 0.215454 -0.1356229 0.9391969 0.3207102 -0.1226957 0.5033904 0.8625508 -0.05103089 0.6682414 0.6011184 0.4383038 0.2904883 0.9558654 -0.04402211 0.4328434 -0.0149865 0.9013446 0.2356295 0.9573152 0.1674108 0.8469926 0.006742145 0.531562 0.8957631 0.03573205 0.4430934 0.9902701 0.008813541 -0.1388794 0.9908009 1.182164e-07 -0.1353272 0.9715432 1.273061e-07 0.2368624 0.9407655 0.1114257 -0.320226 0.4496027 0.06793256 0.8906416 0.3420203 9.461196e-07 0.9396926 0.3677029 -0.05412012 0.9283671 0.3375063 0.1619218 0.9272922 0.5506341 0.7047114 0.447419 0.2812667 0.9568488 -0.07300308 0.5476202 0.6974903 0.4621897 0.8493317 0.0004729761 0.5278593 0.6814988 0.72815 -0.07319116 0.9736145 0.1827319 -0.1366889 0.208268 0.9431615 0.2589803 0.4282545 0.06081264 0.9016097 0.4135585 0.05130398 0.9090309 0.2910769 0.9458229 0.1438514 0.9786263 0.1828606 0.09408777 0.4281999 0.8816597 0.1982951 0.8835312 0.07889672 0.4616797 0.9933185 0.07030798 -0.09151613 0.9903085 1.296897e-07 -0.1388848 0.9903085 1.256443e-07 -0.1388848 0.9903088 -9.443274e-07 -0.1388828 0.9899069 -0.03193089 -0.1380752 0.9906974 -0.002799309 -0.1360545 0.990222 0.007000523 -0.1393247 0.9903085 -3.831796e-07 -0.1388847 0.9868154 0.09871243 -0.1282623 0.9900364 -0.02344603 -0.1388465 0.9882517 -0.05386567 -0.1430282 0.06004925 0.9981701 -0.007101503 -0.3346401 0.4621684 0.8212286 0.9569082 0.2561784 -0.1367463 0.3841219 0.8091174 0.4447241 -0.5026691 0.8178867 0.2799737 0.734282 0.6688552 -0.1160289 0.156649 0.9876066 -0.009703767 0.8012442 -0.5974229 0.03307045 0.2853484 0.6832944 0.6720753 0.1952783 0.9780995 -0.07202685 -0.1752688 0.9832974 0.04906119 -0.1322958 0.9912103 -6.296411e-09 -0.1694685 0.9736974 -0.1522948 0.0261868 0.9876053 -0.154758 0.1302198 0.9914852 6.197611e-09 0.1574385 0.9778908 0.1376323 -0.03931746 0.9835926 0.1760675 0 0.9915676 -0.1295899 0 1 0 0 1 0 -0 0.9911066 0.1330707 -2.672069e-07 1 4.940533e-10 0 1 0 -0 1 0 0 1 0 0 1 -0 -1.140967e-07 1 9.521474e-08 0 1 0 -1.42043e-07 1 7.75001e-08 0 1 0 0 1 0 -0 1 0 0 1 0 -0.006345466 0.9999387 -0.009078119 -0.0137086 0.9998626 -0.00931961 -0.01651521 0.9998367 -0.00734481 -3.023329e-07 1 -1.204071e-08 0 1 0 0 1 -0 -4.314997e-07 1 -8.630499e-08 -2.569198e-07 1 -5.727479e-08 -2.006495e-07 1 -8.951735e-10 -1.381025e-07 1 2.689642e-08 0 1 -0 -2.210703e-07 1 -2.400728e-08 -2.489008e-07 1 3.614807e-08 0.1922536 0.9759278 -0.1029726 0.1226118 0.9924547 0 0.1625385 0.9804952 0.1104996 -0.2222507 0.9674193 0.1212622 -0.1363858 0.9906557 0 -0.1858971 0.9761346 -0.1122652 0.01012302 0.9898698 0.1416172 -0 0.9874198 0.1581208 0 1 0 0 1 0 0 0.9899311 -0.1415502 0.01986102 0.9855249 -0.1683632 0.090732 0.9952198 0.03612795 0.09266477 0.9950259 0.03656033 0.2743443 0.9555104 0.1083283 -0.06988204 0.996947 -0.03483072 -0.06305466 0.9976563 -0.02657213 -0.09237656 0.9957228 -0.001584998 -0.06357272 0.9971467 0.04070546 -0.02371388 0.9954765 0.09199984 -0.002547391 0.9972347 0.07427266 0.01810108 0.995535 0.09264104 0.05726682 0.995369 0.07720811 0.05774018 0.9963058 0.06356737 0.0869523 0.9947263 0.05439489 -0.09248745 0.9770573 -0.1918462 -0.2280644 0.9491535 -0.2170119 -0.2585371 0.957368 -0.1288605 -0.245277 0.9604423 -0.1318703 -0.2945745 0.9517797 -0.08568177 -0.293075 0.9560761 -0.005028581 -0.2724494 0.9619648 -0.01987218 -0.3139696 0.9471315 0.06606857 -0.2622779 0.9575429 0.1196745 -0.2778183 0.9468477 0.1621613 -0.0803555 0.9960917 0.03666534 -0.1841921 0.9579998 0.2197948 -0.06422388 0.9949884 0.07663778 0.2575438 0.9545431 0.1500623 0.2461402 0.9567456 0.1550903 0.2369121 0.9515325 0.1961082 0.1621046 0.9577942 0.2373866 0.1808373 0.952815 0.2438059 0.09891545 0.9488237 0.2999153 0.05368619 0.9600114 0.274765 0.01171453 0.9522204 0.3051868 -0.05094702 0.9546053 0.2934844 -0.06963246 0.9602985 0.2701446 -0.132752 0.9488271 0.2865379 -0.1843441 0.9559159 0.2285652 -0.1079099 0.9939178 -0.02197579 -0.1402897 0.9879785 -0.06494062 -0.1089204 0.9920975 -0.06228008 -0.08192708 0.9920294 -0.09573694 -0.2061302 0.9422528 -0.263951 -0.2044457 0.9559791 -0.2104894 -0.2712578 0.9499274 -0.1551038 -0.2610252 0.9560887 -0.1332675 -0.2947769 0.9536785 -0.06003115 -0.3000387 0.9516852 -0.06535976 -0.2989454 0.9537277 0.03217288 -0.1240052 0.9922693 -0.004938637 -0.09193783 0.9955356 0.02135903 -0.1610732 0.9867152 0.02118216 -0.1508119 0.9792972 -0.135029 -0.3057192 0.951419 0.03657566 -0.1605841 0.9867138 0.02466807 -0.09013036 0.9932729 0.07270192 -0.08631359 0.9946913 0.05602848 -0.1134705 0.9925537 0.04429009 -0.09855212 0.9951115 0.0063607 -0.4078115 0.9071193 0.1040395 -0.2791036 0.9589898 0.04939342 -0.2563483 0.9521533 0.1664026 -0.24342 0.9555013 0.1666251 -0.289355 0.9560301 0.04774953 0.08165503 0.9948694 -0.05972591 0.0705487 0.9955246 -0.0628782 0.04981767 0.9952249 -0.08393806 0.01689298 0.9969915 -0.07564846 0.004690934 0.9958323 -0.09108347 -0.04240571 0.9948739 -0.09180298 -0.06097695 0.9967148 -0.05330591 -0.06886093 0.9962295 -0.05277351 -0.09761105 0.995084 -0.01672712 -0.07700332 0.9967163 0.02504414 -0.07266562 0.9969961 0.02680214 -0.06974779 0.9946602 0.07606848 -0.2093899 0.9532409 0.2179167 -0.2071435 0.9571688 0.2022857 -0.2622897 0.9510922 0.1631803 -0.2740892 0.9575636 0.08914636 -0.2740885 0.9575639 0.08914489 -0.308098 0.9510924 0.0223343 -0.2840797 0.9575639 -0.04868339 -0.2840805 0.9575638 -0.04868281 -0.2830819 0.9510922 -0.1236465 -0.2287671 0.9575636 -0.1753213 -0.2287663 0.9575638 -0.1753215 -0.1793677 0.947301 -0.2654204 -0.1208638 0.9575639 -0.2616549 -0.08580227 0.947301 -0.3086403 0.01482369 0.9575639 -0.2878396 0.01482415 0.957564 -0.2878392 0.08938135 0.9510925 -0.2956925 0.1471028 0.9575638 -0.2478553 0.147103 0.9575641 -0.2478546 0.2167453 0.9510925 -0.2201007 0.2397554 0.9566768 -0.1651874 0.2423161 0.9538708 -0.177238 0.08842442 0.995269 -0.04025921 0.09011618 0.9950736 -0.04132299 0.2678549 0.9555979 -0.1228265 0.2678533 0.9555985 -0.1228255 0.09913587 0.9950164 -0.01069698 0.09260784 0.9955392 -0.01803603 0.09464768 0.9950084 -0.03162375 0.2862313 0.9546415 -0.08204456 0.2925744 0.9512329 -0.09775521 0.304094 0.9515556 -0.04548457 0.2945251 0.9551153 -0.03177991 0.2946739 0.9555979 3.008713e-05 0.1001755 0.9949697 0.0004469211 0.09914152 0.9950731 0.0006282225 0.2869553 0.9579424 0.001714539 0.09809279 0.994937 0.0218677 0.09827916 0.9949114 0.02218966 0.2880638 0.9554705 0.06399471 0.2993386 0.9531725 0.04311296 0.8815456 0.3189162 0.3480945 0.8815498 0.3189027 0.3480963 0.6162252 0.749038 0.2433279 0.2978482 0.9478543 0.1133956 -0.3918902 0.6140651 0.6850885 0.7121599 0.4763058 0.5157141 0.5921723 0.6395735 0.4901814 0.3300297 0.8108667 0.4832966 0.5622858 0.4753987 0.6766319 0.6543053 0.4758328 0.587765 0.1828895 0.8118204 0.554526 0.3672178 0.4744136 0.8000517 0.421876 0.4742567 0.7727233 0.02927381 0.6461589 0.7626413 0.07631356 0.4760136 0.8761206 0.2026885 0.4751458 0.856244 -0.2767287 0.7527613 0.5973037 -0.3282291 0.4745684 0.8167316 -0.1505488 0.4745684 0.8672485 -0.1505488 0.4745699 0.8672476 -0.01603699 0.4761735 0.879205 -0.3428572 0.8703826 0.353388 -0.5275101 0.5757724 0.6246752 -0.6014822 0.7887961 0.1265698 -0.5616396 0.8199874 0.1103709 -0.82755 0.4745694 0.2999081 -0.4491885 0.852618 0.2669686 -0.5104687 0.798709 0.3185679 -0.5947614 0.6324121 0.4963002 -0.8170066 0.5735409 -0.05959161 -0.878495 0.4751478 -0.04980912 -0.8759625 0.4760157 0.0780946 -0.701668 0.6044413 -0.3772436 -0.9078239 0.2880027 -0.3048118 -0.8451921 0.4745673 -0.2458379 -0.9068509 0.3492364 -0.2359138 -0.2928094 0.8775798 -0.3796267 -0.2929618 0.9132581 -0.2830777 -0.3120449 0.8813862 -0.3546637 -0.693141 0.4758348 -0.5414211 -0.7645442 0.4754005 -0.4352775 0.774691 0.4750412 0.4173605 0.8406243 0.317334 0.4389191 -0.3920777 0.8378822 -0.3797743 0.589114 0.7472144 0.3075963 -0.4785319 0.5749545 0.6636525 -0.901671 0.4274542 0.06536294 -0.708656 0.4762474 0.5205719 -0.6490021 0.6448001 0.4037686 -0.946417 0.3127051 0.08068753 -0.7903854 0.556063 0.2570694 -0.8332279 0.4744951 0.2838761 -0.7666714 0.4755195 0.4313888 -0.6929358 0.6543957 -0.3026653 -0.8273647 0.4760484 -0.2980698 -0.867925 0.4739019 -0.1487383 -0.8462991 0.51127 -0.1496019 -0.6696438 0.5368471 -0.5131981 -0.7040188 0.474331 -0.5285524 -0.785439 0.4758038 -0.395849 -0.334047 0.8025404 -0.4943091 -0.580723 0.3687403 -0.7258039 -0.1668748 0.7821971 -0.600267 -0.1323446 0.838952 -0.5278679 -0.3530753 0.5094996 -0.7846961 0.04424506 0.5098411 -0.85913 0.04067672 0.4741418 -0.8795084 -0.1093028 0.4760567 -0.8725955 0.398553 0.6246655 -0.6715271 0.3805242 0.4764069 -0.7926145 0.2547926 0.4739057 -0.8429081 0.2562924 0.4297968 -0.865788 0.7502552 0.4739086 -0.4610074 0.6633546 0.4762548 -0.5771845 0.5363075 0.6448078 -0.5446075 0.5890753 0.4755066 -0.6533635 0.4738137 0.4751707 -0.7414267 -0.6102297 0.4735935 0.6350817 -0.5877778 0.538754 0.6035407 0.7987731 0.3161114 -0.5118937 0.5668079 0.7466099 -0.3482852 0.8615272 0.3189048 -0.3950577 0.8615237 0.3189163 -0.3950562 0.6022278 0.7490396 -0.2761547 0.6022364 0.7490312 -0.2761586 0.7220243 0.6877658 -0.07522731 0.8731866 0.4750811 -0.1088262 0.6304166 0.747133 -0.2106356 0.8379759 0.4749283 -0.2687742 0.8994629 0.3172514 -0.3005295 0.7250465 0.6886665 -0.006785005 0.3023036 0.9477288 0.1020917 0.9156967 0.3170844 0.2468945 0.8452262 0.474975 0.2449316 0.8703244 0.4762336 0.1254473 0.9301134 -0 0.3672724 0.9301134 0 0.3672724 -0.6107439 -0 -0.7918282 -0.6421678 -0.01613129 -0.7663943 -0.7191341 0 -0.6948714 -0.7880769 -0 -0.6155767 -0.8350608 -0.01985903 -0.549799 -0.8690279 0 -0.4947631 -0.9578729 -0.009550173 -0.2870337 -0.9479907 -0 -0.3182982 -0.9998173 -0.01911335 -3.271178e-05 -0.9983965 -0 -0.05660732 -0.9677881 0 -0.2517664 -0.9577819 -0.01787052 0.28694 -0.9812327 0 0.1928274 -0.9960494 0 0.0888007 -0.8351806 -0.01389546 0.5498003 -0.8483478 -0.003474913 0.5294278 -0.9401606 0.002979868 0.3407187 -0.6421712 -0.02010751 0.7662975 -0.696332 0 0.7177199 -0.7677985 0 0.6406915 -0.3952542 -0.01389546 0.9184667 -0.4965296 0 0.8680198 -0.5848697 0 0.8111272 -0.1150025 -0.01787084 0.9932045 -0.1710351 0.002979938 0.9852604 -0.3728927 -0.003474866 0.9278679 0.1748983 -0.01911327 0.984401 0.08677537 1.103671e-08 0.9962279 -0.0182373 -2.433342e-09 0.9998337 0.4791945 0 0.8777088 0.4501401 -0.009550281 0.8929068 0.4171498 5.536288e-08 0.9088377 0.2303522 3.036591e-08 0.9731074 0.6391279 0 0.7691005 0.6873747 -0.019859 0.7260313 0.7439211 0 0.6682674 0.8099356 0 0.5865188 0.8668951 -0.01613131 0.4982295 0.886441 0 0.4628416 -0.7106944 0.07284831 -0.6997189 -0.7157219 0.03040534 -0.6977233 -0.8792396 0.4748883 0.03766672 -0.8747823 0.4761763 -0.08951009 -0.9734348 -0.08636598 -0.2120508 -0.9478607 -0.2553669 -0.1906509 -0.8287029 0.4748887 -0.2961961 -0.8772612 -0.1726504 -0.4478891 -0.7564872 0.4748861 -0.4496779 -0.6831537 0.4761743 -0.5536777 -0.5163034 0.5187398 -0.6814249 -0.7608998 0.6487738 0.01113945 -0.6039111 0 -0.7970517 -0.6415535 0.0181126 -0.7668643 -0.7125878 -9.45725e-08 -0.701583 -0.7768841 -1.091696e-07 -0.6296436 -0.8338107 0.01811262 -0.5517533 -0.8595984 -1.140833e-07 -0.5109702 -0.9416589 -1.311563e-07 -0.336569 -0.9566421 0.01811256 -0.2907022 -0.9990836 -1.270706e-07 0.04280085 -0.9998211 0.01811267 -0.005445775 -0.9948058 -1.32368e-07 -0.1017912 -0.9803656 -1.301112e-07 -0.1971889 -0.5698099 0.8178819 0.07991234 -0.9903086 -1.258795e-07 0.1388847 -0.9903086 -1.258795e-07 0.1388847 -0.1388855 -1.681703e-08 -0.9903084 -0.1388855 -1.797209e-08 -0.9903085 -0.5884531 0.8037053 0.088208 0.8520069 0 -0.5235305 0.8280362 -0.01626448 -0.5604388 0.6016052 -0.02070848 -0.798525 0.6696233 0 -0.7427009 0.754406 0 -0.6564082 0.283846 -0.002121605 -0.9588676 0.310312 -0.01330287 -0.9505417 0.432795 5.743926e-08 -0.9014923 0.5384896 6.861578e-08 -0.8426321 0.04619991 0.001937857 -0.9989303 -0.01456606 -0.01848692 -0.999723 -0.1242904 -1.371236e-08 -0.9922459 -0.2431886 -2.689605e-08 -0.969979 -0.3378362 -0.01996804 -0.9409931 -0.4103252 0.003662872 -0.9119319 -0.6247407 -0.004802394 -0.7808176 -0.6247401 -0.004802768 -0.780818 -0.8439562 -0.01996796 -0.5360403 -0.7997011 0.003662654 -0.6003872 -0.9847309 0.001937633 -0.1740728 -0.9721738 -0.01848642 -0.2335303 -0.9408082 -0 -0.3389394 -0.8929994 0 -0.4500578 -0.9963825 -0.002429517 0.08494738 -0.9955283 -0.006652107 0.09422981 -0.9465597 0.005141869 0.3224877 -0.9110525 -0.02070871 0.4117701 -0.8715094 0 0.4903788 -0.8059216 0 0.5920223 -0.7284407 -0.01626503 0.6849157 -0.6976892 0 0.7164006 -0.7764232 0.5187031 0.3579303 -0.7910237 -0.2516667 0.5576249 -0.7539353 -0.3664251 0.5452652 -0.5903396 0.5260542 0.6121814 -0.9718874 0.04210792 0.23165 -0.9720744 0.001447687 0.234668 -0.2764919 0.9602336 0.03877628 -0.264746 0.9629442 0.05145919 -0.06371923 0.997925 0.009253995 -0.2765652 0.9602056 0.03894878 -0.9903086 -1.229837e-07 0.1388849 -0.9903085 -1.940133e-07 0.1388849 -0.9903087 1.926115e-07 0.1388838 -0.9903086 0 0.1388845 -0.9903086 1.382156e-07 0.1388841 -0.9903086 -1.690179e-07 0.1388847 -0.9903085 -1.182295e-07 0.1388848 -0.9903086 -3.559475e-07 0.1388841 -0.9903086 -2.881661e-08 0.1388851 -0.9903085 -1.696767e-07 0.1388847 -0.9903086 1.477726e-07 0.1388841 -0.9903085 -1.251234e-07 0.1388847 -0.6533745 -0.2391999 0.7182515 -0.2208658 0.2607132 -0.9398122 -0.9903085 -1.229837e-07 0.1388845 -0.990308 1.002616e-06 0.1388884 -0.9903087 -5.785446e-07 0.1388837 0.1388855 1.935456e-08 0.9903085 -0.4027059 0.9100366 0.09829187 -0.596191 0.8024163 0.02616107 0.1388855 1.811064e-08 0.9903085 -0.8705971 0.4766059 0.1220959 -0.9903086 -1.31304e-07 0.1388846 -0.9903086 -1.31304e-07 0.1388846 -0.9720756 -1.348576e-07 0.2346683 -0.9638902 0.009398837 0.2661342 -0.9081279 -0.006270978 0.418646 -0.8629906 0.01253553 0.5050646 -0.6941488 0 0.7198315 -0.7041101 0.004699157 0.7100753 -0.8173245 -0.003762301 0.5761654 -0.008387805 -0.5546688 -0.8320289 0.2986127 -0.876518 -0.3775536 0.3718439 -0.9262608 0.06142496 0.2817576 -0.8052343 0.5217379 -0.1429178 -0.2012023 0.9690676 -0.4394846 -0.3888289 0.8097317 -0.04561424 0 0.9989591 0.2430069 0.4612461 0.8533462 0.2760144 0.8062437 0.5232468 -0.2993518 0.7785614 -0.5515711 -0.9095314 0.3775331 0.1738436 -0.8563798 0.5107952 -0.07551169 -0.6447386 0.5474159 -0.5335241 -0.2113356 0.2385816 -0.9478481 0.8125492 -0.4560924 0.3629648 -0.1840596 0.770508 0.6102781 0.6464562 0.6850498 -0.3358587 -0.4892424 -0.1171264 -0.8642473 0.9089885 0 -0.4168212 0.9089884 -3.361052e-07 -0.4168213 0.98476 0.1737793 -0.006947071 0.9881539 0.03105989 -0.1502904 0.9089885 3.309035e-07 -0.4168213 0.9089883 0 -0.4168216 0.7900702 0.4039027 -0.4611416 0 0 1 -0 1 0 0.8832794 0.3607004 -0.2995211 0.8769248 0.3816516 -0.2921387 0.916385 0.3886751 0.09576093 0.8852826 0.4585007 0.0777934 -0.7490112 0.1002991 0.6549216 0 0 1 0 -0 1 -0 0 1 0.9487383 0 -0.3160626 0.9484589 -0.0001999974 -0.3169001 0.9989014 0 -0.04686086 0.9976277 0.01037116 -0.06805522 0.9976678 -0.005185687 -0.06805795 0.9997746 2.860377e-07 -0.02123099 0.9997721 -3.338382e-06 -0.02134311 0.9960122 0.002276748 -0.08918893 0.9941785 0.004859919 -0.1076369 0.9854413 7.766451e-05 -0.1700161 -0.9724351 -2.785407e-07 0.2331736 -0.9724351 -2.785407e-07 0.2331736 0 -1 0 0 -1 0 0 -1 0 0 1 0 0 1 0 0 1 0 -0.05577462 -1.592362e-08 0.9984434 -0.05577462 -1.592362e-08 0.9984434 0.9964902 2.850981e-07 -0.08370921 0.9964902 2.850981e-07 -0.08370921 -0 0 -1 0 0 -1 0.9089878 0 -0.4168228 0.9762517 -0.03068577 -0.2144553 0.9439034 0.1303938 -0.3033871 0.9095024 0.0002733951 -0.4156985 0.9089221 -0.0006119732 -0.4169655 0.9104467 0.005854362 -0.413585 0.9097825 0.00140623 -0.4150828 -0 0 1 0 0 1 0 0.1950917 0.980785 -0.3849728 0.4894295 0.782467 -0.4723625 0.3850367 0.7928559 -0.2315473 0.7564822 0.6116539 -0.1869866 0.9457644 0.2656419 0.9915572 3.54947e-07 -0.1296704 0.9915575 1.78871e-07 -0.129667 0.9898898 0.04147855 -0.135638 0.8782582 0.3756138 -0.2959336 -0.3203464 0.9326627 0.165887 1.897943e-07 1 4.138954e-07 0 1 0 0.2783381 0.9512639 -0.1327588 0.0454144 0.3606297 0.9316028 0.5491067 0.467065 0.6930599 0.7339209 0.6651772 0.1374756 0.04869085 1.753484e-08 0.9988139 0.0486903 8.796447e-09 0.9988139 -0.9364988 0 0.3506708 -0.9455062 0.00394332 0.3255804 -0.976979 -0.00247762 0.2133214 -0.9780051 -0.002026082 0.2085714 -0.9974193 0.005361125 0.0715946 -0.9865513 -0.01291606 0.1629405 -0.9965669 -2.07252e-07 0.08279223 -0.996567 -3.597821e-07 0.08279092 -0.9089884 0 0.4168216 -0.9089884 0 0.4168214 -0.9089885 5.850789e-07 0.4168213 -0.9089882 -1.519726e-07 0.4168218 -0.9089876 0 0.4168231 -1 -2.074456e-07 -1.645699e-07 -1 -2.07966e-07 -1.658147e-07 -0.9412151 -0.1920596 0.2778979 -0.7976874 -0.5239058 0.2986931 -0.926209 -0.3181785 0.2022358 -0.8797745 -0.4635277 0.1055411 -0.945598 -0.3181784 0.06787527 -0.795246 -0.5499495 0.2552242 -0.5361695 -0.8263849 0.1720765 -0.6373251 -0.7473343 0.1879045 -0.6604548 -0.746674 0.07923056 -0.6604543 -0.7466744 0.07923061 0.7285041 0.009478601 -0.6849759 0.7468179 0 -0.6650286 0.8639908 0 -0.5035076 0.9110531 0.02068016 -0.41177 0.9368806 -0.001806569 -0.3496448 0.9955469 0.002581501 -0.09423195 0.9942399 0.009108531 -0.1067902 0.9721109 0.02171587 0.233514 0.9930645 -0.005904562 0.1174225 0.846352 0.006926746 0.5325789 0.8441136 0.004820948 0.5361427 0.9494488 -0.003415197 0.3139036 0.6998866 -0.004794041 0.7142378 0.6245959 0.02206169 0.7806364 0.5432975 -0.004794089 0.8395265 0.3378975 0.006717072 0.941159 0.3339376 0.00468123 0.9425836 0.01456311 0.02171582 0.9996581 0.09796693 -0.003415423 0.9951838 -0.3446643 0.001978179 0.9387239 -0.3102966 0.01653886 0.950496 -0.1905785 -2.529301e-08 0.981672 -0.07819775 -1.094901e-08 0.9969379 -0.5466579 -0.001807042 0.8373541 -0.601606 0.02068063 0.7985252 -0.6807861 0 0.7324824 -0.7593491 0 0.6506835 -0.827997 0.0189543 0.5604123 -0.8559434 0 0.5170695 0.9639331 1.250751e-07 -0.2661448 0.6934509 0.0003063934 -0.7205039 0.7041121 -0.004405741 -0.7100753 0.8173248 0.003526827 -0.5761665 0.8629972 -0.011752 -0.5050721 0.90813 0.005879704 -0.418647 0.9720086 -0.01173334 -0.2346521 -0.5093598 -0.8282499 0.2335696 -0.5093598 -0.8282499 0.2335696 -0.7575391 -0.55269 0.3473735 -0.7575381 -0.5526915 0.347373 -0.8917261 -0.1939604 0.4089057 -0.8917259 -0.1939618 0.4089056 0.5860741 -0.7430862 -0.3230171 0.6557449 -0.7430871 -0.133492 0.5890765 -0.7421632 0.3196601 0.2381152 -0.6380309 0.7322688 0.2213629 -0.7382527 0.6371666 -0.2740931 -0.7430938 0.6104791 0.6045712 -0.4795919 -0.6359916 0.6934174 -0.3713432 -0.6174759 0.7002934 -0.5889845 -0.4033442 0.6897631 -0.6021996 -0.4019731 0.885304 -0.3272231 -0.3303964 0.7952589 -0.5883516 -0.1463068 0.6587241 -0.7430857 0.1179246 0.9066269 -0.410542 -0.09737977 0.8416172 -0.5243055 0.1295539 0.7615444 -0.6418268 0.09004698 0.8941994 -0.3361637 0.2956372 0.7008876 -0.593313 0.3958994 0.4140101 -0.7645741 0.493986 0.746335 -0.471615 0.4696417 0.5836162 -0.4859475 0.6505745 0.5348715 -0.6449591 0.5458391 0.510197 -0.343744 0.7883775 0.2589989 -0.6141281 0.7454973 -0.02945905 -0.7430894 0.6685435 0.2574688 -0.6368347 0.7267402 0.09226625 -0.3361607 0.9372742 -0.04999756 -0.5953444 0.8019135 -0.06452457 -0.5649196 0.8226193 -0.1675726 -0.4762978 0.8631685 -0.3381577 -0.4718502 0.8142522 -0.4437157 -0.7430931 0.5009282 -0.2645126 -0.6411107 0.7204235 -0.516564 -0.3272195 0.7912579 -0.5436281 -0.595348 0.5916327 -0.5522329 -0.5848112 0.5941673 -0.6677577 -0.4761173 0.5721992 -0.4752154 -0.8257149 0.3039165 -0.7004462 -0.548482 0.4566648 -0.7292233 -0.4758616 0.4917205 -0.8398911 -0.1927594 0.5073724 -0.2681299 -0.9555105 0.1229068 -0.2678538 -0.9555984 0.1228258 -0.09010048 -0.9950735 0.04136166 -0.09038983 -0.9950436 0.04144874 -0.09760662 -0.9949121 0.02495399 -0.2959593 -0.9545404 0.03550436 -0.09768875 -0.9949053 0.02490695 -0.289619 -0.954249 0.0743627 -0.2647253 -0.960574 0.08496011 -0.6625371 -0.749029 0 -0.5603526 -0.8282402 0.004812342 -0.903829 -0.42789 -0.00180778 -0.9477819 -0.3189133 0.001913589 -0.283567 -0.9589524 0.000471384 -0.2858692 -0.9582686 0 -0.09663092 -0.9953203 0.0001956599 -0.09983653 -0.9950038 -0.0003755731 -0.9424015 -0.1931351 -0.2730902 -0.8742182 -0.4755309 -0.09804511 -0.8551064 -0.4761932 -0.2050198 -0.809433 -0.5496349 -0.2066873 -0.5443717 -0.8264326 -0.1437663 -0.8977788 -0.425026 -0.1155251 -0.5591294 -0.8264322 -0.06621412 0.2406933 -0.9554233 -0.1709767 0.0411724 -0.9977583 -0.05275584 0.08629477 -0.9954543 -0.04029875 -0.2339749 -0.9524597 0.1951312 -0.2356711 -0.9522133 0.194291 -0.2299357 -0.9493896 0.2139835 -0.07685669 -0.9642504 0.2536025 -0.1160386 -0.955287 0.2719592 -0.04366203 -0.9457726 0.3218815 0.05285826 -0.9603011 0.2739121 0.09674455 -0.9498026 0.2975157 0.177005 -0.9590248 0.2212251 0.2272417 -0.946927 0.2273556 0.2745295 -0.9445938 0.1799335 0.2556434 -0.9603012 0.1116607 0.3236182 -0.9457729 0.02801617 0.300732 -0.9532529 -0.02947973 0.3135978 -0.9492837 -0.02273296 0.2435983 -0.9548277 -0.1701883 0.09180258 -0.995755 -0.006654847 0.08017189 -0.9967631 0.005988939 0.08768199 -0.9954121 0.03829753 0.05449302 -0.9961887 0.06810669 0.0518248 -0.9963546 0.06776257 0.01972041 -0.9945692 0.1021914 -0.03545772 -0.99591 0.08310208 -0.0329877 -0.9948804 0.09552311 -0.07672271 -0.9950752 0.06276228 -0.07679795 -0.9945182 0.07096332 0.2198665 -0.9532856 -0.2071357 0.2226532 -0.9463426 -0.2342248 0.6372859 -0.7446498 -0.1984022 0.9183578 -0.317084 -0.236805 0.9381569 -0.2618559 -0.22648 0.7992268 -0.4748542 -0.3684427 0.7815082 -0.261859 -0.5662815 0.7985213 -0.2132949 -0.5629112 0.6035112 -0.4925198 -0.6270554 0.9902797 1.355691e-07 -0.1390899 0.9903435 0.0007348606 -0.1386333 0.9903833 0.0008171122 -0.1383485 0.9903085 -0.0005118774 -0.1388847 0.9903085 1.305088e-07 -0.1388847 0.9903086 5.28389e-08 -0.1388847 0.9903086 2.63893e-08 -0.1388847 0.03735308 -0.9963601 -0.07662515 0.3243078 -0.9438171 -0.0635118 0.3042455 -0.9518293 -0.03815441 0.2297978 -0.9720618 -0.04784239 0.1599915 -0.9866962 -0.02886707 0.08589247 -0.9953798 -0.04291102 0.08816419 -0.9945502 -0.05564903 0.1131147 -0.9926004 -0.04415121 0.08894078 -0.9958063 0.02143063 0.283546 -0.9421094 -0.1789735 0.253278 -0.9498256 -0.1835255 0.6561164 -0.7490289 -0.0920163 0.6561167 -0.7490287 -0.09201633 0.9385984 -0.3189138 -0.1316327 0.9385984 -0.3189138 -0.1316327 0.9990836 1.319758e-07 -0.04280079 0.9998363 -0.01725041 0.00544582 0.9910015 0.005757082 0.1337267 0.9567634 -0.008625969 0.2907393 0.9510019 1.262141e-07 0.3091853 0.8595983 1.147617e-07 0.5109702 0.8338233 -0.01725043 0.5517619 0.6416352 -0.008626212 0.7669615 0.66001 9.199687e-08 0.7512568 0.7768837 1.031057e-07 0.6296442 0.3268397 -0.9439676 -0.04583727 0.3268397 -0.9439676 -0.04583727 0.2319732 -0.972178 -0.03253282 0.2319732 -0.972178 -0.03253282 0.1608792 -0.9867162 -0.02256232 0.160879 -0.9867163 -0.02256229 0.06261728 -0.997999 -0.008781686 0.06480286 -0.9978536 -0.009411372 0.6671991 -0.744742 0.01430966 0.5811824 -0.4739236 0.6615311 0.741303 -0.1072551 0.6625453 0.7479928 -0.2701728 0.6062288 0.7564853 -0.4748899 0.4496769 0.9246487 -0.1892133 0.3304893 0.9473627 -0.3175795 -0.04058506 0.9739044 -0.2260115 -0.02071391 0.8823759 -0.4552311 0.1190687 0.8984255 -0.3278931 0.2920919 -0.8864408 -0 -0.4628419 -0.8668842 0.01691766 -0.4982226 -0.8099371 0 -0.5865167 -0.743921 -0 -0.6682675 -0.6873612 0.02082729 -0.7260171 -0.62852 -0.004416819 -0.7777809 -0.4501528 0.005854474 -0.8929324 -0.4471229 0.004053312 -0.8944633 -0.1748949 0.02004551 -0.984383 -0.2388652 -0.003103751 -0.9710478 0.1150002 0.0187423 -0.9931886 0.01823688 2.319496e-09 -0.9998337 -0.08677401 -1.136568e-08 -0.996228 0.3859065 0.007939366 -0.9225037 0.3952919 0.002210313 -0.9185529 0.1672096 -0.001625069 -0.98592 0.5692571 -0.005541835 -0.8221408 0.642158 0.0210881 -0.7662821 0.7099065 -0.005541997 -0.7042742 0.8352389 0.007286955 -0.549839 0.8408148 0.002047648 -0.541319 0.9577668 0.01874209 -0.286935 0.9414791 -0.00162492 -0.3370675 0.9997991 0.02004547 3.241059e-05 0.9960494 0 -0.08880156 0.9812329 0 -0.1928262 0.958868 0.006017556 0.2837886 0.9579083 0.004162069 0.2870446 0.9978576 -0.003103616 0.06534857 0.8757194 -0.004416769 0.4828001 0.8350444 0.02082754 0.5497882 0.7880766 0 0.6155772 0.7191344 0 0.694871 0.6421595 0.01691803 0.7663843 0.608703 -0.001077615 0.7933974 -0.9301134 -0 -0.3672725 -0.9301134 0 -0.3672725 -2.101267e-07 1 3.888575e-09 0 1 0 0 1 0 0 1 -0 0 1 -9.843082e-08 -3.65084e-08 1 -7.961701e-08 -0 1 0 0 1 0 -0 1 0 0 1 0 -3.16209e-07 1 -1.64868e-07 -3.324304e-07 1 -5.040911e-08 0 1 0 0 1 -0 0 1 0 0 1 -0 -3.112712e-07 1 1.740103e-07 -2.244538e-07 1 2.503429e-07 0 1 0 0 1 -0 0 1 0 0 1 -0 0 1 0 -0 1 0 0 1 0 -0 1 0 0 1 0 -0 1 0 -3.686757e-07 1 -2.809236e-07 -3.029604e-07 1 -3.907091e-07 0 1 0 -0 1 0 0 1 0 -0 1 0 0 1 0 -0 1 0 0 1 0 0 1 0 0 1 0 0 1 0 -1.79872e-06 1 -6.380483e-07 -1.784883e-06 1 -6.730901e-07 0 1 -0 0 1 0 0 1 -0 0 1 0 0 1 -0 -2.932639e-07 1 9.763725e-08 -3.240191e-07 1 9.81411e-09 0 1 0 0 1 0 -2.986355e-07 1 -7.970919e-08 -2.760312e-07 1 -1.699754e-07 -0 1 0 0 1 0 -0 1 0 0 1 0 -0 1 0 0 1 0 -0 1 0 0 1 0 0 1 -0 0 1 0 0 1 -0 0 1 0 0 1 -0 0 1 0 -2.84412e-07 1 1.751102e-07 -2.119734e-07 1 2.371705e-07 0 1 -0 0 1 0 0 1 -0 0 1 0 0 1 0 0 1 0 0 1 0 -0.9786969 -2.53114e-07 -0.2053105 -0.9550999 0 -0.296284 -0.9604687 -0.005884605 -0.2783257 -0.9786963 -2.035356e-07 -0.2053131 -0.9955835 -2.071647e-07 -0.09388047 -0.9955835 -2.035772e-07 -0.09388042 0.01636994 -0.4407543 -0.8974786 0.6710403 -0.7398036 0.04894498 -0.4824236 -0.824212 -0.2965504 -0.5521732 -0.6466168 -0.5262999 -0.2868627 -0.8866347 -0.3627515 0.1150772 -0.7398012 -0.6629112 0.4347975 -0.8866351 -0.1575729 0.6426426 -0.7439393 -0.1832069 0.5926047 -0.7398036 0.3186068 0.435589 -0.7430243 0.5081112 -0.4337706 -0.8629454 -0.2591686 -0.7399929 -0.5505672 -0.3863759 -0.8581987 -0.1923766 -0.4759058 -0.8406254 -0.3173296 -0.4389201 -0.7677094 -0.3186781 -0.5559375 -0.6156937 -0.5258663 -0.586844 -0.5813016 -0.6240276 -0.5221858 -0.3848538 -0.6466197 -0.6586126 -0.1137954 -0.8866344 -0.4482521 -0.5906386 -0.3419444 -0.7309034 -0.4169855 -0.5629364 -0.7136005 -0.4304845 -0.2702853 -0.8611788 -0.1187458 -0.7439357 -0.6576162 -0.1650442 -0.3705828 -0.914018 -0.178738 -0.6633873 -0.7266155 0.1150767 -0.7398027 -0.6629097 -0.07856987 -0.4244442 -0.9020387 0.1245392 -0.6672791 -0.7343218 0.1254393 -0.6797852 -0.7226043 0.3334351 -0.7439369 -0.579119 0.5337923 -0.2932092 -0.7931546 0.4479437 -0.811187 -0.3759283 0.3727258 -0.2592345 -0.8909954 0.4010998 -0.6956411 -0.5959886 0.4292457 -0.6568367 -0.6199304 0.6655181 -0.3480969 -0.660238 0.6173179 -0.646619 -0.4481099 0.6749493 -0.5517226 -0.4899444 0.8037996 -0.2934486 -0.5174884 0.902841 -0.3444283 -0.2573853 0.6710388 -0.7398049 0.04894467 0.7012246 -0.6672758 -0.2510518 0.8807823 -0.4407536 -0.1730862 0.9018773 -0.4244433 -0.08040576 0.7390534 -0.6714867 0.05390577 0.717377 -0.6950993 0.04698022 0.5926044 -0.739804 0.3186066 0.9262261 -0.2587643 0.2741278 0.6360247 -0.6917674 0.341951 0.657998 -0.6598782 0.3627663 0.7196108 -0.4076845 0.5620975 0.6397885 -0.4566145 0.6182021 0.5029465 -0.6229153 0.5991839 0.5356893 -0.4748823 0.6982291 0.2335749 -0.9721121 -0.02099773 0.1614147 -0.9867088 -0.01873494 0.05641907 -0.9970242 -0.05253216 0.3275657 -0.9424705 0.06670862 0.2777679 -0.9555043 0.09928021 0.3006425 -0.9291584 0.2151249 0.2536271 -0.9403664 0.2266812 0.2635017 -0.9229172 0.2806968 0.1293837 -0.9915443 0.009989821 0.1125388 -0.993383 0.02291848 0.1449801 -0.9861471 0.08058978 0.03851351 -0.9979241 0.05161301 0.1375209 -0.9796056 0.146495 0.228233 -0.9622009 0.1485903 0.2873832 -0.9567808 -0.04451339 0.3303132 -0.9436536 -0.02027856 -0.5211971 -0.8282501 -0.2058044 -0.5211951 -0.8282516 -0.2058035 -0.7751429 -0.5526924 -0.3060795 -0.7751433 -0.5526917 -0.3060797 -0.91245 -0.19396 -0.3602978 -0.9124503 -0.1939585 -0.3602979 0.1365835 -0.9760904 0.1690929 -0.07585785 -0.9940974 -0.07756277 -0.06158979 -0.9973832 -0.03785982 -0.0573679 -0.9957138 -0.07254515 -0.02151152 -0.9961712 -0.08473643 -0.008872529 -0.9970962 -0.07563312 0.02935753 -0.9938017 -0.1072202 0.05637868 -0.9958674 -0.0712022 0.06958955 -0.994846 -0.07374708 0.09456339 -0.9949288 -0.03427022 0.0778412 -0.9969431 -0.006725 0.09084725 -0.9958428 0.006626258 0.08076012 -0.9957874 0.04341971 0.06163819 -0.9969361 0.04815787 0.04939252 -0.9979155 0.04153427 0.2292413 -0.9279342 0.2939161 0.2050045 -0.9546469 0.2159224 0.2661964 -0.953235 0.1431173 0.2661963 -0.953235 0.1431173 0.3014294 -0.953235 0.02198579 0.3014293 -0.953235 0.02198585 0.284146 -0.953235 -0.1029759 0.2841462 -0.953235 -0.1029761 0.2095017 -0.952269 -0.2220196 0.1939759 -0.967405 -0.1627906 0.1491128 -0.9543026 -0.2589824 0.06951585 -0.9647324 -0.2538873 0.05169214 -0.953235 -0.2977766 -0.07436635 -0.953235 -0.2929379 -0.07436664 -0.953235 -0.2929382 -0.1874683 -0.953235 -0.2370628 -0.1874682 -0.953235 -0.2370627 -0.2545874 -0.9543028 -0.1564973 -0.2545874 -0.9543028 -0.1564973 -0.2740782 -0.9555985 -0.1082249 -0.2740789 -0.9555983 -0.1082253 -0.09221175 -0.9950735 -0.03641148 -0.08468171 -0.9958968 -0.0319143 -0.09721681 -0.9950269 -0.02168445 -0.2908539 -0.9545655 -0.06487568 -0.3182418 -0.9467079 -0.0496609 -0.3075166 -0.9489096 -0.07073795 -0 -1 0 -0 -1 0 0 -1 -0 0 -1 0 0 -1 0 0 -1 0 0 -1 -0 0 -1 -0 0 -1 0 0 -1 0 -0 -1 0 0 -1 0 0 -1 0 0 -1 0 0 -1 0 0 -1 0 0 -1 -0 0 -1 0 0 -1 0 0 -1 0 0 -1 0 0 -1 0 -0 -1 -0 0 -1 0 0.1497347 -0.9874346 0.05052312 0.155354 -0.9855093 -0.06809194 0 -0.9926592 -0.1209457 0.05569413 -0.9853368 -0.1612746 -0.1183253 -0.9808479 -0.1547141 -0.122623 -0.9799368 0.1571218 0 -0.991695 0.1286115 0.08817972 -0.9753478 0.2022895 0.1223032 -0.9924927 1.021327e-08 0 -1 0 0 -1 -0 -0.1595582 -0.9871885 0 -0.1424977 -0.9897378 -0.01064475 -0.1801598 -0.9569399 0.2276149 0 -0.9918144 0.1276871 0.078743 -0.9827695 0.1672227 0.1790474 -0.9833473 0.03114774 0.1429106 -0.9840429 -0.1060008 0 -0.9875207 -0.1574894 -0.0007192301 -0.9876844 -0.1564575 -0.2750992 -0.9537587 -0.121098 -0.1468893 -0.989153 0 0 -1 -0 0 -1 0 0.1421909 -0.9898392 0 0 0 -1 0 0 -1 0 0 -1 1 1.293118e-07 -0 1 1.293118e-07 0 0 -1 -0 0 -1 0 0 -1 0 0.7071023 9.143664e-08 0.7071112 0.7071023 9.143664e-08 0.7071112 0.9956667 4.070147e-05 0.09299418 0.9956225 -2.333881e-06 0.09346607 0.9955789 0.0001652727 0.09392912 0.9801186 -2.206394e-05 0.1984119 0.9749526 0.001168587 0.2224097 0.9604634 0.00671362 0.2783253 0.9535029 0 0.3013836 0 0 1 -0 0 1 0 0 1 0 0.0004248753 -0.9999999 -0.03668446 -4.743733e-09 -0.9993269 0 1 0 0 1 0 0.9811025 1.268681e-07 0.1934891 0.9811025 1.268681e-07 0.1934891 0 1 0 0 1 0 0 1 0 0 1 -0 0 1 0 0 1 0 0 1 0 0 1 0 0 1 -0 0 1 0 0 1 -0 0 1 0 0 1 0 0 1 0 0 1 0 0 1 -0 0 1 0 0 1 -0 1 -0 0 1 0 0 1 2.420099e-07 -3.682391e-08 1 2.523064e-07 0 1 3.131542e-07 1.626514e-07 1 3.098836e-07 2.166294e-07 0 -1 0 0 -1 0 0 0 1 0 0 1 0 0 1 -0 0 1 -0 0 -1 0 0 -1 0 0 -1 0 0 -1 0 1 0 0 1 0 0.9697734 -0.2440071 0 0.8331127 0.3069274 -0.460129 1 0 0 0.9135036 0.2339534 0.3328316 1 0 0 1 0 0 1 0 -0 -1 -0 0 -1 0 0 -0.4247925 -0.7211895 0.5472085 -0.975791 0 -0.218705 -0.8574008 0.3419568 0.3846159 -1 -0 0 -1 0 -0 0.5966482 -0.2492191 -0.7628243 -0.4848488 0.8269466 -0.2847473 0.2771114 0.6730408 0.6857297 -0.4867713 -0.6695915 0.5609821 -0.1322954 -0.9912103 0 -0.1026912 -0.9818019 0.1597478 -0.1371501 -0.990535 0.005510003 0.1571513 -0.9862276 0.05156189 0.1240009 -0.9922821 1.021132e-08 0.2093167 -0.9546986 -0.2115114 -0.19981 -0.9364226 -0.2884243 0 -0.9907161 -0.1359469 0 -1 0 0 -1 0 0 -0.9911433 0.1327968 0.05054094 -0.9830365 0.1763091 0 -1 0 -0 -1 0 0 -1 0 0 -1 0 -0 -1 0 0 -1 -0 0 -1 0 0 -1 0 0 -1 -0 0 -1 0 0 -1 0 0.004373837 -0.9999685 -0.006630541 -4.55562e-05 -0.9999685 -0.007940663 0 -1 0 0 -1 0 0 -1 0 -0.017891 -0.9998365 -0.00261791 0 -1 0 0 -1 0 0 -1 0 -0 -1 -0 0 -1 0 0.1449299 -0.9894419 0 0.177661 -0.9580696 -0.2248097 -0.103312 -0.9786829 -0.1775003 -0.1402677 -0.9901136 0 -0.1559086 -0.9876837 -0.0131669 -0.1409231 -0.9844677 0.1047093 0.0008844865 -0.9880435 0.1541724 0.2714969 -0.9550222 0.1192559 -1.284793e-08 -0.9878447 0.1554441 0 -1 0 -0 -1 0 0 -0.9920382 -0.1259374 0.267855 -0.9555978 -0.1228264 0.08925196 -0.9951607 -0.04109915 0.09010204 -0.9950734 -0.0413604 0.2681301 -0.9555102 -0.1229089 0.0976075 -0.9949121 -0.02495423 0.08893009 -0.9955946 -0.02971339 0.09874029 -0.9950562 -0.0106542 0.2943786 -0.9546415 -0.04473003 0.3066935 -0.9512329 -0.03309259 0.2953772 -0.9515555 -0.08540763 0.2809663 -0.9551152 -0.09387671 0.09690087 -0.995214 0.01261796 0.313723 -0.9486731 0.03996618 0.0840807 -0.995955 0.03168778 0.09264056 -0.9950262 0.03661697 0.2739468 -0.9556509 0.1080949 0.0834015 -0.9947079 0.06000513 0.08053155 -0.9954903 0.05013761 0.0604875 -0.9948321 0.0815493 0.01999818 -0.9972594 0.0712299 0.01570567 -0.9966404 0.08038144 -0.02340514 -0.9955939 0.09080215 -0.04540946 -0.997906 0.04606243 -0.08208095 -0.9959217 0.03745265 -0.09366914 -0.9956021 -0.001607185 -0.06632838 -0.9975055 -0.02414851 -0.07386509 -0.9965884 -0.036816 -0.0624558 -0.9942412 -0.08708477 -0.07048132 -0.959304 0.273438 -0.00555309 -0.9482563 0.3174573 0.06721722 -0.9619644 0.2647761 0.05620976 -0.9560754 0.2876809 0.1536688 -0.9499581 0.2719662 0.1663768 -0.9602104 0.2243094 0.2323944 -0.9484643 0.2154257 0.24616 -0.9567524 0.1550165 -0.1137366 -0.94745 0.2990023 -0.1841937 -0.957999 0.2197967 -0.04628849 -0.9973998 0.05523564 -0.1783769 -0.956074 -0.2326032 -0.1794691 -0.958412 -0.2218945 -0.2526582 -0.9484809 -0.1911747 -0.2499678 -0.960205 -0.1245895 -0.313777 -0.9447575 -0.09474716 -0.2743354 -0.9616227 -0.004707076 -0.3069035 -0.9512727 0.02984115 -0.2728829 -0.9545558 0.119825 -0.2660893 -0.9562716 0.1214137 -0.2311053 -0.9456457 0.2287893 -0.08817589 -0.9924562 -0.08518023 -0.1422512 -0.9871602 -0.07265978 -0.09775486 -0.9952092 0.001629351 -0.07139129 -0.9974332 -0.005512193 -0.3508035 -0.9237388 0.1537645 -0.2422508 -0.9701999 0.005143579 -0.1036754 -0.9868784 -0.1237838 -0.1445532 -0.9867949 -0.07307597 -0.2709758 -0.9611753 -0.05209673 -0.3829328 -0.9232841 -0.03015134 -0.2696933 -0.9523782 -0.1422726 -0.2836494 -0.9384235 -0.1972418 -0.2306292 -0.9509584 -0.2061267 -0.23137 -0.9501575 -0.2089704 -0.3150678 -0.9070224 0.2793612 -0.2762863 -0.958165 0.07473622 -0.3130275 -0.9487284 0.04391097 -0.1598866 -0.9866916 0.02959791 -0.08835816 -0.9959012 -0.01932944 -0.1134722 -0.9925534 0.04429078 -0.06658224 -0.9956935 0.06450734 -0.0431986 -0.9989108 0.01763419 -0.2154004 -0.9659506 0.1433254 -0.2497518 -0.9668007 0.05403997 -0.04621835 -0.9988444 0.01318489 -0.06016602 -0.9963351 0.06079686 -0.1044624 -0.9945268 0.002019334 -0.08270561 -0.9962045 -0.027136 -0.09358565 -0.9939995 -0.05662755 -0.03837506 -0.9958039 -0.08307779 -0.02161717 -0.9969182 -0.07541019 0.004888836 -0.995472 -0.09492873 0.04516397 -0.996077 -0.07609691 0.08223254 -0.9948197 -0.05976221 0.0461651 -0.9963489 -0.07181507 -0.1993301 -0.9667023 0.1604809 0.2465527 -0.9542719 -0.1690473 0.2364304 -0.9560707 -0.1732898 0.2078709 -0.9481047 -0.2405978 0.1440727 -0.9593312 -0.2427485 0.1117626 -0.9480845 -0.2977327 0.01482369 -0.9575639 -0.2878397 0.01482376 -0.9575638 -0.2878397 -0.0804492 -0.9481047 -0.3076124 -0.118373 -0.9593312 -0.2562644 -0.1819869 -0.9480845 -0.2607999 -0.2372008 -0.9583132 -0.1592842 -0.2306502 -0.9629759 -0.1395637 -0.3010212 -0.9509105 -0.07180221 -0.2623274 -0.964132 0.04042116 -0.3213909 -0.9469263 0.006212723 -0.2778352 -0.9498892 0.1432414 -0.1989508 -0.9661433 0.1642736 0.8615192 -0.3189308 -0.3950541 0.861521 -0.3189252 -0.395055 0.6022408 -0.749027 -0.2761607 0.6022422 -0.7490255 -0.2761614 0.8815447 -0.3189189 0.3480943 0.8815447 -0.3189189 0.3480943 0.6162373 -0.7490265 0.2433328 0.2949511 -0.9478605 0.1206827 0.2887962 -0.9476746 0.1360498 -0.1470627 -0.9104409 0.3866135 -0.2595709 -0.9309079 0.2569696 -0.4017352 -0.8978056 0.1804269 -0.3973139 -0.9100266 -0.1182932 -0.7917661 -0.6084036 -0.05432947 -0.50019 -0.8504801 -0.1627687 0.8329695 -0.3167636 0.4536768 0.8462399 -0.2557005 0.4674347 0.5873814 -0.6129471 0.5284686 0.4523896 -0.7810813 0.4304132 0.3986201 -0.4010291 0.8247895 0.3015172 -0.8004045 0.5181118 0.5071803 -0.5567509 0.6578728 0.2091589 -0.5267264 0.8239004 -0.2836866 -0.7175575 0.6361078 -0.1343549 -0.550488 0.823961 0.0109123 -0.8461379 0.5328524 -0.02434955 -0.6741604 0.7381834 0.2022454 -0.1610231 0.9660064 -0.4685631 -0.5464835 0.6941212 -0.829345 -0.4748165 0.2945099 -0.7006739 -0.5421284 0.4638458 -0.3992996 -0.8426019 0.3613611 -0.8628466 -0.4761773 0.169561 -0.6311235 -0.7745389 0.04210179 -0.6418773 -0.7655375 0.04411059 -0.5319947 -0.4855246 -0.69372 -0.6907804 0.1124398 -0.7142687 -0.5054237 -0.7785034 -0.3721282 -0.7590534 -0.4580725 -0.4626094 0.203622 -0.82765 -0.5230044 0.5668108 -0.7466074 -0.3482857 -0.3080445 -0.8367721 -0.452682 -0.3577583 -0.7934608 0.4923707 -0.774417 0.1505856 0.6144934 -0.5470523 -0.7881545 0.2820396 -0.8580085 -0.3844646 0.3405999 -0.6032276 -0.7921344 0.09294931 -0.903231 -0.4221894 0.07700616 -0.8202184 -0.5309572 -0.2128996 -0.6070317 -0.784305 -0.1279777 -0.7648787 -0.5148924 -0.3870999 -0.4733253 -0.8254902 -0.3074557 -0.5442374 -0.4735039 -0.6925314 -0.6933258 -0.4743386 -0.5424963 -0.330073 -0.4536363 -0.8278078 -0.160897 -0.7963859 -0.5829938 -0.1488805 -0.4747587 -0.8674322 0.04528924 -0.4739146 -0.8794054 0.03970332 -0.5112762 -0.8584988 0.271519 -0.4229853 -0.8645004 0.7955261 -0.3158637 -0.5170768 0.8150087 -0.2463395 -0.5244786 0.4890219 -0.6459265 -0.5862052 0.355413 -0.8568422 -0.3735011 0.4315389 -0.577433 -0.6930695 0.2915357 -0.9560426 -0.03145737 0.8349012 -0.4744712 -0.2789573 0.8810409 -0.4713158 -0.04035183 0.6426304 0.7652217 -0.03823542 0.9044191 -0.3167277 -0.285849 0.63043 -0.7471201 -0.2106406 0.9477832 -0.3189152 0 0.6625395 -0.749027 0 1 0 0 1 -0 0 0 0 1 0.8333443 -0.5526641 0.009982524 0.1063046 -0.07049996 0.9918312 0.04775623 0.00904704 0.9988181 0.9301134 0 0.3672725 0.9301134 0 0.3672725 0.9107386 -0.317653 0.2639159 0.643644 -0.7466256 0.168145 0.3348036 -0.9414461 0.03982316 0.8005424 -0.5957998 0.06445564 0.3367862 -0.939441 0.06344876 0.2946735 -0.9555979 0 0.3718679 -0.9279533 -0.02484114 0.3126056 -0.9491395 0.03757879 0.268315 -0.9633312 -1.665808e-05 0.2723428 -0.9621989 0.001650759 0.09651088 -0.9953318 0.000584984 0.09532513 -0.9954461 0.0003585946 0.9496153 0 0.3134179 0.9890004 0.1290656 0.0722509 0.9736258 0.2281508 0 0.9686553 -0.002046722 -0.2484001 0.9867238 -0.1624068 0.0002346614 0 0 -1 0 0 -1 0.5933779 -0.8015151 -0.07400163 0.8658081 -0.5003762 0 1 -0 0 1 0 0 0.9944634 -0 0.1050837 0.9955485 -0.008386544 0.09387652 0.9634487 -0.008394719 0.2677615 0.9604851 0 0.2783314 -0.6421642 0.01646947 -0.7663902 -0.8572218 -0.01611348 -0.5146952 -0.8350539 0.02027512 -0.5497944 -0.6947687 -0.03476284 -0.7183927 -0.957756 0.006963921 -0.2874978 -0.95789 0.007430207 -0.2870392 -0.9963551 -0.01795819 -0.08339097 -0.9996966 0.02463448 -3.206426e-05 -0.9991654 0 0.04084621 -0.981233 0 0.1928255 -0.9572975 0.03647251 0.2867946 -0.9365795 -0.01370027 0.3501872 -0.8434423 -0.0008915362 0.537219 -0.8351772 0.01418656 0.549798 -0.7013413 -0.01229357 0.7127196 -0.6419804 0.03159844 0.7660697 -0.5790706 -0.01229345 0.8151847 -0.3952526 0.01418667 0.9184629 -0.3814215 -0.000891891 0.9244008 -0.1809836 -0.0137005 0.9833907 -0.114944 0.03647277 0.9927022 0.2049125 -0.008214953 0.9787458 0.1748963 0.01951395 0.9843935 0.02047256 -0.01457822 0.9996841 0.4351329 0.007059141 0.9003386 0.4500439 0.02279077 0.8927156 0.620563 -0.01530112 0.7840073 0.6872822 0.02576014 0.7259336 0.8753397 -0 0.4835084 0.8668905 0.01646948 0.4982265 0.7352286 -0.01845445 0.677568 -0.4976305 -0.59989 -0.6264949 -0.6207891 0.5538763 -0.5548351 -0.6915506 0.4046641 -0.598335 -0.7564844 -0.4748921 -0.4496764 -0.8844369 0.3026451 -0.3552144 -0.7537006 -0.6570658 0.014144 -0.4886082 -0.8673068 -0.09508488 -0.4521272 -0.8907378 0.04655284 -0.9994962 -1.364529e-07 0.03173843 -0.9994847 -0.03163647 -0.005443918 -0.9908141 0.005290092 -0.1351274 -0.9554129 -0.05381116 -0.2903285 -0.933194 -1.264474e-07 -0.3593731 -0.8595984 -1.115884e-07 -0.5109702 -0.8333774 -0.03696594 -0.5514667 -0.6219635 0.00581135 -0.7830246 -0.6415493 -0.01849264 -0.7668589 -0.7561772 0.01234204 -0.6542506 -0.5698086 -0.8178827 0.07991213 -0.9903086 -1.341864e-07 0.1388846 -0.9903086 -1.341864e-07 0.1388846 -0.1388893 -1.693744e-08 -0.9903079 -0.5884519 -0.8037062 0.0882078 -0.1388893 -1.485417e-08 -0.9903079 0.8384508 0 -0.5449771 0.8280306 0.01660606 -0.560437 0.5168665 -0.0139546 -0.8559522 0.6011969 0.04225883 -0.7979828 0.6892899 -0.0129296 -0.7243701 0.3061765 0.009611216 -0.9519262 0.3103377 0.005277319 -0.9506117 0.04619763 -0.003956997 -0.9989244 -0.01455958 0.03772812 -0.999182 -0.3769649 -0.01403239 -0.9261212 -0.3378319 0.02038681 -0.9409857 -0.1691396 -0.01558866 -0.9854688 -0.6112178 0.004280861 -0.7914509 -0.6246296 0.01961021 -0.7806749 -0.794364 -0.01376271 -0.6072863 -0.8438395 0.02592609 -0.535969 -0.9784782 -0.005075455 -0.206288 -0.9721668 0.01887324 -0.2335283 -0.8874102 -0.0227576 -0.4604184 -0.9963731 0.004960882 0.08494712 -0.9954584 0.01358247 0.09422404 -0.9293334 -0.01556549 0.3689135 -0.9110445 0.02114299 0.4117656 -0.7284361 0.01660593 0.6849124 -0.7827875 -0.03787537 0.6211354 -0.5563737 -0.7445278 0.3689533 -0.3428774 -0.8666932 0.362323 -0.9052393 -0.3578723 0.2290616 -0.6851141 0.6668041 0.2932422 -0.2764924 -0.9602335 0.03877636 -0.2758837 -0.9604008 0.03896907 -0.06490856 -0.9978467 0.009426728 -0.05788234 -0.9982957 0.007447939 -0.1611336 -0.9867148 0.02073367 -0.1912741 -0.9811701 0.02682501 -0.2764924 -0.9602334 0.03877636 -0.3009772 -0.9520029 0.05570704 -0.959623 0.08319987 0.2687035 -0.9034023 -1.066541e-07 0.4287939 -0.9728768 -0.1868013 0.1364401 -0.9771599 -0.1718574 0.1249949 -0.9622298 0.2364381 0.1349469 -0.9948126 0.09863287 0.0248884 -0.9842221 -1.169585e-07 -0.1769372 0.138878 1.732989e-08 0.9903094 0.138878 1.976037e-08 0.9903095 -0.5961903 -0.8024169 0.02616068 -0.408528 -0.9076507 0.09630725 -0.9639691 -0.2291011 0.1351907 -0.9903086 -1.341864e-07 0.1388846 -0.9903086 -2.683727e-07 0.1388847 -0.6873372 -0.005410446 0.7263182 -0.7039891 -0.01918947 0.7099515 -0.7796479 0.003031255 0.6262107 -0.8624651 -0.03704586 0.5047588 -0.9713036 -2.632224e-07 0.2378433 -0.9637685 -0.01846546 0.2661002 -0.9046687 0.00643241 0.426067 0.7375525 0.2197331 -0.6385403 0.3250743 -0.7312301 0.5996909 -0.3472925 0.03396287 -0.9371416 -0.2387143 -0.01498201 -0.9709743 -0.1008684 0.8009516 0.5901713 0.06659378 0.8706434 0.4873862 -0.1930417 -0.8374466 0.5112907 0.1030369 -0.9167891 0.3858511 -0.1517022 -0.8130417 -0.562094 0.4801456 -0.8677755 -0.1281632 -0.1202377 0.06351338 0.9907113 0.4727645 0.4938479 0.7298 0.08246417 0.7407605 -0.6666884 0.2007377 0.6249328 -0.7544291 0.9953173 0 -0.0966609 0.9942043 -0.007034848 -0.1072769 0.9484592 0 -0.3168994 0.9524878 0.008284096 -0.304464 0.9089881 0 -0.416822 0.9089885 0 -0.4168213 0.9089885 8.916721e-07 -0.4168212 0.9089887 1.847345e-06 -0.4168208 0.7629137 -0.2377597 0.6011931 -0.1938223 -0.9770023 0.08887839 0.00423554 -0.9999483 0.009236607 -0.08095067 -0.9809604 -0.1765323 0.9086752 -0.3246207 -0.2625464 -0.5358435 -0.1548805 -0.8299902 0.1080438 -0.04159109 -0.9932758 0.949986 0 -0.3122922 0.9089884 1.82878e-06 -0.4168215 0.9089883 0 -0.4168217 0 -1 -0 0.6567625 -0.6876069 -0.3096121 -0.01270916 -0.999535 -0.02771587 0 -1 0 0 -0.1587526 0.9873185 -0.9364983 0 0.3506722 -0.9754772 0.004655405 0.2200509 -0.9769514 0.007873415 0.2133165 -0.9960316 -0.01029387 0.08840391 -0.9974338 0 0.07159565 -0.9509642 -0.01671241 0.308849 -0.9089921 0 0.4168136 -0.9089884 -3.499842e-05 0.4168213 0.7084115 -0.4290493 0.5604194 -0.9089885 5.695895e-05 0.4168212 -0.908982 0 0.4168353 -1 -9.662848e-07 -1.658148e-07 -1 0 0 -1 0 0 -1 6.588761e-07 -1.658148e-07 -1 0 -0 -1 0 -2.341811e-07 -1 8.409734e-09 -2.320509e-07 -0.5449032 0.8248696 0.1505681 -0.6333674 0.7466771 0.203271 -0.6604505 0.7466778 0.07923069 -0.6604475 0.7466804 0.07922956 -0.7952421 0.5499555 0.2552234 -0.9188032 0.1934756 0.3440463 -0.8508407 0.4531503 0.2659414 -0.9262083 0.3181798 0.2022368 -0.8495864 0.5239122 0.06098319 -0.9417168 0.3168702 0.1129727 -0.9604849 0 -0.2783323 -0.968126 0.02401147 -0.2493099 -0.9952978 0.02395453 -0.09385349 -0.9920282 0 -0.1260163 -0.6625324 0.7490332 0 -0.6625302 0.7490352 -1.102037e-07 -0.9477844 0.3189118 -1.570029e-07 -0.9477844 0.3189118 -1.570029e-07 -0.9301134 -0 -0.3672724 -0.9301134 0 -0.3672724 -0.5398483 0.8270978 -0.1564385 -0.7789784 0.6227335 -0.07345491 -0.7610014 0.6241059 -0.1771118 -0.8092769 0.5496674 -0.2072115 -0.946014 0.1928821 -0.2604879 -0.6582946 0.744242 -0.112925 -0.9440216 0.3176457 -0.0890189 -0.2946726 0.9555983 0 -0.2864255 0.9581009 -0.001755115 -0.09914076 0.9950733 -0.0006077076 -0.1000233 0.994985 -0.0004462428 -0.2945589 0.9552295 -0.02777586 -0.09794327 0.9949524 -0.02183431 -0.09795095 0.9949514 -0.02184813 -0.2763821 0.9590685 -0.0616475 -0.2841746 0.9552296 -0.08234876 -0.5211957 0.8282511 -0.2058038 -0.5211949 0.8282515 -0.2058035 -0.7751415 0.5526946 -0.306079 -0.7751424 0.5526932 -0.3060793 -0.9124498 0.1939611 -0.3602977 -0.9124505 0.1939576 -0.3602979 -0.8720388 0 -0.4894368 -0.8669798 -0.008061672 -0.498278 -0.6385767 0.03826165 -0.7686064 -0.6873551 -0.02126382 -0.7260102 -0.8059414 0.02596437 -0.5914258 -0.4645183 0.00954969 -0.8855121 -0.4501441 -0.00849831 -0.8929155 -0.2388616 0.006337436 -0.971033 -0.1747836 -0.04090562 -0.9837568 0.1630676 0.02871142 -0.9861971 0.1149994 -0.01913507 -0.9931812 -0.05532596 0.01452375 -0.9983628 0.3652794 0.01913929 -0.9307011 0.3952491 -0.0148788 -0.9184535 0.6421265 0.02330332 -0.7662445 0.6014935 -0.04403668 -0.797663 0.7143937 0.03834755 -0.6986923 0.8307912 0.004750166 -0.556564 0.8352525 -0.004513071 -0.549848 0.950838 0.004265932 -0.3096594 0.9577597 -0.01913483 -0.2869325 0.9994054 0.008429141 0.03343011 0.9999027 -0.01395541 3.180203e-05 0.9962698 0.02176299 -0.08350297 0.9588524 -0.008276409 0.2837844 0.957848 -0.01195353 0.2870269 0.859275 0.01225609 0.511367 0.8351263 -0.01542906 0.5498419 0.6225265 0.008614971 0.7825513 0.6421555 -0.0172727 0.7663797 0.7942654 0.0189658 0.6072749 0.9013181 -0.274648 0.3349539 0.0004231149 -0.9999998 -0.0001940214 0 -1 0 -0.6773228 -0.7272936 -0.1108051 0 -1 0 0 -1 0 -0 -1 -0 0 -1 0 0 -1 -0 0 -1 0 8.941851e-06 -1 1.950026e-05 0 -1 0 0 -1 -0 0 -1 0 0 -1 -0 0 -1 0 0 -1 -0 0 -1 0 0 -1 0 0 -1 0 -0 -1 0 0 -1 0 -0 -1 0 0 -1 0 -0 -1 0 0 -1 0 -0 -1 0 0 -1 0 0 -1 0 0 -1 -0 0 -1 0 0 -1 -0 0 -1 0 0 -1 -0 0 -1 0 0 -1 -0 0 -1 0 0 -1 -0 0 -1 0 0 -1 0 0 -1 0 0 -1 0 0 -1 -0 0 -1 0 0 -1 0 -0 -1 0 0 -1 0 -0 -1 0 0 -1 0 -0 -1 0 0 -1 0 -0 -1 0 0 -1 0 -0 -1 0 0 -1 0 -0 -1 0 0 -1 0 -0 -1 0 0 -1 0 0 -1 0 0 -1 -0 0 -1 0 0 -1 -0 0 -1 0 0 -1 -0 0 -1 0 0 -1 -0 0 -1 0 0 -1 -0 0 -1 0 -0 -1 0 0 -1 0 -0 -1 0 0 -1 0 -0 -1 0 0 -1 0 -0 -1 0 0 -1 0 -0 -1 0 0 -1 0 -0 -1 0 0 -1 0 -0 -1 0 0 -1 0 0 -1 -0 0.9903085 5.615934e-07 -0.1388847 0.9903086 3.572984e-07 -0.1388847 0.9903085 9.340571e-08 -0.1388847 0.9903086 6.881333e-08 -0.1388847 0.9903085 1.279459e-07 -0.1388847 0.9903085 -1.290752e-07 -0.1388848 0.9903086 2.722867e-07 -0.1388846 0.6415595 0.01761178 0.7668711 0.6848006 -0.02460868 0.7283148 0.8338181 0.01761226 0.5517583 0.8444558 2.288468e-07 0.5356252 0.9417754 2.498367e-07 0.3362423 0.9561123 0.03788041 0.2905415 0.9990836 9.025025e-08 -0.04280087 0.9993652 0.03520793 0.005443255 0.992448 -0.007593734 0.1224313 0.6891419 0.003221583 -0.7246192 0.727991 -0.03868214 -0.6844947 0.9328771 0.02947439 -0.358987 0.911045 -0.0211134 -0.411766 0.8260397 0.01453521 -0.5634243 0.9912269 0.01832606 -0.1308948 0.9954083 -0.0168855 -0.0942189 0.9494304 0.006972953 0.3139001 0.9713849 -0.04431016 0.2333409 0.9930097 0.01205569 0.1174161 0.8463342 -0.00955904 0.5325665 0.8440446 -0.01371536 0.5360975 0.5432763 0.009788841 0.839497 0.6241147 -0.04501468 0.7800349 0.699862 0.009788628 0.714211 0.3339077 -0.01414232 0.9424997 0.3378875 -0.009844465 0.941135 -0.1032912 0.01205608 0.9945781 0.01455489 -0.04431039 0.9989118 0.09796724 0.006972384 0.9951652 -0.3483975 -0.02235006 0.9370804 -0.3102982 0.0164726 0.9504965 -0.5502723 0.02922792 0.8344735 -0.6016361 -0.01803006 0.7985668 -0.8559431 0 0.51707 -0.8275259 -0.03868087 0.5600934 -0.7102429 0.02464106 0.7035253 0.7040895 0.008995613 -0.7100542 0.9614593 2.759818e-07 -0.2749472 0.9639088 -0.007096559 -0.266138 0.8630123 0.01022917 -0.5050793 0.8012288 -0.06007846 -0.5953344 0.9449832 0.08715974 0.3152933 0.9470297 0.3177483 -0.04659063 0.6659473 0.7459943 -0.002557235 0.9389887 0.3415873 -0.0402264 0.8675637 0.4782527 0.1364093 0.9300888 0.1742017 0.3234017 0.603604 0.4728121 0.6419587 0.7373239 0.1486161 0.6589891 0.7272407 0.5082755 0.4612775 0.5356161 0.4748823 0.6982852 0.3708156 0.218817 -0.9025601 -0.3242938 0.6114292 -0.721795 -0.8640872 0.1926708 -0.4650067 -0.613534 0.3629053 -0.7013386 -0.6606193 0.4979752 -0.5617854 -0.09696947 0.4423161 -0.8916016 -0.04192838 0.6525299 -0.756602 -0.2250899 0.3346977 -0.9150475 0.1513495 0.1596971 -0.9754949 0.5227745 0.3728115 -0.766628 0.6745728 0.626031 -0.3911994 0.7609348 0.6342928 -0.1365681 0.9177344 0.2616012 -0.2988786 0.9262263 0.2587636 0.2741283 0.7682768 0.634155 0.08716709 0.5704879 0.4003249 0.7171357 0.6523837 0.5026045 0.5672601 0.6927993 0.6371775 0.3376891 -0.7291052 0.5492134 -0.4083751 0.540018 0.7423971 0.3965188 0.7456211 0.5637144 0.355352 0.4440665 0.886635 0.129164 0.8198936 0.5637143 0.1000036 0.6682736 0.7425436 -0.04515689 0.8654842 0.4708444 -0.1710045 0.5345209 0.8111873 -0.2371976 0.7348777 0.5351789 -0.4165794 0.4420776 0.788763 -0.4271071 0.4478064 0.7795233 -0.4379643 0.4436089 0.6752566 -0.5892707 0.1724522 0.8866355 -0.4291126 0.2057158 0.7408172 -0.6394301 0.1637506 0.6762763 -0.7182174 0.0162966 0.8567238 -0.5155178 -0.09344347 0.5030664 -0.8591812 -0.1831654 0.8111874 -0.5553607 -0.3384154 0.5432526 -0.7683434 -0.3771647 0.7433543 -0.5524231 -0.61304 0.6230836 -0.4857456 -0.6938789 0.6223115 -0.3622986 -0.4642553 0.8199905 -0.3347873 0.2309751 0.9251893 0.3011234 0.07314462 0.9954566 0.06095912 0.08496337 0.9953364 0.04567959 0.07685228 0.996695 0.02631993 0.1002746 0.9949329 0.007313912 0.08790374 0.9956194 -0.03185681 0.05674222 0.9975246 -0.04153343 0.05909251 0.9966186 -0.05709139 0.02852875 0.9949 -0.09674751 0.00125587 0.9969991 -0.07740293 -0.01972367 0.9951743 -0.09612059 -0.06053664 0.9952262 -0.07655127 -0.06091554 0.9961304 -0.06335246 -0.08714072 0.9947721 -0.05324359 -0.2627856 0.9550483 -0.1372096 -0.2395349 0.9596163 -0.1475112 -0.216366 0.9489086 -0.2296916 -0.1916478 0.9510726 -0.2423471 -0.1926663 0.9528658 -0.2343642 -0.06135955 0.9522698 -0.2990273 -0.07931704 0.9674054 -0.2404906 0.009442219 0.9543035 -0.29869 0.07445184 0.9647328 -0.2524832 0.1126992 0.9532357 -0.2804292 0.2173559 0.9532358 -0.2099953 0.2173558 0.9532358 -0.2099953 0.2841437 0.9532357 -0.1029752 0.2490073 0.9621774 -0.1104988 0.3056086 0.9519333 -0.02065072 0.2754095 0.9611171 0.02008805 0.3131577 0.9453228 0.09108707 0.2432178 0.9611171 0.1307633 0.2488867 0.9445289 0.2142909 0.171763 0.9521196 0.2529144 0.2000598 0.9748409 0.09829271 -0.274361 0.9555106 -0.1082838 -0.274079 0.9555982 -0.1082252 -0.09219521 0.9950733 -0.0364575 -0.0908029 0.9952123 -0.03615603 -0.509359 0.8282504 0.2335693 -0.5093577 0.8282514 0.2335687 -0.7575349 0.5526968 0.3473716 -0.7575333 0.5526995 0.3473708 -0.8917271 0.1939548 0.4089061 -0.891727 0.1939563 0.408906 -0.09913511 0.9950165 0.01069691 -0.09280023 0.9955207 0.01807358 -0.09464364 0.9950088 0.03162246 -0.282412 0.9550018 0.09063645 -0.2841705 0.9540608 0.09494745 -0.2978838 0.9540609 0.03214237 -0.2944886 0.9550017 0.03532787 -0.787425 0.189843 0.5864483 0.5101946 0.3437472 0.7883776 0.8299352 0.5542849 -0.06305404 0.5717009 0.6119262 -0.5465385 0.6065028 0.4748267 -0.6377257 0.7920888 0.5021878 -0.3469911 0.7718823 0.3563868 -0.5264847 0.6982397 0.6751187 0.2380678 0.7224936 0.6488019 0.2388704 0.9303384 0.3498131 0.1100056 0.5339516 0.6580787 0.5308748 0.5030273 0.6953021 0.5133407 0.8196583 0.2492612 0.5157803 0.2544354 0.6315923 0.7323617 0.2648312 0.6091595 0.7475219 -0.2812254 0.4176667 0.8639831 -0.05823568 0.5243053 0.8495367 -0.07921431 0.6418296 0.7627449 0.09226814 0.3361636 0.937273 -0.7535725 0.4742315 0.4552285 -0.6438891 0.4750092 0.5998109 -0.7004403 0.5484942 0.456659 0.4650226 0.8457294 0.261717 0.8930133 0.3313928 0.3044767 0.4698142 0.8814639 0.04791519 0.8246384 0.5620928 -0.06342949 0.5900323 0.7776984 -0.2169035 0.6255877 0.7399989 -0.2470661 0.4905362 0.7420492 -0.4568777 0.6866853 0.2496908 0.6827283 -0.4752141 0.8257165 0.3039139 -0.4805033 0.6811167 0.5524459 -0.4676768 0.5858608 0.6618501 -0.2788173 0.7345158 0.6186658 -0.02945883 0.7430835 0.6685498 0.2080895 0.7397246 0.6399269 0.2499558 0.6479878 0.7194678 0.4080846 0.7612047 0.5040182 -0.2678533 0.9555985 0.1228255 -0.2678538 0.9555984 0.1228258 -0.09011714 0.9950735 0.04132355 -0.08849964 0.9952609 0.04029332 0.4900418 0.7609534 -0.4252164 0.5880966 0.8058739 -0.06862666 0.720188 0.4672237 -0.5128657 0.6520599 0.748749 -0.1191337 0.9081032 0.31547 -0.2753675 0.1251259 0.9830437 -0.1340466 -0.0791594 0.9947315 0.06513804 -0.07187922 0.9952 0.06641117 -0.03889193 0.9950774 0.09115105 -0.01138006 0.9972008 0.07389912 0.02372953 0.9951515 0.09544932 0.06857786 0.9954829 0.06565753 0.06132278 0.9977639 0.02658523 0.08057636 0.9966527 0.01380856 0.0895013 0.9955612 -0.02910974 0.06866886 0.9965315 -0.04700731 0.2660773 0.9239042 -0.2749614 0.2278087 0.9553716 -0.188065 0.2877509 0.9518455 -0.105781 0.2780354 0.9563047 -0.09042931 0.3094651 0.9503869 0.03156158 0.2832159 0.9578273 0.04853536 0.2697069 0.9509034 0.1517924 0.1832349 0.9672894 0.175432 0.1783306 0.959003 0.2202531 -0.2346532 0.952709 0.1930895 -0.2352567 0.9520217 0.1957268 -0.2299353 0.9493897 0.2139835 -0.1052884 0.9633389 0.2467645 -0.09473632 0.9532533 0.2869376 -0.04366158 0.9457732 0.3218797 0.06635807 0.961432 0.2669177 0.09164582 0.9550763 0.2818337 0.6561144 0.7490307 -0.09201602 0.6561138 0.7490312 -0.09201588 0.9385982 0.3189141 -0.1316326 0.9385986 0.318913 -0.1316327 0.3148793 0.9441832 0.0967948 0.2999315 0.9486973 0.1000721 0.2517727 0.9412624 0.2250239 0.2698271 0.9232443 0.27352 0.3284822 0.9438995 -0.03395796 0.3298712 0.9434467 -0.03306456 0.2355319 0.9718444 -0.006571119 0.05999718 0.9966668 0.05527659 0.08444323 0.9923905 0.08961254 0.1313827 0.9905087 0.04038743 0.1440262 0.9887586 0.04016073 0.08457177 0.995977 -0.02962086 0.1541948 0.9789598 0.1336474 0.1629486 0.9866047 -0.007673563 0.05905585 0.9978845 -0.02718393 0.319753 0.9428663 -0.09360074 0.3232013 0.9220973 -0.2127852 0.2288437 0.9706217 -0.07432275 0.1249712 0.9840271 -0.1267787 0.0133624 0.999779 -0.01623008 0.2090491 0.9777578 -0.016979 0.2411365 0.9697872 0.03696059 0.3268403 0.9439674 -0.04583733 0.3268402 0.9439674 -0.04583733 0.2319722 0.9721782 -0.03253267 0.2319722 0.9721782 -0.03253267 0.1703967 0.9850857 -0.02389709 0.1607809 0.9867159 -0.02326198 0.06283662 0.9979824 -0.00909128 0.06903347 0.9975723 -0.009173162 -0.01437091 0.9997417 -0.01760914 0 1 0 0 1 0 -0 1 0 0 1 -0 0 1 -0 0 1 0 0 1 0 0 1 0 0 1 -0 -0 1 0 0 1 0 0 1 -0 0 1 0 0 1 0 0 1 0 0 1 0 0 1 0 0 1 0 0 1 0 0 1 0 0.01516794 0.9998838 0.001570194 0 1 0 0 1 -0 0.1763236 0.9831593 -0.0480395 0.1891258 0.9542154 0.231742 0 0.9923536 0.1234275 -0.159848 0.9678601 0.1941526 -0.2636852 0.9578111 -0.1143153 0 0.9890738 -0.147421 0.02861213 0.982171 -0.1857997 -0.1414111 0.989951 -6.82489e-09 0 1 0 0 1 0 0.1341926 0.9909552 6.476508e-09 -0.1934206 0.9808398 0.02327745 5.999015e-09 0.9923009 -0.1238505 -0.1360062 0.9755658 -0.1725505 0.140535 0.986849 -0.07986944 0.08290715 0.9882023 -0.1287734 0.01666147 0.9906867 -0.1351382 -8.232235e-09 0.9854518 0.1699557 -0.02949925 0.975858 0.2164045 0.2557545 0.9587608 0.1239652 0.1323113 0.9912082 -0 0 1 0 0 1 -0 -0.1594159 0.9872115 0 0.4417138 -0.2340785 -0.8660809 -0.9868399 -0.1097003 0.1187979 0.5977008 -0.04771367 0.8002982 -0.3406072 0.7712986 -0.5376663 -0.03371707 -0.9401778 0.3390117 0.02180684 -0.7897539 0.6130362 -0.02770775 0.9375817 -0.3466596 0.05689493 0.7904987 -0.6098154 0.1838961 0.6339936 0.7511554 -0.09207268 -0.9877439 0.1260341 -0.02212453 -0.6404908 -0.7676471 -0.1427292 0.9862496 -0.08330839 0.1573225 -0.6271173 0.7628719 -0.02739533 -0.9588225 0.2826814 -0.03716743 0.6198499 -0.7838396 -0.1388463 0.9543416 -0.2644879</float_array>
          <technique_common>
            <accessor count="3920" source="#cubenormals-array0-array" stride="3">
              <param type="float" name="X"/>
              <param type="float" name="Y"/>
              <param type="float" name="Z"/>
            </accessor>
          </technique_common>
        </source>
        <vertices id="cubeverts-array0-vertices">
          <input semantic="POSITION" source="#cubeverts-array0"/>
        </vertices>
        <triangles count="3920" material="ref_link_2_l_stl002">
          <input offset="0" semantic="VERTEX" source="#cubeverts-array0-vertices"/>
          <input offset="1" semantic="NORMAL" source="#cubenormals-array0"/>
          <p>1308 0 1635 0 1610 0 1308 1 1609 1 1635 1 1308 2 1011 2 1305 2 1308 3 1305 3 1524 3 1308 4 1524 4 1609 4 1308 5 675 5 696 5 1308 6 696 6 816 6 1308 7 816 7 1011 7 1308 8 1009 8 814 8 1308 9 814 9 697 9 1308 10 697 10 675 10 1522 11 1308 11 1610 11 1634 12 1610 12 1635 12 1610 13 1634 13 1608 13 1608 14 1522 14 1610 14 1522 15 1608 15 1521 15 1521 16 1308 16 1522 16 1308 17 1521 17 1303 17 1303 18 1009 18 1308 18 1009 19 1303 19 1008 19 1008 20 814 20 1009 20 814 21 1008 21 813 21 813 22 697 22 814 22 697 23 813 23 695 23 695 24 675 24 697 24 675 25 695 25 674 25 674 26 696 26 675 26 696 27 674 27 694 27 694 28 816 28 696 28 816 29 694 29 815 29 815 30 1011 30 816 30 1011 31 815 31 1010 31 1010 32 1305 32 1011 32 1305 33 1010 33 1304 33 1304 34 1524 34 1305 34 1524 35 1304 35 1523 35 1523 36 1609 36 1524 36 1609 37 1523 37 1607 37 1607 38 1635 38 1609 38 1635 39 1607 39 1634 39 674 40 435 40 694 40 1861 41 1634 41 1607 41 1634 42 1861 42 1871 42 1871 43 1608 43 1634 43 695 44 435 44 674 44 1566 45 1523 45 1304 45 1523 46 1566 46 1703 46 1703 47 1607 47 1523 47 1607 48 1703 48 1807 48 1861 49 1607 49 1807 49 694 50 435 50 448 50 538 51 694 51 448 51 694 52 538 52 815 52 815 53 538 53 649 53 649 54 1010 54 815 54 1010 55 649 55 862 55 862 56 1304 56 1010 56 1304 57 862 57 1216 57 1566 58 1304 58 1216 58 528 59 695 59 813 59 435 60 695 60 528 60 691 61 813 61 1008 61 528 62 813 62 691 62 1114 63 1008 63 1303 63 691 64 1008 64 1114 64 1608 65 1871 65 1850 65 1753 66 1608 66 1850 66 1608 67 1753 67 1521 67 1521 68 1753 68 1650 68 1622 69 1521 69 1650 69 1622 70 1303 70 1521 70 1303 71 1622 71 1114 71 448 72 435 72 429 72 1535 73 1388 73 1584 73 1584 74 1622 74 1650 74 429 75 435 75 409 75 409 76 435 76 440 76 528 77 440 77 435 77 440 78 528 78 517 78 691 79 517 79 528 79 517 80 691 80 688 80 1114 81 688 81 691 81 688 82 1114 82 930 82 930 83 1114 83 1388 83 1622 84 1388 84 1114 84 1388 85 1622 85 1584 85 688 86 583 86 517 86 444 87 517 87 583 87 517 88 444 88 440 88 409 89 440 89 444 89 826 90 1388 90 1535 90 1388 91 826 91 930 91 826 92 688 92 930 92 583 93 688 93 826 93 1349 94 1535 94 1541 94 1584 95 1541 95 1535 95 1584 96 1651 96 1541 96 1651 97 1584 97 1650 97 1068 98 1054 98 1067 98 1054 99 1068 99 1055 99 1055 100 1128 100 1054 100 1128 101 1055 101 1129 101 1129 102 1349 102 1128 102 1349 103 1129 103 1350 103 1535 104 1349 104 1350 104 1311 105 1067 105 1310 105 1067 106 1311 106 1068 106 1626 107 1517 107 1627 107 1517 108 1626 108 1518 108 1518 109 1402 109 1517 109 1402 110 1518 110 1403 110 1403 111 1310 111 1402 111 1310 112 1403 112 1311 112 639 113 563 113 562 113 563 114 639 114 640 114 806 115 640 115 639 115 640 116 806 116 805 116 1070 117 805 117 806 117 805 118 1070 118 1069 118 1467 119 1069 119 1070 119 1069 120 1467 120 1466 120 1632 121 1466 121 1467 121 1466 122 1632 122 1633 122 1725 123 1633 123 1632 123 1633 124 1725 124 1726 124 1757 125 1726 125 1725 125 1726 126 1757 126 1758 126 1755 127 1758 127 1757 127 1758 128 1755 128 1756 128 1717 129 1756 129 1755 129 1756 130 1717 130 1718 130 1626 131 1718 131 1717 131 1718 132 1626 132 1627 132 234 133 563 133 235 133 563 134 234 134 562 134 205 135 179 135 177 135 179 136 205 136 206 136 234 137 206 137 205 137 206 138 234 138 235 138 178 139 177 139 179 139 177 140 178 140 176 140 202 141 231 141 230 141 231 142 202 142 203 142 176 143 203 143 202 143 203 144 176 144 178 144 1156 145 1068 145 1311 145 1068 146 1156 146 1055 146 1156 147 1311 147 1403 147 1518 148 1156 148 1403 148 1518 149 1382 149 1156 149 1382 150 1518 150 1626 150 1037 151 202 151 230 151 202 152 1037 152 176 152 1382 153 1626 153 1717 153 1755 154 1382 154 1717 154 1382 155 1755 155 1392 155 1392 156 1755 156 1757 156 1392 157 1757 157 1725 157 1037 158 1055 158 1156 158 1055 159 1037 159 230 159 1055 160 230 160 1129 160 583 161 1129 161 230 161 1037 162 234 162 205 162 1037 163 205 163 177 163 1037 164 177 164 176 164 234 165 1037 165 909 165 909 166 562 166 234 166 562 167 909 167 910 167 910 168 639 168 562 168 910 169 806 169 639 169 806 170 910 170 1093 170 1093 171 1070 171 806 171 1093 172 1467 172 1070 172 1392 173 1467 173 1093 173 1467 174 1392 174 1632 174 1392 175 1725 175 1632 175 1129 176 583 176 826 176 826 177 1350 177 1129 177 1535 178 1350 178 826 178 444 179 230 179 409 179 230 180 444 180 583 180 1392 181 1381 181 1427 181 1392 182 1059 182 1381 182 1059 183 1392 183 1093 183 1059 184 1093 184 910 184 910 185 882 185 1059 185 882 186 910 186 909 186 909 187 939 187 882 187 909 188 1036 188 939 188 1036 189 909 189 1037 189 1037 190 1234 190 1036 190 1234 191 1037 191 1156 191 1234 192 1156 192 1382 192 1382 193 1427 193 1234 193 1427 194 1382 194 1392 194 392 195 230 195 231 195 230 196 392 196 391 196 429 197 391 197 449 197 391 198 429 198 409 198 391 199 409 199 230 199 429 200 449 200 448 200 1851 201 1868 201 1869 201 1850 202 1872 202 1868 202 1872 203 1850 203 1871 203 1861 204 1872 204 1871 204 1872 205 1861 205 1862 205 1807 206 1862 206 1861 206 1862 207 1807 207 1808 207 1703 208 1808 208 1807 208 1808 209 1703 209 1704 209 1566 210 1704 210 1703 210 1704 211 1566 211 1565 211 1216 212 1565 212 1566 212 1565 213 1216 213 1215 213 862 214 1215 214 1216 214 1215 215 862 215 861 215 649 216 861 216 862 216 861 217 649 217 650 217 538 218 650 218 649 218 650 219 538 219 539 219 448 220 539 220 538 220 539 221 448 221 449 221 1868 222 1851 222 1850 222 1754 223 1850 223 1851 223 1850 224 1754 224 1753 224 1651 225 1753 225 1754 225 1753 226 1651 226 1650 226 1868 227 1803 227 1793 227 1803 228 1868 228 1872 228 1872 229 1769 229 1803 229 1769 230 1872 230 1862 230 1862 231 1707 231 1769 231 1707 232 1862 232 1808 232 1808 233 1595 233 1707 233 1595 234 1808 234 1704 234 1595 235 1704 235 1565 235 1565 236 1369 236 1595 236 1369 237 1565 237 1215 237 1215 238 956 238 1369 238 956 239 1215 239 861 239 861 240 715 240 956 240 715 241 861 241 650 241 650 242 601 242 715 242 601 243 650 243 539 243 539 244 523 244 601 244 523 245 539 245 449 245 449 246 485 246 523 246 485 247 449 247 391 247 486 248 391 248 392 248 391 249 486 249 485 249 1869 250 1793 250 1794 250 1793 251 1869 251 1868 251 231 252 924 252 392 252 206 253 671 253 757 253 671 254 206 254 235 254 671 255 235 255 655 255 203 256 924 256 231 256 924 257 203 257 178 257 178 258 757 258 924 258 757 259 178 259 179 259 206 260 757 260 179 260 924 261 954 261 713 261 602 262 924 262 713 262 602 263 392 263 924 263 392 264 602 264 524 264 392 265 524 265 486 265 1553 266 1627 266 1517 266 1517 267 1203 267 1553 267 1302 268 1466 268 1633 268 1633 269 1630 269 1302 269 1630 270 1633 270 1726 270 1630 271 1726 271 1758 271 1758 272 1654 272 1630 272 1654 273 1758 273 1756 273 1756 274 1553 274 1654 274 1553 275 1756 275 1718 275 1627 276 1553 276 1718 276 655 277 235 277 563 277 563 278 726 278 655 278 726 279 563 279 640 279 640 280 1302 280 726 280 1302 281 640 281 805 281 1302 282 805 282 1069 282 1466 283 1302 283 1069 283 1794 284 1851 284 1869 284 1851 285 1794 285 1770 285 1770 286 1754 286 1851 286 1754 287 1770 287 1708 287 1708 288 1651 288 1754 288 1651 289 1708 289 1593 289 1593 290 1541 290 1651 290 1541 291 1593 291 1367 291 1203 292 1517 292 1402 292 1203 293 1402 293 1310 293 1310 294 924 294 1203 294 924 295 1310 295 1067 295 1054 296 924 296 1067 296 924 297 1054 297 954 297 1128 298 954 298 1054 298 954 299 1128 299 1367 299 1349 300 1367 300 1128 300 1541 301 1367 301 1349 301 524 302 485 302 486 302 485 303 522 303 484 303 484 304 523 304 485 304 523 305 484 305 521 305 521 306 601 306 523 306 601 307 521 307 599 307 599 308 715 308 601 308 715 309 599 309 714 309 714 310 956 310 715 310 956 311 714 311 957 311 957 312 1369 312 956 312 1369 313 957 313 1370 313 1370 314 1595 314 1369 314 1595 315 1370 315 1594 315 1594 316 1707 316 1595 316 1707 317 1594 317 1705 317 1705 318 1769 318 1707 318 1769 319 1705 319 1767 319 1767 320 1803 320 1769 320 1803 321 1767 321 1802 321 1802 322 1793 322 1803 322 1793 323 1802 323 1768 323 1768 324 1794 324 1793 324 485 325 524 325 522 325 524 326 600 326 522 326 600 327 524 327 602 327 602 328 712 328 600 328 712 329 602 329 713 329 713 330 955 330 712 330 955 331 713 331 954 331 954 332 1368 332 955 332 1368 333 954 333 1367 333 1367 334 1592 334 1368 334 1592 335 1367 335 1593 335 1593 336 1706 336 1592 336 1706 337 1593 337 1708 337 1708 338 1768 338 1706 338 1768 339 1708 339 1770 339 1794 340 1768 340 1770 340 676 341 671 341 655 341 676 342 757 342 671 342 990 343 924 343 757 343 990 344 1203 344 924 344 1203 345 990 345 1454 345 1454 346 1553 346 1203 346 1619 347 1553 347 1454 347 1619 348 1654 348 1553 348 1630 349 1559 349 1302 349 1630 350 1654 350 1640 350 1559 351 1630 351 1640 351 1282 352 1302 352 1559 352 885 353 1302 353 1282 353 885 354 726 354 1302 354 726 355 885 355 689 355 689 356 655 356 726 356 703 357 757 357 676 357 757 358 703 358 846 358 846 359 990 359 757 359 1454 360 990 360 1445 360 1654 361 1619 361 1640 361 1445 362 1543 362 1619 362 1619 363 1543 363 1640 363 1559 364 1640 364 1543 364 1559 365 1227 365 1282 365 1227 366 885 366 1282 366 885 367 1227 367 801 367 885 368 801 368 689 368 672 369 689 369 801 369 689 370 672 370 655 370 655 371 672 371 676 371 676 372 672 372 703 372 846 373 703 373 672 373 846 374 1445 374 990 374 1619 375 1454 375 1445 375 672 376 733 376 784 376 672 377 801 377 733 377 1227 378 1559 378 1539 378 1539 379 1559 379 1543 379 846 380 784 380 980 380 784 381 846 381 672 381 1445 382 980 382 1543 382 980 383 1445 383 846 383 940 384 980 384 784 384 980 385 940 385 1377 385 1377 386 1543 386 980 386 1513 387 1543 387 1377 387 1513 388 1539 388 1543 388 890 389 801 389 1227 389 801 390 890 390 733 390 1323 391 1539 391 1513 391 1539 392 1323 392 1227 392 1323 393 890 393 1227 393 808 394 733 394 890 394 733 395 808 395 784 395 940 396 784 396 808 396 890 397 970 397 808 397 970 398 890 398 1323 398 1377 399 1204 399 1513 399 1204 400 1377 400 940 400 867 401 940 401 808 401 940 402 867 402 1005 402 1005 403 1204 403 940 403 1447 404 1513 404 1204 404 1463 405 1513 405 1447 405 1463 406 1323 406 1513 406 1383 407 1323 407 1463 407 867 408 808 408 970 408 970 409 932 409 867 409 932 410 970 410 1073 410 1073 411 970 411 1323 411 1323 412 1383 412 1073 412 1204 413 1005 413 1124 413 1204 414 1124 414 1447 414 1471 415 1447 415 1124 415 1447 416 1471 416 1463 416 1383 417 1463 417 1471 417 1033 418 1073 418 1383 418 1073 419 1033 419 932 419 1383 420 1471 420 1033 420 868 421 1124 421 1005 421 868 422 1005 422 867 422 868 423 867 423 932 423 932 424 1033 424 868 424 1474 425 1471 425 1124 425 1201 426 1033 426 1471 426 1474 427 1124 427 1140 427 1140 428 1124 428 868 428 1033 429 807 429 868 429 1201 430 1471 430 1474 430 1033 431 1201 431 807 431 1140 432 868 432 807 432 1072 433 599 433 915 433 915 434 599 434 521 434 915 435 521 435 484 435 484 436 1039 436 915 436 1354 437 1802 437 1391 437 1391 438 1802 438 1767 438 1391 439 1767 439 1705 439 1705 440 1072 440 1391 440 1072 441 1705 441 1594 441 1072 442 1594 442 1370 442 1072 443 1370 443 957 443 1072 444 957 444 714 444 599 445 1072 445 714 445 1039 446 484 446 522 446 600 447 1039 447 522 447 1039 448 600 448 712 448 1039 449 712 449 955 449 1039 450 955 450 1368 450 1368 451 1354 451 1039 451 1354 452 1368 452 1592 452 1354 453 1592 453 1706 453 1354 454 1706 454 1768 454 1802 455 1354 455 1768 455 1391 456 1355 456 1354 456 1355 457 1391 457 1180 457 1072 458 1180 458 1391 458 1180 459 1072 459 1042 459 915 460 1042 460 1072 460 1042 461 915 461 991 461 1039 462 991 462 915 462 1039 463 1355 463 991 463 1355 464 1039 464 1354 464 1042 465 1355 465 1180 465 1042 466 991 466 1355 466 1101 467 1496 467 1662 467 1140 468 904 468 1101 468 1642 469 1201 469 1474 469 1140 470 1101 470 1662 470 1662 471 1474 471 1140 471 1642 472 1474 472 1662 472 918 473 1201 473 1642 473 904 474 807 474 644 474 904 475 1140 475 807 475 903 476 1102 476 1101 476 903 477 809 477 1102 477 918 478 807 478 1201 478 807 479 918 479 644 479 1662 480 1720 480 1642 480 1660 481 1642 481 1720 481 1579 482 1642 482 1660 482 1351 483 1642 483 1579 483 1642 484 1351 484 918 484 907 485 918 485 1351 485 1660 486 1720 486 1715 486 1720 487 1662 487 1682 487 1496 488 1682 488 1662 488 1682 489 1496 489 1548 489 797 490 903 490 876 490 903 491 797 491 809 491 693 492 907 492 718 492 918 493 907 493 693 493 693 494 718 494 646 494 798 495 718 495 907 495 646 496 718 496 798 496 1548 497 1603 497 1682 497 1682 498 1603 498 1716 498 1716 499 1720 499 1682 499 1720 500 1716 500 1715 500 1660 501 1716 501 1438 501 1716 502 1660 502 1715 502 1438 503 1579 503 1660 503 1579 504 1438 504 1351 504 1438 505 907 505 1351 505 907 506 1438 506 798 506 1101 507 1341 507 1496 507 1341 508 1548 508 1496 508 1101 509 1164 509 1341 509 1101 510 1102 510 1164 510 1341 511 1287 511 1548 511 1603 512 1548 512 1287 512 693 513 644 513 918 513 644 514 693 514 571 514 646 515 571 515 693 515 571 516 646 516 550 516 565 517 625 517 571 517 644 518 571 518 625 518 550 519 565 519 571 519 479 520 565 520 550 520 904 521 1032 521 1101 521 912 522 1032 522 904 522 659 523 748 523 644 523 644 524 625 524 659 524 904 525 748 525 912 525 904 526 644 526 748 526 625 527 543 527 670 527 543 528 625 528 565 528 912 529 748 529 670 529 659 530 670 530 748 530 659 531 625 531 670 531 912 532 926 532 1032 532 565 533 479 533 543 533 926 534 670 534 493 534 493 535 670 535 543 535 926 536 912 536 670 536 479 537 469 537 543 537 493 538 469 538 605 538 469 539 493 539 543 539 876 540 903 540 1032 540 1032 541 903 541 1101 541 926 542 876 542 1032 542 797 543 836 543 758 543 836 544 797 544 876 544 576 545 836 545 605 545 836 546 576 546 758 546 926 547 605 547 836 547 469 548 587 548 605 548 605 549 926 549 493 549 836 550 876 550 926 550 587 551 560 551 605 551 605 552 560 552 576 552 587 553 467 553 604 553 587 554 469 554 467 554 423 555 467 555 461 555 604 556 423 556 557 556 423 557 604 557 467 557 587 558 557 558 560 558 557 559 587 559 604 559 461 560 469 560 479 560 469 561 461 561 467 561 424 562 576 562 560 562 423 563 560 563 557 563 560 564 423 564 424 564 797 565 1102 565 809 565 1102 566 797 566 1133 566 1102 567 1133 567 1164 567 758 568 1133 568 797 568 758 569 424 569 1133 569 424 570 758 570 576 570 550 571 646 571 296 571 461 572 479 572 550 572 550 573 423 573 461 573 423 574 550 574 296 574 296 575 424 575 423 575 424 576 296 576 297 576 1100 577 1133 577 1099 577 1164 578 1287 578 1341 578 1164 579 1100 579 1287 579 1133 580 1100 580 1164 580 987 581 1099 581 952 581 1100 582 1099 582 987 582 942 583 1100 583 987 583 952 584 908 584 987 584 669 585 908 585 952 585 872 586 987 586 908 586 942 587 987 587 872 587 908 588 669 588 872 588 669 589 952 589 436 589 872 590 852 590 942 590 567 591 872 591 669 591 537 592 567 592 669 592 537 593 623 593 567 593 852 594 872 594 823 594 823 595 825 595 852 595 825 596 823 596 822 596 537 597 436 597 487 597 669 598 436 598 537 598 623 599 537 599 530 599 424 600 1099 600 1133 600 1099 601 424 601 297 601 294 602 1099 602 297 602 1099 603 294 603 436 603 267 604 294 604 297 604 436 605 952 605 1099 605 267 606 290 606 294 606 290 607 267 607 269 607 269 608 267 608 251 608 267 609 297 609 296 609 267 610 296 610 251 610 251 611 241 611 269 611 436 612 294 612 359 612 269 613 354 613 290 613 290 614 354 614 359 614 359 615 294 615 290 615 354 616 355 616 359 616 280 617 355 617 354 617 269 618 280 618 354 618 269 619 241 619 280 619 487 620 436 620 358 620 359 621 358 621 436 621 358 622 359 622 355 622 355 623 280 623 358 623 244 624 280 624 241 624 280 625 244 625 248 625 244 626 242 626 243 626 242 627 244 627 241 627 487 628 358 628 466 628 466 629 537 629 487 629 537 630 466 630 530 630 623 631 530 631 643 631 623 632 643 632 702 632 567 633 623 633 872 633 623 634 823 634 872 634 823 635 708 635 822 635 623 636 702 636 823 636 823 637 702 637 708 637 702 638 643 638 708 638 708 639 643 639 651 639 708 640 651 640 645 640 466 641 651 641 643 641 643 642 530 642 466 642 273 643 466 643 358 643 358 644 280 644 273 644 651 645 466 645 273 645 273 646 645 646 651 646 645 647 273 647 292 647 248 648 273 648 280 648 244 649 247 649 248 649 247 650 244 650 243 650 247 651 273 651 248 651 273 652 247 652 283 652 273 653 283 653 292 653 761 654 790 654 708 654 708 655 645 655 761 655 242 656 262 656 243 656 250 657 262 657 242 657 243 658 262 658 247 658 283 659 247 659 343 659 247 660 262 660 343 660 343 661 385 661 283 661 822 662 708 662 790 662 822 663 824 663 825 663 822 664 821 664 824 664 790 665 821 665 822 665 790 666 761 666 744 666 839 667 889 667 919 667 889 668 839 668 821 668 824 669 821 669 839 669 858 670 889 670 821 670 790 671 744 671 821 671 858 672 821 672 744 672 919 673 889 673 917 673 889 674 858 674 917 674 917 675 664 675 818 675 664 676 917 676 858 676 818 677 884 677 917 677 438 678 464 678 432 678 464 679 438 679 532 679 546 680 656 680 664 680 656 681 546 681 532 681 464 682 532 682 546 682 818 683 656 683 884 683 656 684 818 684 664 684 432 685 489 685 414 685 414 686 489 686 590 686 664 687 590 687 489 687 590 688 664 688 858 688 489 689 432 689 464 689 464 690 546 690 489 690 664 691 489 691 546 691 438 692 432 692 406 692 386 693 406 693 387 693 393 694 387 694 432 694 432 695 414 695 393 695 432 696 387 696 406 696 414 697 388 697 312 697 312 698 393 698 414 698 312 699 387 699 393 699 387 700 312 700 286 700 1287 701 1036 701 1234 701 798 702 1059 702 646 702 646 703 1059 703 882 703 882 704 296 704 646 704 1603 705 1234 705 1427 705 1234 706 1603 706 1287 706 1059 707 798 707 1438 707 1059 708 1438 708 1381 708 1381 709 1438 709 1716 709 1716 710 1427 710 1381 710 1603 711 1427 711 1716 711 1100 712 1036 712 1287 712 839 713 386 713 282 713 282 714 824 714 839 714 282 715 825 715 824 715 304 716 282 716 274 716 282 717 304 717 1036 717 1036 718 852 718 282 718 825 719 282 719 852 719 852 720 1100 720 942 720 1100 721 852 721 1036 721 939 722 296 722 882 722 939 723 251 723 296 723 251 724 939 724 1036 724 251 725 1036 725 241 725 1036 726 242 726 241 726 406 727 386 727 438 727 438 728 386 728 532 728 839 729 532 729 386 729 532 730 839 730 656 730 919 731 656 731 839 731 919 732 884 732 656 732 250 733 242 733 1036 733 250 734 1036 734 304 734 919 735 917 735 884 735 386 736 286 736 282 736 387 737 286 737 386 737 282 738 286 738 274 738 286 739 341 739 274 739 377 740 337 740 341 740 274 741 341 741 337 741 312 742 388 742 341 742 286 743 312 743 341 743 304 744 337 744 262 744 262 745 250 745 304 745 337 746 304 746 274 746 262 747 374 747 343 747 374 748 262 748 337 748 343 749 374 749 385 749 337 750 377 750 374 750 385 751 292 751 283 751 385 752 645 752 292 752 385 753 761 753 645 753 388 754 744 754 761 754 388 755 414 755 590 755 858 756 388 756 590 756 388 757 858 757 744 757 761 758 385 758 388 758 388 759 385 759 377 759 341 760 388 760 377 760 385 761 374 761 377 761 1501 762 1465 762 1495 762 1472 763 1465 763 1501 763 1472 764 1495 764 1465 764 1472 765 1501 765 1495 765 851 766 817 766 844 766 853 767 817 767 851 767 853 768 851 768 844 768 853 769 844 769 817 769 1116 770 1329 770 1348 770 1116 771 916 771 1329 771 1116 772 947 772 916 772 1116 773 1348 773 947 773 1012 774 1348 774 1401 774 1348 775 1012 775 947 775 888 776 947 776 1012 776 947 777 888 777 916 777 1207 778 916 778 888 778 916 779 1207 779 1329 779 1401 780 1329 780 1207 780 1329 781 1401 781 1348 781 1314 782 1012 782 1401 782 1012 783 1314 783 1048 783 1012 784 1048 784 873 784 1012 785 873 785 791 785 791 786 888 786 1012 786 888 787 791 787 746 787 888 788 746 788 802 788 888 789 802 789 899 789 899 790 1207 790 888 790 1207 791 899 791 1084 791 1207 792 1084 792 1360 792 1207 793 1360 793 1498 793 1498 794 1401 794 1207 794 1401 795 1498 795 1556 795 1401 796 1556 796 1550 796 1401 797 1550 797 1486 797 1401 798 1486 798 1314 798 1550 799 1487 799 1486 799 1315 800 1486 800 1487 800 1486 801 1315 801 1314 801 1049 802 1314 802 1315 802 1314 803 1049 803 1048 803 874 804 1048 804 1049 804 1048 805 874 805 873 805 792 806 873 806 874 806 873 807 792 807 791 807 747 808 791 808 792 808 791 809 747 809 746 809 803 810 746 810 747 810 746 811 803 811 802 811 900 812 802 812 803 812 802 813 900 813 899 813 1085 814 899 814 900 814 899 815 1085 815 1084 815 1361 816 1084 816 1085 816 1084 817 1361 817 1360 817 1499 818 1360 818 1361 818 1360 819 1499 819 1498 819 1557 820 1498 820 1499 820 1498 821 1557 821 1556 821 1551 822 1556 822 1557 822 1556 823 1551 823 1550 823 1487 824 1550 824 1551 824 1332 825 1049 825 1315 825 1049 826 1332 826 1043 826 1043 827 874 827 1049 827 874 828 1043 828 857 828 857 829 792 829 874 829 792 830 857 830 742 830 742 831 747 831 792 831 747 832 742 832 721 832 721 833 803 833 747 833 803 834 721 834 762 834 762 835 900 835 803 835 900 836 762 836 875 836 875 837 1085 837 900 837 1085 838 875 838 1080 838 1080 839 1361 839 1085 839 1361 840 1080 840 1394 840 1394 841 1499 841 1361 841 1499 842 1394 842 1533 842 1533 843 1557 843 1499 843 1557 844 1533 844 1585 844 1585 845 1551 845 1557 845 1551 846 1585 846 1580 846 1580 847 1487 847 1551 847 1487 848 1580 848 1508 848 1508 849 1315 849 1487 849 1315 850 1508 850 1332 850 1580 851 1448 851 1508 851 1508 852 1448 852 1332 852 1044 853 1332 853 1448 853 1332 854 1044 854 1043 854 810 855 1043 855 1044 855 1043 856 810 856 857 856 857 857 810 857 742 857 736 858 742 858 810 858 742 859 736 859 721 859 721 860 736 860 762 860 986 861 762 861 736 861 762 862 986 862 875 862 875 863 986 863 1080 863 1393 864 1080 864 986 864 1080 865 1393 865 1394 865 1560 866 1394 866 1393 866 1394 867 1560 867 1533 867 1533 868 1560 868 1585 868 1580 869 1585 869 1560 869 887 870 810 870 1044 870 810 871 887 871 735 871 810 872 735 872 668 872 668 873 736 873 810 873 736 874 668 874 653 874 736 875 653 875 687 875 687 876 986 876 736 876 986 877 687 877 796 877 986 878 796 878 985 878 985 879 1393 879 986 879 1393 880 985 880 1277 880 1393 881 1277 881 1516 881 1516 882 1560 882 1393 882 1560 883 1516 883 1615 883 1560 884 1615 884 1653 884 1653 885 1580 885 1560 885 1580 886 1653 886 1644 886 1644 887 1448 887 1580 887 1448 888 1644 888 1587 888 1448 889 1587 889 1462 889 1462 890 1044 890 1448 890 1044 891 1462 891 1137 891 887 892 1044 892 1137 892 1644 893 1586 893 1587 893 1461 894 1587 894 1586 894 1587 895 1461 895 1462 895 1138 896 1462 896 1461 896 1462 897 1138 897 1137 897 886 898 1137 898 1138 898 1137 899 886 899 887 899 734 900 887 900 886 900 887 901 734 901 735 901 667 902 735 902 734 902 735 903 667 903 668 903 652 904 668 904 667 904 668 905 652 905 653 905 686 906 653 906 652 906 653 907 686 907 687 907 795 908 687 908 686 908 687 909 795 909 796 909 984 910 796 910 795 910 796 911 984 911 985 911 1276 912 985 912 984 912 985 913 1276 913 1277 913 1515 914 1277 914 1276 914 1277 915 1515 915 1516 915 1614 916 1516 916 1515 916 1516 917 1614 917 1615 917 1652 918 1615 918 1614 918 1615 919 1652 919 1653 919 1643 920 1653 920 1652 920 1653 921 1643 921 1644 921 1586 922 1644 922 1643 922 1117 923 1461 923 1586 923 1117 924 1586 924 1643 924 1117 925 1643 925 1652 925 1117 926 734 926 886 926 1117 927 886 927 1138 927 1117 928 1138 928 1461 928 1117 929 686 929 652 929 1117 930 652 930 667 930 1117 931 667 931 734 931 1117 932 1276 932 984 932 1117 933 984 933 795 933 1117 934 795 934 686 934 1614 935 1117 935 1652 935 1117 936 1614 936 1515 936 1117 937 1515 937 1276 937 194 938 225 938 214 938 194 939 213 939 225 939 218 940 213 940 214 940 225 941 220 941 216 941 214 942 217 942 218 942 217 943 214 943 225 943 225 944 216 944 217 944 213 945 220 945 225 945 213 946 218 946 220 946 195 947 216 947 194 947 216 948 195 948 217 948 214 949 201 949 195 949 213 950 201 950 214 950 195 951 194 951 214 951 201 952 213 952 200 952 200 953 213 953 194 953 220 954 222 954 240 954 220 955 218 955 222 955 220 956 201 956 200 956 201 957 220 957 221 957 224 958 221 958 220 958 195 959 218 959 217 959 218 960 195 960 201 960 201 961 222 961 218 961 222 962 201 962 221 962 224 963 220 963 240 963 200 964 216 964 220 964 216 965 200 965 194 965 103 966 221 966 102 966 221 967 103 967 222 967 102 968 104 968 103 968 104 969 102 969 125 969 104 970 125 970 187 970 239 971 187 971 125 971 239 972 300 972 187 972 224 973 240 973 186 973 186 974 122 974 224 974 122 975 172 975 275 975 172 976 122 976 186 976 372 977 307 977 380 977 307 978 372 978 275 978 275 979 172 979 307 979 239 980 257 980 300 980 348 981 257 981 239 981 348 982 239 982 357 982 257 983 295 983 300 983 278 984 257 984 277 984 257 985 278 985 295 985 352 986 300 986 295 986 345 987 278 987 277 987 278 988 345 988 349 988 352 989 348 989 357 989 345 990 352 990 349 990 352 991 345 991 348 991 327 992 278 992 349 992 278 993 327 993 295 993 328 994 352 994 295 994 328 995 349 995 352 995 327 996 349 996 328 996 327 997 345 997 277 997 348 998 328 998 257 998 257 999 328 999 277 999 327 1000 348 1000 345 1000 348 1001 327 1001 328 1001 371 1002 396 1002 352 1002 371 1003 443 1003 396 1003 295 1004 277 1004 328 1004 295 1005 327 1005 277 1005 483 1006 468 1006 451 1006 468 1007 443 1007 451 1007 832 1008 1205 1008 698 1008 698 1009 611 1009 832 1009 611 1010 698 1010 592 1010 611 1011 592 1011 468 1011 468 1012 483 1012 611 1012 547 1013 611 1013 483 1013 611 1014 547 1014 743 1014 743 1015 832 1015 611 1015 1150 1016 832 1016 743 1016 832 1017 1150 1017 1205 1017 1520 1018 1205 1018 1150 1018 1520 1019 1526 1019 1205 1019 1520 1020 1430 1020 1526 1020 1430 1021 1520 1021 1429 1021 1347 1022 1429 1022 1200 1022 1429 1023 1347 1023 1430 1023 1200 1024 1235 1024 1347 1024 1096 1025 1235 1025 1200 1025 372 1026 380 1026 407 1026 401 1027 407 1027 380 1027 1444 1028 1038 1028 1502 1028 1038 1029 1444 1029 700 1029 700 1030 596 1030 1038 1030 596 1031 700 1031 463 1031 463 1032 401 1032 439 1032 463 1033 439 1033 596 1033 883 1034 700 1034 1444 1034 700 1035 883 1035 553 1035 700 1036 553 1036 463 1036 407 1037 463 1037 553 1037 463 1038 407 1038 401 1038 1502 1039 1443 1039 1444 1039 1145 1040 1324 1040 1144 1040 1324 1041 1145 1041 1443 1041 1443 1042 1502 1042 1324 1042 1217 1043 1144 1043 1183 1043 1144 1044 1217 1044 1145 1044 1183 1045 1090 1045 1217 1045 1090 1046 1183 1046 901 1046 1081 1047 1105 1047 1131 1047 901 1048 1081 1048 1090 1048 1096 1049 1081 1049 901 1049 1081 1050 1096 1050 1132 1050 1131 1051 1165 1051 1081 1051 1200 1052 1081 1052 1165 1052 1081 1053 1200 1053 1090 1053 1200 1054 1132 1054 1096 1054 1132 1055 1200 1055 1165 1055 1165 1056 1134 1056 1132 1056 1134 1057 1165 1057 1168 1057 1105 1058 1134 1058 1168 1058 1089 1059 1105 1059 1081 1059 1103 1060 1132 1060 1134 1060 1103 1061 1105 1061 1089 1061 1103 1062 1134 1062 1105 1062 1115 1063 1132 1063 1103 1063 1115 1064 1081 1064 1132 1064 1081 1065 1115 1065 1089 1065 1131 1066 1105 1066 1168 1066 1131 1067 1115 1067 1165 1067 1165 1068 1115 1068 1168 1068 1103 1069 1168 1069 1115 1069 1131 1070 1089 1070 1115 1070 1089 1071 1131 1071 1168 1071 1168 1072 1103 1072 1089 1072 403 1073 427 1073 361 1073 468 1074 396 1074 443 1074 568 1075 592 1075 705 1075 300 1076 352 1076 370 1076 352 1077 396 1077 370 1077 212 1078 103 1078 104 1078 104 1079 258 1079 212 1079 258 1080 104 1080 338 1080 212 1081 222 1081 103 1081 276 1082 240 1082 222 1082 326 1083 172 1083 186 1083 326 1084 307 1084 172 1084 186 1085 240 1085 263 1085 326 1086 380 1086 307 1086 326 1087 439 1087 401 1087 401 1088 380 1088 326 1088 828 1089 1038 1089 596 1089 1324 1090 1502 1090 1038 1090 1038 1091 828 1091 1324 1091 828 1092 953 1092 1324 1092 961 1093 1324 1093 953 1093 961 1094 1144 1094 1324 1094 961 1095 830 1095 1144 1095 828 1096 830 1096 961 1096 830 1097 981 1097 1144 1097 1183 1098 981 1098 901 1098 981 1099 1183 1099 1144 1099 1347 1100 705 1100 1430 1100 1205 1101 1526 1101 1430 1101 1430 1102 705 1102 698 1102 1205 1103 1430 1103 698 1103 592 1104 568 1104 468 1104 468 1105 568 1105 394 1105 394 1106 370 1106 396 1106 468 1107 394 1107 396 1107 617 1108 830 1108 618 1108 617 1109 901 1109 830 1109 901 1110 617 1110 574 1110 617 1111 508 1111 574 1111 552 1112 508 1112 617 1112 552 1113 482 1113 508 1113 482 1114 403 1114 508 1114 433 1115 403 1115 482 1115 433 1116 427 1116 403 1116 427 1117 459 1117 375 1117 375 1118 240 1118 276 1118 212 1119 276 1119 222 1119 258 1120 403 1120 361 1120 403 1121 258 1121 338 1121 375 1122 459 1122 240 1122 326 1123 240 1123 459 1123 618 1124 830 1124 459 1124 828 1125 459 1125 830 1125 828 1126 596 1126 459 1126 459 1127 482 1127 618 1127 459 1128 439 1128 326 1128 459 1129 596 1129 439 1129 618 1130 482 1130 552 1130 427 1131 433 1131 458 1131 459 1132 427 1132 458 1132 459 1133 458 1133 482 1133 447 1134 508 1134 403 1134 1096 1135 1347 1135 1235 1135 1096 1136 705 1136 1347 1136 698 1137 705 1137 592 1137 621 1138 574 1138 584 1138 574 1139 568 1139 584 1139 1096 1140 901 1140 705 1140 901 1141 574 1141 705 1141 621 1142 705 1142 574 1142 621 1143 568 1143 705 1143 568 1144 574 1144 447 1144 447 1145 394 1145 568 1145 300 1146 376 1146 338 1146 403 1147 338 1147 394 1147 376 1148 300 1148 394 1148 338 1149 104 1149 187 1149 187 1150 300 1150 338 1150 552 1151 591 1151 618 1151 591 1152 552 1152 544 1152 544 1153 552 1153 617 1153 617 1154 622 1154 544 1154 617 1155 591 1155 622 1155 591 1156 617 1156 618 1156 433 1157 434 1157 458 1157 433 1158 453 1158 434 1158 453 1159 433 1159 482 1159 482 1160 477 1160 453 1160 477 1161 482 1161 458 1161 458 1162 434 1162 477 1162 211 1163 276 1163 212 1163 276 1164 211 1164 291 1164 212 1165 246 1165 211 1165 246 1166 212 1166 258 1166 258 1167 356 1167 246 1167 356 1168 258 1168 361 1168 427 1169 356 1169 361 1169 356 1170 427 1170 434 1170 427 1171 381 1171 434 1171 381 1172 427 1172 375 1172 375 1173 291 1173 381 1173 291 1174 375 1174 276 1174 925 1175 901 1175 981 1175 925 1176 830 1176 901 1176 830 1177 925 1177 871 1177 871 1178 981 1178 830 1178 240 1179 236 1179 263 1179 223 1180 186 1180 263 1180 186 1181 223 1181 236 1181 236 1182 326 1182 186 1182 236 1183 240 1183 326 1183 574 1184 559 1184 506 1184 506 1185 447 1185 574 1185 506 1186 508 1186 447 1186 508 1187 506 1187 544 1187 544 1188 574 1188 508 1188 574 1189 544 1189 559 1189 419 1190 394 1190 447 1190 394 1191 419 1191 368 1191 368 1192 403 1192 394 1192 403 1193 368 1193 420 1193 420 1194 447 1194 403 1194 447 1195 420 1195 419 1195 300 1196 357 1196 339 1196 357 1197 300 1197 370 1197 370 1198 428 1198 357 1198 428 1199 370 1199 394 1199 394 1200 339 1200 428 1200 339 1201 394 1201 300 1201 961 1202 989 1202 871 1202 871 1203 828 1203 961 1203 828 1204 871 1204 799 1204 799 1205 953 1205 828 1205 953 1206 799 1206 989 1206 989 1207 961 1207 953 1207 568 1208 594 1208 584 1208 594 1209 568 1209 621 1209 353 1210 338 1210 376 1210 362 1211 376 1211 394 1211 362 1212 394 1212 338 1212 338 1213 353 1213 362 1213 621 1214 677 1214 594 1214 584 1215 594 1215 677 1215 658 1216 621 1216 584 1216 677 1217 621 1217 658 1217 477 1218 434 1218 381 1218 357 1219 428 1219 371 1219 357 1220 371 1220 352 1220 371 1221 451 1221 443 1221 371 1222 428 1222 451 1222 428 1223 547 1223 451 1223 451 1224 547 1224 483 1224 677 1225 547 1225 428 1225 547 1226 677 1226 743 1226 677 1227 1150 1227 743 1227 1429 1228 677 1228 1200 1228 658 1229 925 1229 1090 1229 1090 1230 1200 1230 658 1230 1090 1231 925 1231 1217 1231 925 1232 1145 1232 1217 1232 1145 1233 925 1233 981 1233 1443 1234 989 1234 799 1234 1145 1235 871 1235 989 1235 989 1236 1443 1236 1145 1236 1443 1237 883 1237 1444 1237 553 1238 395 1238 407 1238 275 1239 407 1239 395 1239 407 1240 275 1240 372 1240 236 1241 275 1241 395 1241 275 1242 236 1242 223 1242 223 1243 122 1243 275 1243 224 1244 122 1244 223 1244 224 1245 291 1245 221 1245 224 1246 223 1246 263 1246 102 1247 211 1247 125 1247 239 1248 339 1248 357 1248 353 1249 428 1249 339 1249 428 1250 353 1250 376 1250 368 1251 376 1251 362 1251 376 1252 368 1252 428 1252 339 1253 362 1253 353 1253 362 1254 339 1254 368 1254 622 1255 658 1255 544 1255 871 1256 622 1256 591 1256 871 1257 658 1257 622 1257 925 1258 658 1258 871 1258 453 1259 420 1259 434 1259 453 1260 544 1260 420 1260 453 1261 591 1261 544 1261 477 1262 591 1262 453 1262 211 1263 232 1263 125 1263 232 1264 211 1264 246 1264 291 1265 211 1265 221 1265 211 1266 102 1266 221 1266 224 1267 263 1267 291 1267 395 1268 291 1268 263 1268 395 1269 381 1269 291 1269 1429 1270 1520 1270 1150 1270 1150 1271 677 1271 1429 1271 584 1272 559 1272 658 1272 428 1273 584 1273 677 1273 584 1274 428 1274 559 1274 559 1275 428 1275 506 1275 506 1276 428 1276 419 1276 658 1277 559 1277 544 1277 1200 1278 677 1278 658 1278 419 1279 428 1279 368 1279 419 1280 544 1280 506 1280 544 1281 419 1281 420 1281 368 1282 339 1282 232 1282 246 1283 368 1283 232 1283 368 1284 246 1284 356 1284 239 1285 125 1285 339 1285 339 1286 125 1286 232 1286 1145 1287 981 1287 871 1287 356 1288 420 1288 368 1288 420 1289 356 1289 434 1289 381 1290 395 1290 477 1290 799 1291 477 1291 395 1291 477 1292 799 1292 591 1292 591 1293 799 1293 871 1293 883 1294 1443 1294 799 1294 883 1295 799 1295 553 1295 395 1296 553 1296 799 1296 236 1297 395 1297 263 1297 1155 1298 1185 1298 1251 1298 1139 1299 1228 1299 1185 1299 1228 1300 1139 1300 1155 1300 1155 1301 1251 1301 1228 1301 1155 1302 1178 1302 1177 1302 1155 1303 1177 1303 1185 1303 1155 1304 1121 1304 1178 1304 1139 1305 1120 1305 1121 1305 1139 1306 1121 1306 1155 1306 1185 1307 1120 1307 1139 1307 1185 1308 1177 1308 1120 1308 1120 1309 1268 1309 1193 1309 1268 1310 1120 1310 1177 1310 1185 1311 1268 1311 1251 1311 1251 1312 1268 1312 1269 1312 1228 1313 1194 1313 1193 1313 1193 1314 1185 1314 1228 1314 1185 1315 1193 1315 1268 1315 1228 1316 1269 1316 1194 1316 1269 1317 1228 1317 1251 1317 1193 1318 1121 1318 1120 1318 1121 1319 1193 1319 1194 1319 1194 1320 1266 1320 1121 1320 1297 1321 1266 1321 1194 1321 1266 1322 1297 1322 1258 1322 1143 1323 1266 1323 1258 1323 1177 1324 1269 1324 1268 1324 1269 1325 1353 1325 1362 1325 1353 1326 1269 1326 1321 1326 1321 1327 1269 1327 1178 1327 1269 1328 1177 1328 1178 1328 1321 1329 1451 1329 1353 1329 1451 1330 1321 1330 1020 1330 1353 1331 1437 1331 1362 1331 1437 1332 1353 1332 1451 1332 1416 1333 1451 1333 1186 1333 1186 1334 1451 1334 1020 1334 701 1335 1416 1335 1186 1335 1416 1336 701 1336 752 1336 701 1337 1020 1337 629 1337 1020 1338 701 1338 1186 1338 555 1339 629 1339 509 1339 701 1340 629 1340 555 1340 555 1341 515 1341 637 1341 555 1342 637 1342 701 1342 752 1343 701 1343 637 1343 509 1344 504 1344 555 1344 515 1345 555 1345 504 1345 509 1346 311 1346 504 1346 311 1347 509 1347 302 1347 311 1348 515 1348 504 1348 515 1349 311 1349 314 1349 1142 1350 1162 1350 1147 1350 1143 1351 1258 1351 1162 1351 938 1352 1143 1352 1162 1352 938 1353 1142 1353 934 1353 1142 1354 938 1354 1162 1354 1142 1355 1146 1355 1141 1355 1142 1356 1148 1356 1146 1356 1148 1357 1142 1357 1147 1357 765 1358 800 1358 819 1358 938 1359 819 1359 800 1359 819 1360 938 1360 863 1360 938 1361 891 1361 863 1361 891 1362 938 1362 934 1362 878 1363 1143 1363 938 1363 800 1364 878 1364 938 1364 1142 1365 935 1365 934 1365 935 1366 1142 1366 1141 1366 1157 1367 1141 1367 1146 1367 1148 1368 1157 1368 1146 1368 1157 1369 1246 1369 1167 1369 819 1370 767 1370 765 1370 935 1371 891 1371 934 1371 891 1372 935 1372 892 1372 892 1373 863 1373 891 1373 863 1374 892 1374 864 1374 864 1375 819 1375 863 1375 819 1376 864 1376 820 1376 767 1377 819 1377 820 1377 660 1378 800 1378 765 1378 800 1379 660 1379 573 1379 606 1380 800 1380 573 1380 878 1381 606 1381 474 1381 606 1382 878 1382 800 1382 1157 1383 920 1383 935 1383 1157 1384 935 1384 1141 1384 1167 1385 1246 1385 966 1385 1167 1386 966 1386 920 1386 920 1387 1157 1387 1167 1387 935 1388 920 1388 892 1388 864 1389 827 1389 820 1389 820 1390 827 1390 767 1390 966 1391 827 1391 920 1391 827 1392 864 1392 920 1392 920 1393 864 1393 892 1393 660 1394 767 1394 662 1394 767 1395 660 1395 765 1395 473 1396 606 1396 573 1396 606 1397 473 1397 437 1397 446 1398 606 1398 437 1398 446 1399 474 1399 606 1399 767 1400 624 1400 662 1400 624 1401 767 1401 827 1401 624 1402 827 1402 566 1402 573 1403 472 1403 473 1403 472 1404 573 1404 572 1404 660 1405 572 1405 573 1405 572 1406 660 1406 662 1406 346 1407 437 1407 397 1407 397 1408 437 1408 473 1408 437 1409 346 1409 284 1409 437 1410 284 1410 446 1410 284 1411 474 1411 446 1411 662 1412 624 1412 572 1412 566 1413 572 1413 624 1413 554 1414 566 1414 827 1414 397 1415 347 1415 346 1415 347 1416 397 1416 398 1416 473 1417 398 1417 397 1417 398 1418 473 1418 472 1418 284 1419 346 1419 264 1419 219 1420 284 1420 264 1420 284 1421 219 1421 160 1421 160 1422 219 1422 61 1422 1020 1423 1321 1423 1178 1423 1020 1424 1178 1424 629 1424 878 1425 629 1425 1178 1425 878 1426 1178 1426 1121 1426 878 1427 1121 1427 1266 1427 878 1428 1266 1428 1143 1428 284 1429 302 1429 509 1429 284 1430 129 1430 302 1430 474 1431 629 1431 878 1431 284 1432 509 1432 629 1432 629 1433 474 1433 284 1433 160 1434 129 1434 284 1434 398 1435 245 1435 347 1435 245 1436 398 1436 472 1436 342 1437 245 1437 472 1437 389 1438 566 1438 554 1438 566 1439 472 1439 572 1439 472 1440 566 1440 342 1440 566 1441 389 1441 342 1441 271 1442 245 1442 226 1442 226 1443 245 1443 63 1443 342 1444 79 1444 245 1444 342 1445 389 1445 228 1445 245 1446 271 1446 347 1446 79 1447 63 1447 245 1447 228 1448 79 1448 342 1448 1260 1449 1065 1449 1278 1449 1246 1450 1278 1450 1065 1450 1260 1451 1278 1451 1280 1451 1065 1452 1260 1452 960 1452 966 1453 1065 1453 941 1453 1065 1454 966 1454 1246 1454 966 1455 941 1455 827 1455 1260 1456 1267 1456 944 1456 1280 1457 1267 1457 1260 1457 1065 1458 960 1458 941 1458 946 1459 960 1459 944 1459 960 1460 946 1460 941 1460 1260 1461 944 1461 960 1461 941 1462 1040 1462 827 1462 1040 1463 941 1463 1050 1463 946 1464 1050 1464 941 1464 1050 1465 946 1465 1056 1465 959 1466 944 1466 1176 1466 1254 1467 959 1467 1176 1467 959 1468 1254 1468 1071 1468 959 1469 1071 1469 944 1469 944 1470 1071 1470 1057 1470 946 1471 1057 1471 1056 1471 1057 1472 946 1472 944 1472 1057 1473 1052 1473 1056 1473 1052 1474 1172 1474 1046 1474 1172 1475 1071 1475 1254 1475 1172 1476 1057 1476 1071 1476 1057 1477 1172 1477 1052 1477 1052 1478 1050 1478 1056 1478 1040 1479 1050 1479 738 1479 1050 1480 1052 1480 1046 1480 738 1481 1050 1481 1046 1481 1040 1482 738 1482 679 1482 1280 1483 1299 1483 1267 1483 1280 1484 1088 1484 1299 1484 1148 1485 1088 1485 1157 1485 1148 1486 1087 1486 1088 1486 1087 1487 1148 1487 1147 1487 1087 1488 1147 1488 1162 1488 1087 1489 1258 1489 1297 1489 1258 1490 1087 1490 1162 1490 1246 1491 1280 1491 1278 1491 1246 1492 1088 1492 1280 1492 1157 1493 1088 1493 1246 1493 1087 1494 1063 1494 1088 1494 1063 1495 1087 1495 1062 1495 1062 1496 1031 1496 1063 1496 1031 1497 1062 1497 1030 1497 1031 1498 869 1498 870 1498 869 1499 1031 1499 1030 1499 788 1500 833 1500 786 1500 833 1501 788 1501 834 1501 834 1502 869 1502 833 1502 869 1503 834 1503 870 1503 71 1504 786 1504 72 1504 786 1505 71 1505 788 1505 59 1506 71 1506 72 1506 71 1507 59 1507 60 1507 59 1508 77 1508 60 1508 77 1509 59 1509 76 1509 76 1510 153 1510 77 1510 153 1511 76 1511 151 1511 152 1512 151 1512 150 1512 151 1513 152 1513 153 1513 785 1514 152 1514 150 1514 152 1515 785 1515 787 1515 848 1516 895 1516 896 1516 895 1517 848 1517 847 1517 787 1518 847 1518 848 1518 847 1519 787 1519 785 1519 895 1520 1061 1520 896 1520 1061 1521 895 1521 1060 1521 1118 1522 1061 1522 1060 1522 1061 1523 1118 1523 1119 1523 1158 1524 1119 1524 1118 1524 1119 1525 1158 1525 1159 1525 1046 1526 753 1526 738 1526 753 1527 1046 1527 1172 1527 1172 1528 1425 1528 753 1528 1425 1529 1172 1529 1423 1529 577 1530 511 1530 679 1530 577 1531 738 1531 666 1531 577 1532 679 1532 738 1532 631 1533 738 1533 753 1533 577 1534 533 1534 534 1534 533 1535 577 1535 631 1535 631 1536 577 1536 666 1536 738 1537 631 1537 666 1537 511 1538 577 1538 497 1538 497 1539 534 1539 501 1539 534 1540 497 1540 577 1540 679 1541 228 1541 389 1541 1040 1542 554 1542 827 1542 554 1543 1040 1543 679 1543 554 1544 679 1544 389 1544 228 1545 679 1545 511 1545 228 1546 511 1546 303 1546 228 1547 303 1547 168 1547 79 1548 228 1548 168 1548 497 1549 303 1549 511 1549 303 1550 497 1550 310 1550 501 1551 310 1551 497 1551 310 1552 501 1552 315 1552 501 1553 533 1553 499 1553 533 1554 501 1554 534 1554 315 1555 501 1555 499 1555 1254 1556 1423 1556 1172 1556 1423 1557 1254 1557 1335 1557 1364 1558 1423 1558 1335 1558 1423 1559 1364 1559 1425 1559 1254 1560 1176 1560 1335 1560 944 1561 1122 1561 1176 1561 1122 1562 944 1562 1267 1562 1123 1563 1196 1563 1197 1563 1196 1564 1123 1564 1122 1564 1267 1565 1196 1565 1122 1565 1196 1566 1267 1566 1299 1566 1335 1567 1271 1567 1364 1567 1272 1568 1176 1568 1179 1568 1176 1569 1272 1569 1271 1569 1271 1570 1335 1570 1176 1570 1179 1571 1197 1571 1272 1571 1197 1572 1179 1572 1123 1572 1123 1573 1149 1573 1136 1573 1123 1574 1136 1574 1122 1574 1152 1575 1179 1575 1176 1575 1179 1576 1152 1576 1149 1576 1152 1577 1122 1577 1136 1577 1152 1578 1176 1578 1122 1578 1149 1579 1123 1579 1179 1579 1271 1580 1255 1580 1295 1580 1255 1581 1271 1581 1272 1581 1272 1582 1253 1582 1255 1582 1272 1583 1249 1583 1253 1583 1197 1584 1219 1584 1218 1584 1219 1585 1197 1585 1196 1585 1196 1586 1226 1586 1219 1586 1250 1587 1271 1587 1295 1587 1240 1588 1271 1588 1250 1588 1240 1589 1196 1589 1271 1589 1196 1590 1240 1590 1230 1590 1226 1591 1196 1591 1230 1591 1225 1592 1197 1592 1218 1592 1197 1593 1225 1593 1229 1593 1229 1594 1272 1594 1197 1594 1272 1595 1229 1595 1239 1595 1272 1596 1239 1596 1249 1596 1152 1597 1295 1597 1255 1597 1152 1598 1250 1598 1295 1598 1152 1599 1240 1599 1250 1599 1152 1600 1230 1600 1240 1600 1152 1601 1226 1601 1230 1601 1226 1602 1152 1602 1136 1602 1136 1603 1219 1603 1226 1603 1136 1604 1218 1604 1219 1604 1136 1605 1225 1605 1218 1605 1225 1606 1136 1606 1149 1606 1149 1607 1229 1607 1225 1607 1149 1608 1239 1608 1229 1608 1149 1609 1249 1609 1239 1609 1149 1610 1253 1610 1249 1610 1149 1611 1255 1611 1253 1611 1255 1612 1149 1612 1152 1612 219 1613 65 1613 64 1613 64 1614 61 1614 219 1614 29 1615 61 1615 64 1615 347 1616 264 1616 346 1616 264 1617 347 1617 271 1617 271 1618 219 1618 264 1618 219 1619 271 1619 226 1619 65 1620 219 1620 226 1620 63 1621 65 1621 226 1621 63 1622 28 1622 65 1622 43 1623 65 1623 44 1623 65 1624 43 1624 64 1624 43 1625 29 1625 64 1625 28 1626 44 1626 65 1626 28 1627 43 1627 44 1627 43 1628 28 1628 29 1628 167 1629 302 1629 129 1629 302 1630 167 1630 301 1630 301 1631 311 1631 302 1631 311 1632 301 1632 322 1632 311 1633 322 1633 332 1633 332 1634 314 1634 311 1634 314 1635 332 1635 333 1635 503 1636 301 1636 603 1636 301 1637 503 1637 322 1637 505 1638 322 1638 503 1638 322 1639 505 1639 332 1639 332 1640 505 1640 333 1640 548 1641 505 1641 503 1641 548 1642 503 1642 603 1642 603 1643 731 1643 775 1643 603 1644 680 1644 731 1644 775 1645 637 1645 603 1645 637 1646 775 1646 776 1646 637 1647 548 1647 603 1647 1269 1648 1297 1648 1194 1648 1297 1649 1269 1649 1362 1649 72 1650 76 1650 59 1650 76 1651 72 1651 151 1651 151 1652 72 1652 786 1652 1158 1653 1062 1653 1087 1653 1062 1654 1158 1654 1118 1654 1118 1655 1030 1655 1062 1655 1030 1656 1118 1656 1060 1656 1060 1657 869 1657 1030 1657 869 1658 1060 1658 895 1658 895 1659 833 1659 869 1659 833 1660 895 1660 847 1660 847 1661 786 1661 833 1661 786 1662 847 1662 785 1662 785 1663 151 1663 786 1663 151 1664 785 1664 150 1664 1297 1665 1158 1665 1087 1665 1158 1666 1297 1666 1362 1666 1362 1667 1483 1667 1158 1667 1483 1668 1362 1668 1437 1668 1437 1669 1451 1669 1483 1669 1440 1670 1451 1670 1416 1670 1416 1671 776 1671 1440 1671 776 1672 1416 1672 752 1672 752 1673 637 1673 776 1673 548 1674 637 1674 515 1674 515 1675 505 1675 548 1675 515 1676 333 1676 505 1676 333 1677 515 1677 314 1677 1440 1678 775 1678 1436 1678 775 1679 1440 1679 776 1679 1436 1680 775 1680 731 1680 731 1681 1420 1681 1436 1681 1410 1682 731 1682 680 1682 731 1683 1410 1683 1420 1683 1451 1684 1440 1684 1436 1684 1483 1685 1451 1685 1480 1685 1458 1686 1480 1686 1451 1686 1420 1687 1410 1687 1451 1687 1458 1688 1451 1688 1410 1688 1436 1689 1420 1689 1451 1689 1480 1690 1256 1690 1312 1690 1256 1691 1480 1691 1458 1691 1182 1692 1458 1692 1410 1692 1458 1693 1182 1693 1256 1693 1248 1694 1241 1694 1243 1694 1248 1695 1312 1695 1256 1695 1241 1696 1248 1696 1220 1696 1024 1697 1256 1697 1182 1697 1256 1698 1024 1698 1015 1698 1015 1699 1248 1699 1256 1699 1248 1700 1002 1700 1220 1700 1248 1701 1015 1701 1002 1701 1241 1702 1244 1702 1243 1702 1244 1703 1241 1703 1242 1703 1220 1704 1242 1704 1241 1704 1242 1705 1220 1705 1221 1705 1024 1706 842 1706 1015 1706 1015 1707 936 1707 1002 1707 1015 1708 879 1708 936 1708 831 1709 842 1709 766 1709 879 1710 1015 1710 842 1710 879 1711 842 1711 831 1711 692 1712 842 1712 1024 1712 1220 1713 1003 1713 1221 1713 1003 1714 1220 1714 1002 1714 1244 1715 1211 1715 1279 1715 1211 1716 1317 1716 1279 1716 1221 1717 1211 1717 1242 1717 1161 1718 1317 1718 1211 1718 1211 1719 1244 1719 1242 1719 1002 1720 937 1720 1003 1720 937 1721 1002 1721 936 1721 936 1722 880 1722 937 1722 880 1723 936 1723 879 1723 879 1724 837 1724 880 1724 837 1725 879 1725 831 1725 766 1726 837 1726 831 1726 837 1727 766 1727 768 1727 766 1728 627 1728 661 1728 627 1729 766 1729 842 1729 842 1730 692 1730 627 1730 1211 1731 1003 1731 967 1731 1003 1732 1211 1732 1221 1732 967 1733 1161 1733 1211 1733 804 1734 837 1734 768 1734 804 1735 880 1735 837 1735 880 1736 804 1736 967 1736 967 1737 937 1737 880 1737 665 1738 1007 1738 967 1738 1161 1739 967 1739 1007 1739 967 1740 804 1740 665 1740 494 1741 665 1741 804 1741 937 1742 967 1742 1003 1742 766 1743 663 1743 768 1743 663 1744 766 1744 661 1744 579 1745 412 1745 492 1745 627 1746 579 1746 661 1746 412 1747 579 1747 627 1747 692 1748 412 1748 627 1748 412 1749 692 1749 452 1749 804 1750 663 1750 494 1750 663 1751 804 1751 768 1751 661 1752 580 1752 663 1752 580 1753 661 1753 579 1753 579 1754 494 1754 580 1754 494 1755 579 1755 492 1755 412 1756 344 1756 350 1756 452 1757 344 1757 412 1757 344 1758 452 1758 261 1758 1410 1759 1024 1759 1182 1759 680 1760 261 1760 452 1760 261 1761 680 1761 603 1761 692 1762 680 1762 452 1762 692 1763 1410 1763 680 1763 1410 1764 692 1764 1024 1764 261 1765 603 1765 301 1765 261 1766 301 1766 167 1766 136 1767 261 1767 167 1767 227 1768 136 1768 110 1768 350 1769 344 1769 281 1769 344 1770 261 1770 136 1770 136 1771 281 1771 344 1771 281 1772 136 1772 227 1772 136 1773 33 1773 110 1773 61 1774 33 1774 136 1774 136 1775 160 1775 61 1775 136 1776 129 1776 160 1776 63 1777 79 1777 35 1777 35 1778 28 1778 63 1778 28 1779 35 1779 33 1779 33 1780 29 1780 28 1780 29 1781 33 1781 61 1781 167 1782 129 1782 136 1782 79 1783 168 1783 169 1783 35 1784 110 1784 33 1784 110 1785 35 1785 111 1785 111 1786 227 1786 110 1786 227 1787 111 1787 229 1787 229 1788 281 1788 227 1788 281 1789 229 1789 285 1789 285 1790 350 1790 281 1790 350 1791 285 1791 351 1791 79 1792 260 1792 270 1792 79 1793 111 1793 35 1793 492 1794 410 1794 494 1794 410 1795 492 1795 412 1795 412 1796 351 1796 410 1796 351 1797 412 1797 350 1797 580 1798 494 1798 663 1798 351 1799 260 1799 422 1799 260 1800 351 1800 270 1800 494 1801 410 1801 351 1801 422 1802 494 1802 351 1802 494 1803 422 1803 665 1803 229 1804 79 1804 270 1804 79 1805 229 1805 111 1805 351 1806 285 1806 270 1806 229 1807 270 1807 285 1807 1279 1808 1317 1808 1379 1808 315 1809 335 1809 336 1809 336 1810 310 1810 315 1810 310 1811 336 1811 329 1811 310 1812 329 1812 324 1812 310 1813 324 1813 318 1813 318 1814 303 1814 310 1814 303 1815 318 1815 299 1815 299 1816 168 1816 303 1816 168 1817 299 1817 169 1817 498 1818 336 1818 502 1818 336 1819 498 1819 329 1819 329 1820 498 1820 324 1820 324 1821 498 1821 318 1821 556 1822 318 1822 498 1822 318 1823 556 1823 299 1823 335 1824 502 1824 336 1824 502 1825 335 1825 500 1825 545 1826 498 1826 502 1826 498 1827 545 1827 556 1827 500 1828 545 1828 502 1828 545 1829 500 1829 549 1829 682 1830 732 1830 616 1830 616 1831 556 1831 545 1831 556 1832 616 1832 732 1832 732 1833 898 1833 988 1833 898 1834 732 1834 682 1834 549 1835 616 1835 545 1835 616 1836 549 1836 642 1836 616 1837 642 1837 682 1837 777 1838 682 1838 642 1838 682 1839 777 1839 898 1839 1484 1840 1364 1840 1159 1840 71 1841 153 1841 788 1841 71 1842 60 1842 77 1842 71 1843 77 1843 153 1843 315 1844 500 1844 335 1844 500 1845 315 1845 499 1845 499 1846 549 1846 500 1846 549 1847 499 1847 533 1847 533 1848 642 1848 549 1848 642 1849 533 1849 631 1849 631 1850 777 1850 642 1850 777 1851 631 1851 753 1851 753 1852 1441 1852 777 1852 1441 1853 753 1853 1425 1853 1425 1854 1405 1854 1441 1854 1425 1855 1484 1855 1405 1855 1364 1856 1484 1856 1425 1856 152 1857 788 1857 153 1857 788 1858 152 1858 787 1858 787 1859 834 1859 788 1859 834 1860 787 1860 848 1860 848 1861 870 1861 834 1861 870 1862 848 1862 896 1862 896 1863 1031 1863 870 1863 1031 1864 896 1864 1061 1864 1061 1865 1063 1865 1031 1865 1063 1866 1061 1866 1119 1866 1119 1867 1088 1867 1063 1867 1088 1868 1119 1868 1159 1868 1159 1869 1299 1869 1088 1869 1299 1870 1159 1870 1364 1870 1364 1871 1196 1871 1299 1871 1196 1872 1364 1872 1271 1872 732 1873 988 1873 1026 1873 1405 1874 1484 1874 1442 1874 988 1875 898 1875 1111 1875 1026 1876 988 1876 1108 1876 1108 1877 1111 1877 1126 1877 1111 1878 1108 1878 988 1878 665 1879 923 1879 1007 1879 923 1880 732 1880 1026 1880 732 1881 923 1881 422 1881 923 1882 665 1882 422 1882 556 1883 422 1883 260 1883 732 1884 422 1884 556 1884 260 1885 79 1885 169 1885 260 1886 169 1886 299 1886 260 1887 299 1887 556 1887 1007 1888 1126 1888 1022 1888 1126 1889 1007 1889 1108 1889 1026 1890 1108 1890 1007 1890 1053 1891 1007 1891 1022 1891 1026 1892 1007 1892 923 1892 1290 1893 1007 1893 1053 1893 1161 1894 1007 1894 1290 1894 1058 1895 1022 1895 1023 1895 1022 1896 1058 1896 1053 1896 1126 1897 1023 1897 1022 1897 1023 1898 1126 1898 1127 1898 1111 1899 1127 1899 1126 1899 1127 1900 1111 1900 1135 1900 1092 1901 1111 1901 898 1901 1092 1902 898 1902 777 1902 777 1903 1405 1903 1092 1903 1405 1904 777 1904 1441 1904 1135 1905 1092 1905 1405 1905 1135 1906 1340 1906 1113 1906 1340 1907 1135 1907 1405 1907 1092 1908 1135 1908 1111 1908 1135 1909 1113 1909 1023 1909 1135 1910 1023 1910 1127 1910 1023 1911 1113 1911 1058 1911 1053 1912 1331 1912 1290 1912 1331 1913 1053 1913 1058 1913 1317 1914 1161 1914 1290 1914 1379 1915 1317 1915 1290 1915 1113 1916 1309 1916 1058 1916 1379 1917 1290 1917 1331 1917 1243 1918 1158 1918 1248 1918 1243 1919 1159 1919 1158 1919 1159 1920 1243 1920 1244 1920 1159 1921 1244 1921 1279 1921 1312 1922 1483 1922 1480 1922 1279 1923 1379 1923 1159 1923 1400 1924 1159 1924 1379 1924 1400 1925 1484 1925 1159 1925 1484 1926 1400 1926 1442 1926 1483 1927 1312 1927 1158 1927 1158 1928 1312 1928 1248 1928 1340 1929 1309 1929 1113 1929 1331 1930 1400 1930 1379 1930 1400 1931 1331 1931 1442 1931 1058 1932 1309 1932 1331 1932 1309 1933 1442 1933 1331 1933 1459 1934 1442 1934 1309 1934 1309 1935 1340 1935 1459 1935 1405 1936 1442 1936 1459 1936 1405 1937 1459 1937 1340 1937 1344 1938 1564 1938 1455 1938 971 1939 754 1939 840 1939 972 1940 754 1940 971 1940 972 1941 1017 1941 754 1941 1017 1942 1344 1942 1455 1942 1343 1943 1564 1943 1344 1943 1343 1944 1330 1944 1564 1944 1330 1945 971 1945 840 1945 1344 1946 1017 1946 972 1946 972 1947 1343 1947 1344 1947 1343 1948 972 1948 971 1948 971 1949 1330 1949 1343 1949 756 1950 754 1950 378 1950 1018 1951 754 1951 1017 1951 1017 1952 1455 1952 1018 1952 763 1953 859 1953 641 1953 859 1954 763 1954 928 1954 763 1955 641 1955 379 1955 754 1956 756 1956 840 1956 763 1957 379 1957 950 1957 859 1958 928 1958 1422 1958 1422 1959 1510 1959 859 1959 1422 1960 1668 1960 1510 1960 1573 1961 1668 1961 1422 1961 1573 1962 1561 1962 1668 1962 1561 1963 1573 1963 1413 1963 1413 1964 1045 1964 1561 1964 378 1965 710 1965 725 1965 1045 1966 1413 1966 950 1966 950 1967 725 1967 1045 1967 725 1968 950 1968 378 1968 950 1969 379 1969 363 1969 950 1970 363 1970 360 1970 950 1971 360 1971 378 1971 855 1972 754 1972 1018 1972 754 1973 855 1973 378 1973 710 1974 378 1974 855 1974 1345 1975 1573 1975 1422 1975 1346 1976 1573 1976 1345 1976 1346 1977 1413 1977 1573 1977 974 1978 763 1978 950 1978 973 1979 763 1979 974 1979 973 1980 928 1980 763 1980 1413 1981 974 1981 950 1981 974 1982 1413 1982 1346 1982 1346 1983 973 1983 974 1983 973 1984 1346 1984 1345 1984 1345 1985 928 1985 973 1985 928 1986 1345 1986 1422 1986 520 1987 379 1987 641 1987 379 1988 520 1988 293 1988 430 1989 293 1989 520 1989 1783 1990 1561 1990 1711 1990 1561 1991 1783 1991 1668 1991 1787 1992 1668 1992 1783 1992 1668 1993 1721 1993 1510 1993 1154 1994 1510 1994 1574 1994 1510 1995 1154 1995 859 1995 859 1996 1154 1996 783 1996 607 1997 859 1997 783 1997 859 1998 607 1998 641 1998 641 1999 607 1999 520 1999 1683 2000 1711 2000 1561 2000 1711 2001 1683 2001 1838 2001 1838 2002 1783 2002 1711 2002 1783 2003 1838 2003 1873 2003 1783 2004 1873 2004 1891 2004 1891 2005 1787 2005 1783 2005 1787 2006 1891 2006 1902 2006 1787 2007 1902 2007 1876 2007 1876 2008 1721 2008 1787 2008 1772 2009 1721 2009 1876 2009 1668 2010 1787 2010 1721 2010 1772 2011 1574 2011 1721 2011 1574 2012 1510 2012 1721 2012 520 2013 454 2013 430 2013 454 2014 520 2014 607 2014 607 2015 542 2015 454 2015 607 2016 683 2016 542 2016 683 2017 607 2017 783 2017 783 2018 945 2018 683 2018 945 2019 783 2019 1154 2019 1154 2020 1231 2020 945 2020 1154 2021 1507 2021 1231 2021 1507 2022 1154 2022 1574 2022 1574 2023 1673 2023 1507 2023 1574 2024 1772 2024 1673 2024 1006 2025 725 2025 894 2025 725 2026 1006 2026 1045 2026 1284 2027 1045 2027 1006 2027 1561 2028 1045 2028 1284 2028 1284 2029 1618 2029 1683 2029 1618 2030 1284 2030 1470 2030 1006 2031 1470 2031 1284 2031 1470 2032 1006 2032 1283 2032 894 2033 1283 2033 1006 2033 1283 2034 894 2034 1166 2034 1151 2035 1166 2035 894 2035 710 2036 894 2036 725 2036 894 2037 710 2037 897 2037 1004 2038 894 2038 897 2038 1284 2039 1683 2039 1561 2039 894 2040 1004 2040 1151 2040 1160 2041 1004 2041 897 2041 1455 2042 1489 2042 1018 2042 1160 2043 1018 2043 1489 2043 1018 2044 1160 2044 855 2044 897 2045 855 2045 1160 2045 1264 2046 1477 2046 1406 2046 1477 2047 1264 2047 1160 2047 1489 2048 1477 2048 1160 2048 1477 2049 1489 2049 1624 2049 1160 2050 1264 2050 1004 2050 699 2051 756 2051 632 2051 756 2052 699 2052 840 2052 911 2053 840 2053 699 2053 840 2054 911 2054 1330 2054 1322 2055 1330 2055 911 2055 1578 2056 1330 2056 1322 2056 1330 2057 1578 2057 1564 2057 1674 2058 1564 2058 1578 2058 1697 2059 1564 2059 1674 2059 1658 2060 1564 2060 1697 2060 1564 2061 1658 2061 1455 2061 1455 2062 1658 2062 1489 2062 1489 2063 1723 2063 1624 2063 1489 2064 1658 2064 1723 2064 1658 2065 1764 2065 1723 2065 1658 2066 1812 2066 1764 2066 1812 2067 1658 2067 1697 2067 1697 2068 1825 2068 1812 2068 1697 2069 1795 2069 1825 2069 1795 2070 1697 2070 1674 2070 1674 2071 1749 2071 1795 2071 1674 2072 1694 2072 1749 2072 1694 2073 1674 2073 1578 2073 1578 2074 1558 2074 1694 2074 1558 2075 1578 2075 1322 2075 1322 2076 1208 2076 1558 2076 1322 2077 949 2077 1208 2077 949 2078 1322 2078 911 2078 911 2079 771 2079 949 2079 911 2080 654 2080 771 2080 654 2081 911 2081 699 2081 699 2082 578 2082 654 2082 699 2083 529 2083 578 2083 529 2084 699 2084 632 2084 317 2085 756 2085 378 2085 756 2086 317 2086 632 2086 209 2087 632 2087 317 2087 632 2088 209 2088 529 2088 265 2089 360 2089 253 2089 360 2090 265 2090 378 2090 378 2091 265 2091 317 2091 317 2092 123 2092 209 2092 123 2093 317 2093 265 2093 265 2094 92 2094 123 2094 92 2095 265 2095 253 2095 253 2096 56 2096 92 2096 255 2097 360 2097 363 2097 360 2098 255 2098 253 2098 56 2099 253 2099 255 2099 379 2100 255 2100 363 2100 255 2101 379 2101 293 2101 255 2102 293 2102 114 2102 255 2103 114 2103 56 2103 170 2104 418 2104 416 2104 418 2105 170 2105 173 2105 173 2106 430 2106 418 2106 430 2107 173 2107 293 2107 1673 2108 1671 2108 1645 2108 454 2109 470 2109 450 2109 542 2110 470 2110 454 2110 612 2111 542 2111 683 2111 542 2112 612 2112 541 2112 470 2113 542 2113 541 2113 945 2114 781 2114 683 2114 683 2115 781 2115 681 2115 612 2116 683 2116 681 2116 1077 2117 945 2117 1231 2117 945 2118 1077 2118 943 2118 781 2119 945 2119 943 2119 1645 2120 1507 2120 1673 2120 1507 2121 1645 2121 1512 2121 1512 2122 1231 2122 1507 2122 1231 2123 1512 2123 1232 2123 1077 2124 1231 2124 1232 2124 1673 2125 1780 2125 1733 2125 1780 2126 1673 2126 1772 2126 1902 2127 1900 2127 1876 2127 1876 2128 1900 2128 1888 2128 1876 2129 1888 2129 1864 2129 1864 2130 1772 2130 1876 2130 1772 2131 1864 2131 1821 2131 1780 2132 1772 2132 1821 2132 1898 2133 1902 2133 1891 2133 1902 2134 1898 2134 1904 2134 1900 2135 1902 2135 1904 2135 1838 2136 1865 2136 1873 2136 1873 2137 1865 2137 1882 2137 1882 2138 1891 2138 1873 2138 1898 2139 1891 2139 1882 2139 1683 2140 1669 2140 1750 2140 1778 2141 1683 2141 1750 2141 1778 2142 1838 2142 1683 2142 1838 2143 1778 2143 1842 2143 1865 2144 1838 2144 1842 2144 450 2145 418 2145 454 2145 418 2146 450 2146 416 2146 1669 2147 1683 2147 1618 2147 430 2148 454 2148 418 2148 1671 2149 1673 2149 1733 2149 1832 2150 1812 2150 1825 2150 1723 2151 1740 2151 1728 2151 1764 2152 1740 2152 1723 2152 1812 2153 1832 2153 1817 2153 1817 2154 1764 2154 1812 2154 1764 2155 1817 2155 1773 2155 1740 2156 1764 2156 1773 2156 1749 2157 1776 2157 1795 2157 1795 2158 1776 2158 1804 2158 1804 2159 1825 2159 1795 2159 1825 2160 1804 2160 1832 2160 1701 2161 1749 2161 1694 2161 1749 2162 1701 2162 1751 2162 1776 2163 1749 2163 1751 2163 1613 2164 1694 2164 1558 2164 1694 2165 1613 2165 1701 2165 1385 2166 1558 2166 1208 2166 1558 2167 1385 2167 1490 2167 1613 2168 1558 2168 1490 2168 963 2169 1208 2169 949 2169 1208 2170 963 2170 1209 2170 1385 2171 1208 2171 1209 2171 654 2172 724 2172 771 2172 771 2173 724 2173 764 2173 764 2174 949 2174 771 2174 949 2175 764 2175 963 2175 578 2176 513 2176 575 2176 608 2177 578 2177 575 2177 608 2178 654 2178 578 2178 654 2179 608 2179 648 2179 724 2180 654 2180 648 2180 1728 2181 1624 2181 1723 2181 1624 2182 1728 2182 1656 2182 513 2183 578 2183 518 2183 518 2184 578 2184 529 2184 513 2185 199 2185 188 2185 199 2186 513 2186 518 2186 518 2187 209 2187 199 2187 209 2188 518 2188 529 2188 55 2189 123 2189 92 2189 123 2190 55 2190 101 2190 209 2191 123 2191 199 2191 101 2192 199 2192 123 2192 199 2193 101 2193 188 2193 56 2194 55 2194 92 2194 173 2195 114 2195 293 2195 170 2196 114 2196 173 2196 114 2197 170 2197 96 2197 96 2198 56 2198 114 2198 170 2199 417 2199 171 2199 417 2200 170 2200 416 2200 1670 2201 1750 2201 1669 2201 1750 2202 1670 2202 1779 2202 1750 2203 1779 2203 1778 2203 1779 2204 1842 2204 1778 2204 1866 2205 1842 2205 1779 2205 1842 2206 1866 2206 1865 2206 1882 2207 1866 2207 1899 2207 1866 2208 1882 2208 1865 2208 1904 2209 1899 2209 1901 2209 1899 2210 1904 2210 1898 2210 1882 2211 1899 2211 1898 2211 1867 2212 1888 2212 1901 2212 1901 2213 1888 2213 1900 2213 1904 2214 1901 2214 1900 2214 1821 2215 1867 2215 1781 2215 1867 2216 1821 2216 1864 2216 1888 2217 1867 2217 1864 2217 1672 2218 1733 2218 1781 2218 1781 2219 1733 2219 1780 2219 1821 2220 1781 2220 1780 2220 1497 2221 1645 2221 1672 2221 1672 2222 1645 2222 1671 2222 1733 2223 1672 2223 1671 2223 1232 2224 1497 2224 1076 2224 1497 2225 1232 2225 1512 2225 1645 2226 1497 2226 1512 2226 780 2227 943 2227 1076 2227 1076 2228 943 2228 1077 2228 1232 2229 1076 2229 1077 2229 681 2230 613 2230 612 2230 613 2231 681 2231 780 2231 780 2232 681 2232 781 2232 943 2233 780 2233 781 2233 613 2234 541 2234 612 2234 541 2235 613 2235 471 2235 541 2236 471 2236 470 2236 471 2237 450 2237 470 2237 417 2238 450 2238 471 2238 450 2239 417 2239 416 2239 1618 2240 1537 2240 1582 2240 1537 2241 1618 2241 1470 2241 1166 2242 1188 2242 1181 2242 1191 2243 1166 2243 1181 2243 1191 2244 1283 2244 1166 2244 1283 2245 1191 2245 1237 2245 1283 2246 1237 2246 1376 2246 1376 2247 1470 2247 1283 2247 1470 2248 1376 2248 1476 2248 1537 2249 1470 2249 1476 2249 1618 2250 1582 2250 1669 2250 1188 2251 1166 2251 1151 2251 1582 2252 1670 2252 1669 2252 1670 2253 1582 2253 1536 2253 1536 2254 1582 2254 1537 2254 1476 2255 1536 2255 1537 2255 1476 2256 1375 2256 1536 2256 1375 2257 1476 2257 1376 2257 1237 2258 1375 2258 1376 2258 1375 2259 1237 2259 1190 2259 1187 2260 1181 2260 1188 2260 1181 2261 1187 2261 1190 2261 1181 2262 1190 2262 1191 2262 1190 2263 1237 2263 1191 2263 1188 2264 1151 2264 1300 2264 1300 2265 1187 2265 1188 2265 1187 2266 1300 2266 1298 2266 1298 2267 1198 2267 1195 2267 1198 2268 1298 2268 1300 2268 1300 2269 1151 2269 1198 2269 514 2270 575 2270 513 2270 575 2271 514 2271 609 2271 723 2272 648 2272 609 2272 609 2273 648 2273 608 2273 575 2274 609 2274 608 2274 764 2275 975 2275 963 2275 975 2276 764 2276 723 2276 723 2277 764 2277 724 2277 648 2278 723 2278 724 2278 975 2279 1209 2279 963 2279 1209 2280 975 2280 1384 2280 1209 2281 1384 2281 1385 2281 1384 2282 1490 2282 1385 2282 1599 2283 1490 2283 1384 2283 1490 2284 1599 2284 1613 2284 1712 2285 1613 2285 1599 2285 1613 2286 1712 2286 1701 2286 1751 2287 1712 2287 1777 2287 1712 2288 1751 2288 1701 2288 1804 2289 1831 2289 1832 2289 1831 2290 1804 2290 1777 2290 1777 2291 1804 2291 1776 2291 1751 2292 1777 2292 1776 2292 1831 2293 1817 2293 1832 2293 1817 2294 1831 2294 1809 2294 1809 2295 1773 2295 1817 2295 1773 2296 1809 2296 1741 2296 1773 2297 1741 2297 1740 2297 1741 2298 1728 2298 1740 2298 1657 2299 1728 2299 1741 2299 1728 2300 1657 2300 1656 2300 1477 2301 1530 2301 1469 2301 1477 2302 1577 2302 1530 2302 1577 2303 1477 2303 1624 2303 1624 2304 1656 2304 1577 2304 1469 2305 1406 2305 1477 2305 1406 2306 1469 2306 1432 2306 1004 2307 1273 2307 1198 2307 1198 2308 1151 2308 1004 2308 855 2309 897 2309 710 2309 1264 2310 1273 2310 1004 2310 1198 2311 1219 2311 1195 2311 1225 2312 1198 2312 1229 2312 1198 2313 1225 2313 1218 2313 1219 2314 1198 2314 1218 2314 1198 2315 1239 2315 1229 2315 1239 2316 1198 2316 1273 2316 1239 2317 1273 2317 1249 2317 1195 2318 1219 2318 1226 2318 1230 2319 1195 2319 1226 2319 1230 2320 1270 2320 1195 2320 1270 2321 1230 2321 1240 2321 1270 2322 1240 2322 1250 2322 1295 2323 1270 2323 1250 2323 1255 2324 1270 2324 1295 2324 1270 2325 1255 2325 1273 2325 1273 2326 1255 2326 1253 2326 1249 2327 1273 2327 1253 2327 1270 2328 1365 2328 1363 2328 1264 2329 1406 2329 1365 2329 1264 2330 1365 2330 1273 2330 1365 2331 1270 2331 1273 2331 1365 2332 1406 2332 1432 2332 1432 2333 1363 2333 1365 2333 1363 2334 1432 2334 1431 2334 1469 2335 1431 2335 1432 2335 1431 2336 1469 2336 1485 2336 1530 2337 1485 2337 1469 2337 1485 2338 1530 2338 1568 2338 1657 2339 1577 2339 1656 2339 1577 2340 1657 2340 1568 2340 1568 2341 1530 2341 1577 2341 1408 2342 1295 2342 1250 2342 1408 2343 1250 2343 1240 2343 1408 2344 1240 2344 1230 2344 1408 2345 1230 2345 1226 2345 1226 2346 1328 2346 1408 2346 1328 2347 1226 2347 1219 2347 1328 2348 1219 2348 1218 2348 1328 2349 1218 2349 1225 2349 1328 2350 1225 2350 1229 2350 1229 2351 1295 2351 1328 2351 1295 2352 1229 2352 1239 2352 1295 2353 1239 2353 1249 2353 1295 2354 1249 2354 1253 2354 1295 2355 1253 2355 1255 2355 1398 2356 1408 2356 1328 2356 1328 2357 1411 2357 1398 2357 1411 2358 1328 2358 1295 2358 1295 2359 1408 2359 1411 2359 513 2360 330 2360 514 2360 330 2361 513 2361 188 2361 299 2362 321 2362 313 2362 313 2363 321 2363 330 2363 330 2364 189 2364 313 2364 189 2365 330 2365 188 2365 299 2366 313 2366 233 2366 330 2367 321 2367 306 2367 233 2368 313 2368 189 2368 189 2369 47 2369 233 2369 47 2370 189 2370 100 2370 47 2371 80 2371 25 2371 80 2372 47 2372 100 2372 70 2373 25 2373 80 2373 68 2374 25 2374 70 2374 25 2375 68 2375 24 2375 24 2376 68 2376 69 2376 188 2377 100 2377 189 2377 100 2378 188 2378 101 2378 68 2379 54 2379 69 2379 80 2380 58 2380 70 2380 54 2381 68 2381 57 2381 58 2382 54 2382 57 2382 54 2383 58 2383 55 2383 80 2384 55 2384 58 2384 80 2385 101 2385 55 2385 101 2386 80 2386 100 2386 68 2387 82 2387 81 2387 82 2388 68 2388 70 2388 106 2389 70 2389 58 2389 70 2390 106 2390 119 2390 119 2391 82 2391 70 2391 68 2392 81 2392 118 2392 118 2393 57 2393 68 2393 57 2394 118 2394 105 2394 81 2395 119 2395 118 2395 119 2396 81 2396 82 2396 105 2397 119 2397 106 2397 119 2398 105 2398 118 2398 105 2399 58 2399 57 2399 58 2400 105 2400 106 2400 306 2401 336 2401 334 2401 336 2402 306 2402 321 2402 336 2403 321 2403 299 2403 299 2404 329 2404 336 2404 233 2405 169 2405 299 2405 299 2406 318 2406 324 2406 329 2407 299 2407 324 2407 309 2408 334 2408 336 2408 334 2409 309 2409 308 2409 329 2410 309 2410 336 2410 309 2411 329 2411 287 2411 324 2412 287 2412 329 2412 318 2413 287 2413 324 2413 299 2414 287 2414 318 2414 34 2415 25 2415 24 2415 25 2416 34 2416 36 2416 36 2417 47 2417 25 2417 233 2418 47 2418 169 2418 299 2419 149 2419 287 2419 149 2420 299 2420 169 2420 169 2421 27 2421 149 2421 27 2422 169 2422 47 2422 14 2423 47 2423 36 2423 47 2424 14 2424 17 2424 47 2425 17 2425 27 2425 36 2426 13 2426 14 2426 13 2427 36 2427 34 2427 149 2428 42 2428 148 2428 42 2429 149 2429 27 2429 42 2430 27 2430 4 2430 4 2431 27 2431 17 2431 17 2432 2 2432 4 2432 14 2433 2 2433 17 2433 2 2434 14 2434 0 2434 0 2435 14 2435 13 2435 148 2436 287 2436 149 2436 476 2437 148 2437 475 2437 148 2438 476 2438 308 2438 287 2439 148 2439 308 2439 309 2440 287 2440 308 2440 2 2441 1 2441 3 2441 1 2442 2 2442 0 2442 148 2443 37 2443 154 2443 37 2444 148 2444 42 2444 37 2445 42 2445 4 2445 4 2446 12 2446 37 2446 12 2447 4 2447 2 2447 154 2448 37 2448 165 2448 165 2449 97 2449 185 2449 97 2450 165 2450 37 2450 37 2451 41 2451 97 2451 41 2452 37 2452 12 2452 1700 2453 1666 2453 1760 2453 1700 2454 1760 2454 1759 2454 1760 2455 1797 2455 1759 2455 1841 2456 1797 2456 1760 2456 1797 2457 1841 2457 1843 2457 1853 2458 1843 2458 1841 2458 1843 2459 1853 2459 1854 2459 1819 2460 1844 2460 1853 2460 1853 2461 1844 2461 1854 2461 1810 2462 1732 2462 1736 2462 1732 2463 1810 2463 1819 2463 1844 2464 1819 2464 1810 2464 1732 2465 1677 2465 1736 2465 1677 2466 1732 2466 1616 2466 1677 2467 1616 2467 1600 2467 1395 2468 1600 2468 1616 2468 1600 2469 1395 2469 1412 2469 1112 2470 1395 2470 964 2470 1395 2471 1112 2471 1412 2471 877 2472 704 2472 711 2472 704 2473 877 2473 964 2473 964 2474 877 2474 965 2474 1112 2475 964 2475 965 2475 704 2476 628 2476 711 2476 628 2477 704 2477 582 2477 628 2478 582 2478 581 2478 582 2479 551 2479 581 2479 476 2480 551 2480 582 2480 551 2481 476 2481 475 2481 1529 2482 1479 2482 1478 2482 1602 2483 1666 2483 1700 2483 1666 2484 1602 2484 1590 2484 1554 2485 1590 2485 1602 2485 1554 2486 1529 2486 1590 2486 1529 2487 1554 2487 1503 2487 1479 2488 1529 2488 1503 2488 496 2489 185 2489 510 2489 185 2490 496 2490 165 2490 480 2491 165 2491 496 2491 165 2492 480 2492 154 2492 475 2493 154 2493 480 2493 154 2494 475 2494 148 2494 1786 2495 1731 2495 1816 2495 1816 2496 1840 2496 1786 2496 1823 2497 1730 2497 1790 2497 1628 2498 1274 2498 1612 2498 1274 2499 1628 2499 1281 2499 684 2500 881 2500 673 2500 1700 2501 1731 2501 1629 2501 1759 2502 1731 2502 1700 2502 1759 2503 1816 2503 1731 2503 1816 2504 1759 2504 1797 2504 1816 2505 1797 2505 1843 2505 1843 2506 1840 2506 1816 2506 1790 2507 1840 2507 1823 2507 1840 2508 1843 2508 1854 2508 1854 2509 1823 2509 1840 2509 1823 2510 1854 2510 1844 2510 1823 2511 1844 2511 1810 2511 1810 2512 1730 2512 1823 2512 1730 2513 1628 2513 1612 2513 1730 2514 1810 2514 1736 2514 1736 2515 1628 2515 1730 2515 1628 2516 1736 2516 1677 2516 1628 2517 1677 2517 1600 2517 1600 2518 1281 2518 1628 2518 1281 2519 881 2519 1274 2519 1281 2520 1600 2520 1412 2520 1281 2521 1412 2521 1112 2521 1112 2522 881 2522 1281 2522 881 2523 1112 2523 965 2523 881 2524 965 2524 877 2524 877 2525 673 2525 881 2525 673 2526 564 2526 684 2526 673 2527 877 2527 711 2527 673 2528 711 2528 628 2528 628 2529 564 2529 673 2529 564 2530 628 2530 581 2530 564 2531 581 2531 551 2531 510 2532 564 2532 496 2532 496 2533 564 2533 480 2533 551 2534 480 2534 564 2534 480 2535 551 2535 475 2535 510 2536 305 2536 630 2536 305 2537 510 2537 185 2537 384 2538 630 2538 305 2538 630 2539 384 2539 755 2539 305 2540 364 2540 384 2540 252 2541 97 2541 41 2541 364 2542 305 2542 252 2542 185 2543 252 2543 305 2543 252 2544 185 2544 97 2544 12 2545 40 2545 41 2545 40 2546 12 2546 18 2546 18 2547 12 2547 3 2547 2 2548 3 2548 12 2548 41 2549 249 2549 252 2549 249 2550 41 2550 40 2550 366 2551 252 2551 249 2551 252 2552 366 2552 364 2552 121 2553 16 2553 112 2553 48 2554 3 2554 16 2554 16 2555 121 2555 48 2555 137 2556 48 2556 121 2556 164 2557 48 2557 137 2557 3 2558 48 2558 18 2558 18 2559 48 2559 40 2559 1731 2560 1688 2560 1596 2560 1596 2561 1549 2561 1233 2561 1549 2562 1596 2562 1688 2562 630 2563 564 2563 510 2563 564 2564 630 2564 719 2564 719 2565 684 2565 564 2565 719 2566 881 2566 684 2566 881 2567 719 2567 1078 2567 1078 2568 1274 2568 881 2568 1274 2569 1078 2569 1488 2569 1488 2570 1612 2570 1274 2570 1641 2571 1612 2571 1488 2571 1612 2572 1641 2572 1730 2572 1730 2573 1641 2573 1790 2573 1790 2574 1641 2574 1698 2574 1698 2575 1840 2575 1790 2575 1698 2576 1786 2576 1840 2576 1786 2577 1698 2577 1688 2577 1688 2578 1731 2578 1786 2578 1698 2579 1549 2579 1688 2579 1549 2580 1698 2580 1534 2580 1641 2581 1534 2581 1698 2581 1488 2582 1534 2582 1641 2582 1534 2583 1488 2583 1199 2583 1078 2584 1199 2584 1488 2584 719 2585 1199 2585 1078 2585 1199 2586 719 2586 843 2586 630 2587 843 2587 719 2587 843 2588 630 2588 755 2588 1731 2589 1596 2589 1482 2589 1731 2590 1482 2590 1629 2590 1468 2591 1511 2591 1439 2591 1479 2592 1511 2592 1468 2592 1511 2593 1479 2593 1503 2593 1511 2594 1503 2594 1554 2594 1554 2595 1629 2595 1511 2595 1629 2596 1554 2596 1602 2596 1629 2597 1602 2597 1700 2597 1408 2598 1478 2598 1479 2598 1479 2599 1411 2599 1408 2599 1288 2600 1408 2600 1398 2600 1408 2601 1288 2601 1478 2601 1398 2602 1289 2602 1288 2602 1411 2603 1289 2603 1398 2603 1289 2604 1411 2604 1479 2604 1233 2605 1482 2605 1596 2605 1511 2606 1210 2606 1439 2606 1210 2607 1511 2607 1170 2607 1170 2608 1091 2608 1210 2608 1091 2609 1170 2609 1001 2609 1019 2610 1482 2610 1233 2610 1482 2611 1019 2611 1170 2611 854 2612 1170 2612 1019 2612 854 2613 1001 2613 1170 2613 1170 2614 1511 2614 1482 2614 1629 2615 1482 2615 1511 2615 1265 2616 1439 2616 1192 2616 1439 2617 1265 2617 1468 2617 1289 2618 1468 2618 1265 2618 1468 2619 1289 2619 1479 2619 1275 2620 1288 2620 1289 2620 1288 2621 1275 2621 1291 2621 1291 2622 1275 2622 1316 2622 1316 2623 1418 2623 1291 2623 1418 2624 1316 2624 1419 2624 1514 2625 1418 2625 1419 2625 1418 2626 1514 2626 1562 2626 1648 2627 1686 2627 1562 2627 1648 2628 1562 2628 1563 2628 1562 2629 1514 2629 1563 2629 1439 2630 1021 2630 1192 2630 1021 2631 1439 2631 1210 2631 1210 2632 913 2632 1021 2632 913 2633 1210 2633 1091 2633 1091 2634 838 2634 913 2634 838 2635 1091 2635 1001 2635 1001 2636 709 2636 838 2636 709 2637 1001 2637 854 2637 1192 2638 1252 2638 1265 2638 1563 2639 1638 2639 1648 2639 1563 2640 1456 2640 1638 2640 1456 2641 1563 2641 1514 2641 1456 2642 1514 2642 1419 2642 1419 2643 1252 2643 1456 2643 1265 2644 1275 2644 1289 2644 1275 2645 1265 2645 1252 2645 1252 2646 1316 2646 1275 2646 1252 2647 1419 2647 1316 2647 400 2648 441 2648 399 2648 441 2649 400 2649 457 2649 441 2650 457 2650 456 2650 457 2651 512 2651 456 2651 588 2652 512 2652 457 2652 512 2653 588 2653 610 2653 759 2654 610 2654 588 2654 610 2655 759 2655 740 2655 931 2656 759 2656 1074 2656 759 2657 931 2657 740 2657 1506 2658 1247 2658 1074 2658 1074 2659 1247 2659 1075 2659 931 2660 1074 2660 1075 2660 1519 2661 1687 2661 1667 2661 1687 2662 1519 2662 1506 2662 1247 2663 1506 2663 1519 2663 1687 2664 1743 2664 1667 2664 1743 2665 1687 2665 1815 2665 1743 2666 1815 2666 1833 2666 1881 2667 1833 2667 1815 2667 1833 2668 1881 2668 1879 2668 1911 2669 1881 2669 1916 2669 1881 2670 1911 2670 1879 2670 1914 2671 1919 2671 1916 2671 1916 2672 1919 2672 1915 2672 1911 2673 1916 2673 1915 2673 1913 2674 1880 2674 1885 2674 1880 2675 1913 2675 1914 2675 1919 2676 1914 2676 1913 2676 1880 2677 1858 2677 1885 2677 1858 2678 1880 2678 1814 2678 1858 2679 1814 2679 1813 2679 1814 2680 1771 2680 1813 2680 1686 2681 1771 2681 1814 2681 1771 2682 1686 2682 1648 2682 113 2683 399 2683 112 2683 399 2684 113 2684 400 2684 330 2685 334 2685 514 2685 334 2686 330 2686 306 2686 1270 2687 1298 2687 1195 2687 1298 2688 1270 2688 1363 2688 308 2689 514 2689 334 2689 514 2690 308 2690 476 2690 476 2691 609 2691 514 2691 609 2692 476 2692 582 2692 582 2693 723 2693 609 2693 723 2694 582 2694 704 2694 704 2695 975 2695 723 2695 975 2696 704 2696 964 2696 964 2697 1384 2697 975 2697 1384 2698 964 2698 1395 2698 1395 2699 1599 2699 1384 2699 1599 2700 1395 2700 1616 2700 1616 2701 1712 2701 1599 2701 1712 2702 1616 2702 1732 2702 1732 2703 1777 2703 1712 2703 1777 2704 1732 2704 1819 2704 1819 2705 1831 2705 1777 2705 1831 2706 1819 2706 1853 2706 1853 2707 1809 2707 1831 2707 1809 2708 1853 2708 1841 2708 1841 2709 1741 2709 1809 2709 1741 2710 1841 2710 1760 2710 1760 2711 1657 2711 1741 2711 1657 2712 1760 2712 1666 2712 1666 2713 1568 2713 1657 2713 1568 2714 1666 2714 1590 2714 1590 2715 1485 2715 1568 2715 1485 2716 1590 2716 1529 2716 1529 2717 1431 2717 1485 2717 1431 2718 1529 2718 1478 2718 1478 2719 1363 2719 1431 2719 1363 2720 1478 2720 1288 2720 1288 2721 1298 2721 1363 2721 115 2722 113 2722 23 2722 113 2723 115 2723 171 2723 171 2724 400 2724 113 2724 400 2725 171 2725 417 2725 417 2726 457 2726 400 2726 457 2727 417 2727 471 2727 471 2728 588 2728 457 2728 588 2729 471 2729 613 2729 613 2730 759 2730 588 2730 759 2731 613 2731 780 2731 780 2732 1074 2732 759 2732 1074 2733 780 2733 1076 2733 1076 2734 1506 2734 1074 2734 1506 2735 1076 2735 1497 2735 1497 2736 1687 2736 1506 2736 1687 2737 1497 2737 1672 2737 1672 2738 1815 2738 1687 2738 1815 2739 1672 2739 1781 2739 1781 2740 1881 2740 1815 2740 1881 2741 1781 2741 1867 2741 1867 2742 1916 2742 1881 2742 1916 2743 1867 2743 1901 2743 1901 2744 1914 2744 1916 2744 1914 2745 1901 2745 1899 2745 1899 2746 1880 2746 1914 2746 1880 2747 1899 2747 1866 2747 1866 2748 1814 2748 1880 2748 1814 2749 1866 2749 1779 2749 1779 2750 1686 2750 1814 2750 1686 2751 1779 2751 1670 2751 1670 2752 1562 2752 1686 2752 1562 2753 1670 2753 1536 2753 1536 2754 1418 2754 1562 2754 1418 2755 1536 2755 1375 2755 1375 2756 1291 2756 1418 2756 1291 2757 1375 2757 1190 2757 1190 2758 1288 2758 1291 2758 1288 2759 1190 2759 1187 2759 1298 2760 1288 2760 1187 2760 23 2761 15 2761 22 2761 112 2762 23 2762 113 2762 23 2763 112 2763 16 2763 15 2764 23 2764 16 2764 3 2765 15 2765 16 2765 15 2766 3 2766 1 2766 1064 2767 1075 2767 1247 2767 1883 2768 1912 2768 1895 2768 411 2769 481 2769 415 2769 481 2770 442 2770 570 2770 570 2771 678 2771 481 2771 1064 2772 1588 2772 1066 2772 1878 2773 1896 2773 1852 2773 1896 2774 1878 2774 1912 2774 1895 2775 1792 2775 1883 2775 1818 2776 1638 2776 1792 2776 481 2777 411 2777 442 2777 402 2778 442 2778 411 2778 399 2779 442 2779 402 2779 442 2780 399 2780 441 2780 456 2781 442 2781 441 2781 456 2782 570 2782 442 2782 570 2783 456 2783 512 2783 678 2784 570 2784 730 2784 730 2785 1066 2785 678 2785 570 2786 512 2786 610 2786 610 2787 730 2787 570 2787 730 2788 610 2788 740 2788 1066 2789 730 2789 1064 2789 740 2790 1064 2790 730 2790 1064 2791 740 2791 931 2791 1588 2792 1064 2792 1591 2792 1075 2793 1064 2793 931 2793 1519 2794 1064 2794 1247 2794 1064 2795 1519 2795 1591 2795 1591 2796 1734 2796 1588 2796 1734 2797 1591 2797 1775 2797 1775 2798 1852 2798 1734 2798 1591 2799 1519 2799 1667 2799 1667 2800 1775 2800 1591 2800 1775 2801 1667 2801 1743 2801 1775 2802 1743 2802 1833 2802 1852 2803 1775 2803 1878 2803 1833 2804 1878 2804 1775 2804 1878 2805 1833 2805 1879 2805 1879 2806 1912 2806 1878 2806 1912 2807 1883 2807 1896 2807 1912 2808 1879 2808 1911 2808 1915 2809 1912 2809 1911 2809 1912 2810 1915 2810 1919 2810 1919 2811 1895 2811 1912 2811 1895 2812 1919 2812 1913 2812 1792 2813 1895 2813 1818 2813 1895 2814 1913 2814 1885 2814 1885 2815 1818 2815 1895 2815 1818 2816 1885 2816 1858 2816 1818 2817 1858 2817 1813 2817 1818 2818 1813 2818 1771 2818 1771 2819 1638 2819 1818 2819 1638 2820 1771 2820 1648 2820 906 2821 1021 2821 913 2821 906 2822 913 2822 838 2822 709 2823 906 2823 838 2823 1014 2824 1252 2824 906 2824 1252 2825 1014 2825 1456 2825 1404 2826 1456 2826 1014 2826 1456 2827 1404 2827 1638 2827 1611 2828 1638 2828 1404 2828 906 2829 709 2829 737 2829 906 2830 737 2830 1014 2830 1262 2831 1014 2831 737 2831 1014 2832 1262 2832 1417 2832 1417 2833 1611 2833 1404 2833 1404 2834 1014 2834 1417 2834 1252 2835 1021 2835 906 2835 1021 2836 1252 2836 1192 2836 137 2837 415 2837 164 2837 415 2838 137 2838 411 2838 121 2839 411 2839 137 2839 411 2840 121 2840 402 2840 112 2841 402 2841 121 2841 402 2842 112 2842 399 2842 1709 2843 1611 2843 1417 2843 516 2844 829 2844 635 2844 829 2845 516 2845 589 2845 741 2846 829 2846 589 2846 1079 2847 829 2847 741 2847 829 2848 1079 2848 1446 2848 1604 2849 1446 2849 1079 2849 1604 2850 1647 2850 1446 2850 1647 2851 1604 2851 1738 2851 1806 2852 1647 2852 1738 2852 1647 2853 1806 2853 1664 2853 1784 2854 1664 2854 1806 2854 1709 2855 1664 2855 1784 2855 1417 2856 1664 2856 1709 2856 1664 2857 1417 2857 1262 2857 1611 2858 1792 2858 1638 2858 1611 2859 1709 2859 1792 2859 1784 2860 1792 2860 1709 2860 1792 2861 1784 2861 1883 2861 1806 2862 1883 2862 1784 2862 1883 2863 1806 2863 1896 2863 1738 2864 1896 2864 1806 2864 1896 2865 1738 2865 1852 2865 1604 2866 1852 2866 1738 2866 1852 2867 1604 2867 1734 2867 1734 2868 1604 2868 1588 2868 1079 2869 1588 2869 1604 2869 1588 2870 1079 2870 1066 2870 741 2871 1066 2871 1079 2871 1066 2872 741 2872 678 2872 589 2873 678 2873 741 2873 678 2874 589 2874 481 2874 516 2875 481 2875 589 2875 481 2876 516 2876 415 2876 516 2877 164 2877 415 2877 164 2878 516 2878 289 2878 635 2879 289 2879 516 2879 289 2880 635 2880 366 2880 289 2881 366 2881 249 2881 249 2882 164 2882 289 2882 164 2883 249 2883 48 2883 48 2884 249 2884 40 2884 739 2885 755 2885 384 2885 778 2886 366 2886 635 2886 755 2887 739 2887 843 2887 1019 2888 1233 2888 811 2888 1545 2889 1647 2889 1664 2889 1446 2890 1545 2890 1109 2890 1545 2891 1446 2891 1647 2891 1109 2892 829 2892 1446 2892 829 2893 1109 2893 835 2893 366 2894 778 2894 893 2894 1664 2895 1380 2895 1545 2895 829 2896 835 2896 635 2896 635 2897 835 2897 778 2897 1380 2898 1664 2898 1262 2898 364 2899 893 2899 384 2899 893 2900 364 2900 366 2900 1262 2901 893 2901 1380 2901 893 2902 1262 2902 737 2902 893 2903 737 2903 384 2903 1019 2904 384 2904 854 2904 384 2905 1019 2905 811 2905 384 2906 811 2906 739 2906 709 2907 384 2907 737 2907 384 2908 709 2908 854 2908 977 2909 739 2909 811 2909 739 2910 976 2910 843 2910 1199 2911 976 2911 1336 2911 976 2912 1199 2912 843 2912 1336 2913 1534 2913 1199 2913 1337 2914 1233 2914 1549 2914 1233 2915 1337 2915 977 2915 1233 2916 977 2916 811 2916 739 2917 977 2917 976 2917 977 2918 1336 2918 976 2918 1336 2919 977 2919 1337 2919 1534 2920 1336 2920 1337 2920 1534 2921 1337 2921 1549 2921 1338 2922 1109 2922 1545 2922 1109 2923 1338 2923 978 2923 978 2924 835 2924 1109 2924 978 2925 778 2925 835 2925 979 2926 893 2926 778 2926 1380 2927 979 2927 1339 2927 979 2928 1380 2928 893 2928 1380 2929 1339 2929 1545 2929 1545 2930 1339 2930 1338 2930 1339 2931 978 2931 1338 2931 978 2932 1339 2932 979 2932 778 2933 978 2933 979 2933 22 2934 115 2934 23 2934 115 2935 22 2935 138 2935 115 2936 138 2936 146 2936 146 2937 139 2937 147 2937 139 2938 146 2938 138 2938 147 2939 115 2939 146 2939 115 2940 147 2940 133 2940 115 2941 133 2941 99 2941 139 2942 133 2942 147 2942 133 2943 139 2943 132 2943 51 2944 95 2944 94 2944 95 2945 51 2945 56 2945 95 2946 56 2946 96 2946 96 2947 99 2947 95 2947 96 2948 115 2948 99 2948 170 2949 115 2949 96 2949 115 2950 170 2950 171 2950 132 2951 99 2951 133 2951 45 2952 99 2952 132 2952 99 2953 45 2953 46 2953 95 2954 38 2954 94 2954 38 2955 95 2955 39 2955 46 2956 95 2956 99 2956 95 2957 46 2957 39 2957 45 2958 39 2958 46 2958 39 2959 45 2959 38 2959 38 2960 15 2960 1 2960 69 2961 0 2961 24 2961 13 2962 24 2962 0 2962 24 2963 13 2963 34 2963 38 2964 22 2964 15 2964 22 2965 38 2965 45 2965 45 2966 138 2966 22 2966 138 2967 45 2967 132 2967 138 2968 132 2968 139 2968 0 2969 69 2969 54 2969 53 2970 0 2970 54 2970 0 2971 53 2971 1 2971 38 2972 51 2972 94 2972 51 2973 38 2973 1 2973 1 2974 52 2974 51 2974 52 2975 1 2975 53 2975 53 2976 140 2976 52 2976 140 2977 53 2977 141 2977 49 2978 51 2978 52 2978 54 2979 50 2979 53 2979 50 2980 54 2980 55 2980 55 2981 49 2981 50 2981 49 2982 55 2982 56 2982 51 2983 49 2983 56 2983 190 2984 50 2984 49 2984 50 2985 190 2985 191 2985 50 2986 141 2986 53 2986 141 2987 50 2987 191 2987 191 2988 145 2988 141 2988 145 2989 191 2989 197 2989 196 2990 140 2990 144 2990 140 2991 196 2991 190 2991 190 2992 52 2992 140 2992 52 2993 190 2993 49 2993 197 2994 144 2994 145 2994 144 2995 197 2995 196 2995 166 2996 196 2996 197 2996 197 2997 193 2997 166 2997 192 2998 191 2998 190 2998 196 2999 166 2999 192 2999 192 3000 190 3000 196 3000 193 3001 191 3001 192 3001 193 3002 197 3002 191 3002 142 3003 140 3003 141 3003 143 3004 145 3004 144 3004 145 3005 143 3005 166 3005 166 3006 141 3006 145 3006 141 3007 166 3007 142 3007 143 3008 140 3008 142 3008 143 3009 144 3009 140 3009 193 3010 142 3010 166 3010 142 3011 193 3011 192 3011 192 3012 143 3012 142 3012 143 3013 192 3013 166 3013 769 3014 993 3014 992 3014 782 3015 992 3015 1051 3015 769 3016 992 3016 782 3016 1509 3017 1371 3017 1576 3017 1576 3018 1371 3018 1372 3018 1576 3019 1372 3019 1206 3019 1206 3020 993 3020 769 3020 1206 3021 1372 3021 993 3021 1372 3022 992 3022 993 3022 992 3023 1372 3023 1371 3023 1051 3024 992 3024 1371 3024 1051 3025 1371 3025 1509 3025 769 3026 1027 3026 1206 3026 769 3027 782 3027 390 3027 812 3028 638 3028 716 3028 638 3029 812 3029 789 3029 789 3030 373 3030 638 3030 1571 3031 1552 3031 1680 3031 1552 3032 1571 3032 1397 3032 716 3033 1125 3033 812 3033 1125 3034 716 3034 1307 3034 1125 3035 1307 3035 1552 3035 1680 3036 1552 3036 1307 3036 1397 3037 1571 3037 1107 3037 1107 3038 905 3038 1397 3038 373 3039 789 3039 905 3039 369 3040 905 3040 390 3040 905 3041 369 3041 373 3041 905 3042 1107 3042 745 3042 905 3043 745 3043 390 3043 1027 3044 390 3044 865 3044 390 3045 1027 3045 769 3045 722 3046 390 3046 745 3046 390 3047 722 3047 865 3047 1552 3048 1374 3048 1373 3048 1373 3049 1125 3049 1552 3049 994 3050 812 3050 1125 3050 789 3051 994 3051 995 3051 994 3052 789 3052 812 3052 995 3053 905 3053 789 3053 995 3054 1397 3054 905 3054 1397 3055 1374 3055 1552 3055 1397 3056 995 3056 1374 3056 995 3057 1373 3057 1374 3057 1373 3058 995 3058 994 3058 1125 3059 1373 3059 994 3059 325 3060 536 3060 215 3060 636 3061 390 3061 782 3061 390 3062 636 3062 325 3062 536 3063 325 3063 636 3063 325 3064 369 3064 390 3064 369 3065 325 3065 272 3065 259 3066 369 3066 272 3066 259 3067 135 3067 109 3067 135 3068 259 3068 272 3068 272 3069 215 3069 135 3069 215 3070 272 3070 325 3070 279 3071 373 3071 266 3071 266 3072 98 3072 279 3072 279 3073 638 3073 373 3073 638 3074 279 3074 535 3074 198 3075 535 3075 279 3075 535 3076 716 3076 638 3076 716 3077 535 3077 614 3077 716 3078 614 3078 794 3078 716 3079 794 3079 1307 3079 1307 3080 794 3080 1174 3080 1581 3081 1307 3081 1174 3081 1727 3082 1680 3082 1307 3082 1680 3083 1727 3083 1800 3083 1791 3084 1680 3084 1800 3084 1791 3085 1571 3085 1680 3085 1571 3086 1791 3086 1714 3086 1583 3087 1571 3087 1714 3087 1421 3088 1581 3088 1174 3088 1174 3089 962 3089 1421 3089 1174 3090 760 3090 962 3090 760 3091 1174 3091 794 3091 794 3092 593 3092 760 3092 593 3093 794 3093 614 3093 614 3094 460 3094 593 3094 614 3095 535 3095 460 3095 1681 3096 1581 3096 1421 3096 1681 3097 1727 3097 1581 3097 1727 3098 1307 3098 1581 3098 1583 3099 1752 3099 1636 3099 1583 3100 1714 3100 1752 3100 1714 3101 1860 3101 1752 3101 1860 3102 1714 3102 1791 3102 1791 3103 1897 3103 1860 3103 1897 3104 1791 3104 1800 3104 1800 3105 1890 3105 1897 3105 1800 3106 1847 3106 1890 3106 1847 3107 1800 3107 1727 3107 1727 3108 1681 3108 1847 3108 1107 3109 1571 3109 1583 3109 1107 3110 1016 3110 745 3110 841 3111 745 3111 1016 3111 745 3112 841 3112 722 3112 841 3113 1173 3113 914 3113 1173 3114 841 3114 1083 3114 1583 3115 1409 3115 1107 3115 1016 3116 1107 3116 1409 3116 1016 3117 1083 3117 841 3117 1083 3118 1016 3118 1257 3118 1257 3119 1016 3119 1433 3119 1409 3120 1433 3120 1016 3120 1433 3121 1409 3121 1636 3121 1583 3122 1636 3122 1409 3122 1175 3123 1546 3123 1617 3123 1546 3124 1175 3124 1450 3124 1285 3125 1450 3125 1175 3125 1094 3126 1175 3126 1013 3126 865 3127 1013 3127 1175 3127 865 3128 1175 3128 1027 3128 1505 3129 1027 3129 1175 3129 1027 3130 1505 3130 1206 3130 1175 3131 1617 3131 1505 3131 1175 3132 1094 3132 1285 3132 1690 3133 1206 3133 1505 3133 1206 3134 1690 3134 1576 3134 1693 3135 1576 3135 1690 3135 1576 3136 1693 3136 1509 3136 1589 3137 1509 3137 1693 3137 1342 3138 1509 3138 1589 3138 1509 3139 1342 3139 1051 3139 922 3140 1051 3140 1342 3140 706 3141 1051 3141 922 3141 782 3142 706 3142 636 3142 706 3143 782 3143 1051 3143 1729 3144 1505 3144 1617 3144 636 3145 585 3145 536 3145 585 3146 636 3146 706 3146 706 3147 707 3147 585 3147 707 3148 706 3148 922 3148 922 3149 969 3149 707 3149 922 3150 1236 3150 969 3150 1236 3151 922 3151 1342 3151 1342 3152 1567 3152 1236 3152 1567 3153 1342 3153 1589 3153 1589 3154 1699 3154 1567 3154 1589 3155 1774 3155 1699 3155 1774 3156 1589 3156 1693 3156 1693 3157 1834 3157 1774 3157 1693 3158 1798 3158 1834 3158 1798 3159 1693 3159 1690 3159 1690 3160 1729 3160 1798 3160 1729 3161 1690 3161 1505 3161 208 3162 531 3162 526 3162 531 3163 208 3163 210 3163 210 3164 536 3164 531 3164 536 3165 210 3165 215 3165 426 3166 184 3166 183 3166 184 3167 426 3167 431 3167 431 3168 198 3168 184 3168 198 3169 431 3169 535 3169 431 3170 460 3170 535 3170 1527 3171 1681 3171 1421 3171 1737 3172 1847 3172 1681 3172 1870 3173 1890 3173 1847 3173 1903 3174 1860 3174 1897 3174 1897 3175 1909 3175 1903 3175 1860 3176 1903 3176 1877 3176 426 3177 460 3177 431 3177 460 3178 426 3178 465 3178 465 3179 561 3179 460 3179 593 3180 460 3180 561 3180 760 3181 634 3181 774 3181 634 3182 760 3182 593 3182 593 3183 561 3183 634 3183 774 3184 962 3184 760 3184 1681 3185 1527 3185 1663 3185 1261 3186 1527 3186 1421 3186 1421 3187 1028 3187 1261 3187 962 3188 1028 3188 1421 3188 962 3189 774 3189 1028 3189 1663 3190 1737 3190 1681 3190 1890 3191 1870 3191 1893 3191 1811 3192 1870 3192 1847 3192 1737 3193 1811 3193 1847 3193 1908 3194 1890 3194 1893 3194 1908 3195 1909 3195 1890 3195 1897 3196 1890 3196 1909 3196 1724 3197 1636 3197 1752 3197 1752 3198 1830 3198 1724 3198 1860 3199 1830 3199 1752 3199 1860 3200 1877 3200 1830 3200 707 3201 969 3201 749 3201 536 3202 585 3202 531 3202 1567 3203 1699 3203 1620 3203 1695 3204 1729 3204 1617 3204 1762 3205 1729 3205 1695 3205 1762 3206 1798 3206 1729 3206 1828 3207 1798 3207 1762 3207 1828 3208 1834 3208 1798 3208 1834 3209 1828 3209 1837 3209 1837 3210 1774 3210 1834 3210 1774 3211 1837 3211 1801 3211 1801 3212 1745 3212 1774 3212 1745 3213 1699 3213 1774 3213 1702 3214 1620 3214 1699 3214 1699 3215 1745 3215 1702 3215 1567 3216 1620 3216 1460 3216 1567 3217 1460 3217 1236 3217 1236 3218 1460 3218 1238 3218 1238 3219 969 3219 1236 3219 969 3220 1238 3220 982 3220 982 3221 749 3221 969 3221 531 3222 595 3222 526 3222 595 3223 531 3223 585 3223 707 3224 595 3224 585 3224 595 3225 707 3225 657 3225 707 3226 749 3226 657 3226 93 3227 126 3227 91 3227 135 3228 208 3228 126 3228 126 3229 93 3229 135 3229 109 3230 135 3230 93 3230 208 3231 135 3231 210 3231 210 3232 135 3232 215 3232 90 3233 93 3233 91 3233 109 3234 93 3234 108 3234 90 3235 86 3235 85 3235 86 3236 90 3236 91 3236 158 3237 90 3237 85 3237 108 3238 93 3238 90 3238 108 3239 90 3239 156 3239 90 3240 158 3240 156 3240 425 3241 183 3241 182 3241 183 3242 425 3242 426 3242 184 3243 120 3243 183 3243 198 3244 120 3244 184 3244 120 3245 198 3245 279 3245 88 3246 120 3246 98 3246 279 3247 98 3247 120 3247 108 3248 259 3248 109 3248 259 3249 108 3249 156 3249 159 3250 98 3250 266 3250 266 3251 156 3251 159 3251 156 3252 266 3252 259 3252 373 3253 259 3253 266 3253 259 3254 373 3254 369 3254 128 3255 157 3255 159 3255 157 3256 128 3256 127 3256 127 3257 158 3257 157 3257 127 3258 156 3258 158 3258 159 3259 156 3259 128 3259 84 3260 159 3260 157 3260 159 3261 84 3261 89 3261 89 3262 98 3262 159 3262 88 3263 98 3263 89 3263 84 3264 88 3264 89 3264 88 3265 84 3265 83 3265 83 3266 120 3266 88 3266 120 3267 83 3267 116 3267 116 3268 183 3268 120 3268 183 3269 116 3269 182 3269 1678 3270 1724 3270 1788 3270 1874 3271 1830 3271 1877 3271 1830 3272 1874 3272 1788 3272 1788 3273 1724 3273 1830 3273 1903 3274 1874 3274 1877 3274 1874 3275 1903 3275 1906 3275 1906 3276 1903 3276 1909 3276 1906 3277 1909 3277 1907 3277 1907 3278 1909 3278 1908 3278 1893 3279 1907 3279 1908 3279 1893 3280 1875 3280 1907 3280 1875 3281 1893 3281 1870 3281 1811 3282 1875 3282 1870 3282 1875 3283 1811 3283 1789 3283 1737 3284 1789 3284 1811 3284 1789 3285 1737 3285 1679 3285 1679 3286 1737 3286 1663 3286 1663 3287 1504 3287 1679 3287 1504 3288 1663 3288 1527 3288 1261 3289 1504 3289 1527 3289 1504 3290 1261 3290 1097 3290 793 3291 1028 3291 774 3291 1028 3292 793 3292 1097 3292 1097 3293 1261 3293 1028 3293 634 3294 793 3294 774 3294 793 3295 634 3295 619 3295 619 3296 634 3296 561 3296 619 3297 561 3297 478 3297 425 3298 465 3298 426 3298 465 3299 425 3299 478 3299 478 3300 561 3300 465 3300 1636 3301 1724 3301 1569 3301 1569 3302 1433 3302 1636 3302 1433 3303 1569 3303 1491 3303 1433 3304 1491 3304 1389 3304 1389 3305 1257 3305 1433 3305 1173 3306 1202 3306 1212 3306 1083 3307 1257 3307 1202 3307 1202 3308 1173 3308 1083 3308 1202 3309 1213 3309 1212 3309 1213 3310 1202 3310 1214 3310 1257 3311 1214 3311 1202 3311 1257 3312 1390 3312 1214 3312 1390 3313 1257 3313 1389 3313 1491 3314 1390 3314 1389 3314 1390 3315 1491 3315 1544 3315 1678 3316 1569 3316 1724 3316 1569 3317 1678 3317 1544 3317 1544 3318 1491 3318 1569 3318 1326 3319 1173 3319 1212 3319 1326 3320 1213 3320 1327 3320 1213 3321 1326 3321 1212 3321 1224 3322 1326 3322 1327 3322 1173 3323 1326 3323 1223 3323 1326 3324 1224 3324 1223 3324 595 3325 525 3325 526 3325 525 3326 595 3326 615 3326 729 3327 657 3327 749 3327 657 3328 729 3328 615 3328 657 3329 615 3329 595 3329 982 3330 729 3330 749 3330 729 3331 982 3331 996 3331 1238 3332 996 3332 982 3332 996 3333 1238 3333 1399 3333 1605 3334 1460 3334 1620 3334 1460 3335 1605 3335 1399 3335 1399 3336 1238 3336 1460 3336 1702 3337 1605 3337 1620 3337 1605 3338 1702 3338 1719 3338 1719 3339 1702 3339 1745 3339 1719 3340 1745 3340 1785 3340 1836 3341 1801 3341 1837 3341 1801 3342 1836 3342 1785 3342 1785 3343 1745 3343 1801 3343 1828 3344 1836 3344 1837 3344 1836 3345 1828 3345 1822 3345 1762 3346 1822 3346 1828 3346 1822 3347 1762 3347 1746 3347 1695 3348 1661 3348 1746 3348 1695 3349 1746 3349 1762 3349 1598 3350 1617 3350 1546 3350 1617 3351 1598 3351 1695 3351 1452 3352 1481 3352 1450 3352 1481 3353 1546 3353 1450 3353 1094 3354 1223 3354 1292 3354 1292 3355 1285 3355 1094 3355 722 3356 1013 3356 865 3356 1013 3357 722 3357 841 3357 841 3358 1094 3358 1013 3358 1094 3359 841 3359 914 3359 1223 3360 1094 3360 914 3360 1173 3361 1223 3361 914 3361 1224 3362 1313 3362 1294 3362 1294 3363 1223 3363 1224 3363 1294 3364 1292 3364 1223 3364 1325 3365 1292 3365 1294 3365 1313 3366 1224 3366 1293 3366 1293 3367 1325 3367 1313 3367 1292 3368 1325 3368 1293 3368 1387 3369 1292 3369 1293 3369 1292 3370 1387 3370 1386 3370 1386 3371 1285 3371 1292 3371 1386 3372 1450 3372 1285 3372 1452 3373 1450 3373 1386 3373 1387 3374 1452 3374 1386 3374 1452 3375 1387 3375 1453 3375 1598 3376 1661 3376 1695 3376 1661 3377 1598 3377 1575 3377 1546 3378 1575 3378 1598 3378 1575 3379 1546 3379 1494 3379 1453 3380 1481 3380 1452 3380 1481 3381 1453 3381 1494 3381 1494 3382 1546 3382 1481 3382 87 3383 156 3383 127 3383 87 3384 128 3384 156 3384 87 3385 8 3385 10 3385 8 3386 87 3386 127 3386 127 3387 9 3387 8 3387 9 3388 127 3388 128 3388 9 3389 128 3389 87 3389 87 3390 10 3390 9 3390 1325 3391 1414 3391 1428 3391 1414 3392 1325 3392 1294 3392 1294 3393 1415 3393 1414 3393 1415 3394 1294 3394 1313 3394 1313 3395 1428 3395 1415 3395 1428 3396 1313 3396 1325 3396 91 3397 117 3397 86 3397 117 3398 91 3398 126 3398 207 3399 126 3399 208 3399 126 3400 207 3400 117 3400 208 3401 331 3401 207 3401 525 3402 208 3402 526 3402 208 3403 525 3403 340 3403 331 3404 208 3404 340 3404 320 3405 331 3405 340 3405 320 3406 207 3406 331 3406 207 3407 320 3407 181 3407 181 3408 117 3408 207 3408 117 3409 181 3409 67 3409 67 3410 31 3410 26 3410 26 3411 117 3411 67 3411 180 3412 67 3412 181 3412 316 3413 181 3413 320 3413 181 3414 316 3414 180 3414 288 3415 180 3415 316 3415 180 3416 31 3416 67 3416 31 3417 180 3417 161 3417 180 3418 288 3418 161 3418 320 3419 288 3419 316 3419 75 3420 161 3420 162 3420 31 3421 75 3421 26 3421 19 3422 26 3422 75 3422 19 3423 5 3423 26 3423 5 3424 19 3424 6 3424 161 3425 75 3425 31 3425 491 3426 323 3426 490 3426 323 3427 491 3427 162 3427 288 3428 320 3428 323 3428 323 3429 161 3429 288 3429 161 3430 323 3430 162 3430 10 3431 6 3431 11 3431 11 3432 9 3432 10 3432 7 3433 8 3433 9 3433 8 3434 7 3434 5 3434 9 3435 11 3435 7 3435 10 3436 5 3436 6 3436 5 3437 10 3437 8 3437 204 3438 66 3438 175 3438 66 3439 204 3439 124 3439 124 3440 20 3440 66 3440 20 3441 124 3441 74 3441 175 3442 66 3442 163 3442 163 3443 75 3443 162 3443 75 3444 163 3444 66 3444 66 3445 19 3445 75 3445 66 3446 6 3446 19 3446 6 3447 66 3447 20 3447 30 3448 131 3448 130 3448 131 3449 30 3449 32 3449 7 3450 32 3450 30 3450 32 3451 7 3451 11 3451 21 3452 74 3452 73 3452 74 3453 21 3453 20 3453 11 3454 20 3454 21 3454 20 3455 11 3455 6 3455 131 3456 404 3456 130 3456 404 3457 131 3457 405 3457 155 3458 107 3458 174 3458 32 3459 73 3459 107 3459 107 3460 155 3460 32 3460 134 3461 32 3461 155 3461 131 3462 32 3462 134 3462 73 3463 32 3463 21 3463 21 3464 32 3464 11 3464 254 3465 73 3465 74 3465 73 3466 254 3466 256 3466 365 3467 256 3467 254 3467 256 3468 365 3468 367 3468 73 3469 256 3469 107 3469 383 3470 256 3470 367 3470 256 3471 383 3471 298 3471 298 3472 107 3472 256 3472 107 3473 298 3473 174 3473 413 3474 174 3474 421 3474 174 3475 413 3475 155 3475 408 3476 155 3476 413 3476 155 3477 408 3477 134 3477 405 3478 134 3478 408 3478 134 3479 405 3479 131 3479 445 3480 404 3480 405 3480 404 3481 445 3481 462 3481 597 3482 488 3482 620 3482 488 3483 597 3483 462 3483 462 3484 445 3484 488 3484 750 3485 597 3485 620 3485 597 3486 750 3486 772 3486 948 3487 772 3487 750 3487 772 3488 948 3488 1095 3488 1525 3489 1169 3489 1532 3489 1169 3490 1525 3490 1095 3490 1095 3491 948 3491 1169 3491 1676 3492 1525 3492 1532 3492 1525 3493 1676 3493 1692 3493 1676 3494 1827 3494 1692 3494 1827 3495 1676 3495 1747 3495 1827 3496 1747 3496 1839 3496 1884 3497 1827 3497 1839 3497 1827 3498 1884 3498 1887 3498 1917 3499 1887 3499 1884 3499 1887 3500 1917 3500 1921 3500 1920 3501 1922 3501 1918 3501 1922 3502 1920 3502 1921 3502 1922 3503 1921 3503 1917 3503 1889 3504 1920 3504 1918 3504 1920 3505 1889 3505 1886 3505 1859 3506 1886 3506 1889 3506 1886 3507 1859 3507 1826 3507 1691 3508 1799 3508 1655 3508 1799 3509 1691 3509 1826 3509 1826 3510 1859 3510 1799 3510 340 3511 323 3511 320 3511 323 3512 340 3512 525 3512 7 3513 84 3513 5 3513 26 3514 86 3514 117 3514 86 3515 26 3515 5 3515 5 3516 85 3516 86 3516 85 3517 5 3517 84 3517 84 3518 158 3518 85 3518 158 3519 84 3519 157 3519 1493 3520 1387 3520 1319 3520 490 3521 323 3521 525 3521 525 3522 586 3522 490 3522 586 3523 525 3523 615 3523 615 3524 717 3524 586 3524 717 3525 615 3525 729 3525 729 3526 983 3526 717 3526 983 3527 729 3527 996 3527 996 3528 1407 3528 983 3528 1407 3529 996 3529 1399 3529 1399 3530 1625 3530 1407 3530 1625 3531 1399 3531 1605 3531 1605 3532 1735 3532 1625 3532 1735 3533 1605 3533 1719 3533 1719 3534 1829 3534 1735 3534 1829 3535 1719 3535 1785 3535 1785 3536 1856 3536 1829 3536 1856 3537 1785 3537 1836 3537 1836 3538 1846 3538 1856 3538 1846 3539 1836 3539 1822 3539 1822 3540 1766 3540 1846 3540 1766 3541 1822 3541 1746 3541 1746 3542 1675 3542 1766 3542 1675 3543 1746 3543 1661 3543 1661 3544 1601 3544 1675 3544 1601 3545 1661 3545 1575 3545 1575 3546 1538 3546 1601 3546 1538 3547 1575 3547 1494 3547 1494 3548 1493 3548 1538 3548 1493 3549 1494 3549 1453 3549 1387 3550 1493 3550 1453 3550 1224 3551 1387 3551 1293 3551 1387 3552 1224 3552 1327 3552 1327 3553 1319 3553 1387 3553 1319 3554 1327 3554 1213 3554 1213 3555 1320 3555 1319 3555 1320 3556 1213 3556 1214 3556 1214 3557 1435 3557 1320 3557 1435 3558 1214 3558 1390 3558 1390 3559 1570 3559 1435 3559 1570 3560 1390 3560 1544 3560 1544 3561 1691 3561 1570 3561 1691 3562 1544 3562 1678 3562 1678 3563 1826 3563 1691 3563 1826 3564 1678 3564 1788 3564 1788 3565 1886 3565 1826 3565 1886 3566 1788 3566 1874 3566 1874 3567 1920 3567 1886 3567 1920 3568 1874 3568 1906 3568 1906 3569 1921 3569 1920 3569 1921 3570 1906 3570 1907 3570 1907 3571 1887 3571 1921 3571 1887 3572 1907 3572 1875 3572 1875 3573 1827 3573 1887 3573 1827 3574 1875 3574 1789 3574 1789 3575 1692 3575 1827 3575 1692 3576 1789 3576 1679 3576 1679 3577 1525 3577 1692 3577 1525 3578 1679 3578 1504 3578 1504 3579 1095 3579 1525 3579 1095 3580 1504 3580 1097 3580 1097 3581 772 3581 1095 3581 772 3582 1097 3582 793 3582 793 3583 597 3583 772 3583 597 3584 793 3584 619 3584 619 3585 462 3585 597 3585 462 3586 619 3586 478 3586 478 3587 404 3587 462 3587 404 3588 478 3588 425 3588 425 3589 130 3589 404 3589 130 3590 425 3590 182 3590 182 3591 30 3591 130 3591 30 3592 182 3592 116 3592 116 3593 7 3593 30 3593 7 3594 116 3594 83 3594 84 3595 7 3595 83 3595 1414 3596 1318 3596 1492 3596 1414 3597 1492 3597 1428 3597 1414 3598 1319 3598 1318 3598 1319 3599 1414 3599 1415 3599 1319 3600 1415 3600 1493 3600 1428 3601 1493 3601 1415 3601 1428 3602 1492 3602 1493 3602 1691 3603 1655 3603 1570 3603 1570 3604 1655 3604 1547 3604 1547 3605 1435 3605 1570 3605 1435 3606 1547 3606 1434 3606 1333 3607 1435 3607 1434 3607 1435 3608 1333 3608 1320 3608 1319 3609 1301 3609 1318 3609 1301 3610 1319 3610 1320 3610 1301 3611 1320 3611 1333 3611 1742 3612 1675 3612 1649 3612 1675 3613 1742 3613 1766 3613 1846 3614 1782 3614 1845 3614 1782 3615 1846 3615 1766 3615 1766 3616 1742 3616 1782 3616 1857 3617 1846 3617 1845 3617 1846 3618 1857 3618 1856 3618 1829 3619 1849 3619 1824 3619 1849 3620 1829 3620 1856 3620 1849 3621 1856 3621 1857 3621 1739 3622 1829 3622 1824 3622 1829 3623 1739 3623 1735 3623 1625 3624 1684 3624 1606 3624 1735 3625 1684 3625 1625 3625 1684 3626 1735 3626 1739 3626 1424 3627 1625 3627 1606 3627 1625 3628 1424 3628 1407 3628 983 3629 1130 3629 929 3629 1407 3630 1130 3630 983 3630 1130 3631 1407 3631 1424 3631 728 3632 983 3632 929 3632 983 3633 728 3633 717 3633 626 3634 717 3634 728 3634 717 3635 626 3635 586 3635 490 3636 558 3636 491 3636 558 3637 490 3637 586 3637 558 3638 586 3638 626 3638 1601 3639 1649 3639 1675 3639 1540 3640 1493 3640 1492 3640 1493 3641 1540 3641 1538 3641 1540 3642 1601 3642 1538 3642 1601 3643 1540 3643 1649 3643 1333 3644 1464 3644 1259 3644 1318 3645 1259 3645 1286 3645 1286 3646 1259 3646 1222 3646 1259 3647 1318 3647 1301 3647 1333 3648 1259 3648 1301 3648 1464 3649 1333 3649 1434 3649 1646 3650 1547 3650 1655 3650 1464 3651 1547 3651 1646 3651 1464 3652 1434 3652 1547 3652 1655 3653 1763 3653 1646 3653 1676 3654 1532 3654 1659 3654 750 3655 620 3655 845 3655 408 3656 445 3656 405 3656 540 3657 620 3657 488 3657 488 3658 445 3658 540 3658 1169 3659 845 3659 1263 3659 845 3660 1169 3660 948 3660 845 3661 948 3661 750 3661 1263 3662 1532 3662 1169 3662 1659 3663 1747 3663 1676 3663 1884 3664 1839 3664 1892 3664 1922 3665 1917 3665 1892 3665 1884 3666 1892 3666 1917 3666 1905 3667 1889 3667 1918 3667 1918 3668 1922 3668 1905 3668 1763 3669 1655 3669 1799 3669 1799 3670 1859 3670 1763 3670 1905 3671 1859 3671 1889 3671 413 3672 445 3672 408 3672 1863 3673 1763 3673 1859 3673 1863 3674 1859 3674 1905 3674 1905 3675 1910 3675 1863 3675 1910 3676 1905 3676 1922 3676 1922 3677 1894 3677 1910 3677 1894 3678 1922 3678 1892 3678 1892 3679 1855 3679 1894 3679 1855 3680 1892 3680 1839 3680 1839 3681 1696 3681 1855 3681 1696 3682 1839 3682 1747 3682 1696 3683 1747 3683 1659 3683 1659 3684 1426 3684 1696 3684 1426 3685 1659 3685 1532 3685 1426 3686 1532 3686 1263 3686 1263 3687 958 3687 1426 3687 958 3688 1263 3688 845 3688 845 3689 685 3689 958 3689 685 3690 845 3690 620 3690 620 3691 540 3691 685 3691 455 3692 540 3692 445 3692 445 3693 421 3693 455 3693 421 3694 445 3694 413 3694 1763 3695 1597 3695 1646 3695 1713 3696 1623 3696 1531 3696 1796 3697 1623 3697 1713 3697 1623 3698 1796 3698 1689 3698 1820 3699 1689 3699 1796 3699 1744 3700 1689 3700 1820 3700 1689 3701 1744 3701 1473 3701 1631 3702 1473 3702 1744 3702 1473 3703 1631 3703 1153 3703 1473 3704 1153 3704 850 3704 751 3705 850 3705 1153 3705 598 3706 850 3706 751 3706 850 3707 598 3707 647 3707 647 3708 598 3708 527 3708 527 3709 455 3709 421 3709 455 3710 527 3710 598 3710 455 3711 598 3711 540 3711 751 3712 540 3712 598 3712 540 3713 751 3713 685 3713 1153 3714 685 3714 751 3714 685 3715 1153 3715 958 3715 958 3716 1153 3716 1426 3716 1631 3717 1426 3717 1153 3717 1426 3718 1631 3718 1696 3718 1744 3719 1696 3719 1631 3719 1696 3720 1744 3720 1855 3720 1820 3721 1855 3721 1744 3721 1855 3722 1820 3722 1894 3722 1894 3723 1820 3723 1910 3723 1796 3724 1910 3724 1820 3724 1910 3725 1796 3725 1863 3725 1713 3726 1863 3726 1796 3726 1863 3727 1713 3727 1763 3727 1531 3728 1763 3728 1713 3728 1763 3729 1531 3729 1597 3729 421 3730 298 3730 527 3730 298 3731 421 3731 174 3731 383 3732 527 3732 298 3732 527 3733 383 3733 647 3733 175 3734 519 3734 204 3734 519 3735 175 3735 507 3735 163 3736 507 3736 175 3736 507 3737 163 3737 495 3737 162 3738 495 3738 163 3738 495 3739 162 3739 491 3739 268 3740 365 3740 254 3740 365 3741 268 3741 382 3741 382 3742 268 3742 319 3742 319 3743 124 3743 204 3743 124 3744 319 3744 268 3744 254 3745 124 3745 268 3745 124 3746 254 3746 74 3746 491 3747 569 3747 495 3747 1637 3748 1606 3748 1684 3748 1857 3749 1845 3749 1848 3749 1742 3750 1639 3750 1761 3750 1639 3751 1742 3751 1649 3751 1761 3752 1845 3752 1782 3752 1761 3753 1782 3753 1742 3753 1824 3754 1848 3754 1765 3754 1848 3755 1824 3755 1849 3755 1848 3756 1849 3756 1857 3756 1684 3757 1765 3757 1637 3757 1765 3758 1684 3758 1739 3758 1765 3759 1739 3759 1824 3759 1424 3760 1637 3760 1306 3760 1637 3761 1424 3761 1606 3761 902 3762 728 3762 929 3762 929 3763 1306 3763 902 3763 1306 3764 929 3764 1130 3764 1306 3765 1130 3765 1424 3765 569 3766 491 3766 558 3766 626 3767 569 3767 558 3767 495 3768 569 3768 507 3768 1765 3769 1805 3769 1722 3769 1805 3770 1765 3770 1848 3770 1848 3771 1835 3771 1805 3771 1835 3772 1848 3772 1845 3772 1845 3773 1748 3773 1835 3773 1748 3774 1845 3774 1761 3774 1761 3775 1639 3775 1748 3775 1722 3776 1637 3776 1765 3776 507 3777 569 3777 519 3777 690 3778 569 3778 626 3778 690 3779 626 3779 728 3779 728 3780 902 3780 690 3780 1296 3781 902 3781 1306 3781 1306 3782 1621 3782 1296 3782 1621 3783 1306 3783 1637 3783 1637 3784 1722 3784 1621 3784 633 3785 204 3785 519 3785 204 3786 633 3786 319 3786 770 3787 319 3787 633 3787 319 3788 770 3788 382 3788 1449 3789 1639 3789 1540 3789 1540 3790 1457 3790 1449 3790 1649 3791 1540 3791 1639 3791 1457 3792 1540 3792 1475 3792 1475 3793 1540 3793 1492 3793 1665 3794 1572 3794 1184 3794 727 3795 770 3795 633 3795 770 3796 727 3796 856 3796 1098 3797 856 3797 727 3797 856 3798 1098 3798 1396 3798 1528 3799 1396 3799 1098 3799 1685 3800 1396 3800 1528 3800 1396 3801 1685 3801 1555 3801 1710 3802 1555 3802 1685 3802 1665 3803 1555 3803 1710 3803 1555 3804 1665 3804 1184 3804 1572 3805 1748 3805 1639 3805 1572 3806 1665 3806 1748 3806 1665 3807 1835 3807 1748 3807 1835 3808 1665 3808 1710 3808 1710 3809 1805 3809 1835 3809 1805 3810 1710 3810 1685 3810 1685 3811 1722 3811 1805 3811 1722 3812 1685 3812 1528 3812 1528 3813 1621 3813 1722 3813 519 3814 727 3814 633 3814 727 3815 519 3815 569 3815 727 3816 569 3816 690 3816 690 3817 1098 3817 727 3817 1098 3818 690 3818 902 3818 1098 3819 902 3819 1296 3819 1296 3820 1528 3820 1098 3820 1621 3821 1528 3821 1296 3821 1475 3822 1222 3822 1457 3822 1222 3823 1475 3823 1286 3823 1492 3824 1286 3824 1475 3824 1286 3825 1492 3825 1318 3825 933 3826 1259 3826 1110 3826 1464 3827 1110 3827 1259 3827 1646 3828 1110 3828 1464 3828 1110 3829 1646 3829 1597 3829 1259 3830 1034 3830 1222 3830 1034 3831 1259 3831 933 3831 933 3832 927 3832 1034 3832 1531 3833 1623 3833 921 3833 1531 3834 921 3834 1110 3834 1110 3835 921 3835 933 3835 720 3836 933 3836 921 3836 720 3837 849 3837 933 3837 1531 3838 1110 3838 1597 3838 927 3839 933 3839 849 3839 1184 3840 1025 3840 866 3840 1245 3841 1449 3841 1457 3841 1449 3842 1572 3842 1639 3842 1449 3843 1025 3843 1184 3843 1184 3844 1572 3844 1449 3844 1184 3845 1163 3845 1555 3845 1245 3846 1025 3846 1449 3846 1025 3847 1245 3847 1104 3847 1222 3848 1245 3848 1457 3848 1245 3849 1222 3849 1034 3849 1034 3850 1104 3850 1245 3850 1104 3851 1034 3851 927 3851 927 3852 1025 3852 1104 3852 1025 3853 927 3853 849 3853 849 3854 866 3854 1025 3854 866 3855 849 3855 720 3855 1163 3856 1184 3856 779 3856 773 3857 647 3857 383 3857 770 3858 779 3858 382 3858 1542 3859 1623 3859 1689 3859 779 3860 770 3860 856 3860 1542 3861 921 3861 1623 3861 951 3862 647 3862 773 3862 951 3863 850 3863 647 3863 951 3864 1473 3864 850 3864 1473 3865 951 3865 1500 3865 1500 3866 1689 3866 1473 3866 1689 3867 1500 3867 1542 3867 773 3868 383 3868 860 3868 921 3869 1542 3869 1189 3869 921 3870 1189 3870 968 3870 921 3871 968 3871 382 3871 860 3872 383 3872 367 3872 367 3873 968 3873 860 3873 968 3874 367 3874 365 3874 968 3875 365 3875 382 3875 382 3876 720 3876 921 3876 866 3877 779 3877 1184 3877 779 3878 866 3878 382 3878 720 3879 382 3879 866 3879 997 3880 779 3880 856 3880 998 3881 1163 3881 779 3881 1357 3882 1163 3882 998 3882 1163 3883 1357 3883 1555 3883 1356 3884 1396 3884 1555 3884 997 3885 1396 3885 1356 3885 1396 3886 997 3886 856 3886 1356 3887 1555 3887 1357 3887 1357 3888 997 3888 1356 3888 997 3889 1357 3889 998 3889 998 3890 779 3890 997 3890 1358 3891 1542 3891 1500 3891 1000 3892 1189 3892 1359 3892 1542 3893 1359 3893 1189 3893 1000 3894 773 3894 860 3894 968 3895 1000 3895 860 3895 1189 3896 1000 3896 968 3896 1358 3897 951 3897 999 3897 951 3898 1358 3898 1500 3898 773 3899 999 3899 951 3899 999 3900 773 3900 1000 3900 1000 3901 1358 3901 999 3901 1358 3902 1000 3902 1359 3902 1359 3903 1542 3903 1358 3903 1082 3904 1171 3904 1106 3904 1106 3905 1086 3905 1082 3905 1106 3906 1171 3906 1086 3906 1086 3907 1171 3907 1082 3907 238 3908 62 3908 78 3908 237 3909 62 3909 238 3909 237 3910 78 3910 62 3910 78 3911 237 3911 238 3911 1047 3912 1378 3912 1366 3912 1041 3913 1378 3913 1047 3913 1041 3914 1366 3914 1378 3914 1047 3915 1366 3915 1041 3915 1035 3916 1334 3916 1352 3916 1029 3917 1334 3917 1035 3917 1029 3918 1352 3918 1334 3918 1035 3919 1352 3919 1029 3919</p>
        </triangles>
      </mesh>
    </geometry>
  </library_geometries>
  <library_materials>
    <material id="mat_link_2_l_stl002" name="link_2_l_stl002">
      <instance_effect url="#effect_link_2_l_stl002"/>
    </material>
  </library_materials>
  <library_visual_scenes>
    <visual_scene id="myscene">
      <node id="node0" name="node0">
        <instance_geometry url="#geometry0">
          <bind_material>
            <technique_common>
              <instance_material symbol="ref_link_2_l_stl002" target="#mat_link_2_l_stl002"/>
            </technique_common>
          </bind_material>
        </instance_geometry>
      </node>
    </visual_scene>
  </library_visual_scenes>
  <scene>
    <instance_visual_scene url="#myscene"/>
  </scene>
</COLLADA>
