number,value,datetime_start,datetime_complete,duration,params_adaptive_alpha_pos,params_adaptive_lambda,params_i_clamp_ori,params_i_clamp_pos,params_i_gain_ori,params_i_gain_pos,params_k_pos_max,params_k_pos_min,params_m_pos_max,params_m_pos_min,params_zeta_pos,state
0,10806762.74412098,2000-01-01 00:00:00.000000,2000-01-01 00:00:00.000000,0 days 00:00:00,24.691424506821164,68.13047017599905,0.0079589053732101,0.0204051929036373,116.00290365511322,1816.014101329536,2089.766365993793,341.1053504286575,0.3860757465489678,0.0553325368888051,0.7965583595372332,COMPLETE
1,9418153.925699197,2000-01-01 00:00:01.000000,2000-01-01 00:00:01.000000,0 days 00:00:00,42.46789304965721,11.819655769629314,0.0080317539293238,0.0489736804271726,105.70133630715011,1622.8664766147458,1142.072116395774,470.2386553170644,0.3272178244375729,0.0533605970555375,0.5609905097910785,COMPLETE
2,3599358.129438422,2000-01-01 00:00:02.000000,2000-01-01 00:00:02.000000,0 days 00:00:00,28.483174478753224,95.02020253446256,0.0046702732557221,0.0391632170928424,39.101117331508966,1004.92529798389,2279.8420426550474,147.3097703475733,0.4122116705145822,0.0466864568630402,0.6003473011863325,COMPLETE
3,4642213.93309735,2000-01-01 00:00:03.000000,2000-01-01 00:00:03.000000,0 days 00:00:00,35.681913459656755,94.93732706631616,0.0007902096219668,0.0354862974045087,58.07351491792756,911.1634309754362,2224.191445444843,347.05419883035086,0.107515920174542,0.0572749609379962,0.9318537978123298,COMPLETE
4,2033243.076618546,2000-01-01 00:00:04.000000,2000-01-01 00:00:04.000000,0 days 00:00:00,30.658854668804583,42.73396938483604,0.0022469922097293,0.0068981509159053,118.72112218651488,1045.6225728859445,1257.8525953097069,184.15302442953637,0.3682551478472637,0.0670099048291211,0.7207998456469287,COMPLETE
5,3360326.17632651,2000-01-01 00:00:05.000000,2000-01-01 00:00:05.000000,0 days 00:00:00,9.966881352393733,24.30726252809677,0.0038135066724774,0.0114359533606425,25.20012464834752,1415.7603020909648,1932.6215457126127,201.3166410159129,0.3612433301861594,0.0169696422706146,0.6710979144011219,COMPLETE
6,2083304.8080952596,2000-01-01 00:00:06.000000,2000-01-01 00:00:06.000000,0 days 00:00:00,48.95424896856517,52.17860814829314,0.0029715082332488,0.0038810140282073,91.3189937338132,1328.237383566578,1192.1968157879262,435.1779629995216,0.1388405103172245,0.0822783297549455,1.183521625509377,COMPLETE
7,5384489.610433387,2000-01-01 00:00:07.000000,2000-01-01 00:00:07.000000,0 days 00:00:00,36.16124537165089,15.773274671390592,0.0011206170054327,0.0271159065664015,39.192844003339,1263.2224721511775,1635.966358787952,147.49108758169763,0.218456079008858,0.0128994595601037,0.7899840961602689,COMPLETE
8,2724584.697611346,2000-01-01 00:00:08.000000,2000-01-01 00:00:08.000000,0 days 00:00:00,18.02327418262405,74.4694483706709,0.0083236122863301,0.0029651622169996,74.51642282910915,611.4253154120986,2334.8207599273637,227.42758098052943,0.4717184790304857,0.0580187030600617,0.5922585036830745,COMPLETE
9,2873232.218422024,2000-01-01 00:00:09.000000,2000-01-01 00:00:09.000000,0 days 00:00:00,30.92708004880266,32.387782916796226,0.0095369403128664,0.0127079183667496,72.94770963699608,1306.4712831621264,2470.38804424519,208.00318927686595,0.371126614718492,0.0014648521430621,1.1735319815822067,COMPLETE
10,5275354.739822554,2000-01-01 00:00:10.000000,2000-01-01 00:00:10.000000,0 days 00:00:00,30.32857805637892,96.02406169978308,0.0020068088754471,0.0202372056996992,90.24557289388612,1356.281885182062,1222.189307035294,160.4078440495384,0.3801595365266744,0.07618537742575,0.5435055158891127,COMPLETE
11,1587383.8901291783,2000-01-01 00:00:11.000000,2000-01-01 00:00:11.000000,0 days 00:00:00,47.88525579556036,50.40437563749475,0.0046882034470174,0.0030676087520232,67.12927793250869,1513.5508029643486,1310.4128370525714,378.116402598893,0.1178753531174309,0.0577108542375768,1.1089671925711313,COMPLETE
12,1844066.030973544,2000-01-01 00:00:12.000000,2000-01-01 00:00:12.000000,0 days 00:00:00,36.84562643380923,21.01855244495209,0.0072414084310624,0.0037810152564867,31.20139384099774,1625.9371600565255,1294.5389125558606,469.69926266004745,0.136024718354774,0.052275759419994,1.1143609182182916,COMPLETE
13,2036008.547418158,2000-01-01 00:00:13.000000,2000-01-01 00:00:13.000000,0 days 00:00:00,33.03966872256603,54.53100242603664,0.0059114149013408,0.004975885106785,16.499365974105167,1745.54249401316,1720.7767935704514,494.4428244720441,0.1200074905665865,0.0370967214033493,1.13394304800376,COMPLETE
14,6419768.876619377,2000-01-01 00:00:14.000000,2000-01-01 00:00:14.000000,0 days 00:00:00,39.13379850020868,67.09128899289608,0.0087593701516189,0.0204143422762544,54.60686065669765,1759.4556969622847,1236.5636981763523,312.87875322763296,0.2011783879730639,0.0368988713305736,1.0390670431718394,COMPLETE
15,4196039.6211514,2000-01-01 00:00:15.000000,2000-01-01 00:00:15.000000,0 days 00:00:00,35.94775502938688,11.950303470136168,0.0067976036638354,0.0241359333968921,52.57665667150759,1660.8660546655942,1294.3790793711005,448.4472687504555,0.1074865757233131,0.07586209561559,0.9652380966797448,COMPLETE
16,2453875.024004461,2000-01-01 00:00:16.000000,2000-01-01 00:00:16.000000,0 days 00:00:00,49.31970473098978,53.40131912308151,0.0037011169691328,0.0101839962824931,63.18582612183565,1033.371275317871,1757.2428993589265,372.7315467022193,0.3020832592033154,0.0302380357892165,1.034632281279647,COMPLETE
17,1483760.126320372,2000-01-01 00:00:17.000000,2000-01-01 00:00:17.000000,0 days 00:00:00,39.34261609233712,21.87738000920662,0.0048239827034673,0.0039386876061586,26.83213071872905,1325.0536614134971,1621.6991187478093,381.1666122225952,0.2952966564477409,0.0840608837325767,1.017836649094879,COMPLETE
18,2563275.868344553,2000-01-01 00:00:18.000000,2000-01-01 00:00:18.000000,0 days 00:00:00,35.15015947052922,24.76157918548469,0.0028408127397962,0.0067409458442515,18.403323070962973,1933.938993914925,2078.83489697925,399.8315612472128,0.3413491424103801,0.0759002944443599,0.9465039737587846,COMPLETE
19,2232025.4929967527,2000-01-01 00:00:19.000000,2000-01-01 00:00:19.000000,0 days 00:00:00,47.19685548748154,20.78144769440869,0.008865547702228,0.0131832698759779,33.852171366374435,899.844124902337,1366.1109258110855,249.56505917681827,0.2699988705986996,0.0929964464630899,1.0596514361004352,COMPLETE
20,2199927.93210016,2000-01-01 00:00:20.000000,2000-01-01 00:00:20.000000,0 days 00:00:00,25.65576376030051,43.45199899321403,0.0049114046282586,0.0109316577053125,16.524827537620986,880.4314455971854,1591.1093067479617,445.7989511862485,0.3128722518243586,0.0551927882477503,0.8757790010779065,COMPLETE
21,2610970.36653676,2000-01-01 00:00:21.000000,2000-01-01 00:00:21.000000,0 days 00:00:00,41.884421513607705,12.563911065214649,0.0086422340780184,0.0023899041761657,10.142848072084671,1293.2309571114747,1089.5144233328426,499.9903943307994,0.1655145180258736,0.0688019895940885,1.0317187681729183,COMPLETE
22,3133983.0044689043,2000-01-01 00:00:22.000000,2000-01-01 00:00:22.000000,0 days 00:00:00,43.70180685912424,60.25716113573219,0.0040633016251009,0.0059796199092253,62.02652132608749,1496.0524326697175,1772.517220187881,290.13228120664434,0.1107176642942466,0.0415674477161369,1.110548952013104,COMPLETE
23,2835266.157417429,2000-01-01 00:00:23.000000,2000-01-01 00:00:23.000000,0 days 00:00:00,29.056935824023235,12.503310039487872,0.0078522079339491,0.00525980130627,59.68053941712339,1291.364114302213,1383.0415793621733,414.0824815249964,0.1189768834143666,0.0385108593162423,1.154898230542603,COMPLETE
24,3650529.185252466,2000-01-01 00:00:24.000000,2000-01-01 00:00:24.000000,0 days 00:00:00,47.79587612722687,37.51343180981621,0.00465084968182,0.0022023950990443,80.56365790786434,1786.1421473143475,1150.3170919422505,272.8727263419792,0.1812467519071854,0.0298738982347201,0.7223537107976218,COMPLETE
25,3233742.975755788,2000-01-01 00:00:25.000000,2000-01-01 00:00:25.000000,0 days 00:00:00,48.493300474578405,31.474838854391365,0.0038132780763311,0.00245249190531,24.75601868424917,1877.6119958236832,1059.4483106520502,292.614138268708,0.145192826871327,0.0423718937944795,1.1101718183887506,COMPLETE
26,1916745.7257042432,2000-01-01 00:00:26.000000,2000-01-01 00:00:26.000000,0 days 00:00:00,33.066829570037235,15.819921266065943,0.0046744054043741,0.0065745593126306,41.53326107309799,1305.94045829133,1145.512213856209,361.3480829430733,0.3752512350636359,0.0737497037907156,1.0955140477953211,COMPLETE
27,3276900.7208502204,2000-01-01 00:00:27.000000,2000-01-01 00:00:27.000000,0 days 00:00:00,39.35065043226071,71.82037639722712,0.0077087297101252,0.0146606253401837,49.42829687312545,1546.0992014801172,1461.2646714286764,431.2316281043656,0.169566702542807,0.0944788414654624,1.1007258227870036,COMPLETE
28,2043117.798162144,2000-01-01 00:00:28.000000,2000-01-01 00:00:28.000000,0 days 00:00:00,44.69904392142547,58.21843036772445,0.0084679758806367,0.0047838928441977,79.72668133259047,1872.9494718282308,1508.5854725231395,203.81285078809384,0.1452781480919542,0.0838788464592019,1.0543189735036016,COMPLETE
29,3148027.138540142,2000-01-01 00:00:29.000000,2000-01-01 00:00:29.000000,0 days 00:00:00,45.77432522055167,72.0142316381806,0.0072005573740883,0.0122815015419987,101.1090922437,712.8872104116635,1408.893767440702,368.1441083126706,0.1073593306419858,0.0415913017793398,0.9398693437786348,COMPLETE
30,2515595.0382863847,2000-01-01 00:00:30.000000,2000-01-01 00:00:30.000000,0 days 00:00:00,34.457166264200445,43.15293607764298,0.0035488197044738,0.0025645161598759,23.331234459359223,845.0258792044185,2105.748341217948,394.1827775660222,0.344073046474635,0.0897324365480002,0.9938532487316252,COMPLETE
31,1566737.7963977442,2000-01-01 00:00:31.000000,2000-01-01 00:00:31.000000,0 days 00:00:00,26.553889513945037,22.77032936089779,0.0067276398559494,0.0043982867078894,51.1878146247958,1364.595248368675,1112.933513713634,407.8991338084668,0.4499262566968589,0.0600293793158378,1.1022840580742548,COMPLETE
32,2434351.590679955,2000-01-01 00:00:32.000000,2000-01-01 00:00:32.000000,0 days 00:00:00,23.369304024697517,17.951372087810554,0.0079432602450388,0.0064927182529521,80.71280638553823,1965.139662858949,1177.9665575790943,439.1983040120711,0.375537466992569,0.0535995381480059,0.9894592998017132,COMPLETE
33,2005483.8151609437,2000-01-01 00:00:33.000000,2000-01-01 00:00:33.000000,0 days 00:00:00,8.53998432410458,27.453602650537995,0.0089726168603587,0.0082881415539104,32.72610918236378,1277.179897282995,1552.140638683979,386.98534990611154,0.4995363525702617,0.0612913042119693,1.1408919284249823,COMPLETE
34,1820001.3630515183,2000-01-01 00:00:34.000000,2000-01-01 00:00:34.000000,0 days 00:00:00,47.30371911575483,42.33072731703754,0.0049314204232766,0.0048586135140721,98.25706517697824,1824.9188080524543,1110.5775094273986,489.0213254800317,0.2534578072495591,0.0324981600903599,1.1733913667522016,COMPLETE
35,2131356.284160034,2000-01-01 00:00:35.000000,2000-01-01 00:00:35.000000,0 days 00:00:00,41.77985370408461,29.818070102258943,0.0032551003654437,0.0074390246917097,117.26503864796068,1383.8174977933904,1055.7206929214624,472.8010295071125,0.2257081087083037,0.0264275480335451,1.0386834365322912,COMPLETE
36,2244920.5318206428,2000-01-01 00:00:36.000000,2000-01-01 00:00:36.000000,0 days 00:00:00,49.36618681063372,34.733402929101395,0.007291323837533,0.0067851819150456,105.67485712903483,1882.092477892088,1045.1679026465126,284.764430789833,0.2761686355297085,0.020345243459588,1.189200104147897,COMPLETE
37,2061365.578809238,2000-01-01 00:00:37.000000,2000-01-01 00:00:37.000000,0 days 00:00:00,41.61580613253324,44.67013843562136,0.0065289350803955,0.0070458784450564,67.27006342101267,1590.4540204205523,1148.9974318041368,432.3149013528673,0.3161679564422331,0.0215614977894857,1.1103660639845678,COMPLETE
38,2379310.643896169,2000-01-01 00:00:38.000000,2000-01-01 00:00:38.000000,0 days 00:00:00,31.933092511427606,45.37783516862687,0.0060634518446594,0.0170306609922705,69.73334489913633,882.6812845158875,1486.619431856734,354.68564668801093,0.4863575168027723,0.0739606458638953,0.9620693945813864,COMPLETE
39,2540440.820966083,2000-01-01 00:00:39.000000,2000-01-01 00:00:39.000000,0 days 00:00:00,21.573177965366764,24.724515956994008,0.0062341454775371,0.0105456536257351,48.13238956783661,1408.39229752683,1027.9639022248855,431.7713487959792,0.488649648324722,0.0668022341213196,0.8725173066477097,COMPLETE
40,2817348.9854291803,2000-01-01 00:00:40.000000,2000-01-01 00:00:40.000000,0 days 00:00:00,48.53418921808011,47.97791560115485,0.0053451125586888,0.0084916066937915,32.78358699157581,1505.7160319794398,1369.0927431325158,313.37409681611,0.2732673807451635,0.0905224499815428,0.9199919375355516,COMPLETE
41,2546384.307372677,2000-01-01 00:00:41.000000,2000-01-01 00:00:41.000000,0 days 00:00:00,41.87818525656097,41.63886381487239,0.0059487282067753,0.0090417333787071,95.11497422170804,1784.5541205371767,1394.5011089746508,437.492394810495,0.1840635807820328,0.0441224724430186,1.1188818651423509,COMPLETE
42,8317931.075024451,2000-01-01 00:00:42.000000,2000-01-01 00:00:42.000000,0 days 00:00:00,49.79359444743844,70.65555971032839,0.004463668074305,0.005361795538048,92.29797519476637,1799.7323507085146,1287.6408604923083,470.15487144020807,0.2667389653393969,0.0315288467724052,1.0969688003115554,COMPLETE
43,3026761.617525886,2000-01-01 00:00:43.000000,2000-01-01 00:00:43.000000,0 days 00:00:00,36.62079889581452,16.396036597179126,0.007426676225918,0.0100790012774994,54.93438500399539,1310.093548826012,2137.311412777497,441.3990443376845,0.2690098034115799,0.0957250895850082,1.1542108153716255,COMPLETE
44,3378991.359450572,2000-01-01 00:00:44.000000,2000-01-01 00:00:44.000000,0 days 00:00:00,43.93068715041308,44.72779708405734,0.0068208726226522,0.0142347346688014,115.009222116453,1933.7004954681088,1191.700920362476,468.8904490141943,0.3710959167015881,0.0487048375448333,1.186302646887689,COMPLETE
45,3054137.881676663,2000-01-01 00:00:45.000000,2000-01-01 00:00:45.000000,0 days 00:00:00,29.273428629158115,33.56865738153557,0.0054769910089861,0.0062749545860216,40.818595611823504,1718.65922656445,1055.1458531813262,421.4900977122692,0.2127746200461872,0.0606346737900416,1.0616727503467749,COMPLETE
46,1661845.4967414464,2000-01-01 00:00:46.000000,2000-01-01 00:00:46.000000,0 days 00:00:00,36.94326363785558,14.564909988863672,0.0043500655163036,0.0035402662701665,13.5152160137338,1487.3263266967165,1596.0182086921614,378.5726473594461,0.3195215596101773,0.0973995430672718,1.0479793034724094,COMPLETE
47,2519877.223295972,2000-01-01 00:00:47.000000,2000-01-01 00:00:47.000000,0 days 00:00:00,30.73965257842969,20.40244681884156,0.0076445600882834,0.0130153886454341,65.4279212736672,1480.4991461372404,1387.1422211732597,279.6780874735482,0.4969852985544059,0.0383256890077583,1.0953953977531965,COMPLETE
48,2257865.5303219524,2000-01-01 00:00:48.000000,2000-01-01 00:00:48.000000,0 days 00:00:00,22.97736726136029,10.936259275981588,0.0079772143816431,0.007911796193458,11.978676381463911,1351.1060586338915,1719.6341861134897,298.1077391925254,0.2871174593161093,0.0925943838963798,0.924016534043536,COMPLETE
49,2738608.857534199,2000-01-01 00:00:49.000000,2000-01-01 00:00:49.000000,0 days 00:00:00,39.45334582234037,24.766387089293403,0.0042491884129845,0.0055847870047219,17.882698474976586,1470.8492431163943,1623.0294465745876,283.1321748781008,0.2922764817672555,0.0764484644756771,1.1481397420578094,COMPLETE
50,3462344.5858974364,2000-01-01 00:00:50.000000,2000-01-01 00:00:50.000000,0 days 00:00:00,40.29022668392473,34.44786202904895,0.0035493689304492,0.0142887884824004,30.252727257043038,1637.392177826992,1648.591237173338,493.5768487665574,0.2608492991456551,0.0990460102248213,1.0630949042800255,COMPLETE
51,3632715.3707858096,2000-01-01 00:00:51.000000,2000-01-01 00:00:51.000000,0 days 00:00:00,40.82541138728663,11.65316790092036,0.0066942919607125,0.0073956680049519,24.03633559009953,1526.0111582203683,1593.115376259694,486.8866865974576,0.144549752347804,0.0313536202184817,1.1688016842885165,COMPLETE
52,2013395.20883046,2000-01-01 00:00:52.000000,2000-01-01 00:00:52.000000,0 days 00:00:00,43.13329338683718,62.398769900859165,0.0045101049807473,0.0023536280776042,54.89278789702417,1494.096303487556,1227.006384318093,424.8265785557841,0.1443387361785821,0.0437933384972422,1.1680899563754572,COMPLETE
53,7093193.270930545,2000-01-01 00:00:53.000000,2000-01-01 00:00:53.000000,0 days 00:00:00,35.3935297244821,32.55751114156761,0.0062120288200084,0.002926441778402,37.583734618726446,1350.1813874168593,1080.6737948690336,401.0381099919806,0.4858991587751546,0.0534441251367012,1.1834802186269384,COMPLETE
54,3283966.0244829324,2000-01-01 00:00:54.000000,2000-01-01 00:00:54.000000,0 days 00:00:00,31.860471633212494,14.22586533428198,0.0033574408487999,0.0201363466693796,11.442700872443028,1394.0147949243683,1868.8728064562256,411.20738881493264,0.3195430308029497,0.0974957508450852,1.0046351952351902,COMPLETE
55,9408287.783071272,2000-01-01 00:00:55.000000,2000-01-01 00:00:55.000000,0 days 00:00:00,42.61344503483188,14.91657161816624,0.0053614796885093,0.0206290992141161,57.5847512811408,1103.695777085797,2015.6744763651216,369.6231347379807,0.3069004531775442,0.0607166319898284,0.9183137366235086,COMPLETE
56,2801996.7498670667,2000-01-01 00:00:56.000000,2000-01-01 00:00:56.000000,0 days 00:00:00,48.394416999014055,13.598013453580162,0.0073570185139808,0.0073872907322977,12.284734945428236,1121.6937794124483,1797.8034361029768,451.2215714459596,0.4929069599433465,0.0930816299031962,0.9716285504847562,COMPLETE
57,7428575.820477744,2000-01-01 00:00:57.000000,2000-01-01 00:00:57.000000,0 days 00:00:00,24.536791678783988,22.57894505557824,0.0037768536106206,0.0042495831874247,15.711434972530208,1642.4465422206356,1732.7183377286551,387.5938421779118,0.4077667444412723,0.0961398163119386,1.08312490734249,COMPLETE
58,7067675.053516006,2000-01-01 00:00:58.000000,2000-01-01 00:00:58.000000,0 days 00:00:00,49.873578353593466,40.79129381867564,0.0028955571119968,0.002329380137915,116.45423512283632,1759.869156034615,1226.8999933579794,475.7187989323042,0.3636984560519467,0.0269832100041983,1.1784165131521664,COMPLETE
59,7947324.575891441,2000-01-01 00:00:59.000000,2000-01-01 00:00:59.000000,0 days 00:00:00,49.70744609625,23.822715666123138,0.0044031058612647,0.0020736446549878,16.535555603136896,1739.8632190591718,1382.5872808275035,420.126309875667,0.3567196723768402,0.0805393246480782,0.973674059884826,COMPLETE
60,9216247.131010272,2000-01-01 00:01:00.000000,2000-01-01 00:01:00.000000,0 days 00:00:00,49.498193206079456,27.204307694672607,0.0048702545644887,0.0085193086192637,91.20828157175995,1970.497065780436,1088.0052577330985,442.2669801695351,0.3112127856564124,0.0572447857616378,1.1783162603938604,COMPLETE
61,3399921.41189009,2000-01-01 00:01:01.000000,2000-01-01 00:01:01.000000,0 days 00:00:00,32.4701002243565,34.03562005940963,0.0097900732289862,0.008190178412118,25.2165929957203,1541.5496200679247,1278.479262202226,362.85632583006645,0.1329866330032909,0.0553477612599566,1.0225453694163793,COMPLETE
62,2673639.2799641592,2000-01-01 00:01:02.000000,2000-01-01 00:01:02.000000,0 days 00:00:00,18.940508098074368,21.16860502846625,0.0030677625555704,0.0132657271792448,49.08907354914894,1094.9141749993803,1180.1584998090827,322.0117643578179,0.3180882692969047,0.0736818625434711,1.11294798856545,COMPLETE
63,2698168.640002897,2000-01-01 00:01:03.000000,2000-01-01 00:01:03.000000,0 days 00:00:00,37.45314876645904,15.572276197037969,0.0033662274913284,0.0034566775435507,16.067278989568884,1286.568801516552,1419.2543912353688,363.1405794475384,0.1947388637933017,0.0756030202907274,0.9386661944855956,COMPLETE
64,2909868.8457332286,2000-01-01 00:01:04.000000,2000-01-01 00:01:04.000000,0 days 00:00:00,28.16790032024665,12.76202503847779,0.0028107458901667,0.0163046980190594,22.417606915608207,1313.01454063389,1259.2126257871903,373.55915212336464,0.4817074900126336,0.0690128023895815,1.0649178263600796,COMPLETE
65,8397186.424708102,2000-01-01 00:01:05.000000,2000-01-01 00:01:05.000000,0 days 00:00:00,34.58803967110254,15.146357143731388,0.0063606403968154,0.0070821808999637,55.09344696750035,1356.4691012193368,1262.1887689484706,301.45488259570044,0.294174777816635,0.092825051695185,1.0395981213897056,COMPLETE
66,9508373.65865524,2000-01-01 00:01:06.000000,2000-01-01 00:01:06.000000,0 days 00:00:00,44.18959440849879,36.93898294617474,0.0048027108631878,0.0098391625087993,64.68972383098503,1778.7175207969126,1072.2893155756797,359.0322950940444,0.1084228901395876,0.0656001203983121,1.048034023318242,COMPLETE
67,7484497.546370634,2000-01-01 00:01:07.000000,2000-01-01 00:01:07.000000,0 days 00:00:00,33.378173494438,31.288096835226952,0.0050248405596503,0.0066576768310819,48.58842876495581,1329.1414971299448,1338.7130758299904,405.537813961911,0.3599387928645828,0.0675897122627011,1.059599639348748,COMPLETE
68,9911937.294235157,2000-01-01 00:01:08.000000,2000-01-01 00:01:08.000000,0 days 00:00:00,45.75034199039059,39.81372495649889,0.0078059857958389,0.0144798381392253,105.715877199126,1721.8375878820027,1118.2538009780228,498.3466086377224,0.210127804761455,0.0058695817421482,1.097619723316288,COMPLETE
69,3196099.551723663,2000-01-01 00:01:09.000000,2000-01-01 00:01:09.000000,0 days 00:00:00,39.87657938081261,26.46942235275457,0.0069081194510527,0.0202850402799352,20.418221860893368,1359.524609201164,1360.8806762893073,387.97089539586347,0.3483007426056249,0.0960688322490855,1.1248961456484476,COMPLETE
70,1793248.7931312774,2000-01-01 00:01:10.000000,2000-01-01 00:01:10.000000,0 days 00:00:00,28.485241515132834,23.783186948561543,0.0041078627107701,0.0079891660183299,40.41672635515309,949.076189217816,1208.8813866634243,442.6351985967842,0.3323681010490859,0.0965717827951682,1.0492244395083217,COMPLETE
71,1345963.948458137,2000-01-01 00:01:11.000000,2000-01-01 00:01:11.000000,0 days 00:00:00,30.14397322295575,11.85282899029823,0.0060469380545983,0.0038681588685449,24.667289452739368,778.0593139841747,1374.9805650072371,422.0005221717351,0.3699919060008936,0.0498466838576453,0.9370277964221864,COMPLETE
72,7192384.523781715,2000-01-01 00:01:12.000000,2000-01-01 00:01:12.000000,0 days 00:00:00,29.96331991333708,24.30191974921923,0.0065180045335326,0.002475587443323,48.49743641658946,628.9462587118155,1418.792001400809,319.42372792595035,0.366763169828815,0.0922882499423881,0.9928492323752898,COMPLETE
73,2642485.5252833096,2000-01-01 00:01:13.000000,2000-01-01 00:01:13.000000,0 days 00:00:00,30.19144259021804,11.061617859694564,0.0042882423727667,0.0119707751299296,27.682085397646645,431.70062729532447,1389.864786004777,400.744808266454,0.4125978346770681,0.0341330753476782,0.9188705271036988,COMPLETE
74,2802192.647264689,2000-01-01 00:01:14.000000,2000-01-01 00:01:14.000000,0 days 00:00:00,28.188094902643243,19.93818165902622,0.0037003923710269,0.0154786630742197,29.884484485350622,1119.544790110319,1024.1130528845024,441.55989983652216,0.2749527202572948,0.0990109711221553,1.1948299967073432,COMPLETE
75,1645070.9633874996,2000-01-01 00:01:15.000000,2000-01-01 00:01:15.000000,0 days 00:00:00,26.457193542807804,17.9335535375817,0.0025473383175712,0.0086867343210917,74.96585441173022,602.7420659428309,1068.9220109526098,457.5957525393795,0.3032234409111286,0.0819278048817787,0.9563327698911416,COMPLETE
76,1452674.0374597155,2000-01-01 00:01:16.000000,2000-01-01 00:01:16.000000,0 days 00:00:00,18.620113004913208,37.95164440958085,0.0023148247463561,0.0059787417695482,81.22480789072414,612.20576603982,1381.9429939432634,497.5793002438171,0.2916459947199296,0.0995154164733999,0.9018631838000551,COMPLETE
77,2198614.4731201865,2000-01-01 00:01:17.000000,2000-01-01 00:01:17.000000,0 days 00:00:00,20.918517403164884,42.09105257410913,0.0029658358927413,0.0170586471092626,102.78515932790428,308.15753342968145,1074.6252881525577,466.7517844236498,0.2987762469464922,0.0895975991488764,0.7965086122997458,COMPLETE
78,1577723.7364757543,2000-01-01 00:01:18.000000,2000-01-01 00:01:18.000000,0 days 00:00:00,19.769091908296065,58.62864719938048,0.0006365504347535,0.0056369788612388,84.79150587311241,944.1796147509308,1851.794724437831,435.1604393715599,0.3016848826342647,0.084041596201883,0.9677611816395948,COMPLETE
79,2654092.5510609294,2000-01-01 00:01:19.000000,2000-01-01 00:01:19.000000,0 days 00:00:00,20.73480055123234,65.08365054618821,0.0011311183700014,0.0068562623640888,86.54624373659989,940.4018150472712,2218.5338505975938,369.2607272837868,0.3829550039157814,0.0852074864709623,0.5504671937040548,COMPLETE
80,1770571.1689283384,2000-01-01 00:01:20.000000,2000-01-01 00:01:20.000000,0 days 00:00:00,18.383249865646757,70.34965814196741,0.002961806449471,0.0031432691568076,96.85263618588314,1055.6481912925512,1698.7523769784991,479.1672548183373,0.251252816396461,0.086899050711174,1.1080476146493137,COMPLETE
81,2805679.4392026584,2000-01-01 00:01:21.000000,2000-01-01 00:01:21.000000,0 days 00:00:00,18.10803573365828,57.442903087277465,0.0022568917139164,0.0092032422491926,84.27887732081875,1041.1979096265918,1990.781222294056,408.2786453901838,0.2313798198353944,0.0885770015406514,0.9840927957993988,COMPLETE
82,2264366.4050171366,2000-01-01 00:01:22.000000,2000-01-01 00:01:22.000000,0 days 00:00:00,36.64890286739551,85.09400021278442,0.001221951885537,0.0054965596095325,81.30779036533076,1062.543511733997,1853.670930982909,449.8191465776095,0.3131673611394035,0.0786956120337998,0.9533830986255766,COMPLETE
83,1431647.0612850343,2000-01-01 00:01:23.000000,2000-01-01 00:01:23.000000,0 days 00:00:00,6.809602187850281,30.694886696214255,0.0042703614599607,0.0042580738295791,82.88642489987843,820.7995138941535,1429.2194868575325,495.7770774010177,0.4049948150682919,0.0817279917269905,0.7830161680204099,COMPLETE
84,2111973.360465277,2000-01-01 00:01:24.000000,2000-01-01 00:01:24.000000,0 days 00:00:00,11.786944841076153,44.6984316921063,0.0056759175986478,0.0163679720067448,68.07629639715358,528.0624573757198,1405.4306745387314,475.6956426518032,0.4526213895247126,0.0892005044906131,0.7552732732593216,COMPLETE
85,3607998.5248791967,2000-01-01 00:01:25.000000,2000-01-01 00:01:25.000000,0 days 00:00:00,6.739881748894913,28.26680255039814,0.0019486102602043,0.0159982294728181,96.74528344068034,1053.0591201137402,1522.1669822399117,434.396400194365,0.3529827808509845,0.0931096193419602,0.68514674060433,COMPLETE
86,1590730.1727587038,2000-01-01 00:01:26.000000,2000-01-01 00:01:26.000000,0 days 00:00:00,24.54835177802749,35.778729372052815,0.0025402699665678,0.0095730262280615,67.27559450590451,484.2751366033177,1153.8061152338896,455.2147888475589,0.3610383282005504,0.0647295964918821,0.9356753749911948,COMPLETE
87,1459352.2107812343,2000-01-01 00:01:27.000000,2000-01-01 00:01:27.000000,0 days 00:00:00,20.88444423276108,72.77598031243869,0.0016538542596105,0.0054294623496663,44.16367069949512,569.1855837926364,1080.3434744957683,425.0215098888035,0.2898011645004757,0.0757923952398981,0.7878617387883494,COMPLETE
88,1479357.0495671574,2000-01-01 00:01:28.000000,2000-01-01 00:01:28.000000,0 days 00:00:00,19.911014651262956,71.57848759787983,0.0003644480120877,0.0110328319094167,62.23956873409856,305.7262972111994,1259.1374180727353,438.763280998819,0.3147440556575432,0.053294626374151,0.9240513314947744,COMPLETE
89,3396447.1289528613,2000-01-01 00:01:29.000000,2000-01-01 00:01:29.000000,0 days 00:00:00,26.15122521898173,52.28236581764578,0.0009795949017771,0.0158369576939737,33.0653599339919,743.4255482608471,1210.354683624885,408.9566854051937,0.3136155995796076,0.0879896464171971,0.6387711172842164,COMPLETE
90,2195270.7835142324,2000-01-01 00:01:30.000000,2000-01-01 00:01:30.000000,0 days 00:00:00,18.383276671759077,65.64622210105551,0.005595159945952,0.0043673595139478,30.18941244300403,484.484037282233,1252.9012003626715,413.7578622021499,0.3001589425710255,0.0837913711829209,0.6993931379368474,COMPLETE
91,2175216.948045275,2000-01-01 00:01:31.000000,2000-01-01 00:01:31.000000,0 days 00:00:00,18.46563491892772,71.70687241873723,0.0017015466997451,0.0110110808455434,78.8467609158756,809.5680628148443,1099.2358776181434,411.85831977691646,0.2212092703982781,0.0234220335662083,0.8736669962159115,COMPLETE
92,1455202.897155399,2000-01-01 00:01:32.000000,2000-01-01 00:01:32.000000,0 days 00:00:00,7.068436398423296,70.962373532568,0.0004218290508105,0.0053030546864806,16.997916235459037,572.7379923932474,1937.117859058014,391.197669267041,0.3641547552385102,0.0540938259581282,0.9425192953669284,COMPLETE
93,2007390.355075785,2000-01-01 00:01:33.000000,2000-01-01 00:01:33.000000,0 days 00:00:00,8.869948587093607,58.14238511874713,0.0011755409795971,0.020465674510795,36.275671208017854,342.38806413969144,1642.9887812935062,414.5777832793165,0.4159926027941137,0.0289755704128362,0.9636668426799818,COMPLETE
94,2548763.7645919635,2000-01-01 00:01:34.000000,2000-01-01 00:01:34.000000,0 days 00:00:00,32.90569800642621,89.28427296323402,0.0007758177593045,0.007230005888468,26.78726347686341,330.0170107339436,1290.3193807653888,304.13333210492385,0.3216536584494892,0.0841660141262496,0.9262035483886524,COMPLETE
95,1499961.3809342303,2000-01-01 00:01:35.000000,2000-01-01 00:01:35.000000,0 days 00:00:00,11.2905698455416,81.94842565166547,0.0032614882641069,0.0059358652569546,11.118050588664277,662.8203017925604,1721.5146141588657,327.73868568413457,0.4273671499019883,0.0275391570500501,1.056806915667455,COMPLETE
96,1312071.8629471932,2000-01-01 00:01:36.000000,2000-01-01 00:01:36.000000,0 days 00:00:00,11.4560606332969,86.21719676255584,0.0038703663081218,0.0049565909017641,22.953112252372414,430.10705011770864,1869.6165542751407,333.6560134745313,0.3570307708687819,0.0315433777304607,1.107414209314423,COMPLETE
97,2116986.423223676,2000-01-01 00:01:37.000000,2000-01-01 00:01:37.000000,0 days 00:00:00,7.279121748328556,82.77571473767424,0.0033986265184141,0.0099376126361733,10.423788961580026,879.8398052458489,1983.607220261356,313.1080900504421,0.3752399037077807,0.0403638657616388,1.1523405953897152,COMPLETE
98,1478161.0856955436,2000-01-01 00:01:38.000000,2000-01-01 00:01:38.000000,0 days 00:00:00,9.860389246202102,63.78409414697438,0.0002022849619899,0.0033817640395927,29.19321820251053,1077.8987622203545,1311.437732654514,371.6533880031088,0.3236469553697049,0.0391335220223404,0.9551121438618216,COMPLETE
99,1386198.8551952343,2000-01-01 00:01:39.000000,2000-01-01 00:01:39.000000,0 days 00:00:00,5.595087335304494,42.97702504916047,0.0028627527127254,0.0020075093820784,19.271687875411786,1087.9575932799648,1120.9817065813593,341.6013279972418,0.2922278935716205,0.0252399604838779,0.6578831856559366,COMPLETE
100,1532473.432061494,2000-01-01 00:01:40.000000,2000-01-01 00:01:40.000000,0 days 00:00:00,13.054456704196308,48.03055379275216,0.0006760904526187,0.0032804875600499,36.36590120154046,1450.9027589539096,1392.946761023194,398.1213519289677,0.3464041798265981,0.0469421677737148,1.0188021532703742,COMPLETE
101,1619625.3819916528,2000-01-01 00:01:41.000000,2000-01-01 00:01:41.000000,0 days 00:00:00,7.043345609952621,28.81035430734466,0.0054787224315908,0.0037526241631565,11.330013446082168,869.1823620406531,1661.2365064102785,341.10397493779305,0.2460770875607036,0.0365898573636154,0.5975986075722464,COMPLETE
102,2395740.397953016,2000-01-01 00:01:42.000000,2000-01-01 00:01:42.000000,0 days 00:00:00,17.93636381012216,65.4211673018707,0.000427595760755,0.0043768526095547,72.19093455502937,334.2930172991965,1301.1777578279386,454.0657010738325,0.1927852562655012,0.059699624868166,0.8950415541235391,COMPLETE
103,1788271.8107455857,2000-01-01 00:01:43.000000,2000-01-01 00:01:43.000000,0 days 00:00:00,19.74979674792791,76.62832285536595,0.0072298401731877,0.0133160005796835,11.39351223263034,454.7276200267644,1304.160566452874,350.9383557688114,0.3580603596955487,0.0238141680181368,1.1942255972347382,COMPLETE
104,2985925.190181894,2000-01-01 00:01:44.000000,2000-01-01 00:01:44.000000,0 days 00:00:00,12.691910255987844,54.22540532629887,0.0035182755598599,0.0083302595920873,58.30405186188194,1385.8686249172763,1090.3084155509118,353.12455767437297,0.3026286593268326,0.0120261844650688,0.6453638770735258,COMPLETE
105,1311503.7823219777,2000-01-01 00:01:45.000000,2000-01-01 00:01:45.000000,0 days 00:00:00,8.427173277664124,65.61397340089398,0.0012628618208926,0.0027917618180501,34.28832598628283,781.7867144465203,1166.7411783472105,344.23116046271326,0.2280167562780149,0.0338677294312537,1.1516539326445965,COMPLETE
106,1260354.8489958546,2000-01-01 00:01:46.000000,2000-01-01 00:01:46.000000,0 days 00:00:00,6.160427593652209,45.18489362452884,0.0023023616692593,0.002521435767629,12.301598427932037,750.6009060995012,1155.4128263173295,414.68972119399217,0.3062296590711643,0.0396256418492397,0.8891854838805905,COMPLETE
107,1751231.785822815,2000-01-01 00:01:47.000000,2000-01-01 00:01:47.000000,0 days 00:00:00,5.701221244516602,68.4500906199261,0.0007797396465334,0.0051899772472398,11.561665734446676,975.15528280866,1114.6212993146244,381.8474094909453,0.3646660509648617,0.0474222287062587,0.8447457302680129,COMPLETE
108,1618568.429962719,2000-01-01 00:01:48.000000,2000-01-01 00:01:48.000000,0 days 00:00:00,16.9448470858081,23.981801066254484,0.0050815104093797,0.0062723921208997,100.0051278347284,828.7444997868699,2199.3721346966377,451.660072941517,0.3842792616569328,0.0682798164482974,0.7333918251678944,COMPLETE
109,2083196.906104033,2000-01-01 00:01:49.000000,2000-01-01 00:01:49.000000,0 days 00:00:00,15.5720485656022,31.27048773261228,0.0024875454100455,0.0083587852005663,13.064601378446628,1042.351956381908,1466.3010710311153,250.1606607584617,0.3601131917104648,0.0047428311410152,0.9414501699133568,COMPLETE
110,1406872.009260684,2000-01-01 00:01:50.000000,2000-01-01 00:01:50.000000,0 days 00:00:00,15.456651743675032,59.81205767215968,0.0020495733251936,0.0048454818594885,14.222947137301436,604.0224552569917,1242.7526242074546,456.58356348277295,0.194693475412409,0.0438752485258006,0.9793347549756284,COMPLETE
111,1461619.9432718563,2000-01-01 00:01:51.000000,2000-01-01 00:01:51.000000,0 days 00:00:00,10.248443877403796,58.06901387559337,0.0015079785901952,0.0032559307275638,13.841937651246344,965.2541017988832,1389.028608245817,315.4028802473322,0.2322976805565755,0.0485121980153189,1.1087186642556792,COMPLETE
112,2047878.183395499,2000-01-01 00:01:52.000000,2000-01-01 00:01:52.000000,0 days 00:00:00,19.86511851772304,59.98207806135968,0.0005215497154762,0.0097578755532297,22.544365407186977,805.2365008734761,1699.5274675095675,327.9127566802427,0.1374356221511536,0.054800211770503,1.0956030461574382,COMPLETE
113,1851248.152570437,2000-01-01 00:01:53.000000,2000-01-01 00:01:53.000000,0 days 00:00:00,7.328531778293984,53.32901725324014,0.0028501486864822,0.0093513827172209,30.880721876663333,624.8748952602061,1252.309595383989,444.65422682645465,0.147566110230237,0.0086740101051765,1.0364923959825114,COMPLETE
114,1308184.725406894,2000-01-01 00:01:54.000000,2000-01-01 00:01:54.000000,0 days 00:00:00,16.4277548598767,94.491597813986,0.0010589169018542,0.0041699134229765,16.563994881502627,608.5325122303519,2220.2939794359404,481.8856043847562,0.360619713576186,0.0483329099993819,0.8816208330767732,COMPLETE
115,1400930.9260767363,2000-01-01 00:01:55.000000,2000-01-01 00:01:55.000000,0 days 00:00:00,10.70736243130048,50.36274678269751,0.0004674700478502,0.0021958397898042,33.9293628143187,958.2343574379051,1593.3603178091764,228.74592727599452,0.1741313834781634,0.0043558040685676,1.1843789724253944,COMPLETE
116,4738395.2804252375,2000-01-01 00:01:56.000000,2000-01-01 00:01:56.000000,0 days 00:00:00,5.333916238262706,40.30276285391564,0.0005035734339829,0.0231006086192589,43.5855409739567,881.7304666937874,1668.547502151148,131.85004074580436,0.1778106770900362,0.0218322525391923,1.049184420218961,COMPLETE
117,2966501.5123577053,2000-01-01 00:01:57.000000,2000-01-01 00:01:57.000000,0 days 00:00:00,24.33615289822765,52.68757692663122,0.0002532592205038,0.0031593760072726,39.66529132231794,1092.682195440215,1411.665208188561,200.01562431007255,0.1350969410130622,0.0013736130017812,1.14735730936321,COMPLETE
118,1899014.2727560007,2000-01-01 00:01:58.000000,2000-01-01 00:01:58.000000,0 days 00:00:00,8.564103390631743,84.42551984414769,0.0009579348121258,0.013241770201537,12.370122341102718,563.2218566304284,2463.9583145106435,474.0464679765405,0.345161712846499,0.0582554610127113,0.9139728829375244,COMPLETE
119,1230324.3120992824,2000-01-01 00:01:59.000000,2000-01-01 00:01:59.000000,0 days 00:00:00,21.357174540195317,93.23101976991757,0.0004071832747646,0.0040742519743609,52.547121172075634,434.2868929163086,1986.4427714565727,446.7491938215417,0.4469604344065689,0.0808112566001058,0.8570876740377528,COMPLETE
120,1737449.6487923888,2000-01-01 00:02:00.000000,2000-01-01 00:02:00.000000,0 days 00:00:00,25.0868637962412,99.98190686516216,0.0014432362598396,0.0111867034504248,78.17516743162906,536.4603809891664,2353.164399039846,423.1456878455096,0.481320260281961,0.0642961078711147,0.7007518961454697,COMPLETE
121,2872517.155636326,2000-01-01 00:02:01.000000,2000-01-01 00:02:01.000000,0 days 00:00:00,6.659030117783017,55.74803125529835,0.0028304005056246,0.010215146864118,31.241847959554764,808.8218671973059,1088.828403388619,331.1503149212432,0.1498493752101554,0.0205289606181943,0.64415378324055,COMPLETE
122,1678079.2570821135,2000-01-01 00:02:02.000000,2000-01-01 00:02:02.000000,0 days 00:00:00,10.408797444854804,89.26489770401076,0.0040506035215687,0.0147951645348344,70.30834909590192,384.8622515139772,2022.2807270701053,476.4953809686373,0.4332618511492696,0.0807998604141659,1.1144683330873213,COMPLETE
123,2002120.8837410372,2000-01-01 00:02:03.000000,2000-01-01 00:02:03.000000,0 days 00:00:00,28.578244548407397,85.56446617542069,0.0016811939784157,0.0026333813023509,23.48357027118077,895.6012990181155,2198.135239470425,487.74806906610274,0.4501072077820916,0.0889557956553613,0.935736396122024,COMPLETE
124,1238935.8869573209,2000-01-01 00:02:04.000000,2000-01-01 00:02:04.000000,0 days 00:00:00,25.40351028655621,50.43723778788011,0.005660528175623,0.0047457334197681,26.2908793335247,307.0316900834416,2512.892530500415,279.2249359823107,0.382536911979127,0.0229357637612393,1.0717873425116125,COMPLETE
125,1626036.8704195265,2000-01-01 00:02:05.000000,2000-01-01 00:02:05.000000,0 days 00:00:00,27.736984578284314,47.12742460033196,0.0062498868212318,0.0084646470117366,30.20630867225141,540.9039708662608,2455.196719643921,293.31805517041835,0.3106171771030845,0.0200899966741014,1.169403880249987,COMPLETE
126,1422902.4371738385,2000-01-01 00:02:06.000000,2000-01-01 00:02:06.000000,0 days 00:00:00,6.992048304756953,68.60059827589622,0.0008112989834965,0.0026104536381446,26.940626575503792,904.5145917989108,1922.0960816772356,274.2933837377949,0.173592103487426,0.0164281499211681,1.1752127367905558,COMPLETE
127,1486578.0856206852,2000-01-01 00:02:07.000000,2000-01-01 00:02:07.000000,0 days 00:00:00,10.764032865906836,61.95456967624814,0.0035642959651973,0.0033750512974498,31.065115091521434,861.9896988459861,1872.002378511347,231.05584361801112,0.1775442192849011,0.013570109343996,1.1244510081661176,COMPLETE
128,1486498.304454713,2000-01-01 00:02:08.000000,2000-01-01 00:02:08.000000,0 days 00:00:00,14.840028751350705,96.41165628056731,0.0003807168037164,0.0048198467112676,43.42036157798398,566.9956519775719,2124.183687187996,305.4858829539572,0.2233701934859583,0.0154037615538328,0.9173709648597812,COMPLETE
129,1449384.6263006472,2000-01-01 00:02:09.000000,2000-01-01 00:02:09.000000,0 days 00:00:00,33.14879584507206,11.977890234903686,0.0079036919091887,0.004590537031104,26.34895684024004,825.5779890468532,1556.8983323688085,479.0491321214016,0.3260123705099911,0.0648446243459649,0.9654395062916044,COMPLETE
130,1229201.7020050334,2000-01-01 00:02:10.000000,2000-01-01 00:02:10.000000,0 days 00:00:00,6.237770778039258,34.59815080752158,0.0030160207912293,0.0042557762211057,26.888949349893,341.39251355586816,1076.8549771064152,378.686085696416,0.3125670214284094,0.0430400855552926,1.0070079309844466,COMPLETE
131,2020715.7961629287,2000-01-01 00:02:11.000000,2000-01-01 00:02:11.000000,0 days 00:00:00,12.155204170220852,24.741642622898773,0.0032697077508026,0.0100147253858639,20.190435409218647,662.6648317660081,1028.280460071636,395.8995532585003,0.2244075166490866,0.0605803679284022,0.8662473553392283,COMPLETE
132,1846621.5536755123,2000-01-01 00:02:12.000000,2000-01-01 00:02:12.000000,0 days 00:00:00,23.6728296499624,35.4163525600906,0.0036560120109454,0.0093999375763206,20.144559830496988,793.5567514886118,2679.963143387737,196.80794160854344,0.4452213901339821,0.0167848697043508,0.8989349090485386,COMPLETE
133,1174056.8442835654,2000-01-01 00:02:13.000000,2000-01-01 00:02:13.000000,0 days 00:00:00,22.38433660421816,65.39472830406413,0.0007439696861267,0.0038828498270208,54.21107435073479,331.7143491347324,2253.426630776395,436.9517808051767,0.4623938361587809,0.0740933015718412,0.9312422751612924,COMPLETE
134,1561748.2142457198,2000-01-01 00:02:14.000000,2000-01-01 00:02:14.000000,0 days 00:00:00,8.842283330615585,22.53255966480216,0.0022891365551619,0.0057311354038623,44.56737863009455,566.603532503494,1218.8936447045771,258.40008963301784,0.3733435350316562,0.0543038863012727,0.9403002625251456,COMPLETE
135,1754233.754352732,2000-01-01 00:02:15.000000,2000-01-01 00:02:15.000000,0 days 00:00:00,22.422154756527604,97.26741107314078,0.0011507345676202,0.0054395312393918,37.86257090082387,1017.3026282491144,2296.865879996144,458.6774304436274,0.3383692002920527,0.0437998276716903,0.8374598294346568,COMPLETE
136,1432962.5562588968,2000-01-01 00:02:16.000000,2000-01-01 00:02:16.000000,0 days 00:00:00,17.561405373630535,76.43632808594982,0.0003908833599271,0.0064815387692408,33.83041178978398,405.0766329281476,1110.708802996954,326.5382182322724,0.2418959018795826,0.0140388753903672,1.054964810011296,COMPLETE
137,2595941.8166335616,2000-01-01 00:02:17.000000,2000-01-01 00:02:17.000000,0 days 00:00:00,7.113018971692277,17.475385397685237,0.0055952492027288,0.0191574726791226,41.96705294706802,697.149814831753,1035.1994544073195,392.45742689495455,0.3499676011467423,0.0267452932735982,1.1680426343253365,COMPLETE
138,1806764.1926492213,2000-01-01 00:02:18.000000,2000-01-01 00:02:18.000000,0 days 00:00:00,9.148630748399745,39.4227185801939,0.0017039042491955,0.0023936466872941,14.38951862313288,1423.3419311578975,1237.10896452548,246.66673904478992,0.322562981484136,0.0344252669760817,0.5614495283790834,COMPLETE
139,2400612.8526820326,2000-01-01 00:02:19.000000,2000-01-01 00:02:19.000000,0 days 00:00:00,19.075291442772283,95.5874821002786,0.0026482656942592,0.0056768423714145,17.1204360753596,377.3862428288777,1865.0843979784904,384.80286854852073,0.3975306832869085,0.0762985492598895,0.5677301254257061,COMPLETE
140,1936820.7451798376,2000-01-01 00:02:20.000000,2000-01-01 00:02:20.000000,0 days 00:00:00,35.383633626781915,53.5155218055086,0.0041875809438796,0.0086485868894323,49.17620651607354,376.053994109399,2451.664020569635,311.03944332841337,0.3985095861028427,0.0364225682737225,0.8825106761384568,COMPLETE
141,1523985.2663127377,2000-01-01 00:02:21.000000,2000-01-01 00:02:21.000000,0 days 00:00:00,23.49917605842157,63.6578542452568,0.0017749885609789,0.0083223982037449,50.44131772064709,537.8891676169956,1703.8800952832717,437.9176815247629,0.4706335888348955,0.078075670557618,0.9106040285346828,COMPLETE
142,1649900.5485055388,2000-01-01 00:02:22.000000,2000-01-01 00:02:22.000000,0 days 00:00:00,5.858943854619997,36.03814936888919,0.0025505247347031,0.0047261087102261,46.07138878759524,688.8648849117105,1264.7063812541849,290.0023959115256,0.3443549685168844,0.00736446169095,0.6058463983795536,COMPLETE
143,1728477.4948008906,2000-01-01 00:02:23.000000,2000-01-01 00:02:23.000000,0 days 00:00:00,22.52112173215959,68.50419580646602,0.0012118847219941,0.0149896442362933,65.37613161044811,481.382081611124,2603.502081239847,350.8471114098295,0.4696601519216489,0.06454535566285,1.0891293676531637,COMPLETE
144,2424014.1428656825,2000-01-01 00:02:24.000000,2000-01-01 00:02:24.000000,0 days 00:00:00,24.9424017410134,85.78772117053829,0.0018469701286152,0.0038649439282491,11.16497528345204,608.3039864194418,2197.587107895128,475.1417843697759,0.2393131341927233,0.0538239794826754,0.9304030095327216,COMPLETE
145,1276207.1386878402,2000-01-01 00:02:25.000000,2000-01-01 00:02:25.000000,0 days 00:00:00,16.8727745025529,77.34361743507975,0.0002182298628103,0.0029341397165857,38.03255014876738,453.2286136428152,1253.2921765531637,262.00908240042247,0.1471532699739137,0.0104416254490361,1.1833082357134026,COMPLETE
146,1919515.064284145,2000-01-01 00:02:26.000000,2000-01-01 00:02:26.000000,0 days 00:00:00,16.5389324867645,93.89481017190052,0.000622580945412,0.0050576287638664,27.53141834058852,939.837149250546,1036.1085478742775,129.6686344776045,0.1263411948870887,0.0446286304966943,1.1872118150107316,COMPLETE
147,1135028.068119995,2000-01-01 00:02:27.000000,2000-01-01 00:02:27.000000,0 days 00:00:00,13.770726775602972,47.98401265621783,0.0084615736751662,0.0026888525053483,27.25668376409193,308.7154859790042,2295.4287912768355,361.0072665169687,0.4176859548642431,0.003781946175348,0.9262172982449453,COMPLETE
148,1818813.665976829,2000-01-01 00:02:28.000000,2000-01-01 00:02:28.000000,0 days 00:00:00,11.7233039400925,49.91764658904805,0.007021253972336,0.0120276803965796,35.04449794062401,509.9095304801619,2403.082939208405,345.37490469385415,0.495585836315368,0.0081404093330121,0.8051404369884134,COMPLETE
149,9992826.007894516,2000-01-01 00:02:29.000000,2000-01-01 00:02:29.000000,0 days 00:00:00,7.300865795284968,32.950285952408194,0.0007471159685535,0.0105175902767583,10.039822199338188,1413.3660550180473,1252.943962245122,428.0322700335204,0.2259442140934814,0.0120006320219253,0.6110836068009112,COMPLETE
150,8036850.489317707,2000-01-01 00:02:30.000000,2000-01-01 00:02:30.000000,0 days 00:00:00,8.55091884226277,80.0970316876058,0.000875949745422,0.014637101792001,33.47778879758932,385.414091174697,1526.7607489471206,116.92766590288709,0.1526863633120856,0.0014023959552033,1.1970336449586485,COMPLETE
151,7056613.391781544,2000-01-01 00:02:31.000000,2000-01-01 00:02:31.000000,0 days 00:00:00,10.909274495031898,50.99510890867274,0.0089859624031571,0.0058827632733313,64.33655123160813,385.35705486580935,2606.038890375437,439.260164161967,0.3575249937237461,0.0010641345764958,0.9256622238160556,COMPLETE
152,1723306.7119057172,2000-01-01 00:02:32.000000,2000-01-01 00:02:32.000000,0 days 00:00:00,6.032530165484168,38.78684064225083,0.0013575248330072,0.0115172002576895,17.880702649579263,504.9753786767403,1122.908947863762,438.09042529591886,0.4233014275673797,0.0475363878440146,1.1407659327750634,COMPLETE
153,1402808.9843794955,2000-01-01 00:02:33.000000,2000-01-01 00:02:33.000000,0 days 00:00:00,13.027902803523109,97.37845949600084,0.0006053246487909,0.0057003375131642,51.67633678679289,544.8137982258669,1779.085351795853,454.2936174808144,0.4443471705954048,0.0975304004687869,0.7882149317693702,COMPLETE
154,2210464.2492559277,2000-01-01 00:02:34.000000,2000-01-01 00:02:34.000000,0 days 00:00:00,12.254097483177867,76.7997618533657,0.0006177929945615,0.0232219874254224,44.07446048524099,419.1359385643371,1805.9235310743527,467.4681634888589,0.4328423295915179,0.0889289079114125,0.727434829436164,COMPLETE
155,1391008.5389015877,2000-01-01 00:02:35.000000,2000-01-01 00:02:35.000000,0 days 00:00:00,15.152121346349624,46.09467935112949,0.0090351994691132,0.0058052797355223,24.285183655668703,473.0979525179903,2003.629282835254,413.5332489740063,0.3255012090386008,0.0298072041067334,0.8488119557185647,COMPLETE
156,2249120.253503985,2000-01-01 00:02:36.000000,2000-01-01 00:02:36.000000,0 days 00:00:00,13.35401720590878,60.15106329173403,0.0039330876154451,0.0158187246263989,22.65562694919762,500.9502372082634,1042.0424927511276,340.80499178881126,0.2709491577119997,0.0312108340916087,0.9112753320598178,COMPLETE
157,2283510.29006126,2000-01-01 00:02:37.000000,2000-01-01 00:02:37.000000,0 days 00:00:00,30.64458177610694,57.996234085099154,0.0061083275335793,0.0062801359766104,39.6060752657872,304.93363588195353,1868.1265596050616,133.2220361895902,0.4267055468610828,0.0185252297864137,1.0489927402290338,COMPLETE
158,1236421.8036645977,2000-01-01 00:02:38.000000,2000-01-01 00:02:38.000000,0 days 00:00:00,15.982356470756582,63.49108269955492,0.0085103566241732,0.0024773857806342,12.82117961496632,628.167335495823,1356.5523839868133,350.8756753581864,0.4099855991437721,0.0494321656172831,0.8355253812625631,COMPLETE
159,1576870.3813072324,2000-01-01 00:02:39.000000,2000-01-01 00:02:39.000000,0 days 00:00:00,22.02064522119841,88.7941246052577,0.0083798908493358,0.0113169734682993,32.49752614518936,414.6441652503993,2090.6750572328274,427.76430802593336,0.3638508399481821,0.0314787230794457,0.8743270699070234,COMPLETE
160,1993659.974690564,2000-01-01 00:02:40.000000,2000-01-01 00:02:40.000000,0 days 00:00:00,15.437352500491528,99.11392652951756,0.0004326436459097,0.0148211998031922,61.31253350531926,601.1614046448259,1348.1172951973683,471.98547114607294,0.4716181222695048,0.0755400433332263,0.9035565852877928,COMPLETE
161,1667221.0545543483,2000-01-01 00:02:41.000000,2000-01-01 00:02:41.000000,0 days 00:00:00,28.845459882140545,23.172131684660656,0.006400545249105,0.0066759786006305,31.779721927441237,836.2621935087055,1258.9326525710776,459.6546477713651,0.4096191922108708,0.0444949039554669,0.7096550852356919,COMPLETE
162,1698713.4308359837,2000-01-01 00:02:42.000000,2000-01-01 00:02:42.000000,0 days 00:00:00,11.768893738852656,66.68990241699187,0.0079035943188495,0.0080861103489127,14.91643035746875,683.6588582538964,1211.8805479802404,450.4930742397887,0.4758722569415027,0.0637066802936495,0.7888610280206076,COMPLETE
163,1448103.52128033,2000-01-01 00:02:43.000000,2000-01-01 00:02:43.000000,0 days 00:00:00,11.436570342515768,69.54862044607718,0.0089185641293702,0.0066893453106725,26.999738831384047,392.73106163529,1414.7713152586582,282.44455840203284,0.3809818690595338,0.0444097964153048,0.9060241218209312,COMPLETE
164,2100294.9216502327,2000-01-01 00:02:44.000000,2000-01-01 00:02:44.000000,0 days 00:00:00,17.704312561907194,28.732596332513893,0.0097333097891191,0.0153402668647041,27.42599445326631,562.597235432141,1948.9071082036005,388.0786515697153,0.3566704252639861,0.045264267155069,0.7059246644248023,COMPLETE
165,2007745.26582962,2000-01-01 00:02:45.000000,2000-01-01 00:02:45.000000,0 days 00:00:00,25.368649592443617,42.10449475357014,0.0070695643400295,0.0129225268625395,11.900817942771596,582.4458818288554,1719.9006339544565,318.6765431924796,0.294982477023057,0.0126048265164377,0.7925081288356723,COMPLETE
166,1234079.6147014163,2000-01-01 00:02:46.000000,2000-01-01 00:02:46.000000,0 days 00:00:00,17.357944106496763,41.36767744813594,0.0082429263862937,0.0046005109158047,11.6870241748898,396.8058735237552,2115.748538097292,467.0121113781131,0.3753831914161635,0.0269409886609067,0.9353626629053596,COMPLETE
167,1161356.177887906,2000-01-01 00:02:47.000000,2000-01-01 00:02:47.000000,0 days 00:00:00,9.137053226047742,30.04111428759446,0.0025871308430866,0.0028587741719821,15.499654493026604,357.21342881711473,1529.1199164172724,374.8624367140836,0.2627093630533675,0.0195082597205254,1.0829102494915646,COMPLETE
168,1749360.9447797418,2000-01-01 00:02:48.000000,2000-01-01 00:02:48.000000,0 days 00:00:00,21.610304860130743,56.019771013272376,0.0006325901921146,0.0123001339879965,41.64826175841472,304.860845768029,2737.3129169086164,404.3667005967701,0.4736209782018993,0.0671612870413403,0.7776263168314802,COMPLETE
169,1179724.6465689626,2000-01-01 00:02:49.000000,2000-01-01 00:02:49.000000,0 days 00:00:00,20.658253691934167,34.49341941411228,0.0099187555641461,0.003446300821593,17.441845636705757,398.7036105516771,2474.996543043144,422.6255265758015,0.4164690431403891,0.0080827391144061,1.0158525904099125,COMPLETE
170,1639765.7995008796,2000-01-01 00:02:50.000000,2000-01-01 00:02:50.000000,0 days 00:00:00,30.44749438263316,39.91344077837775,0.0073143838284334,0.0044348598042662,10.550806320308054,686.6322151896863,2212.304636752272,492.50820857837743,0.4113909695522589,0.0446067421767671,0.8582525747531968,COMPLETE
171,1571951.900773643,2000-01-01 00:02:51.000000,2000-01-01 00:02:51.000000,0 days 00:00:00,19.50880166964997,25.09780262065035,0.009190969621312,0.0099037228614232,35.96488457112059,599.7233287116685,2687.224643607515,496.060621180285,0.4058086834050458,0.0064489555729535,1.0783165719876626,COMPLETE
172,1138620.7422991877,2000-01-01 00:02:52.000000,2000-01-01 00:02:52.000000,0 days 00:00:00,16.161316041513707,44.31605841385994,0.009621188636784,0.0022497137899442,36.99922681109213,345.99263158408,2390.3268477561965,250.87186133472653,0.4380233794467532,0.0191366783878544,0.8841139096264962,COMPLETE
173,1582538.125893163,2000-01-01 00:02:53.000000,2000-01-01 00:02:53.000000,0 days 00:00:00,11.953696283662913,13.554089717318952,0.0012939111292199,0.0109513141569287,22.58611756928059,329.59411684616634,1503.027066896868,362.373169835269,0.3081554585416234,0.0102264702821504,1.0470671618005054,COMPLETE
174,1550248.447482415,2000-01-01 00:02:54.000000,2000-01-01 00:02:54.000000,0 days 00:00:00,10.19753595604766,34.70089516298509,0.0089137385232731,0.0077796459450502,17.090074358831323,590.8486561157749,2085.4191300235348,399.5732138852957,0.4834710456125617,0.0266568378774299,1.1557089998424197,COMPLETE
175,1334404.076723902,2000-01-01 00:02:55.000000,2000-01-01 00:02:55.000000,0 days 00:00:00,15.994330040173269,29.766635016992037,0.0065496182738687,0.0069258728167285,48.85433470962785,350.0493378933031,1685.0196439781705,468.4811593816016,0.346401811182708,0.0218929439400003,0.8565006814290548,COMPLETE
176,7095569.321858802,2000-01-01 00:02:56.000000,2000-01-01 00:02:56.000000,0 days 00:00:00,10.350908742920607,63.1937286828312,0.0017829178222607,0.0096596340639292,81.88668890578289,300.05797832145834,2229.793551892948,473.5615001997431,0.4530150253732267,0.0463871027293769,0.9156051097933832,COMPLETE
177,1251547.638309215,2000-01-01 00:02:57.000000,2000-01-01 00:02:57.000000,0 days 00:00:00,14.80949934916308,20.91632448572996,0.0056257197927681,0.0041434928798791,15.429591393271116,406.1116713437847,1845.560654450832,411.0396162625863,0.2507786282891674,0.0217148329091092,1.0031735195000804,COMPLETE
178,7554520.586773789,2000-01-01 00:02:58.000000,2000-01-01 00:02:58.000000,0 days 00:00:00,16.63012698115323,24.549972401250983,0.0052464942928081,0.0095250131371774,83.12290332475487,568.1208949311787,1642.0251603324266,414.7995129571386,0.3105829756255431,0.0123543491647375,1.013571248137251,COMPLETE
179,1873331.457973403,2000-01-01 00:02:59.000000,2000-01-01 00:02:59.000000,0 days 00:00:00,23.023237585550653,99.12156316864773,0.0039081682136445,0.0152098088599841,53.52269239839593,358.667035646813,1683.093285827142,328.2069746624251,0.3877353073483567,0.0155197447172034,1.0694609072439385,COMPLETE
180,1958487.5280647865,2000-01-01 00:03:00.000000,2000-01-01 00:03:00.000000,0 days 00:00:00,19.65609190514668,16.790363252046447,0.0075106081445582,0.0119597448777462,54.851613977014935,321.1702171299454,1387.2520644301312,482.07918267322,0.2761784634782949,0.009354047696394,0.6780259643696247,COMPLETE
181,2473299.429178423,2000-01-01 00:03:01.000000,2000-01-01 00:03:01.000000,0 days 00:00:00,15.9449711941026,60.45543661390761,0.0095668889475455,0.0148858120777687,30.734000105968672,826.6580275785157,2196.1200840405613,205.9716310484393,0.4124841907747719,0.0111383255323412,0.9971379983938607,COMPLETE
182,2697515.249915827,2000-01-01 00:03:02.000000,2000-01-01 00:03:02.000000,0 days 00:00:00,25.693969493200942,31.97751630939446,0.0059442668795296,0.00328175731073,12.862122552177429,513.4526578455575,1675.2373030697916,466.0684596567325,0.2304990124377804,0.0147017290016171,0.9741987652119892,COMPLETE
183,1671773.6874625068,2000-01-01 00:03:03.000000,2000-01-01 00:03:03.000000,0 days 00:00:00,11.582751924923038,34.318380075046235,0.0038747596211445,0.0071168484149197,41.41910649142934,352.1761988579517,2151.2680852478843,489.690033561348,0.3482662589443541,0.0091834272052874,0.8930597263005177,COMPLETE
184,2227546.188461165,2000-01-01 00:03:04.000000,2000-01-01 00:03:04.000000,0 days 00:00:00,28.996951654608186,55.65402834600031,0.0086657858205148,0.0044072547913075,28.837687705494787,746.0594267255226,2353.630848579337,356.8824269296779,0.479254700118512,0.0117967373807907,1.0209417676951065,COMPLETE
185,1384145.6701527766,2000-01-01 00:03:05.000000,2000-01-01 00:03:05.000000,0 days 00:00:00,20.71395435981959,43.85490914823869,0.0099313486545792,0.0093261816493013,20.786662554277648,347.8309377564107,2201.847779637704,498.13690270637926,0.4724335137804271,0.0071445769192206,0.8166593058613606,COMPLETE
186,1205730.2868111858,2000-01-01 00:03:06.000000,2000-01-01 00:03:06.000000,0 days 00:00:00,6.2908989434362175,36.15030729998258,0.0047079887917949,0.0025273641006928,38.30315219985695,475.7047608232963,1069.862142476051,333.14071833122034,0.234425925804332,0.01516417255502,1.0656378951870111,COMPLETE
187,1357538.76987289,2000-01-01 00:03:07.000000,2000-01-01 00:03:07.000000,0 days 00:00:00,9.253346580918864,39.89714925589279,0.0081982230296186,0.0072052296854177,10.960042901044131,397.4442955013481,2376.198631069362,487.53143207010737,0.2497486560399603,0.0383348283850411,1.1098711974860225,COMPLETE
188,1301689.6181243665,2000-01-01 00:03:08.000000,2000-01-01 00:03:08.000000,0 days 00:00:00,12.260652037737056,17.430999422014366,0.0033226473282804,0.0038416856495432,35.17292122256191,603.5595111198841,1410.021555862519,430.7786719755274,0.248804413673169,0.0224941392102725,1.0908266873092836,COMPLETE
189,1567616.9042056445,2000-01-01 00:03:09.000000,2000-01-01 00:03:09.000000,0 days 00:00:00,33.549291136549954,76.85814273456232,0.0027772066215441,0.0114412228529912,11.704493777225991,434.6039115124643,2510.713333403542,249.12512746049467,0.3642624076247932,0.0117148753336196,1.1424500163720692,COMPLETE
190,1702645.9188941382,2000-01-01 00:03:10.000000,2000-01-01 00:03:10.000000,0 days 00:00:00,21.54424422514696,21.066569490515768,0.0093592883859331,0.0031434467643448,58.85760800014821,593.2001458340825,2522.955148069105,179.21410299554233,0.4187933238375509,0.017965079455587,0.7764851411402679,COMPLETE
191,1772726.5929395924,2000-01-01 00:03:11.000000,2000-01-01 00:03:11.000000,0 days 00:00:00,12.092893939113878,34.3941536099087,0.0097549012642014,0.0093745232377504,41.15124617475227,407.4769974500523,2002.044678496417,165.85997036562895,0.4612189975966764,0.0230329486774778,0.8551410275604057,COMPLETE
192,1290370.235843114,2000-01-01 00:03:12.000000,2000-01-01 00:03:12.000000,0 days 00:00:00,5.830533379582642,25.23107534480652,0.0035461622175809,0.0035077643286637,10.159262250555836,612.074435582435,2456.4216482029897,371.6243968336128,0.2990054622714415,0.0244997132290045,1.0154818987044256,COMPLETE
193,1407571.2523977752,2000-01-01 00:03:13.000000,2000-01-01 00:03:13.000000,0 days 00:00:00,7.412836613854336,44.12872875182778,0.0030090526536838,0.0055560398762187,22.69288762593581,353.91178737707963,2571.524978446556,252.82699107230397,0.196887959448597,0.0024879665779609,0.926716335721836,COMPLETE
194,1899453.398658175,2000-01-01 00:03:14.000000,2000-01-01 00:03:14.000000,0 days 00:00:00,21.061839798715624,31.36279669418717,0.0059359982791675,0.0136932186743034,21.868608720269183,371.5534468090476,1430.9121737044916,224.1257619336457,0.1949116633716035,0.0065055094783618,1.0567369518587846,COMPLETE
195,2346834.634003067,2000-01-01 00:03:15.000000,2000-01-01 00:03:15.000000,0 days 00:00:00,14.432667561037317,10.214756000865764,0.0033476727618131,0.0129570158058521,54.17738443709903,714.1703875407361,1452.788998564116,337.040362847407,0.1356473505185237,0.0227344224883387,1.065781483685912,COMPLETE
196,1262786.4912087414,2000-01-01 00:03:16.000000,2000-01-01 00:03:16.000000,0 days 00:00:00,9.067473777680274,44.07363450936816,0.0052376901804515,0.0040805885985606,39.33560063326557,369.2500689479231,1347.813304251188,338.8230450172788,0.1781149119035675,0.021426952222444,1.1129967982236433,COMPLETE
197,1887320.7104371276,2000-01-01 00:03:17.000000,2000-01-01 00:03:17.000000,0 days 00:00:00,6.255882320040965,40.21812292056613,0.0047759137744143,0.0080419562418526,12.264778989929855,722.0434855450397,1435.2949941508878,319.1864357945988,0.1955485374585134,0.0291942335777697,1.1554274988735425,COMPLETE
198,2280346.477995085,2000-01-01 00:03:18.000000,2000-01-01 00:03:18.000000,0 days 00:00:00,11.370725514587768,10.554000795991186,0.004203449038949,0.0096023695633781,12.584193529700835,456.2175924509917,2185.7052090504826,407.1587668048495,0.181675143517258,0.005838677117673,0.9139635055716708,COMPLETE
199,1381645.386666929,2000-01-01 00:03:19.000000,2000-01-01 00:03:19.000000,0 days 00:00:00,12.904917375115954,42.33913989823645,0.0082289980226888,0.0077660116505969,24.9223971125244,338.4952120220103,2227.156233791104,341.86968033455446,0.362840502345792,0.0050505682741922,1.0134488050412842,COMPLETE
200,1337262.9989537606,2000-01-01 00:03:20.000000,2000-01-01 00:03:20.000000,0 days 00:00:00,16.31070385794519,15.194126216843337,0.0043988999625052,0.0033288951217172,27.164413207653155,827.89801915817,1850.3889374230316,429.7176369855013,0.2737072451459144,0.0305066509875813,1.058751026165928,COMPLETE
201,1969494.371577812,2000-01-01 00:03:21.000000,2000-01-01 00:03:21.000000,0 days 00:00:00,8.733920777681174,32.45194735169107,0.002738216341431,0.0136053274934724,12.40809847084249,596.7942124021739,2711.559550030465,396.3683602949523,0.2998700100302054,0.0227390207888128,1.0851677484874032,COMPLETE
202,1263955.845339269,2000-01-01 00:03:22.000000,2000-01-01 00:03:22.000000,0 days 00:00:00,14.489304651535123,69.97727579734328,0.0002986839218193,0.0038102187526487,65.12352246676939,322.10591996096616,1387.5585263818332,310.42631893546024,0.1114859796842248,0.0068536923678222,1.1702150119650128,COMPLETE
203,1508177.6267333252,2000-01-01 00:03:23.000000,2000-01-01 00:03:23.000000,0 days 00:00:00,7.3752049792614525,73.82096472601242,0.0003365860890168,0.003491070783594,84.91262492911082,616.4608410951648,1638.5453181697549,174.44695607959704,0.1533389643451481,0.0125584327423796,1.1093945075240947,COMPLETE
204,1237787.9745577038,2000-01-01 00:03:24.000000,2000-01-01 00:03:24.000000,0 days 00:00:00,16.76798680995492,67.33810486341523,0.0004645063090885,0.0032588732107905,59.31903972911482,343.881527442763,1178.310204759759,322.0745751392718,0.1125616681245309,0.008142760211348,1.0490531366252436,COMPLETE
205,2011903.4209855676,2000-01-01 00:03:25.000000,2000-01-01 00:03:25.000000,0 days 00:00:00,10.426834902815768,87.95751775680222,0.001000031975783,0.0080058420378245,68.47383321942958,415.04500149131513,1333.6666184340882,311.32866445688285,0.1243072299842258,0.0184917440452105,1.1297941892931649,COMPLETE
206,1756397.9161752723,2000-01-01 00:03:26.000000,2000-01-01 00:03:26.000000,0 days 00:00:00,21.408360849490588,28.25312387464652,0.0002587248814886,0.0067574394961957,93.25882717524632,617.134804271465,1189.3166394728362,350.9131535770412,0.1013618376786473,0.0150660487906708,1.166099724131639,COMPLETE
207,1476828.368382946,2000-01-01 00:03:27.000000,2000-01-01 00:03:27.000000,0 days 00:00:00,17.313249521660367,64.79739430045075,0.0045034965727683,0.0119317553739165,44.17457174438998,305.39078653668145,2637.886508535955,360.79689646828814,0.4959470455591722,0.0209815678106066,1.1639496299921437,COMPLETE
208,1747263.0128469467,2000-01-01 00:03:28.000000,2000-01-01 00:03:28.000000,0 days 00:00:00,27.588473176361084,69.09207958369532,0.0013451811641038,0.0045500056493538,83.69752127059638,396.32244955498834,1400.3659826532494,366.49155127039126,0.1149133024716544,0.0011982654307269,1.0691899138583627,COMPLETE
209,1890639.366316276,2000-01-01 00:03:29.000000,2000-01-01 00:03:29.000000,0 days 00:00:00,9.892957724555618,28.65288903002086,0.0056908518615575,0.0114498583566455,38.1373193340228,557.0745079475846,1395.0758333060196,451.2914910165869,0.2316724780491625,0.0107500103765425,1.0853462212025553,COMPLETE
210,1204704.9909666325,2000-01-01 00:03:30.000000,2000-01-01 00:03:30.000000,0 days 00:00:00,17.678138115308276,74.32311394690416,0.0013563681363373,0.004909937897037,63.39804866588527,306.80111181251266,1879.6476178244016,465.6069205243261,0.3970622331920202,0.0699422185941286,0.9416496482033314,COMPLETE
211,1318473.5402908218,2000-01-01 00:03:31.000000,2000-01-01 00:03:31.000000,0 days 00:00:00,6.980415180828317,25.824450340711795,0.003769598185873,0.0043245138651149,38.26796048923387,543.2043935031037,1357.257914485223,422.7599313230587,0.2786615892584031,0.0615016004970194,1.067264240634887,COMPLETE
212,2567269.9745958517,2000-01-01 00:03:32.000000,2000-01-01 00:03:32.000000,0 days 00:00:00,27.05092164941705,87.07302020506789,0.0022149958211024,0.0142122087163938,72.45380577633175,784.915834944446,1076.0069495045843,186.68563050941856,0.1761828602182676,0.00847675118308,1.1561394118465325,COMPLETE
213,1876949.020137879,2000-01-01 00:03:33.000000,2000-01-01 00:03:33.000000,0 days 00:00:00,6.02566408365822,38.98618831021122,0.0051170544613882,0.0061119309850242,32.48136039662977,1178.0816982669458,2772.472940117896,401.4476029429932,0.266119653145432,0.0221495053885087,0.8547288610451604,COMPLETE
214,1514817.1634317655,2000-01-01 00:03:34.000000,2000-01-01 00:03:34.000000,0 days 00:00:00,6.43563187192493,22.38265941885507,0.0052440795764658,0.0041405349024621,38.75198129466702,747.1450315252473,1018.5455589239212,294.7793228631503,0.3056342122551916,0.016495331614088,0.9671461314693977,COMPLETE
215,1250223.036213732,2000-01-01 00:03:35.000000,2000-01-01 00:03:35.000000,0 days 00:00:00,25.1834759757891,87.57593707247855,0.0015659530891093,0.0058585285328443,70.07651512136056,320.43665092825177,1777.2630216868615,410.5719940419989,0.3948104848846592,0.0683577193714504,0.9567743723857034,COMPLETE
216,1626686.4978870878,2000-01-01 00:03:36.000000,2000-01-01 00:03:36.000000,0 days 00:00:00,20.75668676040738,54.7022819745309,0.0073666004036294,0.0054022640721319,22.58078276785951,491.9451064139749,1622.3060068747086,325.637666893368,0.4749802122795698,0.0511851801803955,0.8162596960376046,COMPLETE
217,1627410.3689128389,2000-01-01 00:03:37.000000,2000-01-01 00:03:37.000000,0 days 00:00:00,21.688137842123066,58.76584389342682,0.0006311044645128,0.0073148522724221,39.89460457953823,350.998532917306,1000.337325259271,167.0831609122221,0.122328128259617,0.0131093754212013,1.1162524273753462,COMPLETE
218,2082965.4543317263,2000-01-01 00:03:38.000000,2000-01-01 00:03:38.000000,0 days 00:00:00,24.95445758040952,70.85592171253793,0.0013777630299131,0.0025363320192749,79.11394202402816,480.3526602749319,1703.030354376663,445.7443159278789,0.4195551411252828,0.0691364096567175,0.7387940259767197,COMPLETE
219,2650111.870180908,2000-01-01 00:03:39.000000,2000-01-01 00:03:39.000000,0 days 00:00:00,26.12867147725824,67.57717853544911,0.0016288211051494,0.0090321627404874,39.28460786854051,568.372737097151,2077.649926403064,461.7710329286016,0.3522153891254198,0.0602561279875241,0.8617359834333622,COMPLETE
220,2350096.5513542616,2000-01-01 00:03:40.000000,2000-01-01 00:03:40.000000,0 days 00:00:00,32.89032432637326,72.7760612475643,0.0047033601751725,0.0072910078528461,81.77947547010473,376.631514409914,2871.8734813470587,467.84978809015655,0.4944476017938738,0.0723467997034396,0.942456394049512,COMPLETE
221,1243844.6930458294,2000-01-01 00:03:41.000000,2000-01-01 00:03:41.000000,0 days 00:00:00,7.069623490038191,34.17437865473525,0.0057830898209536,0.0037031394605433,42.017677265050615,380.3269950555197,1260.9609271008767,417.0376473189763,0.1510189765670177,0.0243260270188425,1.0452331676608706,COMPLETE
222,1147814.7241962764,2000-01-01 00:03:42.000000,2000-01-01 00:03:42.000000,0 days 00:00:00,23.18763659063488,94.93132997665325,0.0009351084643416,0.0022665812197245,69.5978823820369,518.1361428480761,2195.151814814179,401.9556568819078,0.4113856026398655,0.0703177184001917,0.9701089369507518,COMPLETE
223,1350241.0935128443,2000-01-01 00:03:43.000000,2000-01-01 00:03:43.000000,0 days 00:00:00,28.342608388152307,97.51083797709968,0.0025658776779042,0.0051519911488727,84.72574947285284,689.8391021513062,2084.605064343836,499.04568474841153,0.439465102934197,0.0999689727992432,1.00629501958443,COMPLETE
224,2022767.5078628364,2000-01-01 00:03:44.000000,2000-01-01 00:03:44.000000,0 days 00:00:00,21.684784054485604,63.053500126912965,0.0068795335864592,0.0045221567321644,48.205161980502446,463.83659538771855,1398.0492948136166,263.64852739101855,0.1313726299340152,0.0444460296863778,1.099717465353219,COMPLETE
225,1502370.3129857474,2000-01-01 00:03:45.000000,2000-01-01 00:03:45.000000,0 days 00:00:00,25.46008162457314,85.61064873358868,0.0020442218291042,0.0072277692744353,68.93248965687086,647.7306227987563,2165.58222979984,409.0284408683028,0.3401711607069714,0.0646062806717988,1.1184338642628364,COMPLETE
226,2007121.5030343416,2000-01-01 00:03:46.000000,2000-01-01 00:03:46.000000,0 days 00:00:00,21.63631535384384,82.4881434255487,0.0014020009457525,0.0117255814560395,26.88140963896389,391.403637969429,1252.4644847118775,287.0609492437908,0.1404233566251779,0.0125742921203299,1.171550748462182,COMPLETE
227,1459157.0839883832,2000-01-01 00:03:47.000000,2000-01-01 00:03:47.000000,0 days 00:00:00,10.616144420061795,29.310424205484388,0.0080404224554394,0.0034763687504449,42.71626308282345,486.9187455639122,1307.9682685886717,369.3555566479132,0.1619215765536966,0.0185645034742582,1.0516181242116112,COMPLETE
228,1315615.2115736834,2000-01-01 00:03:48.000000,2000-01-01 00:03:48.000000,0 days 00:00:00,6.524457746166718,17.27584759382121,0.0022448554526948,0.0060666186563873,19.125916774146923,323.87428100837667,1183.954934333385,465.7861745234869,0.1865046279655782,0.0355166414256649,1.103622323018846,COMPLETE
229,1645745.7884288344,2000-01-01 00:03:49.000000,2000-01-01 00:03:49.000000,0 days 00:00:00,11.411825799498375,47.51040689839551,0.0036939070061418,0.0122964232391369,45.94917832972486,300.60852958111053,1301.824539496999,290.9541794319694,0.2443051589780501,0.0240050509315165,1.1819214945247605,COMPLETE
230,2093320.8596716705,2000-01-01 00:03:50.000000,2000-01-01 00:03:50.000000,0 days 00:00:00,31.580052701806025,36.158538937486085,0.0034908872387119,0.0095691942211607,15.726149363384648,382.672632884023,2852.8082537637983,218.52747710043252,0.4294911374727561,0.0419650792633177,1.115868388580702,COMPLETE
231,1860423.7045242493,2000-01-01 00:03:51.000000,2000-01-01 00:03:51.000000,0 days 00:00:00,23.15997736532492,92.3416839643085,0.0028872246824042,0.002283892853216,43.67540886568781,405.3410912923967,1619.5489511318892,428.42731160942566,0.3584575288312074,0.0547503562544412,0.9583392907698204,COMPLETE
232,1217957.5483861193,2000-01-01 00:03:52.000000,2000-01-01 00:03:52.000000,0 days 00:00:00,17.28943615906433,54.9436529950656,0.0010080571855125,0.0029753279974623,63.60629102310298,342.45872457068174,1513.0992373607792,268.3233909696468,0.1449801965863968,0.0144815854330164,1.0410690402142886,COMPLETE
233,1563401.6357169126,2000-01-01 00:03:53.000000,2000-01-01 00:03:53.000000,0 days 00:00:00,5.4438502768748815,11.862434556499894,0.0025591041634268,0.0036383685714949,17.362883541809175,1288.464474567607,2439.957950296523,347.02369271394866,0.3511894300099337,0.0031491805974608,0.9935164726425484,COMPLETE
234,1625444.2669040973,2000-01-01 00:03:54.000000,2000-01-01 00:03:54.000000,0 days 00:00:00,26.705511819432346,87.21020664623681,0.0027131397498229,0.0151703098990236,84.58662494060621,328.2183002975321,1783.2362442700369,386.1140409463431,0.416663852953648,0.0677383212735004,0.9574054800189286,COMPLETE
235,1343679.8608065385,2000-01-01 00:03:55.000000,2000-01-01 00:03:55.000000,0 days 00:00:00,9.31086805500941,95.17701108240928,0.001082647505182,0.0033945706437567,75.63863356548744,868.8877801650274,1827.0350396414929,379.2352392223743,0.4395521445167448,0.065319354655604,1.0849620197708567,COMPLETE
236,1783970.6585360563,2000-01-01 00:03:56.000000,2000-01-01 00:03:56.000000,0 days 00:00:00,6.181865239469053,27.832053020855703,0.0018342370759148,0.0090305173437709,33.43039764567786,593.7570139426034,1315.6340398102006,440.3863603397973,0.3192091803285809,0.0355061316759466,0.8954653335348773,COMPLETE
237,1386435.690163152,2000-01-01 00:03:57.000000,2000-01-01 00:03:57.000000,0 days 00:00:00,18.00013857521454,15.4059026767005,0.0076387822855925,0.006899426306459,50.67155013571552,399.7357307814826,2636.113553250252,251.33956288347025,0.3777814073866961,0.0471296187521793,1.0678787924382762,COMPLETE
238,1378697.9936993227,2000-01-01 00:03:58.000000,2000-01-01 00:03:58.000000,0 days 00:00:00,22.615252615348943,55.51475979653451,0.0076183616797518,0.0067452273642655,54.73532503945023,317.1470381107877,2782.495214425252,216.8851347408582,0.4206976181597217,0.0242786818498613,0.863309397616947,COMPLETE
239,1276288.6306098555,2000-01-01 00:03:59.000000,2000-01-01 00:03:59.000000,0 days 00:00:00,9.085757211597665,50.81987597325069,0.0028547055019813,0.0030466101840708,22.545370436452615,610.4925305274037,1059.7948358687129,344.88037702724364,0.3480523472425446,0.0290146051323023,0.9838378548030764,COMPLETE
240,1155061.9184527472,2000-01-01 00:04:00.000000,2000-01-01 00:04:00.000000,0 days 00:00:00,6.443549296558841,39.560895545416194,0.0023634838161779,0.0020763105461985,26.63251453319113,441.9670951268513,2112.2463257567056,389.9772266439276,0.2658027871114473,0.0132394876312225,1.0206261295372152,COMPLETE
241,1687415.477553188,2000-01-01 00:04:01.000000,2000-01-01 00:04:01.000000,0 days 00:00:00,9.292905049499458,49.21901242725558,0.0009257029211882,0.006899135415589,43.40953133938136,804.7211063073053,1880.6556195333696,430.2828814059096,0.3011457084486708,0.0061062526219506,0.9320279819209968,COMPLETE
242,2493867.2094784104,2000-01-01 00:04:02.000000,2000-01-01 00:04:02.000000,0 days 00:00:00,21.820545697295746,52.91137302594932,0.0009651704494191,0.0104663006631681,92.16336385517012,614.8986960074625,1603.5962072081209,255.72284524090543,0.1005781680428432,0.0270783453233388,0.8041613413220791,COMPLETE
243,1363847.6965629694,2000-01-01 00:04:03.000000,2000-01-01 00:04:03.000000,0 days 00:00:00,8.79052400669201,39.36737000403893,0.0064896004892434,0.0067764778584398,17.799221615331103,327.3906110853677,1044.5345013988158,380.9002012128808,0.248634617695412,0.041237288976644,0.9947191814466436,COMPLETE
244,1163795.6804046428,2000-01-01 00:04:04.000000,2000-01-01 00:04:04.000000,0 days 00:00:00,10.825838457354337,78.45940083060894,0.0010307497704416,0.0030742521146157,53.99553746766204,391.9273561750896,2294.322143885613,459.7370294526256,0.4959911550572532,0.0711221764548975,0.8039208109028674,COMPLETE
245,2067379.2280843167,2000-01-01 00:04:05.000000,2000-01-01 00:04:05.000000,0 days 00:00:00,17.71239909270662,27.615371229060123,0.0091306003746804,0.0029225736583051,14.476650259229796,504.1119908809193,2834.1609630695057,347.0990061552345,0.3021796270927463,0.0291893166717854,1.0347031989589106,COMPLETE
246,1513284.943932632,2000-01-01 00:04:06.000000,2000-01-01 00:04:06.000000,0 days 00:00:00,8.395451041504716,64.84245955556253,0.0012349695165498,0.0073269488059725,54.93719105849294,586.5661608413407,2120.298411647072,478.6200936689364,0.3534718943406797,0.0882056706449658,0.9912598411218804,COMPLETE
247,1755716.5277198784,2000-01-01 00:04:07.000000,2000-01-01 00:04:07.000000,0 days 00:00:00,21.856096579144182,26.315667740574376,0.000274135507334,0.0110635957006733,58.80159947989706,334.7533327444353,1806.3844652273049,228.9852547557307,0.1015258818865446,0.0030928573451182,1.0090619024431815,COMPLETE
248,1481731.948154035,2000-01-01 00:04:08.000000,2000-01-01 00:04:08.000000,0 days 00:00:00,8.532992546977592,59.48447948492116,0.0092042313338014,0.0068845851577638,55.58619623931493,370.8224553800754,2386.068922113602,249.6165958225124,0.3792852518942781,0.0474528809649175,0.8584291988536968,COMPLETE
249,1625938.988785029,2000-01-01 00:04:09.000000,2000-01-01 00:04:09.000000,0 days 00:00:00,14.57473293038058,86.78373619239608,0.0009595171102871,0.0079447054754488,49.905835441431016,683.7034512126409,2686.8791416092417,387.5863309170605,0.4484491126830025,0.0799372727960502,0.8699703224723921,COMPLETE
250,1871568.7658117453,2000-01-01 00:04:10.000000,2000-01-01 00:04:10.000000,0 days 00:00:00,16.60633942355106,50.085184057624375,0.003622291288187,0.0052100771612915,70.59753813459332,480.9551400768561,1624.9691002690151,349.9532232272837,0.1039254158620516,0.0213916348104907,1.128780511117946,COMPLETE
251,1252634.0970398742,2000-01-01 00:04:11.000000,2000-01-01 00:04:11.000000,0 days 00:00:00,14.543648032754897,59.75449927725592,0.0033825976035798,0.004809152991735,37.24101056213375,390.296329903731,1222.6987396874092,417.8546512562918,0.4034596246919468,0.0226623575091138,0.9434702043353992,COMPLETE
252,1713557.49329558,2000-01-01 00:04:12.000000,2000-01-01 00:04:12.000000,0 days 00:00:00,10.499341869697677,85.82411093968996,0.0009897072921749,0.0095176792034639,56.78939412771127,621.9409310305,2137.6402915586877,476.1093949217527,0.4380472018918349,0.0516606505504144,0.8668707003244469,COMPLETE
253,1288127.378892515,2000-01-01 00:04:13.000000,2000-01-01 00:04:13.000000,0 days 00:00:00,9.854620153026724,35.167155692651235,0.0011100487496243,0.0052396219273065,19.837169006792564,444.02682238866544,1898.4380175646977,419.0573483521992,0.3360347767735924,0.0168515176710152,1.1669736165535225,COMPLETE
254,1485799.4824516175,2000-01-01 00:04:14.000000,2000-01-01 00:04:14.000000,0 days 00:00:00,8.8657155318549,75.31158476136824,0.0045136454642146,0.0092021795873216,49.99404974062761,344.74895189738857,1225.4095698646863,390.535527904814,0.4415948983037443,0.0289646304871906,0.995528504093984,COMPLETE
255,2123695.151640602,2000-01-01 00:04:15.000000,2000-01-01 00:04:15.000000,0 days 00:00:00,19.64401067010154,58.18310595943586,0.0088585803533631,0.0073867494577899,24.50660453457389,1454.1207018629434,1329.116667816915,372.590660004064,0.4126093080437564,0.0383980373517414,0.7791000548080985,COMPLETE
256,1679887.972155271,2000-01-01 00:04:16.000000,2000-01-01 00:04:16.000000,0 days 00:00:00,11.194575194414874,80.98504152314707,0.0005426590806231,0.0075995242431617,79.32895017546508,343.88036835106084,1162.9655679291502,257.8920855133939,0.1142253674055132,0.0058884546881297,0.8235315574741555,COMPLETE
257,1179287.7568028625,2000-01-01 00:04:17.000000,2000-01-01 00:04:17.000000,0 days 00:00:00,23.91544144668302,28.00867289552548,0.0078542845340752,0.0032893031386724,18.405607902155054,431.94693573135066,2566.5385142006567,382.7836307867661,0.4765568873755649,0.0341927093117679,0.9874214586541464,COMPLETE
258,1129771.077081708,2000-01-01 00:04:18.000000,2000-01-01 00:04:18.000000,0 days 00:00:00,34.832276204887705,71.85494585980992,0.000630377912727,0.0023106985299932,92.57405619348036,522.4705987613111,1801.8181166499749,470.9430586407867,0.4752357928689,0.0634675311774594,1.070394325472393,COMPLETE
259,2092448.9736515663,2000-01-01 00:04:19.000000,2000-01-01 00:04:19.000000,0 days 00:00:00,23.13734134027856,53.21588866437106,0.0064175473483363,0.0059369938033072,12.413459737943978,359.0670411263121,2599.4452296583117,382.2618075721611,0.4201216632583913,0.0214751739848287,1.1472782574775444,COMPLETE
260,2085675.3437871076,2000-01-01 00:04:20.000000,2000-01-01 00:04:20.000000,0 days 00:00:00,29.779094060483988,77.15188395333317,0.0004868269509947,0.0099969589225246,64.21133619599442,712.1084225120467,1727.921162239691,484.05513580961673,0.4997579224139073,0.0615896226907672,1.0713857462471277,COMPLETE
261,2075962.896370816,2000-01-01 00:04:21.000000,2000-01-01 00:04:21.000000,0 days 00:00:00,24.694695151017253,94.97212838946837,0.0010147967136383,0.0020173438276918,74.89908515839932,709.3878196550593,2671.8207539866635,419.55879206518216,0.4039040261030528,0.0554761826971873,0.9156046900589668,COMPLETE
262,2459541.251993331,2000-01-01 00:04:22.000000,2000-01-01 00:04:22.000000,0 days 00:00:00,21.95414933484311,43.988435672094845,0.0096485778762146,0.0088087925057511,23.10911066067099,463.69232468206127,2502.5567443433506,225.78568238535885,0.4611955682285114,0.0036023929432038,0.7644820824714532,COMPLETE
263,1287132.5489895418,2000-01-01 00:04:23.000000,2000-01-01 00:04:23.000000,0 days 00:00:00,11.10888430750112,54.13337828097397,0.0051126542303736,0.0040990159628965,47.553285690445925,427.9311552517225,1095.298546876788,397.9644316120012,0.1739252807223451,0.0261871524629414,1.1918614815603652,COMPLETE
264,1919127.1919449929,2000-01-01 00:04:24.000000,2000-01-01 00:04:24.000000,0 days 00:00:00,25.881909601022315,63.36908224198593,0.0035796920309002,0.0157300670953541,25.16357394661545,475.3532397057702,1172.4502855906862,402.49303349997456,0.4453663135959077,0.0128219983331843,0.9079232479128262,COMPLETE
265,1265180.2617778468,2000-01-01 00:04:25.000000,2000-01-01 00:04:25.000000,0 days 00:00:00,33.08476391634332,72.31534154578787,0.0008253420605956,0.0034938689730795,104.72458486023348,741.8663468223986,1740.0162140229104,459.8886127004956,0.4872487454322907,0.0667403724084003,1.169810371809315,COMPLETE
266,2208328.906808388,2000-01-01 00:04:26.000000,2000-01-01 00:04:26.000000,0 days 00:00:00,27.775299324931048,17.339706756575623,0.006147873162771,0.0097601896830258,32.83987049710878,650.5712062128056,2566.9050970835897,448.9056635674292,0.4567418436379331,0.0334360354580192,1.0211097397374116,COMPLETE
267,7260246.711083948,2000-01-01 00:04:27.000000,2000-01-01 00:04:27.000000,0 days 00:00:00,7.814384498123076,43.595370804679376,0.0072077066258847,0.0036512479030161,56.96091976510655,628.1998082631818,1096.1366242968982,472.4422952547335,0.1098485508551495,0.0144440607621735,0.8941345242727906,COMPLETE
268,1762548.4623650748,2000-01-01 00:04:28.000000,2000-01-01 00:04:28.000000,0 days 00:00:00,16.44101158136945,58.17361686680146,0.0005709140966176,0.0117079140791168,46.8628553672848,304.92937005266936,1732.3261807929944,301.41691191070026,0.1886763192932337,0.0108463155687805,0.893983820136337,COMPLETE
269,1180411.954986033,2000-01-01 00:04:29.000000,2000-01-01 00:04:29.000000,0 days 00:00:00,18.08129152809178,52.5312957643314,0.0069039082620411,0.0034515292829007,30.08298389237556,395.1471720965805,1631.769227566403,388.9098639603617,0.4380948677063747,0.006345588685629,1.0218121701049556,COMPLETE
270,7090972.73329205,2000-01-01 00:04:30.000000,2000-01-01 00:04:30.000000,0 days 00:00:00,22.08155450969754,94.20383195897728,0.0011525448313272,0.0025940965286748,59.49506207317597,329.0480536569565,2157.8113110107074,419.6467014125483,0.427392017095159,0.0795148072766843,0.9484563104028813,COMPLETE
271,7017050.852638214,2000-01-01 00:04:31.000000,2000-01-01 00:04:31.000000,0 days 00:00:00,5.875647120744111,69.48271989764616,0.0023976499730714,0.0051636475848557,18.47998307562577,351.4043111250174,1002.7722927288652,448.7127716020162,0.2942346334788944,0.0450260350887102,0.7483181373953743,COMPLETE
272,7498240.384244564,2000-01-01 00:04:32.000000,2000-01-01 00:04:32.000000,0 days 00:00:00,24.322501377437337,45.442179805537805,0.0002838796574504,0.0045803181238803,41.331152378569314,330.3182713266596,1881.4529161853368,431.9573097777006,0.4710496881037153,0.0604225384800062,0.8911273631488443,COMPLETE
273,7152938.355624905,2000-01-01 00:04:33.000000,2000-01-01 00:04:33.000000,0 days 00:00:00,5.192536681568882,77.34083104946372,0.0036103048230359,0.0071397270800287,36.879299796124826,475.19218379826646,2571.1651152551613,428.9592514590516,0.4997734210196512,0.0717586992915312,0.8973722700247689,COMPLETE
274,7711631.119175794,2000-01-01 00:04:34.000000,2000-01-01 00:04:34.000000,0 days 00:00:00,7.645051622422754,30.157059593590496,0.0037443376251353,0.0140240104990642,37.991939381328365,353.1790851613292,1056.1787906198892,362.8182298593491,0.1318050440311666,0.0126466223766466,0.8081819177997568,COMPLETE
275,1968137.0801993008,2000-01-01 00:04:35.000000,2000-01-01 00:04:35.000000,0 days 00:00:00,15.02974991824497,69.53972551537336,0.002255962392434,0.0075861411522657,59.164008349569606,595.8612403530735,2377.2813821350646,498.8436463680417,0.470144320715526,0.0865762937537416,0.7696064357256212,COMPLETE
276,3000768.156627839,2000-01-01 00:04:36.000000,2000-01-01 00:04:36.000000,0 days 00:00:00,18.93871233306303,54.947785051583054,0.0004034104602559,0.01161138699972,63.203741048169896,636.4319971935674,1119.8884597511424,358.5543678785271,0.1276000524299696,0.0068841868673496,0.9521164888610758,COMPLETE
277,8260877.152893877,2000-01-01 00:04:37.000000,2000-01-01 00:04:37.000000,0 days 00:00:00,45.489688678673005,21.64796696392096,0.0096843245082692,0.0031482761684009,27.518470418898332,323.93789691524967,2468.8071630878594,441.19156151714895,0.336860835682944,0.0049878707680552,1.0280973496714212,COMPLETE
278,1369885.069818308,2000-01-01 00:04:38.000000,2000-01-01 00:04:38.000000,0 days 00:00:00,10.45370540686326,30.39283278391709,0.0028959740108315,0.0057717530210286,19.202206881938785,359.16622717384644,1562.7928763701025,325.29470200017715,0.2021725709040926,0.0170980541655644,0.9987842889234292,COMPLETE
279,1530238.6166202545,2000-01-01 00:04:39.000000,2000-01-01 00:04:39.000000,0 days 00:00:00,15.99367595863429,65.7640384151214,0.0028659008461872,0.0062872527469829,40.94247598288149,516.768233289269,1617.190593762222,360.59719879467366,0.4627417399103912,0.0297779450083855,0.5552211251969146,COMPLETE
280,1779222.59624181,2000-01-01 00:04:40.000000,2000-01-01 00:04:40.000000,0 days 00:00:00,29.09109642824241,84.04333970444364,0.008540941900992,0.0072451007240816,23.695354999865707,823.5383918498378,1201.8374071614653,292.760885656714,0.3849335249475217,0.0622158972723272,0.7561260013578273,COMPLETE
281,1280270.3305395492,2000-01-01 00:04:41.000000,2000-01-01 00:04:41.000000,0 days 00:00:00,17.56526420698427,41.94904175632381,0.0079666672913315,0.0044878699934043,15.20677432291066,478.0877532887906,2058.3683224737733,377.8240425246521,0.4295698017000569,0.0310199848925516,0.9373000573550808,COMPLETE
282,1943710.6451269104,2000-01-01 00:04:42.000000,2000-01-01 00:04:42.000000,0 days 00:00:00,44.363680266572686,78.89926908793282,0.0016725448009542,0.0030505715243656,69.15451637132156,572.2885487038244,1635.548949670219,485.6334745085792,0.4299745068889588,0.0529460838501886,1.0317703037907031,COMPLETE
283,1244933.681331144,2000-01-01 00:04:43.000000,2000-01-01 00:04:43.000000,0 days 00:00:00,16.800170499073516,62.25656224003839,0.0073813375344302,0.0040362705860372,21.40903290231983,343.6301381308535,2528.033350928359,201.5958211328685,0.2898724198103972,0.0457078043630991,1.0815793441530157,COMPLETE
284,7606945.28184365,2000-01-01 00:04:44.000000,2000-01-01 00:04:44.000000,0 days 00:00:00,17.84938568430551,41.23736243128358,0.0068368507787155,0.0119750491909277,29.89912418913049,303.9549783504655,2482.5481623178857,105.78259649144417,0.2033866457417103,0.0667342052041604,1.132199862486528,COMPLETE
285,7059925.692289224,2000-01-01 00:04:45.000000,2000-01-01 00:04:45.000000,0 days 00:00:00,22.751086554741786,53.42487135386237,0.0091779209421901,0.0022690965113188,26.50216178245821,1128.176193980907,1045.41143883867,283.8519957664956,0.4076334482668821,0.057807409475169,1.0022954249487472,COMPLETE
286,7665988.361286717,2000-01-01 00:04:46.000000,2000-01-01 00:04:46.000000,0 days 00:00:00,42.8495723047352,95.04018413542134,0.0020638384218465,0.0062527186121891,53.75872784037164,712.1399370941781,2368.403099454272,367.77960017145847,0.3662571957017073,0.0927644143137989,0.7452366991563959,COMPLETE
287,1648204.9309374758,2000-01-01 00:04:47.000000,2000-01-01 00:04:47.000000,0 days 00:00:00,16.69947220401825,68.15530856349011,0.0014498756029854,0.0131045634396203,64.76393744863061,307.77981812102473,2212.0609089597774,322.5743741429376,0.2949035135453423,0.0691171991251892,0.7475179707181758,COMPLETE
288,1826245.7469506543,2000-01-01 00:04:48.000000,2000-01-01 00:04:48.000000,0 days 00:00:00,6.126486805123744,34.61640090235875,0.0098287949678361,0.0068263656776195,10.912107077934415,693.6157738109042,1476.9859649690118,277.83533636589607,0.3964348499078569,0.0652720771189794,0.7582305252609483,COMPLETE
289,1475659.9191534112,2000-01-01 00:04:49.000000,2000-01-01 00:04:49.000000,0 days 00:00:00,24.88329964628422,69.65440528631721,0.0051714789654297,0.0051014225824526,60.188301995792585,492.10212495670464,2849.140037052816,221.0073625471554,0.2340669330040353,0.0463583557031193,1.1037312930124326,COMPLETE
290,7122497.101029571,2000-01-01 00:04:50.000000,2000-01-01 00:04:50.000000,0 days 00:00:00,24.39985874515364,22.72551838520277,0.009843931134179,0.0039385465402586,17.000981312441002,553.0441489398365,2505.0444635708204,274.014731628317,0.4820187596300384,0.0326728557962074,1.0632172665796946,COMPLETE
291,1576563.9663850788,2000-01-01 00:04:51.000000,2000-01-01 00:04:51.000000,0 days 00:00:00,37.31649044169953,74.23311211912578,0.001271501661405,0.010410318681916,101.29438923330072,572.9596118960518,2128.6813528455555,486.0308706258975,0.4708534472015668,0.0729700598233844,0.9190558089694718,COMPLETE
292,1297594.2290586072,2000-01-01 00:04:52.000000,2000-01-01 00:04:52.000000,0 days 00:00:00,9.860218133745484,29.987426767846184,0.0057244008070215,0.0033668640637234,10.184789746439227,623.4161037966027,2949.167551484258,346.9661566356045,0.4752716650277641,0.0353497967236559,1.0016649929857973,COMPLETE
293,2560002.265501316,2000-01-01 00:04:53.000000,2000-01-01 00:04:53.000000,0 days 00:00:00,12.52418476776715,79.19330155914463,0.0067272780775311,0.0056737786610458,27.89082683378012,320.5406875915247,2628.0980985555725,115.62921701064998,0.1895043748919207,0.0119473200937767,0.9855893632670544,COMPLETE
294,8393264.952503271,2000-01-01 00:04:54.000000,2000-01-01 00:04:54.000000,0 days 00:00:00,23.068201040777023,24.780553967737184,0.0081976237306725,0.0027700171888427,22.382863934401364,346.81418328969704,2641.7709035078283,291.1744387538125,0.3736841160616233,0.0402162939239638,0.7408535106591646,COMPLETE
295,2059935.4242439088,2000-01-01 00:04:55.000000,2000-01-01 00:04:55.000000,0 days 00:00:00,21.026746632117096,41.67651576794894,0.0072269737492602,0.0158680576596883,14.058707100920708,464.46499736555023,1444.986853547663,299.8157318424228,0.3958796598226368,0.0024835955465491,1.0806134573871031,COMPLETE
296,1407559.2846504415,2000-01-01 00:04:56.000000,2000-01-01 00:04:56.000000,0 days 00:00:00,10.025112466603108,48.39705852053669,0.0094751049722545,0.0071608743776409,14.953903464704378,307.25454226504735,2308.106630793021,316.1398871101491,0.4600014002219434,0.0144725585322485,0.8721489584743523,COMPLETE
297,1802747.226872858,2000-01-01 00:04:57.000000,2000-01-01 00:04:57.000000,0 days 00:00:00,14.104310389093811,55.71927402924604,0.008858523059704,0.005900820850489,11.605856086502866,395.0575687358947,2927.8519498640303,428.6280118308134,0.4409922779661512,0.006657274879017,0.8652060621649128,COMPLETE
298,1286602.6483187594,2000-01-01 00:04:58.000000,2000-01-01 00:04:58.000000,0 days 00:00:00,20.72484146869521,66.0678676687707,0.0003550665976315,0.005335770783541,48.21722469854884,485.29560486228377,2581.205147631701,492.883956885933,0.4390547032988516,0.0635000589610209,0.9546362776429006,COMPLETE
299,1171857.2814267878,2000-01-01 00:04:59.000000,2000-01-01 00:04:59.000000,0 days 00:00:00,7.346417578202994,33.14755619089025,0.0086434819284774,0.0020071851053729,19.647848818036397,531.1738954794025,1301.5791977780773,359.9086877713607,0.3985324608142557,0.0060698809575536,0.7402198872037352,COMPLETE
300,1794134.2539453276,2000-01-01 00:05:00.000000,2000-01-01 00:05:00.000000,0 days 00:00:00,8.516166536749893,33.800900726031195,0.0075160204709541,0.006507418794618,30.293796911164797,771.7109355113366,1713.716707058621,336.3286177953379,0.413746421729494,0.0084872025842725,0.7685478460902966,COMPLETE
301,1929844.6308474925,2000-01-01 00:05:01.000000,2000-01-01 00:05:01.000000,0 days 00:00:00,8.48536143602286,27.36560643611408,0.0076437698867424,0.0178325565156468,30.54826099052383,334.33234132147084,1241.5448948032615,373.4966642791076,0.4268093492131432,0.0356744817375575,0.8695692775051083,COMPLETE
302,2177692.24229468,2000-01-01 00:05:02.000000,2000-01-01 00:05:02.000000,0 days 00:00:00,7.970107350243124,69.66596100254151,0.0075907865050065,0.0103036993060831,42.59717557586495,773.0755862434895,2668.175744788984,165.59165626681647,0.3861769336313804,0.0468277486068468,1.139840992834205,COMPLETE
303,1284681.7046701552,2000-01-01 00:05:03.000000,2000-01-01 00:05:03.000000,0 days 00:00:00,17.500500453339413,47.66519887605573,0.0051729770021484,0.0056312865579085,21.54238330986036,427.6359000165489,1437.0304147252264,418.18224320040895,0.4749126954844235,0.0132447965186081,1.1674126715438051,COMPLETE
304,7238310.572631262,2000-01-01 00:05:04.000000,2000-01-01 00:05:04.000000,0 days 00:00:00,6.585085339908385,49.37442548243939,0.0090824300289513,0.0079229176676175,36.02904936897225,371.2170862987954,1266.9406710770015,338.22629366925787,0.4380795772297193,0.0174963712452339,0.7964604075367803,COMPLETE
305,7880440.534945067,2000-01-01 00:05:05.000000,2000-01-01 00:05:05.000000,0 days 00:00:00,10.295842362422558,76.29357447334212,0.0091174889429944,0.014362086086358,21.567520360753157,615.0638995846191,2378.6291625304702,316.76225500415774,0.2277201377013663,0.0268313277645152,1.15933033681596,COMPLETE
306,7660062.165746024,2000-01-01 00:05:06.000000,2000-01-01 00:05:06.000000,0 days 00:00:00,21.98493358219868,97.47202487392504,0.0043777684625212,0.0043993116666298,72.23137497555476,602.2678738727037,1831.1795730553272,339.3151429615706,0.3748966492202402,0.0732435761221836,0.7873028959110954,COMPLETE
307,1682040.070142024,2000-01-01 00:05:07.000000,2000-01-01 00:05:07.000000,0 days 00:00:00,15.85315540741634,81.01489930906928,0.0013767582757587,0.0176153559717005,54.70323056692315,306.7440276594314,1787.5612569315197,488.7340907225363,0.3035683571203598,0.0672840420086077,1.0354241947362988,COMPLETE
308,1299350.9612200744,2000-01-01 00:05:08.000000,2000-01-01 00:05:08.000000,0 days 00:00:00,17.283832168077204,78.7956838310062,0.0073475746405838,0.0023811565225749,12.384322626153535,550.8612436628002,1883.118741797092,155.64223706454786,0.3731780480866864,0.0643687343622359,1.049284425194516,COMPLETE
309,1362010.216331568,2000-01-01 00:05:09.000000,2000-01-01 00:05:09.000000,0 days 00:00:00,16.49600457890662,86.04117121515841,0.0059900152767157,0.0061885933723022,12.825523895432704,345.4198149307016,2569.551894887647,208.51093973065335,0.2557556548022125,0.0322543018374305,1.1807666719517915,COMPLETE
310,1984417.4017763815,2000-01-01 00:05:10.000000,2000-01-01 00:05:10.000000,0 days 00:00:00,7.867402953234098,39.88258279064549,0.0065630324446965,0.009849449075179,12.074397635867648,718.3908461625635,1309.4074894391968,426.45771386111295,0.4988919074448559,0.0127331972541184,0.7638707713977496,COMPLETE
311,1111966.713875461,2000-01-01 00:05:11.000000,2000-01-01 00:05:11.000000,0 days 00:00:00,26.046477948105387,16.679788870486597,0.0096448944222224,0.0023149208741592,10.063104468968582,385.5804858047386,2043.127023246007,499.97978780586334,0.404296409430965,0.0259355913889103,0.975577085853248,COMPLETE
312,1657097.4973044458,2000-01-01 00:05:12.000000,2000-01-01 00:05:12.000000,0 days 00:00:00,20.75833649032691,25.22034256677771,0.0085987752030749,0.0078699334551582,14.304779883329187,530.2142807275286,1795.6689644622777,495.5640761345822,0.4730587305124161,0.04055596770531,0.9273203383118004,COMPLETE
313,1135117.6768199129,2000-01-01 00:05:13.000000,2000-01-01 00:05:13.000000,0 days 00:00:00,17.640447805078768,17.563873334109154,0.0088572742672997,0.002529525638923,19.288332484266576,450.7561686585557,2056.260910166304,487.7012317450005,0.4817877159387405,0.0197513232076607,1.0175876269148738,COMPLETE
314,1695730.2069814862,2000-01-01 00:05:14.000000,2000-01-01 00:05:14.000000,0 days 00:00:00,27.16238871920315,10.2659041302018,0.0098662999281556,0.0149076779214418,25.73284133351449,441.1828695064085,2592.7637793061867,476.9957306262672,0.353255853986779,0.0233102049395092,0.8468092254599937,COMPLETE
315,2326657.390928847,2000-01-01 00:05:15.000000,2000-01-01 00:05:15.000000,0 days 00:00:00,18.73400599746266,30.35090986231821,0.0068275888402641,0.010532552498737,11.44991694876505,613.5010410437073,1164.8885196747124,270.4400703405357,0.365579581734513,0.0038774719415437,0.6888144300137322,COMPLETE
316,1561277.1660159184,2000-01-01 00:05:16.000000,2000-01-01 00:05:16.000000,0 days 00:00:00,29.884581444934263,13.625608828434084,0.0075296108742238,0.0092888544262148,28.23734792558937,622.9990668622776,2083.0066934018364,490.05732761718,0.4124708864987685,0.0260354320870529,1.0104828292751262,COMPLETE
317,1665767.175507697,2000-01-01 00:05:17.000000,2000-01-01 00:05:17.000000,0 days 00:00:00,28.17268954234691,68.00783896350552,0.0091349396802505,0.0043369108555878,28.55673496705481,794.5835421443953,2510.354338854674,101.1032514441516,0.2518864836276497,0.0630204552326236,0.9290537717660932,COMPLETE
318,1275091.223428166,2000-01-01 00:05:18.000000,2000-01-01 00:05:18.000000,0 days 00:00:00,24.46302316583932,25.457792338890197,0.0093220203511081,0.0047593228243215,15.704298309867236,507.302711297927,1929.9004463999188,453.61289126283145,0.4301450742988283,0.0137224279175642,1.003796205341052,COMPLETE
319,1407811.4681859813,2000-01-01 00:05:19.000000,2000-01-01 00:05:19.000000,0 days 00:00:00,25.969327261789683,29.51330583817603,0.0088594702926141,0.0048664212544296,19.182097836492503,745.8354006084435,2910.1662375806627,366.2384202643508,0.4761678438532478,0.0265222990505379,0.8090530325852746,COMPLETE
320,1972808.3345372877,2026-05-06 20:48:37.349790,2026-05-06 20:48:52.374174,0 days 00:00:15.024384,5.713569319173274,17.91955128775698,0.008790060691036558,0.006025337012153867,24.06400955388648,872.1745946890501,1436.1951352663716,308.67168711711383,0.3821893209831891,0.008398376150261452,0.5273346412692235,COMPLETE
321,1913317.3256257593,2026-05-06 20:48:52.375674,2026-05-06 20:49:07.416061,0 days 00:00:15.040387,15.9008497870581,57.40677041330373,0.008947103089257587,0.009912865142810449,12.635469696912049,527.9844208595239,2313.249064464201,142.86755679533292,0.2472879217200797,0.05071379133762596,0.9841566768547942,COMPLETE
322,1445374.6796578323,2026-05-06 20:49:07.417553,2026-05-06 20:49:22.503076,0 days 00:00:15.085523,18.036236658754373,12.821413063572157,0.009663537166814134,0.008745156617433192,35.99004205830924,413.09208597660586,1113.9508625582648,448.7069042711226,0.43092985582547577,0.0129963944840698,1.0277357521263617,COMPLETE
323,1498370.2661624812,2026-05-06 20:49:22.504616,2026-05-06 20:49:37.536926,0 days 00:00:15.032310,12.465791916667499,18.869228505745973,0.008958136290701217,0.012873627976483244,42.405697458658864,358.92381696701744,2249.959319574163,493.13065545604655,0.4802341173250686,0.056023100108528685,1.0655485777710951,COMPLETE
324,1923497.033776544,2026-05-06 20:49:37.538385,2026-05-06 20:49:52.579167,0 days 00:00:15.040782,15.712014808338427,14.069513071411796,0.007072399596805483,0.02029173564985173,20.72065258344673,388.31746871390766,2078.165223703864,478.21319494929355,0.45339402165455434,0.023502883866236782,0.9518770923160542,COMPLETE
325,1511075.8456221155,2026-05-06 20:49:52.580758,2026-05-06 20:50:07.608107,0 days 00:00:15.027349,11.069289285643748,32.32767928641443,0.009126145070885166,0.005502468941495902,20.441580670740542,573.9558228534548,1163.6315882708545,411.48149064608475,0.3109704415475109,0.03055721013509475,0.6702136689894888,COMPLETE
326,1454962.0246651678,2026-05-06 20:50:07.609668,2026-05-06 20:50:22.653681,0 days 00:00:15.044013,33.986750396360044,88.39392881688845,0.0009227683480872923,0.00785427272382239,50.279931970111775,373.65967213908516,2200.578768813981,434.9020703159287,0.49027894354054014,0.06161216565680508,0.8514052608620609,COMPLETE
327,1425289.166906304,2026-05-06 20:50:22.655163,2026-05-06 20:50:37.688140,0 days 00:00:15.032977,18.97705224032421,67.61045283492557,0.00783202073667535,0.003146011616987579,10.52632551256713,978.3668074128993,1512.838478743886,275.59346857588247,0.49892261515779684,0.008169670248503519,1.106975665457148,COMPLETE
328,1217781.655473282,2026-05-06 20:50:37.689637,2026-05-06 20:50:52.922573,0 days 00:00:15.232936,6.021168023377857,46.131480159585095,0.002556629123494202,0.0026606077525874092,42.63389422482588,398.33730614635283,1282.5332198282993,335.6383401720353,0.2093264479205516,0.05986897752110543,0.8931473055957804,COMPLETE
329,1174870.0386549386,2026-05-06 20:50:52.924052,2026-05-06 20:51:07.964816,0 days 00:00:15.040764,37.324223845968234,54.046131126429884,0.006886083998402264,0.002067343211043167,22.350354721489694,740.2046033528394,1421.6570700953787,426.8307249342721,0.4519060014129157,0.008732787495536225,0.9597381944099911,COMPLETE
330,1809208.5117153113,2026-05-06 20:51:07.965602,2026-05-06 20:51:22.995104,0 days 00:00:15.029502,32.14311588450043,60.02055013975982,0.004981209777925025,0.009878426505568931,12.405450586364523,890.0567344507162,1391.2854361790385,470.55621597119375,0.4996476105901406,0.013970184793750845,0.9785768185986028,COMPLETE
331,1520528.1248113909,2026-05-06 20:51:22.996640,2026-05-06 20:51:38.232342,0 days 00:00:15.235702,26.046477948105387,16.679788870486597,0.00964489442222243,0.002314920874159203,10.063104468968582,385.5804858047386,2043.127023246007,499.97978780586334,0.404296409430965,0.025935591388910315,0.975577085853248,COMPLETE
332,1661851.5892191215,2026-05-06 20:51:38.233813,2026-05-06 20:51:53.303085,0 days 00:00:15.069272,17.997352478737383,54.81063743302741,0.005942773281356315,0.005463728478847506,62.9249202619931,623.9837609810081,1964.8508355692168,431.67311625130856,0.49883754780518996,0.002450092349360276,0.9846858993581591,COMPLETE
333,1931333.006530601,2026-05-06 20:51:53.304573,2026-05-06 20:52:08.352079,0 days 00:00:15.047506,9.550592053828233,44.99713905090862,0.00284115978320413,0.00821403636471294,46.992917106692076,621.8037109036702,1483.6292077175826,289.0589216094074,0.20638031847411822,0.05512378345607309,0.9259138205299237,COMPLETE
334,1480955.2890779413,2026-05-06 20:52:08.353614,2026-05-06 20:52:23.426702,0 days 00:00:15.073088,21.97602091393879,71.39175514757636,0.0003279145823640399,0.007357568122781436,81.30930869519835,596.8976666887964,2291.7252987124893,389.0558312679737,0.4589289793111234,0.05771120737005385,1.002883037486909,COMPLETE
335,1210716.6651510003,2026-05-06 20:52:23.428239,2026-05-06 20:52:38.442058,0 days 00:00:15.013819,25.186218922123683,30.545536004857507,0.008712365032519088,0.003237521825999935,15.231926585546123,583.566216459624,2887.0610335978413,418.1880531901558,0.45742664263938515,0.016165506568048896,1.0855008756904296,COMPLETE
336,2165616.7205273136,2026-05-06 20:52:38.443610,2026-05-06 20:52:53.470901,0 days 00:00:15.027291,34.034397376805,53.44914569526437,0.0073031109109496445,0.004986159241510307,12.107053728155527,864.2176915162108,1582.0137284787484,323.38761010279126,0.41075462728001544,0.019666736504070033,1.0886928297845224,COMPLETE
337,1251494.8731337993,2026-05-06 20:52:53.472367,2026-05-06 20:53:08.407248,0 days 00:00:14.934881,7.264901222045731,57.308684205622285,0.0016502157906849277,0.0031584968094478423,52.11499697246124,477.30245107478856,1610.581144123663,355.16292878908644,0.27515053356957386,0.06221721409564739,1.0550521054046869,COMPLETE
338,2374156.8835020503,2026-05-06 20:53:08.408736,2026-05-06 20:53:23.433100,0 days 00:00:15.024364,31.808569396348982,34.72060684581464,0.009268544363925239,0.004934630428276716,14.759577601799291,582.6115971119018,2639.559907475159,412.64904712821783,0.41556910684711895,0.01172185874178971,1.0576661646702143,COMPLETE
339,2712619.7300587497,2026-05-06 20:53:23.434587,2026-05-06 20:53:38.528090,0 days 00:00:15.093503,38.66672496214706,59.806376157295,0.00508026237091076,0.009378994808858294,44.898586003749884,617.1722149189104,1281.4984838973373,413.2531186672825,0.3794729278400772,0.029542273340615672,0.94157995783777,COMPLETE
