trial,cost,best_cost_so_far,improvement,relative_improvement,is_best,safety_fail,fail_reason,fail_rate_so_far,J_approach,J_near,J_tracking,J_orientation,rmse,ramp_lag,overshoot,arrival_jitter,rise_time,settling_time,final_error,max_feedback_vel,max_joint_vel_ratio,vel_violation,orientation_rmse,orientation_max_error,exploration_distance,trial_duration_sec
0,10806762.74412098,10806762.74412098,0.0,0.0,True,False,,0.0,5.933012994189153,10.638754606603364,2.1103014264995905,46.9454223087455,0.06434991318224646,0.059501658565166815,0.040654328065648754,0.0003880410459022395,2.877254009246826,4.301202297210693,0.0007267217799077594,0.1573755423595291,0.0,0.0,3.1489589248306786,5.4384377275250175,0.0,13.33554744720459
1,9418153.925699195,9418153.925699195,1388608.8184217848,0.1284944299510236,True,False,,0.0,7.750537336266846,17.554606731921844,3.781767977486258,0.19533998042624046,0.11799276218693983,0.10626504831738276,0.08413278308567951,0.010292770052895276,3.7158710956573486,6.581390142440796,0.037037458551254836,0.16018797456580713,0.0,0.0,0.012458957602188523,0.02391707990218307,1.177939238503707,12.756527662277222
2,3599358.129438422,3599358.129438422,5818795.796260772,0.6178276382150751,True,False,,0.0,7.289087876817842,10.789400904961264,3.438906022559917,0.07183431310039695,0.10735867253600952,0.09664173428921544,0.025976235370741285,0.0008443001098305754,3.4995813369750977,4.74271821975708,0.0010305393820078486,0.17035134077918535,0.0,0.0,0.004583663830130605,0.008791250614838026,1.6240617270623166,13.545672416687012
3,4642213.93309735,3599358.129438422,0.0,0.0,False,False,,0.0,8.401139157592933,13.536701363626062,3.354069865733108,0.03165566836840403,0.10743028865218722,0.09379669612635533,0.03639963078466266,0.0008046155877939287,4.059874534606934,5.849467039108276,0.0035571492352752315,0.0996945834829456,0.0,0.0,0.0017743753571895118,0.004365166377721984,1.1345073603150295,12.859696388244629
4,2033243.076618546,2033243.076618546,1566115.0528198762,0.43510953800649566,True,False,,0.0,7.780435340045019,12.121192420078764,3.163174128835718,0.07404475732261932,0.10258474457852229,0.08827710695999329,0.01032302879941907,0.0014969853465985634,3.7578020095825195,5.798263788223267,0.001702680732255507,0.08849320235651036,0.0,0.0,0.00516030707810501,0.008190575174444811,1.400266278204238,13.058423042297363
5,3360326.17632651,2033243.076618546,0.0,0.0,False,False,,0.0,8.675285363281676,14.268533547394183,3.3148946874513228,0.034577797347755346,0.10763696458901459,0.09248368742893406,0.023585616372013063,0.008588438832183914,4.1989171504974365,6.522382497787476,0.008897546643716003,0.0784360409829045,0.0,0.0,0.0020422431624033607,0.004559963012132114,1.197739092128035,12.741871356964111
6,2083304.8080952594,2033243.076618546,0.0,0.0,False,False,,0.0,6.70676339546512,6.061831507101827,2.848980213035769,0.08333654120117753,0.08926842946455371,0.08000695996705169,0.010824130265224288,0.00016842250193796807,3.2333712577819824,2.759788990020752,0.0002094027598216404,0.12679986550660702,0.0,0.0,0.005315484467016239,0.010203166366261908,1.732543663539561,12.741057395935059
7,5384489.610433387,2033243.076618546,0.0,0.0,False,False,,0.0,8.534422245814932,15.359145824110747,3.430823354801167,0.03515235303452449,0.10995407138503258,0.09591288275007849,0.043817460189520235,0.006390961803063339,4.123341798782349,6.544463872909546,0.01586901376312898,0.10303217362074159,0.0,0.0,0.0021081863540465045,0.004571715550538115,1.4675664037643552,12.776254892349243
8,2724584.697611346,2033243.076618546,0.0,0.0,False,False,,0.0,6.186794532795725,6.023103839007011,2.7059195286967728,0.15979135752381862,0.0841135209951018,0.0760899429387443,0.01723390232782554,0.00016722564393053906,2.979262351989746,2.580212354660034,0.0001968026591330696,0.13877602349526028,0.0,0.0,0.009281304918663809,0.021385229543627038,1.5753462416581745,12.756223678588867
9,2873232.218422024,2033243.076618546,0.0,0.0,False,False,,0.0,6.225006706317089,7.5689826741666115,2.7563618890445047,0.14591722167937043,0.08591232657324871,0.07747574872434868,0.01871954271881461,0.0002796085543692549,2.9962897300720215,3.3144900798797607,0.0008050756932720687,0.14378832335837524,0.0,0.0,0.008324651195011367,0.01983000302981987,1.2691778083206164,12.746026992797852
10,5275354.739822554,2033243.076618546,0.0,0.0,False,False,,0.0,8.796484105013102,15.434306244895046,3.416276386495572,0.05204905147213394,0.11036981741519017,0.09537954867624208,0.042725802180948014,0.010655407728535843,4.2551727294921875,6.591864347457886,0.022857488186374553,0.10998152224768742,0.0,0.0,0.0032404498925240784,0.006531363082985329,1.7101502219436786,12.842312574386597
11,1587383.8901291785,1587383.8901291785,445859.1864893674,0.219284743480287,True,False,,0.0,8.379307912142725,8.608198647471434,3.206889962197494,0.06320401990058436,0.10465539709370093,0.08939557815646147,0.005866729580231322,0.000923414168874125,4.05556058883667,4.154767751693726,0.001065333014483271,0.10019833272553817,0.0,0.0,0.003881108074265684,0.008038788826614723,1.4422841741173245,12.786160945892334
12,1844066.030973544,1587383.8901291785,0.0,0.0,False,False,,0.0,7.576824387460623,7.30119504759657,3.106773004149214,0.04588830324137875,0.09990447122365492,0.08683640445261318,0.008432521878555158,0.0004620407280349184,3.6581575870513916,3.438084363937378,0.00068004515881123,0.10689537165186803,0.0,0.0,0.002756360263444379,0.005959355283455929,0.6352603514629165,12.783083200454712
13,2036008.547418158,1587383.8901291785,0.0,0.0,False,False,,0.0,8.202410305792602,10.693262016312113,3.248551394555155,0.029762699616958058,0.10598334750098272,0.09055601399955206,0.010350758697156709,0.0005327288906611761,3.9653711318969727,5.084558725357056,0.001321326148033609,0.08480166006257824,0.0,0.0,0.0019056098897069357,0.0036294551248256426,0.5126377084002919,12.845832347869873
14,6419768.876619377,1587383.8901291785,0.0,0.0,False,False,,0.0,6.700716278509947,15.923009080345395,3.274679036371044,0.1123852470393979,0.10038736502116222,0.0922558379029739,0.05416194622450915,0.023406141628391473,3.2119743824005127,6.552001476287842,0.02218176330885067,0.17437713216855172,0.0,0.0,0.0063450825149212724,0.015406146730006929,0.8185376921715058,12.734886884689331
15,4196039.6211514,1587383.8901291785,0.0,0.0,False,False,,0.0,0.3598048477937513,14.647572030940669,3.9772691175358696,0.057672196689511485,0.13405220683215996,0.11014627713527063,0.03193846626804023,0.005022151889416431,0.014683008193969727,6.496927976608276,0.011358552864420942,0.09852300793289415,0.0,0.0,0.0033838449002138874,0.007650359371950097,0.8756486029335574,12.745371341705322
16,2453875.0240044612,1587383.8901291785,0.0,0.0,False,False,,0.0,6.805895625437113,5.9322736872671165,2.9269826347524748,0.08066564172175314,0.09098106073390116,0.08231538497236444,0.014527908741562665,0.0001313248607204058,3.2794747352600098,2.6022167205810547,0.00028896180537488794,0.13183837047310798,0.0,0.0,0.0051734312238478145,0.009819547982742658,1.0856183526950205,12.935873746871948
17,1483760.1263203719,1483760.1263203719,103623.76380880666,0.06527958640198493,True,False,,0.0,8.004168927326996,9.984898792387417,3.2064661703909554,0.03833887346497572,0.10504553554233859,0.08931412288056423,0.004831090779729361,0.0004811992187603386,3.8681132793426514,4.8682191371917725,0.001381195803480681,0.07934265194584732,0.0,0.0,0.0024182359391204853,0.004748246488002959,0.801270431556341,12.74545407295227
18,2563275.868344553,1483760.1263203719,0.0,0.0,False,False,,0.0,6.716131733515642,6.5029679534866,2.961304327160924,0.03692266667876529,0.09251645749749142,0.08320746377401278,0.01562132119167814,0.0001529625760289483,3.2332546710968018,2.8595633506774902,0.0005550385095425836,0.13118404072328682,0.0,0.0,0.00243377667876073,0.004363113312169863,0.5225677580894215,13.74472427368164
19,2232025.4929967527,1483760.1263203719,0.0,0.0,False,False,,0.0,8.00787669007884,11.825750124855352,3.0200149430791168,0.04564497693198212,0.09805165908093397,0.08425197861229906,0.012310112959052502,0.0011050089533105115,3.8775603771209717,5.600098371505737,0.002009546778250257,0.08688042356390545,0.0,0.0,0.002777509770526282,0.005856224691942966,1.1023628361403663,12.738640308380127
20,2199927.93210016,1483760.1263203719,0.0,0.0,False,False,,0.0,6.80290762779232,6.015582195547919,2.964908278130782,0.03567878693390922,0.09393180293261334,0.08310037254332203,0.011989650070482596,6.546194929281267e-05,3.2768032550811768,2.7075119018554688,0.00021517766257034875,0.1214704418805972,0.0,0.0,0.0022363446196280163,0.004447007494221273,0.9809018269747789,12.941591024398804
21,2610970.36653676,1483760.1263203719,0.0,0.0,False,False,,0.0,6.140296241697207,5.324807632833336,2.6566014302790975,0.041227946322289204,0.08029434652615232,0.07507348757867516,0.016098463135580776,5.8750150737356765e-05,2.957537889480591,2.259732484817505,8.390128385738011e-05,0.14052828463525774,0.0,0.0,0.002770797416120188,0.004765391748331925,0.878785956388189,12.74047565460205
22,3133983.0044689043,1483760.1263203719,0.0,0.0,False,False,,0.0,6.38508285706041,7.064861612190075,2.711554834150119,0.08318093861909637,0.08355325759645327,0.07635264139969385,0.021325828818233694,0.00026769652719955186,3.078012466430664,2.998425006866455,0.000344031509096123,0.14329069556368135,0.0,0.0,0.005455574860828694,0.009884084933116702,1.114479727700079,12.749019622802734
23,2835266.157417429,1483760.1263203719,0.0,0.0,False,False,,0.0,6.339468988292291,6.07220203034698,2.66675937130455,0.10296557237762244,0.08236787579939603,0.0750708687679219,0.018340235634254173,0.00011294518430447695,3.0571281909942627,2.5771918296813965,0.0001613178542956647,0.14670099147302756,0.0,0.0,0.00633194097053025,0.013077511153345107,0.8315290361485107,12.744176864624023
24,3650529.1852524662,1483760.1263203719,0.0,0.0,False,False,,0.0,6.305903378355481,9.56744396154256,2.717560693351146,0.11334493873419418,0.08330657232003354,0.07657128679354244,0.02648868087701281,0.0003397125379595915,3.0380947589874268,4.119796991348267,0.0006831869990772368,0.15016917530816004,0.0,0.0,0.007578745776629272,0.013178743130290002,1.0168514783128764,12.739250421524048
25,3233742.975755788,1483760.1263203719,0.0,0.0,False,False,,0.0,6.181696793757339,7.03638768142955,2.663814597837868,0.049878414319263764,0.08179600951573827,0.07506637484578925,0.02232294496155239,0.0005276352115468963,2.9782488346099854,2.9585227966308594,0.000638968018042263,0.14549379232381682,0.0,0.0,0.003254983138481047,0.005959637302853847,0.7796607950320323,12.754582405090332
26,1916745.7257042432,1483760.1263203719,0.0,0.0,False,False,,0.0,6.791798585299492,8.096392609698388,2.900853832722169,0.04808024086459368,0.09148654870335897,0.08137178210544596,0.009159230382622396,0.0004840593848629969,3.273841619491577,3.816661834716797,0.0010214842267350218,0.11294441266031778,0.0,0.0,0.002996172125728209,0.006027715964692001,0.8730878382412763,12.746283769607544
27,3276900.7208502204,1483760.1263203719,0.0,0.0,False,False,,0.0,7.99584580108176,11.865549271690497,3.2583549781298053,0.04165067533529602,0.1043947290514301,0.09113327875617597,0.022753431529675683,0.0008580886659598089,3.861222982406616,5.360628604888916,0.0013240970857760917,0.09581248620552657,0.0,0.0,0.0027386850517968873,0.00493529873023023,0.9590516406030531,12.839092016220093
28,2043117.798162144,1483760.1263203719,0.0,0.0,False,False,,0.0,8.2470596116431,13.66962985581705,3.0164900182220746,0.07264187748466486,0.09804093850149471,0.08413641590699407,0.010421991605463393,0.000986844922588471,3.9973251819610596,6.567432641983032,0.0027329983155631394,0.08202081648648543,0.0,0.0,0.003914726820255115,0.010331015730655986,0.7358623531452365,12.736138343811035
29,3148027.138540142,1483760.1263203719,0.0,0.0,False,False,,0.0,6.731272616128149,8.41098040843969,3.0504953898981166,0.19744359676799678,0.09495446448918153,0.08574864537849124,0.021465795594059048,9.625233265754775e-05,3.237013339996338,3.668593406677246,0.00010076307644925124,0.13943768084343006,0.0,0.0,0.01148846904653614,0.026383961098926916,0.9788109115359089,12.735849380493164
30,2515595.0382863847,1483760.1263203719,0.0,0.0,False,False,,0.0,6.162684750907013,6.100833168702179,2.5968275494149706,0.048389172053722965,0.07976890061290356,0.07318077893799828,0.015145230866158751,5.216931837677567e-05,2.971571207046509,2.6712892055511475,0.00019864285838927433,0.1465643243509292,0.0,0.0,0.0033710998829634244,0.0053550932475038915,1.253062434908628,12.742009162902832
31,1566737.7963977442,1483760.1263203719,0.0,0.0,False,False,,0.0,7.842944967395422,12.437226912017811,3.1713798574137253,0.057302380761089206,0.10480731644912832,0.08818367707939848,0.005660306725960393,0.0012833842594615764,3.7891969680786133,6.07037615776062,0.0026918520397104743,0.08122596006570816,0.0,0.0,0.003289943578682607,0.007745708032907088,0.8820378167415558,12.73148512840271
32,2434351.590679955,1483760.1263203719,0.0,0.0,False,False,,0.0,6.187029267494259,7.914621418528338,2.762190965891151,0.1555047256049629,0.08559744608343653,0.07772617377982445,0.014332906361134462,0.0003835116707022984,2.9769253730773926,3.597548246383667,0.0005759215408561472,0.1499975203192255,0.0,0.0,0.009344793742123703,0.020186593916993317,0.5421854196923775,12.750213861465454
33,2005483.8151609434,1483760.1263203719,0.0,0.0,False,False,,0.0,7.415898625647647,13.168993169209488,3.0693259762476615,0.040236087229933694,0.10248010295790586,0.08518038345562844,0.010045512848684893,0.0021372841809726316,3.580178737640381,6.3204662799835205,0.005156993361640132,0.08338140165552063,0.0,0.0,0.0023724578659793595,0.005314106075524704,0.828990900950727,12.739302635192871
34,1820001.3630515186,1483760.1263203719,0.0,0.0,False,False,,0.0,8.013981113205482,13.057498286075132,3.0794889267034984,0.11060669362475019,0.10072771042223094,0.08579151145952549,0.008191919822937044,0.0006631410068521685,3.878303289413452,6.318469524383545,0.0021926492322379104,0.08335633292730805,0.0,0.0,0.006037784296789072,0.015576104812609404,1.4079251093959702,12.74599313735962
35,2131356.284160034,1483760.1263203719,0.0,0.0,False,False,,0.0,8.255220534763318,13.091168730453491,3.238894765375561,0.09406344117408066,0.10568861817893611,0.09028693118412656,0.011303792268407498,0.0003253151685921635,3.9921798706054688,6.258491039276123,0.0017994076961743296,0.08263008028352482,0.0,0.0,0.005572712716397602,0.01237043486072496,0.4601459751627821,12.751755952835083
36,2244920.5318206428,1483760.1263203719,0.0,0.0,False,False,,0.0,8.071011476465978,13.26245186510539,3.0129631268503,0.13382854212344378,0.098189457799088,0.08399643260535883,0.012438840290328004,0.0018189429688904234,3.909511089324951,6.31186842918396,0.0033545984442140877,0.08110207822451863,0.0,0.0,0.007392816377341616,0.018671502776177712,0.764961795074174,12.754018306732178
37,2061365.578809238,1483760.1263203719,0.0,0.0,False,False,,0.0,7.918969116289761,13.185992015974978,2.921198087015924,0.0826117352787499,0.09410770100139541,0.08162099840884288,0.010604575934880373,0.0006598210735625163,3.837053060531616,6.322453737258911,0.0021711489426272557,0.08317410937421539,0.0,0.0,0.004963837104926508,0.010725259609834462,0.6007150178006297,12.78302526473999
38,2379310.643896169,1483760.1263203719,0.0,0.0,False,False,,0.0,8.123626151463641,13.59943266267697,3.216160046679874,0.0676988066868471,0.10558700173301143,0.08955380611328735,0.013781996052098469,0.0009239152123859019,3.9274823665618896,6.447250127792358,0.003166520897465665,0.08157348192848603,0.0,0.0,0.004087550806970997,0.00874960005776978,0.9153896592340005,12.839988708496094
39,2540440.820966083,1483760.1263203719,0.0,0.0,False,False,,0.0,6.717324782002432,10.251492312148255,2.85106984508996,0.08614787587598038,0.0892900229975522,0.0800768695236787,0.015393175621786687,0.00020960641381010634,3.2385470867156982,4.738297939300537,0.0010475304915695432,0.12021645218062985,0.0,0.0,0.005412391958817665,0.010712185051359766,0.6080870405020523,12.73361611366272
40,2817348.9854291803,1483760.1263203719,0.0,0.0,False,False,,0.0,6.558423416773107,6.2104456662689325,2.8784070194743037,0.05458808058679722,0.08873477251217196,0.08107134268006573,0.018160889381202874,0.0002157005371938355,3.157604694366455,2.650089740753174,0.00044434314048820883,0.1279032182172063,0.0,0.0,0.003605527904397109,0.006435964337905087,0.9628969621379542,12.751788854598999
41,2546384.307372677,1483760.1263203719,0.0,0.0,False,False,,0.0,8.070850891350387,13.818285352328399,3.0298075714653963,0.11748448089621619,0.09774837985622871,0.08462748344695516,0.015452043716198391,0.0014380277842710237,3.9084842205047607,6.518734455108643,0.0016428512602387315,0.0898981388713822,0.0,0.0,0.006624478531401336,0.016122163161251375,0.9084780737571961,12.751500368118286
42,8317931.075024451,1483760.1263203719,0.0,0.0,False,False,,0.0,6.721766319615034,8.248056037309887,2.8924436578025374,41.53814262478518,0.09005586286979489,0.08130608887883949,0.016157991956069775,0.00018041264797801594,3.238924026489258,3.7188172340393066,0.0005043942855569595,0.12800556680348782,0.0,0.0,2.492040824397789,5.400454007400716,0.4835989141537861,12.746009588241577
43,3026761.617525886,1483760.1263203719,0.0,0.0,False,False,,0.0,6.1744363157610955,4.137108737343112,2.5946172906659006,0.11279053076652043,0.07958219451269515,0.07313449676370813,0.020254345875160534,7.180000345527256e-05,2.9775164127349854,1.5619142055511475,0.00011260649655825885,0.1359540129804019,0.0,0.0,0.007180982996563068,0.01383566669850397,1.1667985629173616,12.754257202148438
44,3378991.359450572,1483760.1263203719,0.0,0.0,False,False,,0.0,7.960369063456501,14.001203152221393,3.2408956205895723,0.14796574118580275,0.10489455124562044,0.09047506684715403,0.02377375083286594,0.0011425603415861482,3.8444719314575195,6.398472547531128,0.0031141031031681828,0.08738305446887863,0.0,0.0,0.00883353652400464,0.019324362248441408,1.0443716192454053,12.759531021118164
45,3054137.881676663,1483760.1263203719,0.0,0.0,False,False,,0.0,6.1765518990187065,7.744737410771326,2.6393436141995252,0.08486348103811531,0.08090582154173372,0.07440537899826014,0.020527859780440763,0.0003000136278318588,2.976667881011963,3.358093500137329,0.0004314842949259736,0.14471376047461065,0.0,0.0,0.005405994902294308,0.010403880454940211,0.9274974138269575,12.746453285217285
46,1661845.4967414464,1483760.1263203719,0.0,0.0,False,False,,0.0,6.663735488977678,6.739859495012655,2.695018595800429,0.02914653940369781,0.08451365063949394,0.07567345431336019,0.006611810531950757,0.000254074928448104,3.218357563018799,3.203094959259033,0.0006158099794101672,0.11750933558510279,0.0,0.0,0.0018803650197785477,0.0035259048113673573,0.6814615832910982,12.753185987472534
47,2519877.2232959718,1483760.1263203719,0.0,0.0,False,False,,0.0,7.824169137570456,13.78484791013551,3.1883877043720665,0.07547064685231647,0.10407112842247523,0.08886797510689985,0.015186760479011976,0.0021425737348589493,3.778782606124878,6.502481460571289,0.004109393008466346,0.08678639617466706,0.0,0.0,0.004558180739646771,0.009751300233785573,1.0136273421160686,12.745210647583008
48,2257865.5303219524,1483760.1263203719,0.0,0.0,False,False,,0.0,6.695763870139199,7.274563649470923,2.9912824169833634,0.029302095312898884,0.09424830231704402,0.08392200339478842,0.01256860284383618,0.0005975000614986911,3.221998929977417,3.321423053741455,0.0006574799592407492,0.12744589581117846,0.0,0.0,0.001943527172374869,0.003438469483474983,0.9801207442517821,12.734230518341064
49,2738608.857534199,1483760.1263203719,0.0,0.0,False,False,,0.0,6.096931644293711,8.029934649710952,2.6935903494106697,0.03741143017214254,0.08361288674197523,0.07576948669653649,0.017374072493322082,0.00028401203468698727,2.934811592102051,3.5789668560028076,0.0006594626078467408,0.14679189717369312,0.0,0.0,0.0026072802021371625,0.00413829713876131,0.667520904425112,12.741879940032959
50,3462344.5858974364,1483760.1263203719,0.0,0.0,False,False,,0.0,6.344526254675668,4.784576603315943,2.7681828245626243,0.05439249558762409,0.08470506534476091,0.07807110532849411,0.024607788205403894,0.00013851158736171186,3.0551564693450928,1.7766029834747314,0.00019624521925729014,0.14996167029460233,0.0,0.0,0.003752775983479017,0.006092571929947989,0.0,12.74161434173584
51,3632715.3707858096,1483760.1263203719,0.0,0.0,False,False,,0.0,6.3555621297077645,7.644939980863959,2.8130167960488577,0.04742340149070831,0.08603320285201024,0.07931658926660189,0.02631059280481224,7.55269600369903e-05,3.0588061809539795,3.164384365081787,0.0001283220919543994,0.14722221136447874,0.0,0.0,0.00309283139669225,0.005670187579292577,0.8782368020725952,12.743987321853638
52,2013395.2088304602,1483760.1263203719,0.0,0.0,False,False,,0.0,7.929056213678088,9.721148546060268,3.435777822410969,0.05632294572209375,0.11104965624842529,0.09593981053470453,0.010124528341922873,0.0005563812266348914,3.8206183910369873,4.605135440826416,0.0009302494622583654,0.10634466929312812,0.0,0.0,0.0035592623305434556,0.006962211769436527,0.7305233823821718,15.950363397598267
53,7093193.270930545,1483760.1263203719,0.0,0.0,False,False,,0.0,6.7337183559087075,8.329934978170726,2.626313849296518,42.85596317946509,0.08413039976612645,0.07343799551815308,0.003880077047792571,0.00035904183351322924,3.256702184677124,4.065838575363159,0.0008507950109559446,0.11308555921496277,0.0,0.0,2.6549326290117095,5.404125536842853,0.9745631639469449,12.745036602020264
54,3283966.0244829324,1483760.1263203719,0.0,0.0,False,False,,0.0,8.306884416260047,14.233089408946746,3.2701321421989,0.022663320190558195,0.10623774634060755,0.09123647488412687,0.022823885180238465,0.0014260250402296434,4.016587495803833,6.539479970932007,0.002587041614161872,0.08226627658670291,0.0,0.0,0.0013065600813595816,0.003052709884920386,0.9541416341533031,12.752674102783203
55,9408287.783071272,1483760.1263203719,0.0,0.0,False,False,,0.0,6.751630206128018,8.909660898777899,3.127436326296637,39.30474861956948,0.09676068743124114,0.08803602696129242,0.027011253588447387,0.00019722406837441675,3.2437610626220703,3.778352975845337,0.00047845353297130386,0.13534650738338286,0.0,0.0,2.2106194737575637,5.404948207377243,0.6889280796689871,12.742820024490356
56,2801996.7498670667,1483760.1263203719,0.0,0.0,False,False,,0.0,6.348114786833009,6.583553146644419,2.7104036398966236,0.03305017034484253,0.08392800964123881,0.07627401692651413,0.018007672289560545,4.4456487222034876e-05,3.0596463680267334,2.840768337249756,0.0003265715333759077,0.13372413376979542,0.0,0.0,0.0020843515426360194,0.0040938395009385955,0.8284875990962767,12.947594404220581
57,7428575.820477744,1483760.1263203719,0.0,0.0,False,False,,0.0,6.305278535815289,6.639907519830581,2.6958219730715665,43.67107539689633,0.08487278917179546,0.07565156490677284,0.007142954844823829,0.0005189962641465851,3.0391619205474854,3.1398730278015137,0.0006027443972724927,0.12525876679562253,0.0,0.0,2.752365796803076,5.41303725561793,0.7883963121485233,12.751243591308594
58,7067675.053516006,1483760.1263203719,0.0,0.0,False,False,,0.0,7.794773868705367,9.625462923847179,2.804433010465195,46.88478094772308,0.09177219343627213,0.07812128198992396,0.0035321626508778015,0.0004525819595941309,3.780205011367798,4.7209532260894775,0.001389667824866828,0.08504054332268998,0.0,0.0,3.1539336458205924,5.413327945289585,1.3573264547716006,12.740366458892822
59,7947324.575891441,1483760.1263203719,0.0,0.0,False,False,,0.0,6.461626002614749,5.733654419624728,2.629838252335726,44.40720711752741,0.08200207327960984,0.0739062459684256,0.012275240863480391,0.00018606051901207831,3.1199536323547363,2.558715343475342,0.0004923379000050547,0.1318059521905944,0.0,0.0,2.841747785179438,5.418306209022977,1.135065541624895,12.753015995025635
60,9216247.131010272,1483760.1263203719,0.0,0.0,False,False,,0.0,6.26000720649955,8.720096516048542,2.849230793963934,49.76852264955779,0.08789717980078735,0.08023907870053337,0.024927926071212136,0.0003767494716064115,3.0096449851989746,3.7349069118499756,0.0007772777575969335,0.14856746635501344,0.0,0.0,3.5104563475825867,5.4212179672242735,0.82432046997551,12.734618663787842
61,3399921.41189009,1483760.1263203719,0.0,0.0,False,False,,0.0,6.48189105156188,7.591520657269136,2.9515979876243637,0.053817421760525244,0.09046997826571063,0.0832120231890837,0.023983617424091816,0.00022849802806014914,3.1161274909973145,3.1954517364501953,0.00028726263283078597,0.16352796356246313,0.0,0.0,0.003670726060691025,0.006112903318749262,1.059007436420971,12.752157926559448
62,2673639.2799641592,1483760.1263203719,0.0,0.0,False,False,,0.0,6.269403537870463,10.635446048927038,2.77927333849613,0.06662930737334517,0.08703030278687329,0.07805954110656069,0.016724573128496276,0.00026438972859490123,3.0176124572753906,4.896690130233765,0.0011674264069392018,0.14187903498348114,0.0,0.0,0.0045393464508417395,0.0075786339416528134,0.9932911477894368,12.748833179473877
63,2698168.640002897,1483760.1263203719,0.0,0.0,False,False,,0.0,6.144429691036771,5.44150691155882,2.7351654027793724,0.03701214716348165,0.0845530581081616,0.0770004614857269,0.016969872869945765,0.00012727244628546434,2.956714153289795,2.296112537384033,0.00015763865869303651,0.14476682612068367,0.0,0.0,0.0026392867733136395,0.003974463244243133,0.7077783727748963,12.742157697677612
64,2909868.8457332286,1483760.1263203719,0.0,0.0,False,False,,0.0,6.275537332912884,10.993104630947972,2.847172833755067,0.043545251532847155,0.0886440759767767,0.08006329040414824,0.01908558064967808,0.00044983826736193406,3.0176737308502197,5.016427516937256,0.0011941129179113507,0.1327249274867184,0.0,0.0,0.0027961049659902828,0.005294102951231223,0.8250577463554141,12.749165296554565
65,8397186.424708102,1483760.1263203719,0.0,0.0,False,False,,0.0,6.148427717596801,6.150833245703156,2.740262863046828,33.707619934439315,0.08470536776950342,0.07713881887015776,0.017089753604785263,0.00015862665761064268,2.958505630493164,2.646859645843506,0.000525254755376244,0.14972009781780427,0.0,0.0,1.5201401171945237,5.386624749220782,0.7678160483441095,12.74002718925476
66,9508373.65865524,1483760.1263203719,0.0,0.0,False,False,,0.0,8.071114103749963,14.54994196852426,3.3242313529724714,34.02663924799814,0.10640446436279656,0.09294940390705117,0.028172964701956765,0.006029432830771685,3.8961329460144043,6.525944471359253,0.01788095814158346,0.10403931699141464,0.0,0.0,1.55896278160793,5.388734248783675,0.7233163476122936,12.75172734260559
67,7484497.546370634,1483760.1263203719,0.0,0.0,False,False,,0.0,0.3083993710420124,13.447277950732419,3.353818461728819,31.90388310106079,0.1110013243855319,0.09324063583683943,0.007973410531886271,0.001169301863713224,0.01433873176574707,6.5181884765625,0.002446094202620921,0.09341259596357344,0.0,0.0,1.2950111007695595,5.385948573726078,0.7650164683200811,12.748444080352783
68,9911937.294235155,1483760.1263203719,0.0,0.0,False,False,,0.0,8.19768755015431,14.860262588672775,3.07891341188173,41.12727769764192,0.09893547225196116,0.0860347495367065,0.03214529843235167,0.01628061164254702,3.9697916507720947,6.589342355728149,0.014862591119778647,0.09804669236468835,0.0,0.0,2.443618176271199,5.394583071868083,1.0548031069301225,12.787155389785767
69,3196099.551723663,1483760.1263203719,0.0,0.0,False,False,,0.0,8.485869113174058,14.22919886740439,3.06053807996576,0.025927159007075387,0.09810927248295863,0.0856069536894484,0.02194579398368758,0.002119081556910156,4.1145241260528564,6.5562968254089355,0.0038631034804280768,0.09781364506626133,0.0,0.0,0.0015554408331874623,0.003370908085393922,1.323092050977757,12.786584854125977
70,1793248.7931312774,1483760.1263203719,0.0,0.0,False,False,,0.0,7.476994273733829,11.007133866207184,2.8833398251849482,0.05305041437749071,0.093556665583951,0.08045395138254913,0.007924784093208806,0.000736704528706516,3.617816209793091,5.3014843463897705,0.0015851937534404638,0.09865556491716182,0.0,0.0,0.003264210610466357,0.006734182373439964,0.584239409935145,12.773695945739746
71,1345963.948458137,1345963.948458137,137796.17786223488,0.0928695787262867,True,False,,0.0,7.577095322089558,6.778734808852453,3.1365378087884994,0.02899587990082859,0.102162570901525,0.08746442936432529,0.003453962590100765,0.0003292389367082451,3.657351016998291,3.30106782913208,0.0007802042166508956,0.0845937604782203,0.0,0.0,0.0018871533985117242,0.0034746631781836994,0.6024314711486746,14.781898260116577
72,7192384.523781715,1345963.948458137,0.0,0.0,False,False,,0.0,0.3088065047847383,4.881246812306321,3.460999367486893,40.13331401614384,0.11039511789058523,0.09688523278591211,0.004879387854333284,5.9298978211817464e-05,0.009075403213500977,2.3176097869873047,0.00041156912300938315,0.11996639381523043,0.0,0.0,2.315019373449599,5.403289757136762,0.5773906566167994,15.754748821258545
73,2642485.5252833096,1345963.948458137,0.0,0.0,False,False,,0.0,6.052080385537186,5.255652848427748,2.575586414415742,0.05054409954003902,0.07949656609452233,0.07251969729901643,0.016413526703068337,4.5644810149924494e-05,2.9172606468200684,2.21716046333313,0.0001311173216143567,0.14318537286265562,0.0,0.0,0.00336814759460632,0.0058997296957971155,0.7568012914980301,12.948156356811523
74,2802192.647264689,1345963.948458137,0.0,0.0,False,False,,0.0,6.189292527360019,7.941112995038806,2.761310374560231,0.050347339620197676,0.08507967537597613,0.07779140509575501,0.01800955684693481,0.00010588347537973054,2.977959156036377,3.5191195011138916,0.000479230092856595,0.1413767362711029,0.0,0.0,0.003384169477105641,0.005818495950838137,0.9653532477890656,12.94911003112793
75,1645070.9633874996,1345963.948458137,0.0,0.0,False,False,,0.0,7.9029388665337175,8.695846672449505,3.1897333279081272,0.057253909290652175,0.10478745095913175,0.08880695499244029,0.00644346908696776,0.00020315312798531047,3.8182590007781982,4.183913946151733,0.0011690651595300224,0.07893450952167184,0.0,0.0,0.003638009304700581,0.007037458713261883,0.670211160543397,12.782550573348999
76,1452674.0374597155,1345963.948458137,0.0,0.0,False,False,,0.0,7.798495588189455,8.123016129294028,3.1695644547646475,0.054274916454940425,0.10394815072226905,0.08827139850659256,0.0045205033498718905,0.0001479883020969622,3.766840696334839,3.9466989040374756,0.0007186307450965979,0.07819713050367545,0.0,0.0,0.003468285502016496,0.006632158109702115,0.3996969373109112,12.785985708236694
77,2198614.4731201865,1345963.948458137,0.0,0.0,False,False,,0.0,6.132364778771239,7.366450219892516,2.558192760952252,0.10846291191900925,0.07876751248434649,0.07206186620865862,0.011977029308363238,9.121813934806139e-05,2.958089590072632,3.3830418586730957,0.00030300742563260744,0.13349749284292842,0.0,0.0,0.007572322722486237,0.011971082534779841,0.44202039921670894,12.761165857315063
78,1577723.7364757543,1345963.948458137,0.0,0.0,False,False,,0.0,7.657001240870785,10.568046022649945,3.148417246840529,0.029036376125209862,0.10292016557883363,0.0877285744817492,0.0057703048468845525,0.0006197540593794652,3.6969077587127686,5.136578559875488,0.0012747321109479557,0.0865720287710549,0.0,0.0,0.0017919921742256433,0.003675109682851179,0.7311308754001832,12.784009456634521
79,2654092.5510609294,1345963.948458137,0.0,0.0,False,False,,0.0,6.587919862874953,5.242958518482558,2.967258385231055,0.0506645116722281,0.09225326111123275,0.08345640758958396,0.01652906496495675,2.9276040603363593e-05,3.1687753200531006,2.2080936431884766,6.359677155360499e-05,0.1294283459653922,0.0,0.0,0.003213926311415546,0.006238275295225935,0.6830942769510758,12.738712310791016
80,1770571.1689283384,1345963.948458137,0.0,0.0,False,False,,0.0,6.010653623742903,3.3428789215067547,2.5407410374293615,0.1086273600311278,0.07948351154309509,0.07136873695686279,0.007698758918839116,7.102841875153444e-05,2.8982737064361572,1.4785525798797607,0.00016716316105548634,0.14530192658084073,0.0,0.0,0.007544909253126188,0.012067021501529574,0.9729495187737465,12.77441668510437
81,2805679.4392026584,1345963.948458137,0.0,0.0,False,False,,0.0,6.068241314319479,6.099909764854504,2.733431441585282,0.08118618256371345,0.08457146923283863,0.07693646888855687,0.01804444619028736,7.884875791626163e-05,2.9187159538269043,2.598588705062866,0.00010200904288080293,0.14705511159839338,0.0,0.0,0.005412213632742625,0.009472118375443112,0.3764233971994714,12.75387692451477
82,2264366.4050171366,1345963.948458137,0.0,0.0,False,False,,0.0,6.859718698354653,6.833164995634767,2.795850689609574,0.0498552328540519,0.08746221774053653,0.0785250326302619,0.012633918776886063,0.0001078489642309696,3.3120718002319336,3.099904775619507,0.0003319011102899543,0.12231733209460316,0.0,0.0,0.003333621379458419,0.005796565454596137,0.5927356352643606,12.741748809814453
83,1431647.0612850345,1345963.948458137,0.0,0.0,False,False,,0.0,7.611461096533121,7.936743286684635,3.087798204832297,0.07180046137013212,0.1018792056183631,0.08589758261309131,0.004310359140225664,0.0004907518085724504,3.676884174346924,3.8577914237976074,0.001128496415627537,0.07643824037217517,0.0,0.0,0.004239263089431527,0.009471589163669974,1.0459468522504833,12.75886607170105
84,2111973.360465277,1345963.948458137,0.0,0.0,False,False,,0.0,6.869274278121271,7.555789781732019,2.93142627275078,0.10566339790780212,0.09358838856547666,0.08202652786740913,0.011110523376551176,0.00022472962199221276,3.3115973472595215,3.498774766921997,0.0005428158120933088,0.11547653257324562,0.0,0.0,0.00623528147593568,0.013945286525079169,0.43880575405405353,12.736624717712402
85,3607998.5248791967,1345963.948458137,0.0,0.0,False,False,,0.0,6.696035573358815,7.787755823891943,3.0647548504234123,0.0801433863904063,0.0949533695108429,0.08624559954652558,0.02606320908000581,0.00014880351831164206,3.218649387359619,3.2417900562286377,0.00020305148687534063,0.1373245175131025,0.0,0.0,0.005280453325788179,0.009474939946025218,0.6645577129900776,12.74492883682251
86,1590730.1727587038,1345963.948458137,0.0,0.0,False,False,,0.0,7.516316124375511,8.49193793886812,2.9171009327098396,0.05246216068018689,0.09457544418298257,0.0814060199843014,0.005900717246968737,6.225540682019866e-05,3.6360490322113037,4.096693277359009,0.000703104360332913,0.08625232598303206,0.0,0.0,0.0032193644586205896,0.006676811252805543,0.784961892035416,12.83767819404602
87,1459352.2107812345,1345963.948458137,0.0,0.0,False,False,,0.0,7.777186776013915,7.508727902004232,3.1517709441232244,0.03022397151335692,0.10298030969647179,0.08784100241520154,0.0045872639726980274,0.00025761484915106205,3.7568318843841553,3.6378350257873535,0.0007389303589245527,0.08178614591379929,0.0,0.0,0.0020017255789329795,0.0035525417204732715,0.5776941204620183,12.74082064628601
88,1479357.0495671574,1345963.948458137,0.0,0.0,False,False,,0.0,7.647837377788837,10.040401236709592,3.1199307769009827,0.021898810826671528,0.102464523313964,0.08686168233626906,0.0047872237564605125,0.0002977509301130474,3.6936261653900146,4.897693634033203,0.0011305561640321494,0.08026310694588049,0.0,0.0,0.0012045597513883537,0.0030655832038911745,0.4303019537927708,12.744569301605225
89,3396447.1289528613,1345963.948458137,0.0,0.0,False,False,,0.0,6.571601611205263,5.051432478735309,3.0268021310959567,0.03800403488740539,0.09375084708687782,0.08519180014011683,0.02394883978348386,3.443059060662984e-05,3.158013105392456,1.9269120693206787,3.327018395189442e-05,0.13394695932462233,0.0,0.0,0.0022684239664743817,0.004964160788902585,0.7147398810514182,12.739850759506226
90,2195270.7835142324,1345963.948458137,0.0,0.0,False,False,,0.0,6.252836028080128,3.718386285385181,2.572511991558723,0.05320936691358032,0.0796354398975305,0.07240447711313505,0.011943622817116431,2.3687344563610898e-05,3.0178112983703613,1.560523509979248,3.1624914172662246e-05,0.13499460350721382,0.0,0.0,0.0036936673562566863,0.005915007015881706,0.6047092607473261,12.752150058746338
91,2175216.948045275,1345963.948458137,0.0,0.0,False,False,,0.0,7.9692778248278175,10.99385446987358,3.211452778202537,0.04722682026132589,0.10486057046377911,0.08951535684161306,0.011742179082274845,0.0005805622422948572,3.8503658771514893,5.199546813964844,0.0015303775660303108,0.08433494899955278,0.0,0.0,0.003010009691951129,0.005786685681429214,0.9447172577833065,13.04810380935669
92,1455202.897155399,1345963.948458137,0.0,0.0,False,False,,0.0,5.758998478292723,5.111820372635358,2.3756562274145296,0.03327132668562013,0.0762856785503698,0.06640596020198518,0.004546829152154555,1.1590587079020532e-05,2.779890298843384,2.4418673515319824,0.0001488423927331005,0.13770477587873198,0.0,0.0,0.0020244255702441738,0.004268980530916684,0.9178799704371067,12.736862421035767
93,2007390.355075785,1345963.948458137,0.0,0.0,False,False,,0.0,5.825094288946181,7.944465633778757,2.2219845065465935,0.03975047323205152,0.06949634091290458,0.0624126018289027,0.010066137098210193,5.398690924919983e-05,2.8189282417297363,3.719973564147949,0.0002423301144697892,0.13995939204675487,0.0,0.0,0.002372638188279415,0.00519234193145405,0.5327217815085642,12.740959405899048
94,2548763.7645919635,1345963.948458137,0.0,0.0,False,False,,0.0,6.052766313349061,4.05427893403682,2.712216132852229,0.043696855282142,0.08454688520383556,0.07624164892397058,0.015476617149459929,5.270713474898105e-06,2.912020683288574,1.6399645805358887,0.00010378309840935414,0.14033837867000284,0.0,0.0,0.0022835453527476866,0.006357123115040126,0.9832685202665061,12.752522230148315
95,1499961.3809342305,1345963.948458137,0.0,0.0,False,False,,0.0,7.545842827492438,13.418067694658898,2.854534172574241,0.02338152526594771,0.09409541703163354,0.07941108979565618,0.004993438618259724,0.0004241445428723825,3.6538047790527344,6.579958915710449,0.001695586465002405,0.07729454094513968,0.0,0.0,0.001419787407452988,0.0030058065015809514,0.9180603670867917,12.791789054870605
96,1312071.8629471932,1312071.8629471932,33892.08551094378,0.025180529946414027,True,False,,0.0,6.939669554353714,8.754364188485363,2.912996345062592,0.024801316062623285,0.09526539117514678,0.08113652630678836,0.0031154977875091916,0.00019354368772062748,3.348129987716675,4.297625541687012,0.0006676431471758708,0.10390418657287544,0.0,0.0,0.001669112406014785,0.002862104203626251,0.2834423123460145,12.863802194595337
97,2116986.4232236757,1312071.8629471932,0.0,0.0,False,False,,0.0,6.4219946711922145,13.324890947643752,2.7046298191362044,0.0321098135285227,0.08722789327899311,0.07554530599595628,0.011160869430180603,0.00022332009128416474,3.097679376602173,6.378936529159546,0.00179488356312599,0.11590533998636286,0.0,0.0,0.0019345000407421419,0.00415845330064639,0.3551623313481904,12.742132186889648
98,1478161.0856955436,1312071.8629471932,0.0,0.0,False,False,,0.0,7.318701511531959,10.4979676025477,2.8588328900031974,0.025935749779072256,0.09358402844884653,0.07963109212116741,0.004775524355609809,0.0006344280707097284,3.5399041175842285,5.125365734100342,0.0016919833133051776,0.08804718090631464,0.0,0.0,0.001513370492133474,0.003457196460501116,0.6679012221836496,12.841909646987915
99,1386198.8551952345,1312071.8629471932,0.0,0.0,False,False,,0.0,7.77654618769565,11.556790658795219,3.133593465472966,0.02589840501308332,0.10320437498928393,0.08720451841645356,0.0038559422648036246,0.0009688348203621363,3.7574663162231445,5.679060697555542,0.0011744300887909134,0.0745299300634674,0.0,0.0,0.0015718547784616954,0.0033308916963474384,0.6049758879758801,12.74328327178955
100,1532473.432061494,1312071.8629471932,0.0,0.0,False,False,,0.0,7.688173614001043,13.310227986916463,3.117192240842303,0.027528080286332336,0.10278059974077122,0.08672534162990496,0.005317891295641544,0.001348577779246757,3.713998794555664,6.515937566757202,0.0024916577239964097,0.07425640137827824,0.0,0.0,0.0015569417469916682,0.0037681365775997476,0.722183445058881,12.738105535507202
101,1619625.3819916528,1312071.8629471932,0.0,0.0,False,False,,0.0,7.783250074477962,8.232630672733587,3.181327494273636,0.025575003147551047,0.10381756931409719,0.08868526779677198,0.0061891235855043025,0.00043229492068268466,3.7585971355438232,3.9595835208892822,0.0008014903359612449,0.0858338206511555,0.0,0.0,0.0015615014060101418,0.003270747974867478,0.973051192863256,12.745600461959839
102,2395740.3979530158,1312071.8629471932,0.0,0.0,False,False,,0.0,6.088161132227564,3.5349003023597003,2.526803867172057,0.042003071684171,0.07776798736767272,0.07118086731804238,0.01394738443405294,1.7534267654370176e-05,2.9373092651367188,1.418572187423706,7.734116192824992e-05,0.14068159500347804,0.0,0.0,0.0023091123215981295,0.00588254327784649,1.1224873809757914,12.739786148071289
103,1788271.8107455855,1312071.8629471932,0.0,0.0,False,False,,0.0,6.951349307947111,9.119426676885446,2.9300135018501052,0.026177663969833738,0.09555715599931479,0.08167586387950569,0.0078751149207731,0.00011934484734881583,3.353160858154297,4.359744071960449,0.0012365573851785103,0.09924153242501418,0.0,0.0,0.0014680883347848893,0.0036082393228886555,1.1812538257144922,13.119053363800049
104,2985925.190181894,1312071.8629471932,0.0,0.0,False,False,,0.0,8.19618567861278,14.121725328240288,3.236259937461692,0.05201736626335568,0.10507631862063442,0.09028596691674348,0.019844698310035006,0.0029627547189989036,3.9626638889312744,6.549891710281372,0.005941398435158497,0.08147148736939797,0.0,0.0,0.003263405768371352,0.006477530029096216,1.1757136016964311,12.9784677028656
105,1311503.7823219777,1311503.7823219777,568.0806252155453,0.00043296456639159615,True,False,,0.0,7.352551138555525,8.221849114992283,3.0370244041064436,0.023220928207238357,0.1006167306379617,0.08440849388821875,0.003109609365945426,0.0003834850624245983,3.5496628284454346,4.030285120010376,0.0011596813348519236,0.07979878237449362,0.0,0.0,0.001453004807614372,0.002899222436580845,0.9347469119230278,12.984781503677368
106,1260354.8489958546,1260354.8489958546,51148.93332612305,0.03900021792965432,True,False,,0.0,7.287352816141249,7.417942523928344,3.0037062313007925,0.025926022066188676,0.09923818502420419,0.08352701394975222,0.0025984366035413653,0.0003248952126938507,3.518385887145996,3.642245292663574,0.0007060216848255952,0.09119131305664009,0.0,0.0,0.0014856248804716301,0.0035102557556039088,0.564711621366392,13.757635354995728
107,1751231.785822815,1260354.8489958546,0.0,0.0,False,False,,0.0,5.837039223588061,6.511963765786238,2.3562053849910614,0.03082070246892974,0.07538343664693034,0.06590501178521285,0.007505635972451033,0.00013256784552046928,2.819662094116211,3.0676910877227783,0.0002599583436259568,0.130279094159674,0.0,0.0,0.001828351523585873,0.004048472570060689,0.38779327905752464,12.936721563339233
108,1618568.4299627193,1260354.8489958546,0.0,0.0,False,False,,0.0,7.246166129691269,5.9864236139056155,3.0448964340468474,0.1164610746955298,0.09793829722982246,0.08509235242435191,0.0061788227086194275,8.092510545656233e-05,3.4954445362091064,2.8378729820251465,0.0003473028848702632,0.09626301870461308,0.0,0.0,0.007312834869904526,0.014489598934073396,1.2451347507169022,12.751815795898438
109,2083196.9061040333,1260354.8489958546,0.0,0.0,False,False,,0.0,7.698755234149804,13.728064453623452,3.1344085795380767,0.02528947098238541,0.10250078689150968,0.08733446388367495,0.010822453336716636,0.0009150006124405647,3.7183759212493896,6.584868669509888,0.003440889553568859,0.08196110574957036,0.0,0.0,0.0015981118358156495,0.0031261440739650537,1.2696085603528935,12.79325532913208
110,1406872.009260684,1260354.8489958546,0.0,0.0,False,False,,0.0,7.902691467281566,7.846837508262822,3.1911729741034094,0.02482909799933763,0.10496251886372618,0.08882526016115692,0.004062666526005634,0.00024003506025307826,3.818107843399048,3.8200440406799316,0.0007232201205353255,0.07911412015062344,0.0,0.0,0.0012894444915033847,0.0036283855168276384,0.8851717585969142,12.737029314041138
111,1461619.9432718565,1260354.8489958546,0.0,0.0,False,False,,0.0,7.087740131123328,10.057010007909364,2.9838724560220498,0.02524277741437883,0.09773496798727416,0.08311007681934843,0.0046100965486648715,0.000387288383518155,3.4192049503326416,4.909558057785034,0.0014778129812105412,0.09699907207138138,0.0,0.0,0.0014231848750329435,0.003464324603528821,0.48806184300942884,12.790748119354248
112,2047878.183395499,1260354.8489958546,0.0,0.0,False,False,,0.0,8.096799669891396,10.92932805448151,3.2270182384726276,0.024066483766192037,0.10574487728261531,0.08988406202190452,0.010469378707143234,0.0007112456428959532,3.913573741912842,5.198937892913818,0.0015966666593425225,0.07550105949506764,0.0,0.0,0.0012747751937774608,0.0034670705539930876,0.41884210558851365,12.739992141723633
113,1851248.152570437,1260354.8489958546,0.0,0.0,False,False,,0.0,7.682517686323308,7.629064217596533,3.1569077639653345,0.030130499844095528,0.10322642658932818,0.08796665365033121,0.008504228527401611,0.0004079989787047504,3.7093088626861572,3.599411964416504,0.0010057724786889334,0.08770875496326087,0.0,0.0,0.0019395898848243536,0.0036534451913751743,0.718778482921095,12.740582704544067
114,1308184.725406894,1260354.8489958546,0.0,0.0,False,False,,0.0,7.822067956437662,8.093903469663209,3.176377074709603,0.022218310247939264,0.10458441535125015,0.08838454230295112,0.0030763389336579405,5.8492809855703266e-05,3.7784571647644043,3.968642473220825,0.0005603153077325293,0.08529771126853374,0.0,0.0,0.0012202897153177615,0.0031139981313492928,1.0238145523106934,12.740907192230225
115,1400930.9260767363,1260354.8489958546,0.0,0.0,False,False,,0.0,5.831372799838411,3.5219603376447575,2.305351466574096,0.03167034528609124,0.07151950732358797,0.06485194046127354,0.004004475474650437,0.0002066539373489086,2.818408489227295,1.6599595546722412,0.0003634909135506338,0.13680931129095333,0.0,0.0,0.001864697552890598,0.004188191215741614,1.1956830066079873,12.64595079421997
116,4738395.2804252375,1260354.8489958546,0.0,0.0,False,False,,0.0,8.64115917385399,14.969468236805406,3.4274637568301527,0.029419684873086334,0.1101775881857385,0.09579821328580272,0.037360522113728895,0.002497083820758781,4.176882266998291,6.520741701126099,0.011991745773352745,0.09546919894770337,0.0,0.0,0.0017351338228209444,0.0038846535726296946,0.5956624529260492,12.74543309211731
117,2966501.5123577053,1260354.8489958546,0.0,0.0,False,False,,0.0,5.982603025644329,7.425677305118526,2.6195937415694437,0.0326249726602704,0.08099911451334837,0.0737336318391255,0.0196519688068668,0.0002311975768351372,2.8807010650634766,3.2202935218811035,0.0004983642025958027,0.1611787787754955,0.0,0.0,0.001904789862900792,0.0043466634392660165,0.7116729743937963,12.757648229598999
118,1899014.2727560012,1260354.8489958546,0.0,0.0,False,False,,0.0,6.410023368545403,6.9310665544513235,2.770072027950159,0.02636355180832754,0.08840694483426983,0.07752678034968821,0.00898222383159511,0.00013565069855689545,3.088721513748169,3.239976644515991,0.00040041476791697006,0.12028086627520519,0.0,0.0,0.0015311534543170754,0.003528581043447734,1.3850284032801632,13.078320980072021
119,1230324.3120992824,1230324.3120992824,30030.536896572215,0.02382704912072821,True,False,,0.0,7.781170300091868,7.697552555830284,3.1585659898804774,0.024469168012146193,0.10365384299079967,0.08795577004405059,0.002298134199772317,0.000152183641757756,3.7586514949798584,3.7902467250823975,0.0004304791353747164,0.07796303540241273,0.0,0.0,0.0012399377395804774,0.003637416523875594,0.6738916377695298,12.795218706130981
120,1737449.6487923888,1230324.3120992824,0.0,0.0,False,False,,0.0,7.578875577766669,8.00774565419536,3.1521338213865757,0.04185554852495266,0.10182064006952764,0.08803400606545225,0.0073669041232972965,6.756851793177565e-05,3.6573867797851562,3.818650007247925,0.00042008670692953343,0.09201556232860593,0.0,0.0,0.002682705089798125,0.005098476951641913,0.47509134490779054,12.74399471282959
121,2872517.155636326,1230324.3120992824,0.0,0.0,False,False,,0.0,8.470665106780961,14.101470038741514,3.303937064151107,0.029154063502851157,0.10766140088474693,0.09212943236285923,0.018711382936590068,0.0015314041247017482,4.097138404846191,6.577769041061401,0.002072561957841445,0.07965868840246171,0.0,0.0,0.001701605427209791,0.003885305021293208,1.4066393190217168,12.7405686378479
122,1678079.2570821135,1230324.3120992824,0.0,0.0,False,False,,0.0,6.454501460284218,9.382604972497578,2.5405670758090078,0.08204329212543104,0.08107451080698426,0.07110351664828767,0.00677422243507457,0.00018587176950702716,3.1205954551696777,4.520298719406128,0.0006592823863187719,0.10820252251504571,0.0,0.0,0.005183444470909574,0.010143934089538615,1.4256582978306835,12.795161962509155
123,2002120.8837410375,1230324.3120992824,0.0,0.0,False,False,,0.0,6.070247714683306,5.568201224179041,2.73882706447788,0.03664089018781977,0.08462463939716779,0.07710919941958155,0.010012888484348254,2.773221203057288e-05,2.9194600582122803,2.5333034992218018,0.00018996030360494322,0.1431819448325857,0.0,0.0,0.002241440804934949,0.0046773409370850436,0.8006941382756804,12.755611181259155
124,1238935.8869573209,1230324.3120992824,0.0,0.0,False,False,,0.0,7.45173800286067,7.077742628113036,3.07761686717681,0.03303564396966231,0.10003663661585266,0.08583533862038588,0.0023843280868880434,0.00014126910569471187,3.597115993499756,3.478391408920288,0.0003486811856116082,0.10195467241139426,0.0,0.0,0.002202743672296302,0.003853423647822973,1.1190189253193232,12.747532844543457
125,1626036.8704195265,1230324.3120992824,0.0,0.0,False,False,,0.0,7.613904757115286,7.601369265158291,3.1118272986328117,0.03428219436822326,0.10123050770022014,0.08678604590000072,0.006253341682381841,0.00022071201937308874,3.6767733097076416,3.641649007797241,0.0010808330889432506,0.09708698094023212,0.0,0.0,0.0022029679890957087,0.0041646126138643975,0.297537168766697,13.777509689331055
126,1422902.4371738383,1230324.3120992824,0.0,0.0,False,False,,0.0,5.7421772731077665,3.536233414833215,2.1744134211263826,0.0320696977299823,0.0681440733114288,0.061048913423617394,0.004224232081387294,0.0001702510425699272,2.779515266418457,1.6619813442230225,0.0002118244635610465,0.1398842720847399,0.0,0.0,0.0018621374175102174,0.00429314959747514,0.9116060004723261,12.741309881210327
127,1486578.0856206852,1230324.3120992824,0.0,0.0,False,False,,0.0,7.366775210555609,12.482338342891474,3.059211398279928,0.033839306349873005,0.09961389920570476,0.08530431848639114,0.004859471625828046,0.00031215872257162156,3.5554311275482178,6.1159584522247314,0.0014895714301219555,0.09330570077114578,0.0,0.0,0.0020587136626338824,0.004342399262200487,0.3349340722249459,12.751991987228394
128,1486498.3044547127,1230324.3120992824,0.0,0.0,False,False,,0.0,7.805848539259722,6.612399553361085,2.928279708625744,0.02113115334120709,0.09522866048103792,0.08167900654563978,0.00485885815972327,0.0003308666420216969,3.7804057598114014,3.1828503608703613,0.000751184726839602,0.08397351233368086,0.0,0.0,0.0012034242939991991,0.0028759397473033747,0.6748724991608148,12.748039960861206
129,1449384.6263006472,1230324.3120992824,0.0,0.0,False,False,,0.0,7.333435931145899,6.105275339774452,3.0628883924542256,0.029607760006047222,0.09872155455434002,0.0855607716042969,0.004487803422688577,0.00013531500393522067,3.538376808166504,2.939401388168335,0.0004164784606705533,0.1028757378131473,0.0,0.0,0.001996601465038653,0.003408737071434499,1.5069484515133769,12.764511823654175
130,1229201.7020050334,1229201.7020050334,1122.6100942490157,0.0009124505491836736,True,False,,0.0,7.241016958496585,9.556820035193049,2.9825180564312186,0.028425347619484814,0.09931898551793811,0.0828113868308117,0.0022870652309519013,0.0003120746066453155,3.496291399002075,4.718508958816528,0.0010897712024791493,0.0807158635794309,0.0,0.0,0.001905298292485899,0.0032957403198994057,0.9614922810086547,12.740764617919922
131,2020715.7961629287,1229201.7020050334,0.0,0.0,False,False,,0.0,7.364934519937959,9.781749807197764,3.090279230558816,0.02855584574894198,0.09978995889757317,0.08629531198452793,0.010198181806012424,0.00026093386735741064,3.5530242919921875,4.633728981018066,0.0008765509722020338,0.09991996441651024,0.0,0.0,0.0017107099437941283,0.0037175415496472387,0.45455225911369807,12.751548767089844
132,1846621.5536755123,1229201.7020050334,0.0,0.0,False,False,,0.0,7.7943493574969525,11.519938331287499,3.187447737744508,0.030727760335173472,0.10416021806094952,0.0888292541143812,0.008457808530838856,0.0010132674198444027,3.7639307975769043,5.543827056884766,0.0018787581952049942,0.08687062010802404,0.0,0.0,0.0017217870129380653,0.004238366057917237,1.232717764833925,12.74880051612854
133,1174056.8442835654,1174056.8442835654,55144.85772146797,0.04486233433578679,True,False,,0.0,7.212557062431264,2.6075932223757325,3.0157241356705367,0.03005078717871771,0.09810841151522023,0.08409920829007629,0.0017359700482813545,8.885652727868525e-05,3.4801297187805176,1.2597477436065674,0.0002598465497060721,0.09351262769472972,0.0,0.0,0.0017033166559653232,0.004106063482748781,1.0620628947243973,12.744174242019653
134,1561748.2142457198,1174056.8442835654,0.0,0.0,False,False,,0.0,6.984152114425127,12.111272418762818,2.929484016992478,0.04872498443555151,0.09707555137792327,0.08139889638755858,0.0056108449078739325,0.0007328738854705012,3.3699777126312256,5.910358905792236,0.002002472356929645,0.09337958375626217,0.0,0.0,0.0030566093294915886,0.0060680274499047004,0.9628071763289412,13.044577598571777
135,1754233.754352732,1174056.8442835654,0.0,0.0,False,False,,0.0,7.525145380194224,5.938608862992894,2.909569515428868,0.031625404904369284,0.09320337988933648,0.08137093931278827,0.007534972282167249,9.970903828008303e-05,3.6405162811279297,2.7798702716827393,0.00042394110381061863,0.09952435164851833,0.0,0.0,0.001945099662469437,0.004016151901153447,1.204089152130689,12.744161128997803
136,1432962.5562588968,1174056.8442835654,0.0,0.0,False,False,,0.0,7.7668217981171015,9.572193255573874,3.171293180944608,0.01996522909114014,0.104726476310333,0.0882015017771524,0.004323436628554347,0.00031595283704231587,3.7511086463928223,4.675549507141113,0.0009844819727858499,0.08174759880107808,0.0,0.0,0.0011173587746842674,0.0027565897234165006,0.9532686222197884,12.728307962417603
137,2595941.8166335616,1174056.8442835654,0.0,0.0,False,False,,0.0,7.3149966072028425,13.900045480477585,3.033775713571745,0.05932863320136528,0.10025043793799054,0.08435865478335308,0.01594740019312263,0.0011324157605332084,3.5309603214263916,6.538235902786255,0.005240733049788738,0.08384313984063842,0.0,0.0,0.0033212068098019154,0.00818974468073749,1.006973002753475,12.749732732772827
138,1806764.1926492213,1174056.8442835654,0.0,0.0,False,False,,0.0,6.840144469520921,13.288783695300816,2.937937106371825,0.03198950758551601,0.09376333630866221,0.0822239962489986,0.008059640520360692,0.0016703131824010332,3.296736240386963,6.437574148178101,0.0021306745853164025,0.11725927259638759,0.0,0.0,0.001877119646315522,0.004243137603747959,1.2211308744964384,12.756059646606445
139,2400612.8526820326,1174056.8442835654,0.0,0.0,False,False,,0.0,6.138358526059771,3.41552041228557,2.637781202951352,0.03689249801260072,0.08116994634026077,0.0743069425651711,0.013995957597104855,4.037072454402901e-06,2.957718849182129,1.357825756072998,1.4204056866284061e-05,0.14694510067009273,0.0,0.0,0.0024310855487363284,0.0043609534056775244,1.1239175296206818,12.74667239189148
140,1936820.7451798376,1174056.8442835654,0.0,0.0,False,False,,0.0,7.7219100743486955,7.088828259034893,3.162661234613479,0.052755761147457045,0.10273972314136354,0.08823063472755983,0.009359609554343062,1.533871049573832e-05,3.728609085083008,3.30924129486084,0.00047303831921211275,0.094587037698402,0.0,0.0,0.003301633311888481,0.006585673663087299,0.9735399968297868,12.763612270355225
141,1523985.2663127377,1174056.8442835654,0.0,0.0,False,False,,0.0,7.413507996156432,8.503190972128564,3.070274283163307,0.03486636662117819,0.1003192349965976,0.08555716215061407,0.00523340712749068,6.0029400215061365e-05,3.578418254852295,4.118815898895264,0.0007777635927005747,0.09472980607251572,0.0,0.0,0.0023679512230798745,0.003980689209134799,0.7770755041393095,12.744696378707886
142,1649900.5485055388,1174056.8442835654,0.0,0.0,False,False,,0.0,7.702638615164556,10.036422888595816,2.8533654092510043,0.04235234201637098,0.09310072979738022,0.07953118913484888,0.006492143353541258,0.00026813164943941225,3.732022523880005,4.852159261703491,0.001499439502354038,0.08062200537799008,0.0,0.0,0.00264491038176351,0.0052982647405657255,1.1196066815365,12.656780242919922
143,1728477.4948008906,1174056.8442835654,0.0,0.0,False,False,,0.0,7.58826361775742,10.24570493509469,2.84450995806589,0.03415982335899562,0.09253273613793657,0.07932523449376547,0.00727748897838662,0.0005061115315107047,3.6751439571380615,4.9378132820129395,0.0012407844298960482,0.09267101595344385,0.0,0.0,0.0023053491120965794,0.003929257615555745,1.3254927093883895,12.754578113555908
144,2424014.1428656825,1174056.8442835654,0.0,0.0,False,False,,0.0,6.173120539889903,5.547293139681825,2.5840336548016767,0.032941274501161064,0.07926231546511986,0.07283021393953813,0.014229906669692663,2.5213410994181387e-05,2.9773149490356445,2.417769432067871,5.178841228991335e-05,0.144648527756139,0.0,0.0,0.0019520325495996148,0.004331253526091036,0.9373686183498187,12.752346277236938
145,1276207.1386878402,1174056.8442835654,0.0,0.0,False,False,,0.0,7.279060578853953,6.7778378223953855,3.0428052512701482,0.023221150401109232,0.09886616011785868,0.08487835742071854,0.00275687360667122,0.00027888786368522356,3.5122127532958984,3.3184139728546143,0.0006332392705191313,0.09859164785396003,0.0,0.0,0.0012150856710207688,0.00337511625823577,1.0096591302617772,12.73761510848999
146,1919515.0642841447,1174056.8442835654,0.0,0.0,False,False,,0.0,7.494263260583615,13.511535319904105,3.0970880977959814,0.024728422114018975,0.10088809456912631,0.08635635144860745,0.009186102370888058,0.0029390425623401274,3.6175971031188965,6.518235921859741,0.003151671528043844,0.09293960653293083,0.0,0.0,0.001510442864070052,0.0031612198003646394,0.6097726424832018,12.747806787490845
147,1135028.068119995,1135028.068119995,39028.77616357035,0.033242663124532564,True,False,,0.0,7.366269960571195,3.6874712812351937,3.0255053301186576,0.03018356935114572,0.09811633142678525,0.08441222196448694,0.001345852612099449,0.00014659626038108895,3.556516647338867,1.8089711666107178,0.0004472634817571217,0.09592818729144784,0.0,0.0,0.0019916405951524475,0.003562611147481535,1.6170423419517599,12.747375965118408
148,1818813.6659768291,1135028.068119995,0.0,0.0,False,False,,0.0,7.246001659196103,8.490825229809905,3.037065462971489,0.0489780519939457,0.09907290743492646,0.08464811191343083,0.008180219703721542,0.0002680040595046244,3.4960286617279053,4.037581205368042,0.0013303667775487896,0.09656942701335575,0.0,0.0,0.0027773721057877737,0.006689768786910878,0.3939699442064298,12.771656036376953
149,9992826.007894516,1135028.068119995,0.0,0.0,False,False,,0.0,7.988272872275274,14.822875938763246,3.138960580986718,47.27192051745783,0.09917813725033046,0.08797557046220048,0.032728477767343084,0.006763953160675061,3.862173080444336,6.543573617935181,0.019860962905146173,0.1055219379182127,0.0,0.0,3.2003804899146324,5.417219149535192,1.3024483497539654,12.815529823303223
150,8036850.489317707,1135028.068119995,0.0,0.0,False,False,,0.0,0.32309489462094754,13.482683051874256,3.480010109005248,48.07756824860127,0.11695104649041967,0.09645638536518564,0.013185320455448346,0.0016403534664208587,0.016862869262695312,6.400004625320435,0.004681555692193922,0.08518584117555045,0.0,0.0,3.301405881774971,5.416580298600374,0.0,12.738588094711304
151,7056613.391781544,1135028.068119995,0.0,0.0,False,False,,0.0,6.289566101945119,5.309301860283239,2.726099491051906,52.483242970556745,0.086054180117464,0.07645799793027394,0.0033851607164469,3.5316124635524434e-05,3.0300960540771484,2.569920063018799,4.0739684659205155e-05,0.1253278677451839,0.0,0.0,3.851947218299662,5.416916306039862,1.5024080480926554,12.727874755859375
152,1723306.7119057172,1135028.068119995,0.0,0.0,False,False,,0.0,6.7726638994804835,13.307517097163757,2.811716200755112,0.0285012081308747,0.09388248220954974,0.07800207807593268,0.007225840489884602,0.00029339885879040587,3.2693288326263428,6.469645023345947,0.0013870051955266294,0.10081604466582017,0.0,0.0,0.0018786165608576059,0.0033680689110034637,1.3133571672989734,12.749931812286377
153,1402808.9843794955,1135028.068119995,0.0,0.0,False,False,,0.0,7.560371182931589,8.241105238391976,3.0684171912373723,0.024828612902600373,0.1006504753814819,0.08544564994610905,0.0040222471515524855,5.78708891859291e-05,3.652017116546631,4.018328428268433,0.000667204855497187,0.08525060201256061,0.0,0.0,0.00156394995746165,0.0030792533107267934,1.088224183832768,12.742562055587769
154,2210464.2492559273,1135028.068119995,0.0,0.0,False,False,,0.0,7.578858561469679,10.02370449154147,2.9109448283164907,0.026113986277779576,0.0936725393485962,0.08134911694578503,0.012094945665052398,0.00021790436923692808,3.667405605316162,4.707328796386719,0.0008599231030825019,0.09520010778353263,0.0,0.0,0.0016122598593165526,0.0033039768508117883,0.46179071253657616,12.753629684448242
155,1391008.5389015877,1135028.068119995,0.0,0.0,False,False,,0.0,7.574550475115914,7.592467522239807,2.797543406671854,0.03199334342482125,0.09067320555120546,0.07806820519610866,0.003904648928495666,6.615707437488353e-05,3.670172929763794,3.697448492050171,0.00046761834293632343,0.09374269016657644,0.0,0.0,0.002125032329712255,0.003748271196780802,1.2288135850719493,12.754921197891235
156,2249120.2535039852,1135028.068119995,0.0,0.0,False,False,,0.0,7.315197622387917,11.271329913285564,2.85784038329177,0.03147963729995193,0.09131313610478471,0.07995976196703357,0.012481318749423972,0.0005367894613008986,3.537659168243408,5.3200600147247314,0.001428789272980513,0.09642433124977626,0.0,0.0,0.0022423401820957384,0.003385228960796505,0.7950032056544873,12.781425476074219
157,2283510.2900612596,1135028.068119995,0.0,0.0,False,False,,0.0,6.194407980025492,4.608505040821692,2.7369859783457664,0.0791528601169347,0.08572059006212263,0.07686314330520949,0.012825333297865157,0.00015405879010373417,2.9819092750549316,1.982550859451294,0.00042733140516922763,0.14005692005820253,0.0,0.0,0.004950598515947911,0.009887017997337854,0.9595200523361841,12.94421911239624
158,1236421.8036645977,1135028.068119995,0.0,0.0,False,False,,0.0,7.443608270049369,6.956100130277929,3.0466556169820462,0.02382269638495163,0.09935502731686603,0.08491992485532339,0.002359209701265144,0.0002607635167028317,3.594424247741699,3.417454481124878,0.0006461365929832615,0.09298663652436749,0.0,0.0,0.001514013126159187,0.0029276478439195334,0.9085174921222917,12.781105756759644
159,1576870.3813072324,1135028.068119995,0.0,0.0,False,False,,0.0,7.858967548931934,9.365286017903228,3.199218759311321,0.03411926337662008,0.10467996036566593,0.08913254947307968,0.005761792049418804,0.00024015311584156844,3.7957849502563477,4.536757230758667,0.0007363907829907717,0.08515061754597848,0.0,0.0,0.0021763399209632013,0.004177136002228617,0.632342559910185,12.747012615203857
160,1993659.9746905642,1135028.068119995,0.0,0.0,False,False,,0.0,7.5752551643038615,13.499180161550733,3.1175996493039926,0.026643370114522842,0.10210845666720558,0.08683975828968224,0.009927710913578067,0.00011464001561459779,3.6573679447174072,6.497310638427734,0.0016346678032720318,0.08500474896946664,0.0,0.0,0.0014690148983537328,0.0037228127319232445,1.0957412336066623,12.649018287658691
161,1667221.0545543483,1135028.068119995,0.0,0.0,False,False,,0.0,7.959737989381691,7.3490302337043705,3.207083174648171,0.03357320493678592,0.10481323130530815,0.08938033483946985,0.006664820669514099,0.0003829948540035356,3.8457984924316406,3.5056841373443604,0.000884185107988937,0.08309268468608494,0.0,0.0,0.002235654195577454,0.003921992843041573,1.2221497154123426,12.746251821517944
162,1698713.4308359835,1135028.068119995,0.0,0.0,False,False,,0.0,7.281033699606692,11.392596260953445,3.0618376188609,0.023636444548514084,0.10041849546661172,0.0852641082124031,0.006979713245330005,0.0005332872525983541,3.512620687484741,5.518081903457642,0.001489358354332392,0.09383145111910057,0.0,0.0,0.0016577731558455617,0.0025935648254373977,0.7160492453604491,12.750261306762695
163,1448103.5212803301,1135028.068119995,0.0,0.0,False,False,,0.0,7.448266819163104,9.743773292493072,3.082126714421845,0.033755864844165734,0.10209825535167506,0.0856673965996967,0.004474845820145401,0.00045454493772364524,3.595632314682007,4.7571423053741455,0.001149278147502243,0.07976899378575703,0.0,0.0,0.002165567493001007,0.004107831225039419,0.6025504531417674,12.650092601776123
164,2100294.9216502327,1135028.068119995,0.0,0.0,False,False,,0.0,7.84278727210294,8.63442371812339,2.966061573280441,0.03890952702311799,0.09587579145993794,0.08281501345081718,0.01099372621311892,0.00025016312480559785,3.797171115875244,4.040349960327148,0.000807497362629218,0.09057888601735883,0.0,0.0,0.002598836579159865,0.004529708597459768,0.707823489391132,12.746416330337524
165,2007745.2658296197,1135028.068119995,0.0,0.0,False,False,,0.0,7.767979401394979,8.149305034764913,2.9911309485705666,0.021208295355161076,0.09614100808658803,0.08360616963613568,0.01006865748415546,0.00034307632325876426,3.758580446243286,3.820955991744995,0.0007920354134299806,0.09419820820258139,0.0,0.0,0.001443708515779062,0.002414656807232145,0.5819671062933152,12.742032289505005
166,1234079.6147014163,1135028.068119995,0.0,0.0,False,False,,0.0,7.819361640183334,8.635953492349982,3.17036013649663,0.023894689212825483,0.10426260104289359,0.0882426742607368,0.0023356313647865112,0.00022313712366707486,3.7773168087005615,4.257721662521362,0.0007457198135862437,0.08357253399824564,0.0,0.0,0.001517941943454493,0.002937788416297385,0.6064604355920313,12.751591444015503
167,1161356.1778879059,1135028.068119995,0.0,0.0,False,False,,0.0,7.2860025514134685,4.7075901634572,3.01689599961017,0.031032397253152582,0.09952345964280676,0.08391139073401417,0.0016089664255112962,0.00021182459925179486,3.517134189605713,2.311917543411255,0.000661351071825091,0.09421700796611374,0.0,0.0,0.0020719990415908503,0.003614101230106445,0.8086164720602533,12.74758005142212
168,1749360.9447797418,1135028.068119995,0.0,0.0,False,False,,0.0,7.534655382708532,8.741355426628894,3.108798751138301,0.024299004910223274,0.10060432247292313,0.08678080322869056,0.007485987405268776,0.00015976297388759538,3.6371564865112305,4.1818389892578125,0.0006756155699662906,0.10157318955838006,0.0,0.0,0.001470198783910653,0.0031343536597345126,1.1689149650590758,12.94821572303772
169,1179724.6465689626,1135028.068119995,0.0,0.0,False,False,,0.0,7.615848880262652,3.2504431445603412,3.110164236534784,0.029835196986910825,0.10154033986909088,0.08668290947923347,0.0017924876918176402,0.00011657423073499753,3.6779000759124756,1.5795831680297852,0.000330484781977783,0.08788695395953837,0.0,0.0,0.0020058511135800845,0.003447097019567538,1.246062486967928,12.74246335029602
170,1639765.7995008796,1135028.068119995,0.0,0.0,False,False,,0.0,7.942106654417402,6.371791519197372,3.193030327176359,0.019974669638754945,0.104408714817404,0.08897699586943998,0.006390462934688562,0.00020919235566186506,3.837587833404541,3.0246877670288086,0.0005785676810652749,0.07636392812747456,0.0,0.0,0.001170014709354841,0.002653637990979055,0.6239730404875734,12.730959415435791
171,1571951.900773643,1135028.068119995,0.0,0.0,False,False,,0.0,7.48934168609336,8.884670846918663,3.0916882737924594,0.0455974988053024,0.1008766851264106,0.08617606094265995,0.005712787746586387,0.0001546707151324626,3.6154067516326904,4.297606468200684,0.0007637046375956156,0.09721270584568378,0.0,0.0,0.0027782412652319417,0.005842892170861717,0.7041877974760854,12.750444650650024
172,1138620.7422991875,1135028.068119995,0.0,0.0,False,False,,0.0,8.017580349175772,5.0686242313120395,3.189914576569461,0.03146460963790268,0.10522158816721157,0.08874061337068374,0.001381495357716006,0.00027495207026504754,3.8756792545318604,2.497379779815674,0.0009579807589783882,0.07724601193257737,0.0,0.0,0.0020692615488918107,0.0037276293116920486,0.7736289528578976,12.736351490020752
173,1582538.125893163,1135028.068119995,0.0,0.0,False,False,,0.0,6.209909981627901,7.285369366917338,2.596973826946408,0.03061553365491814,0.08336959981403652,0.07260483706647822,0.005819262189433863,3.129141122175854e-05,2.9960477352142334,3.4964888095855713,0.00028572765490031296,0.12946647796618063,0.0,0.0,0.001810564267060764,0.0040327548796080075,1.1575635987919293,12.74176836013794
174,1550248.447482415,1135028.068119995,0.0,0.0,False,False,,0.0,6.2755796423852805,7.617782904307104,2.5969040363238616,0.03662053687010763,0.08432339937673515,0.07243925701579673,0.005496454087090291,0.0003014294685106229,3.0291309356689453,3.668799877166748,0.0010720891238186444,0.12926803589987967,0.0,0.0,0.0020866306653729524,0.004981872886781002,1.0143679558000525,12.75327444076538
175,1334404.076723902,1135028.068119995,0.0,0.0,False,False,,0.0,7.532023387261901,8.487474143132548,3.0610073319923914,0.052325705734221004,0.10014076086013088,0.0852832652160441,0.0033385322413435198,0.00014035770415380013,3.6380867958068848,4.159026145935059,0.0004990478390509769,0.08978037902249247,0.0,0.0,0.003283946261718169,0.0065135339101189136,0.7441528648899333,12.743330001831055
176,7095569.321858802,1135028.068119995,0.0,0.0,False,False,,0.0,7.597766345745723,11.251346841370266,3.089786538421448,43.15556135926123,0.1023337763611562,0.08588391741328776,0.003623989805750294,0.00032452716503913017,3.6700572967529297,5.5298614501953125,0.002084890138425295,0.0799613709005609,0.0,0.0,2.6784169255953416,5.4320564886246245,0.8356327797150298,12.744250535964966
177,1251547.638309215,1135028.068119995,0.0,0.0,False,False,,0.0,7.566448436975266,7.322750787661716,3.0900235729529237,0.025451096295305828,0.10108026851879931,0.08609604398402433,0.0025103731536970653,5.250282810256676e-05,3.6540801525115967,3.5978152751922607,0.0003203159184682123,0.09055787592019035,0.0,0.0,0.0017038447252789046,0.002955084623268648,1.077526239524617,12.851064443588257
178,7554520.586773789,1135028.068119995,0.0,0.0,False,False,,0.0,6.223363397547886,5.531513978422418,2.6719097878637377,39.53429857144583,0.08442544604175453,0.07492192521005374,0.00815720629487171,6.921708690189342e-05,2.9992988109588623,2.5614001750946045,0.00017066269792479904,0.1252052010315197,0.0,0.0,2.222996974093448,5.437580694674563,0.6686437923675171,13.454516649246216
179,1873331.457973403,1135028.068119995,0.0,0.0,False,False,,0.0,6.054811595075046,7.153637125484506,2.613869256398847,0.0759621304061914,0.08164336247115879,0.07344059089578348,0.008725750080861572,6.578826341686067e-05,2.9172449111938477,3.3578600883483887,0.00032588894892999365,0.1423180398653667,0.0,0.0,0.004634061034419525,0.009722410532708801,0.9585773403402518,12.788755655288696
180,1958487.5280647865,1135028.068119995,0.0,0.0,False,False,,0.0,7.315930711006616,7.434260102969368,3.095747642860119,0.07406687280922636,0.09891325332442663,0.0866093194403565,0.009576274147866687,2.7773184325596504e-05,3.5280513763427734,3.476929187774658,0.0003176040053433389,0.10974652467960423,0.0,0.0,0.004732163199488316,0.009052391803329956,1.2437850248065137,12.642454624176025
181,2473299.429178423,1135028.068119995,0.0,0.0,False,False,,0.0,6.104454402362886,8.393412263555796,2.7005746642299147,0.05229595574393043,0.08417106713490427,0.07590830466336086,0.014722233855758923,0.0005439719566899762,2.9383647441864014,3.826310634613037,0.0009358603083550422,0.14070698327470985,0.0,0.0,0.0034227425900933907,0.006228503755795826,1.1792884272343886,12.745965719223022
182,2697515.249915827,1135028.068119995,0.0,0.0,False,False,,0.0,6.053936836689122,6.046364233477693,2.5662880479234946,0.03548208175972641,0.07890116670136206,0.07230468510568376,0.016963568396946377,2.0024453095486908e-05,2.918511390686035,2.5989456176757812,5.891565576238469e-05,0.1411277570282081,0.0,0.0,0.0022018786159093526,0.004466763208112898,1.0499961767806565,12.741495609283447
183,1671773.6874625068,1135028.068119995,0.0,0.0,False,False,,0.0,6.17778328510316,4.681675307753676,2.6637231001118935,0.05842517265415814,0.08429613577806723,0.07467120042175669,0.006711122851012566,2.6861461903195704e-05,2.9768848419189453,2.172938346862793,4.849429549228338e-05,0.12145892307533755,0.0,0.0,0.0037949931394036613,0.007016306884732214,0.6242988906940465,12.746544599533081
184,2227546.188461165,1135028.068119995,0.0,0.0,False,False,,0.0,6.0179829283398085,6.453237153007788,2.6556135510329293,0.0524504933757117,0.08247967475490393,0.07470177557209098,0.012266072872178999,0.0001647988297713776,2.8969388008117676,2.919215202331543,0.0003006209471503473,0.14012781861452103,0.0,0.0,0.0037398517277067765,0.005632919888514371,0.8813019051020478,12.743647336959839
185,1384145.6701527766,1135028.068119995,0.0,0.0,False,False,,0.0,7.904158096020215,9.90276020902763,3.2016016066877855,0.02363297913067102,0.105265466728628,0.08911211639801413,0.0038354899198264902,0.0002634447682003746,3.818410873413086,4.852402448654175,0.0012361631455909987,0.07994634435986962,0.0,0.0,0.0015815992205497297,0.002745046341568296,0.5971660343294359,12.848784923553467
186,1205730.2868111858,1135028.068119995,0.0,0.0,False,False,,0.0,6.917353694812811,7.476934951479667,2.891796409364023,0.054355631613461505,0.09590921159368573,0.08033516181056916,0.0020526499939799853,4.0212957879315465e-05,3.3381741046905518,3.685872793197632,0.0005113730770806403,0.09847454819890473,0.0,0.0,0.0031304313938581986,0.007328045115648979,1.1928269488998047,12.848578929901123
187,1357538.76987289,1135028.068119995,0.0,0.0,False,False,,0.0,7.380803152790975,9.179230498444591,2.8286160457068164,0.02214304036796999,0.09220490930891659,0.07885171468764905,0.0035700367494433116,0.00021741568375214786,3.5721240043640137,4.498680353164673,0.0006735909286161528,0.0896986586375321,0.0,0.0,0.0013308163789777297,0.0028741273340370387,0.9176918457165387,12.78516936302185
188,1301689.6181243665,1135028.068119995,0.0,0.0,False,False,,0.0,7.6150118934997195,8.590211247341253,3.107394021634436,0.03602273829176593,0.10262766918178132,0.08642092108356525,0.003011481858599563,0.00012890902039032983,3.6778745651245117,4.218024253845215,0.000717729344168976,0.08675119820824499,0.0,0.0,0.002193676430084259,0.004618331712772964,0.8137611278183668,12.745739936828613
189,1567616.9042056445,1135028.068119995,0.0,0.0,False,False,,0.0,7.817257006069103,9.523212611768216,3.156331991327088,0.01895500965827942,0.10293135271738149,0.08799221750765342,0.005669337632100091,0.00036528373946268747,3.7766401767730713,4.617644548416138,0.0008913266661871005,0.08646020352869246,0.0,0.0,0.0012285970204533518,0.0022815583736631507,1.1632244993944083,12.751773118972778
190,1702645.9188941382,1135028.068119995,0.0,0.0,False,False,,0.0,7.165681840033071,5.147461008982138,2.80568803723685,0.08273161512498954,0.08956843077653852,0.0784991585714077,0.007019462453271008,0.00019677367233212698,3.465092182159424,2.396697759628296,0.0006184734123992613,0.10700184567172119,0.0,0.0,0.005203501179900212,0.010275901421446961,1.2063913733948626,12.770665645599365
191,1772726.5929395924,1135028.068119995,0.0,0.0,False,False,,0.0,6.112371857117955,8.744272696285035,2.4034895280086688,0.07188236565677253,0.07533926847246933,0.06748642363526555,0.007720416491799012,0.000188143373394701,2.954956293106079,4.17748761177063,0.0006553296307648958,0.12872788338548716,0.0,0.0,0.0044984427490858386,0.008973705916021453,0.4667078023707421,12.640426635742188
192,1290370.2358431139,1135028.068119995,0.0,0.0,False,False,,0.0,7.632105607546325,9.22571401193185,2.840343597978798,0.019859818814843156,0.09393903805781766,0.07896622643105038,0.0028986372714261688,0.0002719378797442561,3.697603464126587,4.537966728210449,0.0009697383879284924,0.07308627595003582,0.0,0.0,0.0011145060127113204,0.002735942678288148,1.0359986100053686,12.7408287525177
193,1407571.2523977752,1135028.068119995,0.0,0.0,False,False,,0.0,7.836120492968333,8.761239923724315,2.8979274487005244,0.024065186486685812,0.09503343719918267,0.08070783044012807,0.004070039825001662,0.00010033005095996881,3.7969985008239746,4.276794910430908,0.0008296223224829155,0.07311677822469094,0.0,0.0,0.0016456383617143404,0.0027250198982427722,0.5553400035380607,12.74112582206726
194,1899453.398658175,1135028.068119995,0.0,0.0,False,False,,0.0,7.640990413185164,8.498504782359301,2.9304789020544986,0.02354620931087246,0.09446435970822036,0.08186790577444909,0.008986360871129903,0.00027304654496639025,3.697693347930908,4.021711349487305,0.0011528079656393765,0.09164934491327552,0.0,0.0,0.001608157478379913,0.0026702373709582895,0.7725232238489457,12.735591888427734
195,2346834.634003067,1135028.068119995,0.0,0.0,False,False,,0.0,8.024511327916132,11.20269423863207,3.2031804649579865,0.05277319476404974,0.1045539394896648,0.08929109261226219,0.013457478105051837,0.0007260844050666897,3.878319025039673,5.260563135147095,0.0017388126170574977,0.07616508418347391,0.0,0.0,0.0033016676362195786,0.006589963418573278,0.6345014211061973,12.738100290298462
196,1262786.4912087414,1135028.068119995,0.0,0.0,False,False,,0.0,7.699281498112187,8.857196312902113,3.144781389682599,0.034210532700848575,0.1041205587486702,0.08741976298156874,0.002622572023102343,0.00023587002062659345,3.7185111045837402,4.361358642578125,0.0006700853181493163,0.08285475274320553,0.0,0.0,0.002025571313691237,0.00450149054782967,0.5525236373039782,12.752287149429321
197,1887320.7104371274,1135028.068119995,0.0,0.0,False,False,,0.0,7.343116046879883,11.813978541168998,3.0620463021761193,0.023619091181601132,0.10115911596380024,0.08515079878906259,0.008864682672027058,0.0012653773602626158,3.5438318252563477,5.679000616073608,0.0025486350840858187,0.08533713256798311,0.0,0.0,0.0012696210892620989,0.0033655306168760848,0.3666797025260838,12.74539303779602
198,2280346.4779950855,1135028.068119995,0.0,0.0,False,False,,0.0,6.838907065400864,5.560601914996989,2.960433326744893,0.02696980449875397,0.0942202545746659,0.08289331277522292,0.012793444023826567,2.1992564195269692e-05,3.2951135635375977,2.460221290588379,9.742652578055912e-05,0.11551220942920681,0.0,0.0,0.0015958893197753961,0.0035506724851377,0.7179704401248906,12.950351476669312
199,1381645.386666929,1135028.068119995,0.0,0.0,False,False,,0.0,7.576885108439161,10.312927914504163,2.6857778789046813,0.023675588685592417,0.08855900555338356,0.07470031721328152,0.0038110948681328166,0.0003979049312587859,3.676392078399658,5.057971000671387,0.001286233950949445,0.08703530771747313,0.0,0.0,0.0014762769219543465,0.002966343327489411,0.7522806608557696,12.749146461486816
200,1337262.9989537606,1135028.068119995,0.0,0.0,False,False,,0.0,7.8625907762411655,8.146632832337147,3.186892688543488,0.024970195559487096,0.10521638541627622,0.08863814220042436,0.0033669160309700297,0.00026725744568654547,3.7983381748199463,3.9865787029266357,0.0010259249870749909,0.07021891686325579,0.0,0.0,0.0015515785312708304,0.0031393918273301138,0.7382151632410004,12.746296882629395
201,1969494.3715778117,1135028.068119995,0.0,0.0,False,False,,0.0,7.1244962500585265,8.015892750946987,2.9593723352934944,0.024898221272571568,0.0960907730904709,0.08254425681475624,0.009686344391557938,0.00045567773786043495,3.438431739807129,3.7623343467712402,0.001381367565322083,0.1053367230639901,0.0,0.0,0.0015655925772437814,0.0030933701636553295,0.6167331588721836,12.76905632019043
202,1263955.845339269,1135028.068119995,0.0,0.0,False,False,,0.0,7.356897417078188,6.330681112392523,3.051629053080071,0.024363505210541765,0.09891244439418932,0.08516409111346508,0.002634448632196515,0.00011924622046921209,3.5507025718688965,3.098470687866211,0.0004034610100550642,0.09467934276256912,0.0,0.0,0.0013383246286637826,0.003414227045307876,1.138552936609388,12.742751121520996
203,1508177.6267333252,1135028.068119995,0.0,0.0,False,False,,0.0,7.126278855732934,12.9364906997136,2.720094618115103,0.026441738866180453,0.08845067342810603,0.07585826792049961,0.00507578304667039,0.0002538510892551113,3.4493520259857178,6.337184190750122,0.0016666331759673434,0.09295039293657037,0.0,0.0,0.0015594962956675118,0.0034914421252100897,0.49229296061383315,12.752019166946411
204,1237787.9745577038,1135028.068119995,0.0,0.0,False,False,,0.0,7.919870588989153,6.8769999729201245,3.1949209476892344,0.02350802875588041,0.10505490278922464,0.08892733978267986,0.002372711759051044,3.967728315344852e-05,3.8265442848205566,3.3784682750701904,0.00028556696543833893,0.08191322459777016,0.0,0.0,0.0012917212581258731,0.0032935646727183564,0.5811820774842956,12.757181167602539
205,2011903.4209855674,1135028.068119995,0.0,0.0,False,False,,0.0,5.978109870669171,4.54435064413381,2.6169810432140963,0.039261515248264364,0.08186851649116196,0.07351606233812884,0.010110782009453229,0.00010357817167986358,2.8787808418273926,2.018986463546753,0.0001677233135284001,0.14222025419876042,0.0,0.0,0.0027611450225612623,0.004293088766943567,0.3544584254066287,12.748312711715698
206,1756397.9161752725,1135028.068119995,0.0,0.0,False,False,,0.0,7.170949568985104,5.915617532429103,3.036751270251647,0.02546513439960202,0.09705665387816109,0.08495588787337112,0.007556459147965683,9.409492889908386e-05,3.458040952682495,2.768017530441284,0.0003519028296500047,0.10674845764808964,0.0,0.0,0.001542723033941157,0.0032808375320181903,0.7701344925906651,13.77890157699585
207,1476828.368382946,1135028.068119995,0.0,0.0,False,False,,0.0,6.135632126913994,7.916034008589924,2.6341234484561564,0.04120381127101412,0.08337077310822599,0.07383174677243814,0.004762634308585492,0.0001801883463491398,2.95706844329834,3.837904930114746,0.00041848658623143517,0.1269258473296594,0.0,0.0,0.0027864142830041566,0.004728124251745218,1.451556247710665,12.947620391845703
208,1747263.0128469467,1135028.068119995,0.0,0.0,False,False,,0.0,7.863884278611106,5.897484120095924,3.189215078453346,0.039085255696974706,0.10439005108110702,0.08884662670419036,0.007464923577098909,9.955610456453335e-05,3.7986721992492676,2.761373996734619,0.00029798955434802714,0.08115946129387688,0.0,0.0,0.0023561421675020277,0.005059029589239621,1.2894290540058195,12.781046628952026
209,1890639.3663162757,1135028.068119995,0.0,0.0,False,False,,0.0,5.869200146721389,5.505931618360332,2.4918405287376784,0.05656301817013941,0.07859084504130097,0.06988570310227954,0.00889889676456622,1.5142867327377877e-05,2.8297715187072754,2.530238151550293,0.00010209540628706393,0.13731435167965939,0.0,0.0,0.003713554511160998,0.006713645520212857,0.9456797221011348,12.744866132736206
210,1204704.9909666323,1135028.068119995,0.0,0.0,False,False,,0.0,7.686302011826142,8.308870054494529,3.111692176804177,0.03322635209745621,0.10242652811517265,0.08658705341104159,0.0020421040212606073,0.00021839538982691182,3.713270425796509,4.1006340980529785,0.0010993314651080415,0.08463643005852052,0.0,0.0,0.002144135044690009,0.004018317934984033,1.0984536466883008,12.740400075912476
211,1318473.5402908218,1135028.068119995,0.0,0.0,False,False,,0.0,7.121100981090054,8.443579904694491,2.938882072917617,0.045160136185640604,0.09731641345385998,0.08168858920653148,0.00317945033457126,8.355892001491357e-05,3.4380176067352295,4.140607118606567,0.0006786301505589151,0.08585949375828676,0.0,0.0,0.0025974588895134715,0.006095116267383208,0.8282517724188821,12.749051332473755
212,2567269.9745958513,1135028.068119995,0.0,0.0,False,False,,0.0,7.905291871517032,13.924847572128417,3.213394966659499,0.05082397479071644,0.10468178662008774,0.08960321091583355,0.015660571651322383,0.001413900580757949,3.8182411193847656,6.563486814498901,0.002969072112899103,0.08659462299195214,0.0,0.0,0.003344652953603019,0.006016687790473071,1.2582457438911716,12.741016864776611
213,1876949.020137879,1135028.068119995,0.0,0.0,False,False,,0.0,7.8208357297632976,12.979525384307358,3.184221386423413,0.024747094743713734,0.10439487124578192,0.088687943195432,0.008760996622003261,0.0006448693375586918,3.777385950088501,6.266033411026001,0.0018817462310388767,0.08329523155228014,0.0,0.0,0.0016376883924202358,0.0029113969010879617,1.4381525456992792,12.848114967346191
214,1514817.1634317655,1135028.068119995,0.0,0.0,False,False,,0.0,6.931818488897511,10.339223785029846,2.6337943112841824,0.05335725396684568,0.08578000551954572,0.07341814162387743,0.005142190916630582,0.0005915429570853499,3.3557820320129395,5.037655353546143,0.001360706421206236,0.10714497608014956,0.0,0.0,0.00325421265017555,0.006830888191360321,0.9911963806723332,12.741668224334717
215,1250223.036213732,1135028.068119995,0.0,0.0,False,False,,0.0,7.8800636224035845,9.563913799034877,2.960135565627666,0.032522550197028086,0.09703000646102224,0.08244374368205415,0.002497234905051382,0.00024454742260818447,3.816366195678711,4.716402292251587,0.001249493855826723,0.07643941850111129,0.0,0.0,0.0019834378806665564,0.0041637617879239095,1.2395932385850312,12.741403818130493
216,1626686.4978870878,1135028.068119995,0.0,0.0,False,False,,0.0,6.753696714790921,5.192643535038603,2.896229458775532,0.029248674566757976,0.09204579272191922,0.0811323440579113,0.006260177236643752,8.552797877840548e-05,3.2551498413085938,2.4390532970428467,0.0003056158241444621,0.11374979622851569,0.0,0.0,0.00210657351569095,0.0030990216103075935,0.9229233414773002,12.645585298538208
217,1627410.3689128389,1135028.068119995,0.0,0.0,False,False,,0.0,7.707299175159975,11.161999983878879,3.165712367699505,0.021672034457732005,0.10371127398782357,0.0881751187300828,0.00626690540889159,0.0005719988963930782,3.7213869094848633,5.42074728012085,0.0014320306385201033,0.09192693832695255,0.0,0.0,0.0012610470680485117,0.0028959144783359783,1.3677602565290885,12.73638367652893
218,2082965.4543317265,1135028.068119995,0.0,0.0,False,False,,0.0,5.98198999248419,3.1783564534637616,2.6657088440587717,0.05097939626526095,0.08300442884570372,0.07494199700644887,0.01082101967240251,1.276139496823748e-05,2.878582000732422,1.3185548782348633,3.914267478189809e-05,0.14793736154974116,0.0,0.0,0.0035451602448267924,0.005654528576661652,1.394238244646716,12.751628398895264
219,2650111.870180908,1135028.068119995,0.0,0.0,False,False,,0.0,6.1887993619053665,4.305273300956878,2.7517523800134187,0.04734142346979054,0.085383659459553,0.07741927455561358,0.016489546150534842,1.8163255897814347e-05,2.9782707691192627,1.740234375,6.544868602717558e-05,0.1388344149763981,0.0,0.0,0.003190799634695591,0.005453756598056453,0.5086147928028146,12.745780944824219
220,2350096.5513542616,1135028.068119995,0.0,0.0,False,False,,0.0,6.472007060133488,4.511698616598519,2.5898519618224762,0.10984258336034569,0.08061770233356394,0.07280692262221405,0.0134910540917932,8.82145397440602e-05,3.126793146133423,1.9179832935333252,0.00023586498844168526,0.12642413616734566,0.0,0.0,0.006733269977676341,0.013994105884733743,0.7747238872253337,12.739977598190308
221,1243844.6930458294,1135028.068119995,0.0,0.0,False,False,,0.0,7.14844305916105,6.598447907131199,2.972741063634577,0.047832089403386166,0.09715490869399888,0.08283005689076012,0.0024335313402795156,4.534613669332541e-05,3.4499764442443848,3.23799467086792,0.00015639967627652585,0.09779920521041739,0.0,0.0,0.0028579182305825076,0.006242185889681526,1.5233098714572857,12.752880096435547
222,1147814.7241962764,1135028.068119995,0.0,0.0,False,False,,0.0,7.614916118009989,3.471152852050631,3.1053432696281407,0.025826505481394278,0.10179840644141573,0.08648722437491187,0.0014735478761949278,0.00010786739913157232,3.677727222442627,1.6979188919067383,0.00032753488548158236,0.08380074706210346,0.0,0.0,0.0014449644542189274,0.0035666974619107147,1.3303012303192454,13.050804138183594
223,1350241.0935128443,1135028.068119995,0.0,0.0,False,False,,0.0,7.73701177278877,8.455603652530774,3.149632181545933,0.0420639626073318,0.10317734354176539,0.08772559377789718,0.0034967095949375304,0.0001609376372573226,3.736917495727539,4.1387505531311035,0.0006534133043380678,0.08357545695375719,0.0,0.0,0.0027286384252489656,0.005058713801335019,0.4833620081743875,12.737703561782837
224,2022767.5078628364,1135028.068119995,0.0,0.0,False,False,,0.0,6.131023457898993,3.708251453066363,2.5472696609239915,0.08063624672240383,0.0784536560609992,0.0717489094384177,0.01021948606883294,2.3811308899303068e-05,2.95788836479187,1.5982940196990967,0.0001378220453045455,0.13410280318726778,0.0,0.0,0.005095747248099243,0.00996756718440247,1.3711541089396422,12.748858451843262
225,1502370.3129857474,1135028.068119995,0.0,0.0,False,False,,0.0,7.73713357516528,8.813574695544306,3.1267773941282786,0.03645026983849759,0.10244648841875897,0.08708574794531133,0.005017284364799729,7.96832970760673e-05,3.737938165664673,4.278995037078857,0.0009440806293210253,0.08694250217828446,0.0,0.0,0.002593597019658748,0.0039253734203069015,0.9786316867009137,12.743494272232056
226,2007121.5030343416,1135028.068119995,0.0,0.0,False,False,,0.0,6.189849784474314,5.820954138059485,2.779278055139019,0.035434977447406486,0.08615101845449964,0.07821223818618088,0.01006280814072548,6.255197105736237e-05,2.9776065349578857,2.6584997177124023,0.0001628591196812091,0.1381073252682656,0.0,0.0,0.0022935690068843725,0.004271606348082877,1.011510207477824,12.653409719467163
227,1459157.0839883832,1135028.068119995,0.0,0.0,False,False,,0.0,6.345571069325615,3.9512124775575383,2.72306784814605,0.07302647907047599,0.08651900701372281,0.07627265599224593,0.0045859367773258,5.810914703158973e-05,3.0583765506744385,1.860792875289917,6.597762228289436e-05,0.13043051198803254,0.0,0.0,0.004632137308853273,0.00899234514991245,1.0001830600192643,12.655563592910767
228,1315615.2115736834,1135028.068119995,0.0,0.0,False,False,,0.0,6.134587565485409,5.773003982790816,2.6074511099111137,0.035624487192628784,0.08301436151486279,0.07300783509140917,0.003151375915895191,1.5306573427342257e-05,2.957782030105591,2.8075435161590576,6.963093558825399e-05,0.13854037293665772,0.0,0.0,0.0025050563844110523,0.0038960090293350914,0.7311402693393112,12.742499351501465
229,1645745.7884288344,1135028.068119995,0.0,0.0,False,False,,0.0,7.14863244817091,10.164951544785941,2.962111205768248,0.04172845917949579,0.09734264980304219,0.08245068167790094,0.0064504527488764285,0.0003891446369656482,3.4506402015686035,4.918366432189941,0.0011392085924474256,0.09923147000882657,0.0,0.0,0.002743418006490064,0.00494527878189382,0.681493684060385,12.76178503036499
230,2093320.8596716705,1135028.068119995,0.0,0.0,False,False,,0.0,6.146651737199671,5.764146830236345,2.762534531755797,0.04510799667260507,0.0856503619783601,0.07773001733966914,0.010924364382124713,0.00019094367994382434,2.956730842590332,2.6079845428466797,0.00039190508734993936,0.13788854858980507,0.0,0.0,0.003236177113054796,0.004804644942041677,1.0902199674099717,12.74266767501831
231,1860423.7045242493,1135028.068119995,0.0,0.0,False,False,,0.0,5.891814285781818,3.204054149774458,2.5292244375713393,0.06517316737214648,0.07927753272653407,0.0710182369638938,0.00859685367796105,7.149316980697645e-05,2.8393797874450684,1.3868978023529053,8.317223411890092e-05,0.14394551998293748,0.0,0.0,0.004373557802087206,0.007546176238862208,1.1272655797124465,12.746702194213867
232,1217957.5483861193,1135028.068119995,0.0,0.0,False,False,,0.0,7.797599546492436,6.512870197734397,2.904982620128174,0.02756433975579519,0.09491518544790584,0.0809536749721696,0.002174867616751869,5.486131845121811e-05,3.777369260787964,3.201108455657959,0.0003819811161772843,0.08473727540517703,0.0,0.0,0.001639428532181613,0.0036122278745855715,0.9424162308228511,12.742783308029175
233,1563401.6357169126,1135028.068119995,0.0,0.0,False,False,,0.0,7.573950631671441,13.37402188794723,3.1023282758234583,0.028399150743193886,0.10293707187671258,0.08620813927825713,0.005626948843362262,0.0017368522519363662,3.657663106918335,6.5393218994140625,0.0028061293901982666,0.07615361163809913,0.0,0.0,0.0016665775616690392,0.003766632562460393,1.1606128696110822,12.747638702392578
234,1625444.2669040973,1135028.068119995,0.0,0.0,False,False,,0.0,7.374010502415132,10.034000018238514,2.8663032601198792,0.051704760585101456,0.09262169742376021,0.08002263278339677,0.006247693389378514,0.00031961995390140474,3.5669713020324707,4.858092784881592,0.0010859558012805742,0.09842130794497211,0.0,0.0,0.0034159985237727244,0.006094193098729916,1.4990351439452427,12.748699188232422
235,1343679.8608065383,1135028.068119995,0.0,0.0,False,False,,0.0,6.680225536980436,7.465882199193723,2.774889133646218,0.03755915557192176,0.09125582762231747,0.07721238856786027,0.0034315293451086526,0.000473060272772574,3.2242941856384277,3.6445906162261963,0.001024899897179648,0.10379184358352382,0.0,0.0,0.0023891782828424457,0.004611432327295549,0.6250927539258728,13.145138025283813
236,1783970.6585360563,1135028.068119995,0.0,0.0,False,False,,0.0,5.839981854664101,5.229923564426208,2.414905183180423,0.04139029560042919,0.07686059614745289,0.06761274758538074,0.00783281782376545,5.5537712679236034e-05,2.8185718059539795,2.418843984603882,0.00011894080603439759,0.14260472358165988,0.0,0.0,0.0029305488571667415,0.004486476185773815,1.0493282482378334,13.753584623336792
237,1386435.690163152,1135028.068119995,0.0,0.0,False,False,,0.0,7.648102063135889,9.634082006499021,3.0990378953836215,0.05177364452204388,0.1017357212531495,0.08628122614376653,0.003858478285166944,0.00039999139216903963,3.694629192352295,4.718160629272461,0.0009673667391501821,0.09184429049013138,0.0,0.0,0.0031542174757309043,0.006634976179049162,1.1106737780935407,12.748661279678345
238,1378697.9936993227,1135028.068119995,0.0,0.0,False,False,,0.0,7.812316507216898,7.7489951752712996,3.1532389620051626,0.05026825153535692,0.1029070046383199,0.08789828423546665,0.0037811517590410487,0.00010391762724931411,3.774310827255249,3.778761863708496,0.00048277198045105243,0.09351427035162131,0.0,0.0,0.0032091588316496967,0.006148745220539836,0.6130538044810373,12.725291728973389
239,1276288.6306098555,1135028.068119995,0.0,0.0,False,False,,0.0,7.196165355916422,8.137389868374964,2.913608250562646,0.03051291358658076,0.09641274532597575,0.08098706698272017,0.002757843044990868,0.00010194416552587645,3.476602077484131,3.9976351261138916,0.0008454927795274583,0.09363320399800244,0.0,0.0,0.0019445803210743403,0.003739067754496509,1.166181875695421,12.78524899482727
240,1155061.9184527472,1135028.068119995,0.0,0.0,False,False,,0.0,5.8199973597481565,1.6775576170963469,2.208927733541276,0.04681638719379749,0.06891429429534827,0.062064505098750805,0.0015471651644745205,2.3150659628723283e-05,2.816901922225952,0.7998652458190918,9.377344688744407e-05,0.14282893055918539,0.0,0.0,0.0032438272378859617,0.005216442322677451,0.6271241084109339,12.741573810577393
241,1687415.477553188,1135028.068119995,0.0,0.0,False,False,,0.0,7.662782228692862,11.395573818091584,3.147358919332532,0.02745201254138318,0.10375163206544333,0.08756416264656262,0.0068666297476849825,0.0007563184272578113,3.700044870376587,5.522033214569092,0.0016351803138301908,0.08208463267496452,0.0,0.0,0.001667967275248743,0.003527068584848308,0.4105121564221981,12.750996589660645
242,2493867.2094784104,1135028.068119995,0.0,0.0,False,False,,0.0,7.808946915533069,5.984425528022549,3.0176829527977245,0.033532614265568264,0.09680089233184297,0.08437039721870522,0.014927466980951709,0.0001543553090311901,3.7779178619384766,2.6182305812835693,0.0003182032815650397,0.08944956953687148,0.0,0.0,0.0021978848410122813,0.003987383884367503,0.9126514875765194,12.841324806213379
243,1363847.6965629694,1135028.068119995,0.0,0.0,False,False,,0.0,7.2791254515498505,9.394801530011108,2.9031245033975566,0.030431154424509516,0.09575544503838872,0.08074768367905182,0.003632977090071335,0.0002533994283835668,3.5184412002563477,4.60470724105835,0.0007476386781684009,0.08926104128309913,0.0,0.0,0.0019443685993827844,0.00371905140736181,1.150409583750103,12.746405363082886
244,1163795.6804046428,1135028.068119995,0.0,0.0,False,False,,0.0,7.184104951368476,3.461089250459578,2.958024044563001,0.028730244258936187,0.09646510641183963,0.082427671269147,0.0016334743561581544,7.662803278329343e-05,3.4684109687805176,1.6890575885772705,0.0002600710994258624,0.10146276215552544,0.0,0.0,0.0018494629357061188,0.0034836351933218096,1.262466052958176,12.74204421043396
245,2067379.2280843167,1135028.068119995,0.0,0.0,False,False,,0.0,6.035637254939391,3.4508695431376073,2.615579290086423,0.0414199569753512,0.08198001789597593,0.07344082839817252,0.010665278038612336,4.8575773039118925e-05,2.9076573848724365,1.4583606719970703,0.00017685944256995488,0.1356303098740369,0.0,0.0,0.002826669607915906,0.004701650028005989,1.3543093267746085,12.753589868545532
246,1513284.943932632,1135028.068119995,0.0,0.0,False,False,,0.0,6.82731914884875,7.456198893781712,2.8380640707155496,0.03244182000486215,0.0930895100345361,0.07901636880977213,0.005126714922801284,0.0001974907267994556,3.295135021209717,3.5981624126434326,0.0007076644709565324,0.10244425864137992,0.0,0.0,0.002226274859528752,0.0036579052821580334,1.2729146138041083,12.84291672706604
247,1755716.5277198784,1135028.068119995,0.0,0.0,False,False,,0.0,8.063982124748037,8.415475479576196,3.2173773295893557,0.024630438791358768,0.10506942798646064,0.08967689528140949,0.007549384096658729,4.968908502963512e-05,3.8974757194519043,4.017787218093872,0.00048636771110333233,0.08409972717401663,0.0,0.0,0.0013028937745995601,0.003551822148640572,1.3646235252837087,12.75256633758545
248,1481731.948154035,1135028.068119995,0.0,0.0,False,False,,0.0,6.579572479672355,7.032981803868179,2.7579072653596937,0.07834053964830023,0.08963992370736559,0.07691726444400762,0.0048114524116924795,0.00019466352059603468,3.174410343170166,3.3944687843322754,0.0006943229238008562,0.11786580251890898,0.0,0.0,0.004680694801077497,0.010223745309920063,1.3706399685138508,12.896199703216553
249,1625938.988785029,1135028.068119995,0.0,0.0,False,False,,0.0,7.651531165736789,8.195253832952758,3.1281805384151347,0.028170192382318816,0.10241071900811463,0.08713625070051167,0.006252296020622744,0.00039249958410784644,3.695061206817627,3.937777519226074,0.0014167986938948107,0.0889377993506344,0.0,0.0,0.0016479842687163943,0.0037465795581469153,1.0650218442835402,12.744012355804443
250,1871568.7658117453,1135028.068119995,0.0,0.0,False,False,,0.0,6.852309303983705,4.394044534877184,2.684742741467191,0.0770559688421117,0.08439483031393108,0.07533950193214956,0.008708049921142547,4.900593763160944e-05,3.313145399093628,1.9790713787078857,9.985628085711606e-05,0.12013508546725855,0.0,0.0,0.0050767255745384895,0.009110541061450947,0.0,12.748144149780273
251,1252634.0970398742,1135028.068119995,0.0,0.0,False,False,,0.0,7.557330428671974,9.80613378878615,3.1159194479572325,0.03346819670490937,0.10339070527025798,0.08657783240481812,0.00252110487538576,0.0003443971124431407,3.6487984657287598,4.83707594871521,0.0011853295172882695,0.07931828769309933,0.0,0.0,0.0021071078870652966,0.004152833402096749,0.8996573634000765,12.747655868530273
252,1713557.4932955801,1135028.068119995,0.0,0.0,False,False,,0.0,6.303698550136254,5.996282671784357,2.5283125820077266,0.03752050782941625,0.07927803641933452,0.0709872280463131,0.007128913176008514,6.696428039474921e-05,3.0453684329986572,2.819263458251953,0.00026201929600497113,0.12239611467575341,0.0,0.0,0.002442505074082187,0.004495116809189689,0.7396699164773138,12.743362665176392
253,1288127.3788925153,1135028.068119995,0.0,0.0,False,False,,0.0,7.503165633147201,10.708653145297374,2.802174101353841,0.026747949157732445,0.09255106570725181,0.07791834098274228,0.0028762255876650794,0.00045075661445973214,3.6347053050994873,5.278568983078003,0.0015407799516230255,0.08071259334844166,0.0,0.0,0.0014198630634661609,0.00384726116250079,0.925214843912562,12.744361639022827
254,1485799.4824516175,1135028.068119995,0.0,0.0,False,False,,0.0,5.877041625572759,7.680727816969542,2.4139645541451387,0.06014187860149092,0.07860809215744634,0.06730327592741048,0.004852556837492861,3.0589556214864173e-05,2.8375658988952637,3.7181174755096436,0.00037300481512227883,0.12014043164455605,0.0,0.0,0.004011201325740844,0.007013066998891042,0.8175429659313262,12.643140316009521
255,2123695.151640602,1135028.068119995,0.0,0.0,False,False,,0.0,8.042126632244589,13.533686284173404,3.2260112032701675,0.033518676298662245,0.10581787627768131,0.08983468231598607,0.011227079296095246,0.0010924322354022718,3.8863112926483154,6.478262424468994,0.0031614940861306663,0.08110633850090015,0.0,0.0,0.0017847062753270503,0.00481025652401146,0.941143551641173,12.752023935317993
256,1679887.9721552713,1135028.068119995,0.0,0.0,False,False,,0.0,7.8569214189281045,7.02053524453436,3.10609569614458,0.026999416528893677,0.10114118781030826,0.08662183563676075,0.006791598988521788,0.0001797430239116963,3.798527956008911,3.339337110519409,0.00045621481389042026,0.08369327906160572,0.0,0.0,0.0016330771071397892,0.0034836999179438414,1.5006237252745958,12.74232792854309
257,1179287.7568028623,1135028.068119995,0.0,0.0,False,False,,0.0,7.901864460619954,3.459493766379015,3.168737788038181,0.029413702853411196,0.10454410231141649,0.08814555125523546,0.0017880122347543326,0.00019869161454843113,3.818713903427124,1.6838202476501465,0.0004905318682010379,0.07973992919532359,0.0,0.0,0.0018387033930414133,0.0036760189272699723,1.6874839109406883,12.755887746810913
258,1129771.077081708,1129771.077081708,5256.9910382870585,0.004631595628286515,True,False,,0.0,7.780301238869612,4.158535828165908,3.170859286736556,0.02877339573619188,0.10425941738014874,0.0882532284574323,0.0012930962999673223,0.00018660229981955887,3.7577707767486572,2.0452888011932373,0.0006606821562133565,0.08092747159911572,0.0,0.0,0.0016313345494965664,0.003930679835054836,1.262424986027451,13.048973321914673
259,2092448.9736515663,1129771.077081708,0.0,0.0,False,False,,0.0,5.933136489178928,4.14627462854905,2.5439510438421156,0.04336840664445363,0.07992217887701446,0.07140176368627034,0.010915923044128042,7.93479061705945e-05,2.8594655990600586,1.7996785640716553,0.0002242696398674607,0.13408463323078665,0.0,0.0,0.0028920569107615418,0.005057987839590323,1.1934494985320545,12.939807653427124
260,2085675.3437871074,1129771.077081708,0.0,0.0,False,False,,0.0,5.960140166238608,5.28480776658069,2.606166046425026,0.0370083956811718,0.08168936044145135,0.07317286648871571,0.010848153770941449,3.505056190732456e-05,2.8703107833862305,2.3706002235412598,0.0002399261902195723,0.15686373303672013,0.0,0.0,0.0021847240348232435,0.004882650850646463,1.0959008757862154,12.748242616653442
261,2075962.896370816,1129771.077081708,0.0,0.0,False,False,,0.0,7.048120814840421,4.479084643301923,2.9519219045904546,0.03753613196285071,0.09419246118537786,0.08261738826182977,0.0107506100499382,0.00016021404301092947,3.400134325027466,1.9699089527130127,0.0003472470757975292,0.1148348662220448,0.0,0.0,0.0022855746157630936,0.00481288375918649,0.6719018745337247,13.746971607208252
262,2459541.251993331,1129771.077081708,0.0,0.0,False,False,,0.0,6.020481005614177,4.486777532767393,2.657708578397711,0.054081970912302116,0.082922976473957,0.07469126095545803,0.014584881226731322,8.692638187962299e-05,2.8982036113739014,1.8782904148101807,0.0001905283620932136,0.13709744169827442,0.0,0.0,0.003796020622105339,0.005928451483864852,1.3952999368452041,13.948679208755493
263,1287132.5489895418,1129771.077081708,0.0,0.0,False,False,,0.0,6.5466135118644395,5.827751879201513,2.775356268077634,0.0601695407218433,0.08956028646053506,0.07751204484836788,0.0028664585343303184,4.494011883499606e-05,3.157038688659668,2.8417553901672363,0.00018363443010473417,0.12405573236512057,0.0,0.0,0.0037538992177727722,0.007534586744915282,1.4019380731036004,12.74984335899353
264,1919127.1919449929,1129771.077081708,0.0,0.0,False,False,,0.0,7.778023195338024,9.862058236188142,3.160282182666615,0.03744184512964688,0.10358193763392183,0.08801824254187395,0.009182670928038303,0.0003485050615257349,3.756984233856201,4.6982035636901855,0.0013035124811710405,0.08136672665501862,0.0,0.0,0.00217587032023299,0.005008720641945739,0.9426413154374234,12.755585193634033
265,1265180.2617778468,1129771.077081708,0.0,0.0,False,False,,0.0,7.229164228741994,6.0523486643207125,2.7534903302083946,0.03323521551310058,0.08856789385607443,0.07694438626523505,0.0026470469825601167,0.00017816380610207797,3.4991655349731445,2.9583888053894043,0.0006437408827795985,0.1075030252394442,0.0,0.0,0.002096176990924002,0.004116449896427141,1.1295436767103495,12.846147775650024
266,2208328.906808388,1129771.077081708,0.0,0.0,False,False,,0.0,6.141038428901026,5.285025737072275,2.624809018089602,0.06805311675849231,0.08057851232817613,0.0739792224958171,0.01207407926112608,2.5730405908532835e-05,2.959550380706787,2.3403327465057373,0.00013125620089928595,0.1465344802816163,0.0,0.0,0.004661636808265034,0.007690005573093009,1.210293529542473,12.756610870361328
267,7260246.711083948,1129771.077081708,0.0,0.0,False,False,,0.0,7.59604939626931,5.2834136837208705,3.087589846839806,43.36421633644126,0.10001565403655878,0.08618437186638117,0.005337046378846855,7.873870228037009e-05,3.668748140335083,2.5080759525299072,8.189194374265601e-05,0.09413000119526566,0.0,0.0,2.707851402736742,5.425351278636832,1.3130376686951488,12.895949363708496
268,1762548.4623650748,1129771.077081708,0.0,0.0,False,False,,0.0,7.044238254453235,7.498309799772524,3.0002697203595607,0.031053299197696574,0.0957456099473582,0.08396821718265383,0.007617987922383426,1.577002102220887e-05,3.3961668014526367,3.5581865310668945,0.00020746830391266374,0.11333019780458821,0.0,0.0,0.0016176551825960496,0.004528014434232045,0.9584007545807822,13.886938571929932
269,1180411.954986033,1129771.077081708,0.0,0.0,False,False,,0.0,7.719900935235998,5.016975929444678,2.912237334762095,0.03487069187098904,0.09579489864321951,0.08104700821750059,0.0017995404636450413,0.00028743269041617243,3.738379955291748,2.460484743118286,0.001205884005170774,0.07728779818605462,0.0,0.0,0.00205923055412025,0.004599211859506761,0.9762852758341928,12.749032497406006
270,7090972.73329205,1129771.077081708,0.0,0.0,False,False,,0.0,6.361646831767965,3.192995319653964,2.7745404291184226,47.35629627911882,0.08710249801049261,0.07790317162447792,0.003681850313123,2.0823150684849368e-05,3.0639686584472656,1.504284143447876,6.690342041242528e-05,0.13079178763573351,0.0,0.0,3.208704449747904,5.421665170283898,1.128303496647328,13.786205053329468
271,7017050.852638214,1129771.077081708,0.0,0.0,False,False,,0.0,7.491670244340731,7.854311638776634,3.0638134809802664,38.3307046060751,0.10087907775376394,0.08525470674191366,0.00293003459036148,6.708124003431248e-05,3.617953062057495,3.853137254714966,0.0003070799657256292,0.08779655966097118,0.0,0.0,2.079812324222948,5.4230515030728785,1.008011351009274,13.043342113494873
272,7498240.384244564,1129771.077081708,0.0,0.0,False,False,,0.0,6.088204243509591,3.6935872867582007,2.643778603320762,39.227847697682655,0.08276657309733321,0.07426241329266645,0.007747778022071397,1.728854351709147e-05,2.932708501815796,1.6528985500335693,8.025711749842511e-05,0.14088605761401618,0.0,0.0,2.1923435796047284,5.422274765211207,0.8862015069882356,12.757535219192505
273,7152938.355624905,1129771.077081708,0.0,0.0,False,False,,0.0,7.314399899585537,9.844532144996775,3.0287786069867044,41.62654195187359,0.1004848015707375,0.0841581627870572,0.004296448303200515,0.0004135082824437271,3.5309627056121826,4.812208652496338,0.0010584849688147877,0.0906070614346787,0.0,0.0,2.4922302022266933,5.422175083515011,0.7553978341725032,12.784894704818726
274,7711631.119175794,1129771.077081708,0.0,0.0,False,False,,0.0,8.145343990197073,8.785841397678002,3.226485471610055,33.616026990875326,0.10591639769416689,0.08984064097877673,0.009901981738883903,0.00014134703904511312,3.937911033630371,4.144073724746704,0.0005189722480795262,0.07493922556957379,0.0,0.0,1.4919345655646532,5.420137616589526,1.4573876455093926,12.742877006530762
275,1968137.0801993008,1129771.077081708,0.0,0.0,False,False,,0.0,6.205578647922767,4.766056071078431,2.443788146150697,0.0518827108898315,0.07630450844150724,0.06867022079603298,0.009673559983389299,7.706419495585203e-06,2.999783992767334,2.141106128692627,3.3162904742565594e-05,0.13969655229695718,0.0,0.0,0.003516627741921765,0.005937422238614344,1.464586930240214,12.73865008354187
276,3000768.156627839,1129771.077081708,0.0,0.0,False,False,,0.0,6.314829796715909,4.517653289729681,2.840788637232002,0.03503615927074475,0.08772925779899327,0.07999896015204774,0.019994261670012448,3.4826330334524018e-06,3.037416458129883,1.7588813304901123,3.5509049766935224e-05,0.14649779315451197,0.0,0.0,0.002127173016656201,0.004504693784373785,1.430417725468682,12.749528169631958
277,8260877.152893877,1129771.077081708,0.0,0.0,False,False,,0.0,6.295609996516733,3.7098427753072523,2.8006077309272612,40.02133250678152,0.08669918694590129,0.07881674693664864,0.015416163589602794,5.563613996731184e-05,3.0295798778533936,1.4691364765167236,0.0001523285587330558,0.14035368978924978,0.0,0.0,2.293836632914253,5.417659860866874,1.5282101144376745,12.740488529205322
278,1369885.069818308,1129771.077081708,0.0,0.0,False,False,,0.0,7.875060982844996,9.266252196382306,2.916922517237351,0.029724972356222373,0.09587619465637592,0.08119152232731953,0.003693308401780629,0.0002401480160421112,3.8157432079315186,4.538862705230713,0.0007722731663697742,0.07519101306081012,0.0,0.0,0.0016524656795273314,0.00412631173000093,1.2344382754012542,12.758971929550171
279,1530238.6166202545,1129771.077081708,0.0,0.0,False,False,,0.0,7.86237612280296,7.0639135137316895,3.1683453523982394,0.03656606829125479,0.10317973177334322,0.08833802710985705,0.005295772417422087,0.00019986769153977008,3.7986810207366943,3.3983209133148193,0.0004966132461892795,0.08924851278800247,0.0,0.0,0.0022845612571555022,0.004572394558502694,1.033541700910053,13.557808637619019
280,1779222.5962418101,1129771.077081708,0.0,0.0,False,False,,0.0,7.863098710724159,10.559993689536944,3.1740261262125973,0.03519571924068347,0.10399210088872704,0.08840309578459894,0.0077842415808156845,0.000661136320982185,3.7989447116851807,5.0816686153411865,0.0014888759627570138,0.0849311348587836,0.0,0.0,0.0020229639852124954,0.004753001839745877,0.9046044743524954,12.751203298568726
281,1280270.3305395492,1129771.077081708,0.0,0.0,False,False,,0.0,7.621634058670316,9.067239248436993,3.1525477784075893,0.03193553459379272,0.10429281179387553,0.08764586598214631,0.00279730352437417,0.0002928379135664352,3.6793482303619385,4.4618308544158936,0.0007424726772993212,0.07894860982434833,0.0,0.0,0.0019650886045237057,0.004053706439400768,0.8635449877465915,12.753090143203735
282,1943710.6451269106,1129771.077081708,0.0,0.0,False,False,,0.0,6.688425759766593,4.281671357612392,2.8432698336725215,0.04550833681338818,0.09064538467978411,0.07958403570588903,0.009428910819966357,1.7714944559907415e-05,3.224836826324463,1.9046080112457275,0.0002019588245238204,0.11624996368165989,0.0,0.0,0.0026875748766294824,0.00600193445008808,1.168243440968611,12.744776964187622
283,1244933.681331144,1129771.077081708,0.0,0.0,False,False,,0.0,7.817391813114586,9.324430143053753,3.1491454225403053,0.03148391307072197,0.10386349360734967,0.08759941667825062,0.002444102188480235,0.0003837229341054988,3.777296781539917,4.598819732666016,0.0009171136595420465,0.07973805105873728,0.0,0.0,0.001937260186749659,0.003996457894181175,1.3386880356360107,12.777147769927979
284,7606945.28184365,1129771.077081708,0.0,0.0,False,False,,0.0,6.060489391662361,6.30286952015735,2.6606123011797713,34.09534822857968,0.0832149161922141,0.07474222957348861,0.008908606935262992,0.00014973234746440205,2.9181313514709473,2.9275166988372803,0.00048115514392793005,0.139023418376138,0.0,0.0,1.5544636224268609,5.4149098122911985,0.4970017529805636,12.748022317886353
285,7059925.692289224,1129771.077081708,0.0,0.0,False,False,,0.0,7.7188040229551005,12.214773726286131,3.1428024395064273,40.58656771420556,0.10436122778277174,0.08730400313509852,0.0033919751184774277,0.0009247469208930014,3.7284460067749023,6.018184423446655,0.0017612246937896091,0.0795385317768682,0.0,0.0,2.363498594370218,5.419644739810953,1.175583002869078,12.749030590057373
286,7665988.361286717,1129771.077081708,0.0,0.0,False,False,,0.0,8.14391281162831,6.270910059291424,3.2448160623419677,35.388687190606575,0.1060885443177982,0.0904197757612756,0.009501836394679747,0.00019128489070652325,3.936326742172241,2.896894693374634,0.0004057705616338672,0.08014112607342519,0.0,0.0,1.716335175827177,5.414501445997289,1.3491743738625928,12.748767614364624
287,1648204.9309374758,1129771.077081708,0.0,0.0,False,False,,0.0,7.946076308938331,9.491195862141673,3.1954742174205584,0.030253530270554135,0.10506060395565328,0.08894885753673533,0.00647478226721572,0.00021138387080940022,3.8396148681640625,4.581973552703857,0.0007019286746344387,0.08157790798208586,0.0,0.0,0.0018642746106655567,0.003834833346307421,0.7909383209479192,12.757136821746826
288,1826245.7469506543,1129771.077081708,0.0,0.0,False,False,,0.0,7.193828566031746,13.498487483492033,3.0211038968608044,0.027053357846674415,0.09928897266704939,0.08408418733447531,0.008254369195212385,0.0008640384773129252,3.47078800201416,6.537494421005249,0.0021560363441831135,0.08999309677491023,0.0,0.0,0.0016917525792811607,0.0033798343031062822,1.2029721487626375,12.756882429122925
289,1475659.9191534112,1129771.077081708,0.0,0.0,False,False,,0.0,7.703423008520981,6.681392906704892,2.75137292711585,0.05348486249783055,0.09128746984887837,0.07642395801000491,0.004750713589115829,0.00030529749502578127,3.7370755672454834,3.2198548316955566,0.0008295127715975368,0.09099612810558921,0.0,0.0,0.0033859986663979094,0.006599218291661818,1.304965553287035,12.749036073684692
290,7122497.101029571,1129771.077081708,0.0,0.0,False,False,,0.0,6.256007689754475,4.518628675261479,2.715675117997547,30.124571424931126,0.08525733165151332,0.0762394330635035,0.004030009902825607,0.00010067027439829743,3.0136446952819824,2.1577506065368652,0.0003253934092937301,0.12944536525042405,0.0,0.0,1.0562617136581378,5.4186194289165055,1.0531925702738463,13.688878059387207
291,1576563.9663850788,1129771.077081708,0.0,0.0,False,False,,0.0,7.93796466928155,8.928333970408993,3.184423820592405,0.03397312077009369,0.10454610665636635,0.0886684230348493,0.005758750227925186,0.00020408728266910092,3.835979700088501,4.3185694217681885,0.0006515230952710636,0.07674108866410054,0.0,0.0,0.0020751487157754747,0.004342982760972473,1.5185055708858484,12.757311582565308
292,1297594.2290586072,1129771.077081708,0.0,0.0,False,False,,0.0,5.771669013323776,4.423810422232008,2.3853769924124077,0.04252966552647114,0.07627585876984426,0.0667268776305491,0.002971524577437726,1.6600256355348133e-05,2.7857441902160645,2.1371207237243652,0.00019854918227832184,0.14045949687808762,0.0,0.0,0.002914359266915986,0.004803697847785814,1.4058733884757704,13.781831741333008
293,2560002.265501316,1129771.077081708,0.0,0.0,False,False,,0.0,6.051322716505837,6.864503291465219,2.5775812963507025,0.061908805988664425,0.0810275580346448,0.07232944767723869,0.015589050887928155,0.00014045926689085182,2.9171671867370605,3.041431188583374,0.0004376739804125438,0.14383547585952894,0.0,0.0,0.004117432841013331,0.007242335815139444,1.140133897115269,12.749907970428467
294,8393264.952503271,1129771.077081708,0.0,0.0,False,False,,0.0,6.391823693417037,3.9521191783311322,2.8237656101569284,36.2571918202068,0.08818394376070522,0.0793504464303536,0.016755429177052708,4.94346154755698e-05,3.0768861770629883,1.5568394660949707,0.00013375745771106228,0.13922585209938312,0.0,0.0,1.8240957285506596,5.41610649795038,1.0284822342498865,12.75025200843811
295,2059935.4242439088,1129771.077081708,0.0,0.0,False,False,,0.0,6.169752137333088,6.850104519994161,2.6440732571451835,0.04664692627343814,0.08344516017831669,0.07415438243744524,0.01059076790824956,0.00028418921732556115,2.973644495010376,3.1584858894348145,0.0007188691424107407,0.13487952467477235,0.0,0.0,0.003168301690088549,0.005325128188182436,0.9351789339433839,12.946686029434204
296,1407559.2846504415,1129771.077081708,0.0,0.0,False,False,,0.0,6.053947236703815,5.522372188608892,2.5662319186855016,0.04853226256852672,0.08137644612599111,0.07190522437856649,0.0040704002565884745,7.632863888535817e-05,2.9191157817840576,2.658801317214966,0.0002499082699072294,0.13167153893642103,0.0,0.0,0.003156684053763028,0.005819697534605624,0.6902584235397247,12.751019477844238
297,1802747.226872858,1129771.077081708,0.0,0.0,False,False,,0.0,6.052509049729982,4.077224286025174,2.5840681502439464,0.04366284144131091,0.08075917547644015,0.07260552385001673,0.008020324490229436,1.3175271109188965e-05,2.917346239089966,1.8379442691802979,6.390463062136687e-05,0.1427038054723839,0.0,0.0,0.00295323213625199,0.0050092460878237485,0.45472248774268226,12.755168676376343
298,1286602.6483187594,1129771.077081708,0.0,0.0,False,False,,0.0,7.899467115912897,8.460348976232517,3.1529235964682365,0.026014628966099136,0.10366271842677012,0.08776223835483613,0.0028606254847493434,0.0002008357562225805,3.8180902004241943,4.1573169231414795,0.0005367711424180611,0.08154658059027595,0.0,0.0,0.001433559662424363,0.0036365379166760576,1.1416496349503371,12.748480081558228
299,1171857.2814267878,1129771.077081708,0.0,0.0,False,False,,0.0,7.638601765143309,4.703537075697197,3.108816550298652,0.03580234360370682,0.10301199883493896,0.08639637136043259,0.0017138243814704135,0.00010233715741815823,3.689706325531006,2.3076581954956055,0.0005058931264930017,0.08162045633592634,0.0,0.0,0.0022084003525428115,0.004533785195841082,1.4039095834399566,12.750772714614868
300,1794134.2539453276,1129771.077081708,0.0,0.0,False,False,,0.0,6.053869994777889,4.514501052444531,2.58280371694067,0.07180735734948585,0.0810557939564368,0.07251716729616146,0.007934211557193399,9.47805436578053e-05,2.918159246444702,2.058285713195801,0.00024380963865179133,0.13809609603166878,0.0,0.0,0.004812914835984508,0.008326009665402447,0.0,13.05586051940918
301,1929844.6308474923,1129771.077081708,0.0,0.0,False,False,,0.0,7.061098895904299,9.74525549505188,2.9307669396895033,0.0475675467753948,0.09613849950547762,0.08160379278556366,0.0092900968560366,0.00023064789085168143,3.4081437587738037,4.63796067237854,0.0009658614985940854,0.09609395160655747,0.0,0.0,0.002925171324651503,0.006041544044545694,0.5374291572613747,12.783750534057617
302,2177692.24229468,1129771.077081708,0.0,0.0,False,False,,0.0,6.131267099540285,12.814061681873884,2.578219757080547,0.07856049667154373,0.08382932680706788,0.07189306582373103,0.011767602902514704,0.0010306666532122082,2.957793951034546,6.107777118682861,0.0020254598764853065,0.12392527937345552,0.0,0.0,0.004592668657471123,0.010454786852943687,1.1293049883779946,12.639147758483887
303,1284681.7046701552,1129771.077081708,0.0,0.0,False,False,,0.0,7.596306668720353,11.626489394626354,3.1014370842780625,0.0330708648316604,0.10289385718851618,0.08617635137561586,0.002841417535891136,0.00040433187063801325,3.668888807296753,5.7368810176849365,0.0021312964923847493,0.08337542150530473,0.0,0.0,0.002055670721217954,0.004156374765479191,1.0938049515956625,12.752544164657593
304,7238310.572631262,1129771.077081708,0.0,0.0,False,False,,0.0,6.128696115550316,6.785455355351435,2.5741444430181004,39.37143503475609,0.08331125922379679,0.07184748905795021,0.005340397058544971,0.00010528976473214869,2.9565768241882324,3.258216381072998,0.0004005480556381069,0.1240157976333636,0.0,0.0,2.2198287678198607,5.403201223049302,0.7598705157134752,12.74823522567749
305,7880440.534945067,1129771.077081708,0.0,0.0,False,False,,0.0,6.424839213205443,6.519160377245493,2.7380318044682252,46.7991385103435,0.08745038942941673,0.07662572950557424,0.011708660063229417,9.798468400314815e-05,3.0974810123443604,2.9653122425079346,0.0006205778136305668,0.1262298813559991,0.0,0.0,3.1458635406794766,5.408057546226922,1.0090369546662024,12.74149465560913
306,7660062.165746024,1129771.077081708,0.0,0.0,False,False,,0.0,6.014578563381159,3.514423586081724,2.6173276088158537,44.5091893861178,0.08138631147690754,0.07359543853631387,0.009545890023780562,3.153143838492765e-05,2.8968961238861084,1.518451452255249,4.52360764395638e-05,0.1438352436641751,0.0,0.0,2.8615887455153923,5.404119855498665,1.1522837179734484,12.750016689300537
307,1682040.070142024,1129771.077081708,0.0,0.0,False,False,,0.0,6.570728671336567,9.354801391761717,2.5894229831535545,0.03612493830181551,0.08189811218014889,0.0725901563248355,0.0068137740999427016,0.00016346859998739232,3.1764791011810303,4.504714488983154,0.0009367417596547451,0.11273581759982662,0.0,0.0,0.0023712805814799774,0.004288673412493924,0.7604434882596431,12.753498315811157
308,1299350.9612200744,1129771.077081708,0.0,0.0,False,False,,0.0,5.899264254503155,3.6606588707002947,2.3014175417663494,0.04443636184335949,0.0720429448470771,0.06463286556558609,0.0029891701108262503,0.00022713200165390212,2.8526828289031982,1.7545313835144043,0.00042751962603473323,0.14243634199284533,0.0,0.0,0.0029862951089829307,0.005136500242874011,1.1702339911036068,12.754733800888062
309,1362010.216331568,1129771.077081708,0.0,0.0,False,False,,0.0,7.676639919050422,9.82505095149541,2.901590064897265,0.03197714096447578,0.09486583282058995,0.080838959934939,0.0036145784741387077,0.00047152718400899366,3.7170615196228027,4.81952691078186,0.0010536412449508785,0.08499228023776398,0.0,0.0,0.002124354982399399,0.003745575276320147,0.6394059907968618,12.746421813964844
310,1984417.4017763818,1129771.077081708,0.0,0.0,False,False,,0.0,5.940873103459229,5.100583909752532,2.5262351973086132,0.04655622787366545,0.07966502957360218,0.07085560332389321,0.009836152212850571,0.00010690862314773121,2.8641531467437744,2.3039467334747314,0.00017656643210818107,0.13841854026204767,0.0,0.0,0.0031925922926681924,0.005253872383079978,1.3469011390070391,12.750179290771484
311,1111966.713875461,1111966.713875461,17804.3632062471,0.015759266250856094,True,False,,0.0,7.776931910663282,3.369489327892427,3.167582310486992,0.030650502329598005,0.10413488403991093,0.08817677661757839,0.001115170956282177,7.81283914046795e-05,3.7562007904052734,1.6562891006469727,0.00023051575687460938,0.07638378825413436,0.0,0.0,0.0019178744084609469,0.0038268767654776074,0.8517098919799699,12.776350975036621
312,1657097.4973044458,1111966.713875461,0.0,0.0,False,False,,0.0,6.1000459422369,5.052142607874108,2.660477076022051,0.05017798771231074,0.08311690856545459,0.07474955683612806,0.006564448004733131,6.700522542879136e-05,2.937898635864258,2.3615763187408447,0.0001535140311524196,0.13798963101223202,0.0,0.0,0.0032797858698833124,0.00598492518831106,0.357592707351845,12.7816743850708
313,1135117.6768199129,1111966.713875461,0.0,0.0,False,False,,0.0,7.191352322375603,3.5638152871436186,2.7862643334286483,0.03816238783839814,0.0903309477664459,0.07773254801029217,0.0013470401758576972,0.0001368231108207718,3.4790773391723633,1.7472882270812988,0.000377364837627291,0.10030164025726575,0.0,0.0,0.002406086654593623,0.00472842365041229,0.3286030925669371,12.79200553894043
314,1695730.2069814862,1111966.713875461,0.0,0.0,False,False,,0.0,8.064048483511199,10.267936043302834,3.22222105728409,0.03688503676944697,0.10580507268163906,0.08971363787531504,0.006949742308482859,0.00030931304810277477,3.897453784942627,4.957380294799805,0.001137667655816478,0.08324266492047161,0.0,0.0,0.0023231090072199888,0.004575041177921764,0.6071711674405417,13.042510032653809
315,2326657.390928847,1111966.713875461,0.0,0.0,False,False,,0.0,6.478144268518046,5.398586367892815,2.6476905015041385,0.04739890934807525,0.08232393295006797,0.07445799652912735,0.013256715973439762,8.644229072556879e-05,3.127385139465332,2.3672916889190674,0.00023343827653832496,0.13276324130208758,0.0,0.0,0.00331807335341139,0.005213580630196032,1.0407969687783658,12.748573780059814
316,1561277.1660159184,1111966.713875461,0.0,0.0,False,False,,0.0,7.778010782022866,8.650330291705249,3.142324317778534,0.037626053790810556,0.10274188717864678,0.08756174525273934,0.005606044169401844,7.742503685441026e-05,3.757662773132324,4.183196544647217,0.0007269987881445275,0.08528117731104648,0.0,0.0,0.002378760545451634,0.004648992356799371,0.9551152685381369,12.754000186920166
317,1665767.175507697,1111966.713875461,0.0,0.0,False,False,,0.0,7.867128549925366,12.141242670855442,3.16354975809999,0.038712776066289714,0.10343678074365187,0.08814801736403784,0.006650305219265726,0.0004442885923446095,3.801342248916626,5.90112566947937,0.0012952141866832995,0.08679418849215054,0.0,0.0,0.0023171323839144458,0.005043929248743538,1.3113706051860372,13.783649682998657
318,1275091.223428166,1111966.713875461,0.0,0.0,False,False,,0.0,7.655930673229401,8.349505967007843,3.117225833097374,0.03856688477709861,0.10239689162623392,0.08677964579651908,0.0027456180451988776,0.0001824159226334144,3.697795867919922,4.104787588119507,0.0005299777017773371,0.08719605710488648,0.0,0.0,0.0024865620606349926,0.0046685970730046674,1.2616684651793182,12.748592615127563
319,1407811.4681859813,1111966.713875461,0.0,0.0,False,False,,0.0,8.062104580250857,7.416129995890467,3.207550347829062,0.03715539120989901,0.10562548253811033,0.08925767655090434,0.004072019485565889,0.0003117133264000206,3.8971657752990723,3.603881359100342,0.000953260682297849,0.078827050694346,0.0,0.0,0.002422161846353303,0.004444524109768147,0.6491286012613032,12.753954887390137
320,1972808.3345372877,1111966.713875461,0.0,0.0,False,False,,0.0,8.003001240981844,12.531788995296266,3.2307560516427203,0.038209760326431905,0.10610312039751675,0.0899569286549179,0.009718908479221341,0.0013568621932482678,3.866565227508545,6.018162965774536,0.001903527957225523,0.07585660906889075,0.0,0.0,0.0020935203082329576,0.005365399465142062,0.0,12.743626594543457
321,1913317.3256257593,1111966.713875461,0.0,0.0,False,False,,0.0,7.695647338078777,12.10617284133289,3.104124125505778,0.03575490040086823,0.1016505800621743,0.08646539153203703,0.009124516744780556,0.0010672929877348566,3.718125581741333,5.819244384765625,0.002291646912522274,0.07938809191890059,0.0,0.0,0.0023381440113752643,0.004262437077466528,1.1784741565281367,12.751105546951294
322,1445374.6796578323,1111966.713875461,0.0,0.0,False,False,,0.0,7.595080708269267,10.827247750545622,3.147998584634024,0.04404840908122491,0.10458324683075435,0.08744775414598942,0.004447466311717954,0.0005133111827955851,3.6663687229156494,5.298271417617798,0.0016663199448255905,0.08102841817104878,0.0,0.0,0.002715906215598694,0.00558028983910884,1.2677690783503945,12.802836418151855
323,1498370.2661624812,1111966.713875461,0.0,0.0,False,False,,0.0,7.618487183720237,12.526252763637459,2.8384748923052707,0.04969528418174361,0.09368898451733138,0.07894669124496184,0.00497753724619511,0.0005054450878591592,3.690823554992676,6.1309216022491455,0.0031065393658825974,0.07739794938248125,0.0,0.0,0.003007940047997072,0.006407940949441758,0.7607874165499671,12.749903678894043
324,1923497.033776544,1111966.713875461,0.0,0.0,False,False,,0.0,6.181917946026596,8.256483864966418,2.709967444629389,0.07392923274640156,0.08448307018605143,0.07617880254516103,0.00922703836892172,6.098715271246066e-05,2.9766907691955566,3.8967998027801514,0.00030646819200588857,0.13859919251399114,0.0,0.0,0.0050087281323967624,0.008464851921806866,0.5056333594675644,12.753481149673462
325,1511075.8456221155,1111966.713875461,0.0,0.0,False,False,,0.0,7.901956144397885,7.632570816532938,3.184478649367587,0.04323298675084693,0.10492011981486567,0.08861130589426557,0.0051041731576595695,0.0003152468000808053,3.818061113357544,3.6867525577545166,0.0007714086281850861,0.07425950435663413,0.0,0.0,0.0026809190119008817,0.0054464086639099685,0.8563103188235871,12.746825695037842
326,1454962.0246651678,1111966.713875461,0.0,0.0,False,False,,0.0,7.93419577887973,7.98417801229341,3.0910791076518254,0.03420976302493457,0.10142514050206242,0.08606919385102345,0.0045434741403515555,0.00011951452245653404,3.83799409866333,3.877617835998535,0.00035372665575238117,0.079519806056764,0.0,0.0,0.002031430632094313,0.004489579492045017,1.4410396154043241,12.761170864105225
327,1425289.166906304,1111966.713875461,0.0,0.0,False,False,,0.0,5.945929844128937,7.008713473424089,2.466599032163974,0.05414226169187872,0.07834814453309112,0.06909190249040752,0.004247664833235604,0.000351648919052213,2.8693270683288574,3.396512508392334,0.0006610429955280756,0.13833671999508157,0.0,0.0,0.0036335731489070067,0.006268419125155666,1.276888183718347,12.752129316329956
328,1217781.655473282,1111966.713875461,0.0,0.0,False,False,,0.0,5.835325467961001,3.582439603217546,2.414192284255574,0.05532041882788845,0.07656380803047622,0.06763386341497879,0.0021737726599317525,3.181072152584722e-05,2.8162119388580322,1.7368171215057373,2.334544189676775e-05,0.14151141569721679,0.0,0.0,0.003873764268831907,0.006082576169308298,1.247922170216166,12.952475309371948
329,1174870.0386549386,1111966.713875461,0.0,0.0,False,False,,0.0,7.997603140228662,3.6033079355807383,2.970370066302599,0.041838358518459615,0.09742229681082125,0.08271653187065423,0.001744125413017189,9.588558037374825e-05,3.8747267723083496,1.7566819190979004,0.0005475653468155778,0.07666907240904715,0.0,0.0,0.002713948389822126,0.005031692849970653,1.2090639674245471,12.758311986923218
330,1809208.5117153113,1111966.713875461,0.0,0.0,False,False,,0.0,7.9643483530659545,13.42951856129872,2.966361324556677,0.03765872401483969,0.09719187191709694,0.08262158669296461,0.008084259425960708,0.0002978916506490462,3.8582417964935303,6.507603406906128,0.002019755237685613,0.07908329571775251,0.0,0.0,0.0024961091912737115,0.0044224626211625,0.3575165383916561,12.747531652450562
331,1520528.1248113909,1111966.713875461,0.0,0.0,False,False,,0.0,6.570426245567147,3.696511827908464,2.6978001082563714,0.047518291112752686,0.08547111257936582,0.07561294901269819,0.005199380832038358,4.084584783038814e-05,3.1717936992645264,1.7178874015808105,0.00015359662898503342,0.11642063006789632,0.0,0.0,0.0034191237674565974,0.005041325243274977,0.8792927985262934,12.95163106918335
332,1661851.5892191215,1111966.713875461,0.0,0.0,False,False,,0.0,5.995560741429829,4.245972950634811,2.5219174037030565,0.09718994520195573,0.07975434430208599,0.07069479624605952,0.006612122388337333,1.6484408152389456e-05,2.891738176345825,1.9573843479156494,0.00011962707732898731,0.14033252181750736,0.0,0.0,0.006235141186178307,0.011827203928132319,0.8672458984720447,12.784644365310669
333,1931333.006530601,1111966.713875461,0.0,0.0,False,False,,0.0,6.054495078002022,4.624559103794084,2.58529357495359,0.0560531651264535,0.08122284012961217,0.07256308584564454,0.009305518788779096,5.510846603859812e-05,2.918402910232544,2.078995704650879,0.0002583510106742217,0.14453625896489522,0.0,0.0,0.004014006498480955,0.005985278284651465,1.0868613873528237,12.753527879714966
334,1480955.2890779413,1111966.713875461,0.0,0.0,False,False,,0.0,7.732682425865269,9.039590811295277,3.128176613314007,0.0296668987903938,0.10294830456611173,0.08705940481316266,0.00480320872774205,0.00019367109624636455,3.7357521057128906,4.3973069190979,0.0009633073424746647,0.0768061992752844,0.0,0.0,0.0017355650006479735,0.003945594696302503,0.9813416703862521,12.778656005859375
335,1210716.6651510003,1111966.713875461,0.0,0.0,False,False,,0.0,7.922673431238414,7.462578980327726,3.188830283804642,0.041519839837714484,0.10489163291316661,0.08876044458842333,0.002102105374185717,0.00018886533247163128,3.8281960487365723,3.6775240898132324,0.00048510639839516165,0.07780703121985275,0.0,0.0,0.002649637631941537,0.005080684695545548,1.2630438525335188,12.726361989974976
336,2165616.7205273136,1111966.713875461,0.0,0.0,False,False,,0.0,6.073324629182712,6.395582223219057,2.6469259109507672,0.051659143165543715,0.08282137031586154,0.07435129368142794,0.01164710290019233,8.889656426540267e-05,2.925135374069214,2.9057226181030273,0.0003563684006770596,0.13703816190432414,0.0,0.0,0.003552167007294175,0.005810451776797579,0.8064329363005984,12.74513864517212
337,1251494.8731337993,1111966.713875461,0.0,0.0,False,False,,0.0,5.992243412787161,5.161832626380146,2.459097436369443,0.04277016968167995,0.07968855208186296,0.06862676264658307,0.002510640237038675,6.442015108955522e-05,2.893181562423706,2.5177042484283447,0.00017842353430463066,0.12441328433321876,0.0,0.0,0.0028301828030611017,0.005032176814297785,1.0874113391361055,12.650993585586548
338,2374156.8835020503,1111966.713875461,0.0,0.0,False,False,,0.0,6.1596735383767305,3.8025567546997685,2.7194919080793283,0.04941222022060432,0.08452792393504216,0.0764828809664784,0.013731400801086285,7.864706798950868e-05,2.9651124477386475,1.557483196258545,0.00020406442567288526,0.1374282669536977,0.0,0.0,0.0034882033604688163,0.005376648334213447,1.3244150833745234,12.7389976978302
339,2712619.7300587497,1111966.713875461,0.0,0.0,False,False,,0.0,6.189311700245245,4.493934789596783,2.761984641424136,0.07260678101397311,0.08559285040119902,0.07772229684078165,0.017114295534562146,3.104465807586252e-05,2.97807240486145,1.8189303874969482,7.184757495583734e-05,0.13640316072724623,0.0,0.0,0.0049632839119369936,0.008225127429619292,0.9469725370031971,12.761728525161743
