number,value,datetime_start,datetime_complete,duration,params_adaptive_alpha_pos,params_adaptive_lambda,params_i_clamp_ori,params_i_clamp_pos,params_i_gain_ori,params_i_gain_pos,params_k_pos_max,params_k_pos_min,params_m_pos_max,params_m_pos_min,params_zeta_pos,state
0,1559801.463318219,2026-05-07 02:44:27.892324,2026-05-07 02:44:43.363178,0 days 00:00:15.470854,24.691424506821164,68.13047017599905,0.007958905373210113,0.020405192903637327,116.00290365511322,1816.0141013295356,2089.7663659937934,341.1053504286575,0.3860757465489678,0.055332536888805156,0.7965583595372332,COMPLETE
1,1544190.6993131135,2026-05-07 02:44:43.364543,2026-05-07 02:44:58.825844,0 days 00:00:15.461301,42.46789304965721,11.819655769629314,0.008031753929323891,0.04897368042717268,105.70133630715011,1622.8664766147458,1142.072116395774,470.2386553170644,0.32721782443757297,0.05336059705553755,0.5609905097910785,COMPLETE
2,1517726.1388294115,2026-05-07 02:44:58.827405,2026-05-07 02:45:14.526153,0 days 00:00:15.698748,28.483174478753224,95.02020253446256,0.004670273255722175,0.0391632170928424,39.101117331508966,1004.9252979838901,2279.8420426550474,147.3097703475733,0.4122116705145822,0.04668645686304026,0.6003473011863325,COMPLETE
3,1596658.3438709418,2026-05-07 02:45:14.527455,2026-05-07 02:45:30.166836,0 days 00:00:15.639381,35.681913459656755,94.93732706631617,0.0007902096219668443,0.03548629740450872,58.07351491792756,911.1634309754362,2224.191445444843,347.05419883035086,0.10751592017454206,0.05727496093799621,0.9318537978123298,COMPLETE
4,2069405.9841024417,2026-05-07 02:45:30.168241,2026-05-07 02:45:46.821184,0 days 00:00:16.652943,30.658854668804583,42.73396938483604,0.00224699220972938,0.006898150915905348,118.72112218651488,1045.6225728859445,1257.8525953097067,184.15302442953634,0.36825514784726376,0.0670099048291211,0.7207998456469287,COMPLETE
5,1906096.3894383989,2026-05-07 02:45:46.822735,2026-05-07 02:46:02.122151,0 days 00:00:15.299416,9.966881352393731,24.307262528096775,0.0038135066724774482,0.011435953360642568,25.20012464834752,1415.7603020909648,1932.6215457126127,201.31664101591286,0.3612433301861594,0.01696964227061463,0.6710979144011219,COMPLETE
6,1781944.5225065611,2026-05-07 02:46:02.123657,2026-05-07 02:46:17.722800,0 days 00:00:15.599143,48.954248968565174,52.178608148293144,0.002971508233248814,0.0038810140282073925,91.31899373381319,1328.237383566578,1192.1968157879262,435.1779629995216,0.13884051031722452,0.08227832975494558,1.183521625509377,COMPLETE
7,1531880.7234976694,2026-05-07 02:46:17.724259,2026-05-07 02:46:33.184695,0 days 00:00:15.460436,36.16124537165089,15.773274671390592,0.0011206170054327285,0.027115906566401587,39.192844003339,1263.2224721511777,1635.966358787952,147.49108758169763,0.218456079008858,0.012899459560103722,0.7899840961602689,COMPLETE
8,1477184.1936930867,2026-05-07 02:46:33.186223,2026-05-07 02:46:48.450479,0 days 00:00:15.264256,18.02327418262405,74.4694483706709,0.008323612286330159,0.0029651622169996907,74.51642282910915,611.4253154120986,2334.8207599273633,227.42758098052946,0.4717184790304857,0.05801870306006175,0.5922585036830745,COMPLETE
9,1603357.7112877297,2026-05-07 02:46:48.451955,2026-05-07 02:47:03.645219,0 days 00:00:15.193264,30.92708004880266,32.387782916796226,0.009536940312866454,0.01270791836674968,72.94770963699608,1306.4712831621264,2470.38804424519,208.00318927686595,0.37112661471849206,0.0014648521430621596,1.1735319815822067,COMPLETE
10,1828152.3247272847,2026-05-07 02:47:03.646745,2026-05-07 02:47:19.041126,0 days 00:00:15.394381,17.156287090821575,45.902459385011866,0.007526768607166116,0.01896635807073859,77.21604972939555,1050.1387806775974,2865.47795835782,262.65886987018405,0.40329041330275783,0.059248964731139594,0.6136264781066042,COMPLETE
11,1568159.3745024563,2026-05-07 02:47:19.042521,2026-05-07 02:47:34.549548,0 days 00:00:15.507027,29.896145459237538,68.11022349537035,0.004487343835926377,0.03375175903634868,29.242123687956486,804.8907787801138,2092.4659983310744,208.56377383760505,0.37686397179360565,0.033572496239117594,0.6344119112632477,COMPLETE
12,1576016.9498732516,2026-05-07 02:47:34.551068,2026-05-07 02:47:50.141270,0 days 00:00:15.590202,23.916157099869707,94.71971807070985,0.00704846104702057,0.003654453190935895,70.30695326744659,757.389232239512,2231.972818931746,157.22308395540085,0.46437636302786517,0.06510457158848906,0.6539782177681525,COMPLETE
13,1617940.7867938203,2026-05-07 02:47:50.142712,2026-05-07 02:48:05.454171,0 days 00:00:15.311459,42.55001122335295,69.40767101328325,0.0034600873777905043,0.030600714583217163,11.016427145687775,1440.9940787354408,2911.561632452136,133.42910962944276,0.4905642007816088,0.07163882599231947,0.6301690870732923,COMPLETE
14,1557459.9139425997,2026-05-07 02:48:05.455631,2026-05-07 02:48:20.761071,0 days 00:00:15.305440,24.716380992162005,93.3668583268789,0.0038844741495022267,0.043419008578725445,55.221139950275905,1638.1293855582812,2788.1731672098103,260.1709962718634,0.3916365913554555,0.03915310691663156,0.5853877876223408,COMPLETE
15,1833593.2838760188,2026-05-07 02:48:20.762803,2026-05-07 02:48:36.220814,0 days 00:00:15.458011,19.09834968925852,55.54432406563414,0.008684858656532686,0.012225477199848745,88.11942865053058,979.0577170285679,1708.8727470223753,228.90156981088288,0.45283836020909546,0.03201136327512298,0.5667599341607491,COMPLETE
16,1608703.6044223453,2026-05-07 02:48:36.222404,2026-05-07 02:48:51.538918,0 days 00:00:15.316514,14.065234240662718,84.29474203485725,0.007837523639103974,0.006898339486524388,66.64656353979355,1099.473544329509,2335.757651758863,436.5586065363807,0.41984449289481707,0.02871210492147605,0.7874622509148178,COMPLETE
17,1528047.408532465,2026-05-07 02:48:51.540358,2026-05-07 02:49:06.989522,0 days 00:00:15.449164,44.17979869046422,90.4306668224098,0.008399679291692422,0.044451838428775196,46.45415075576063,1431.9047351649006,2389.129863246303,193.54194948602193,0.3366208682758233,0.04974445827415793,0.7131365982833964,COMPLETE
18,1798946.3382572364,2026-05-07 02:49:06.990980,2026-05-07 02:49:22.471297,0 days 00:00:15.480317,13.029618530609396,61.62804467613327,0.008852122862048459,0.011845205116242605,70.72354027065221,637.7656975871232,2415.865753373819,278.22546649870253,0.47793591880079567,0.05734640690159705,0.9637579680681668,COMPLETE
19,1725282.0377455386,2026-05-07 02:49:22.472756,2026-05-07 02:49:38.019192,0 days 00:00:15.546436,7.663479908814555,85.9451587612265,0.006568454848442987,0.03556149800615505,49.77113756157762,541.1441068672593,2355.2716793237137,276.40865926052584,0.4961853867487867,0.09996937371653289,0.65544904842446,COMPLETE
20,1677955.938319713,2026-05-07 02:49:38.020640,2026-05-07 02:49:53.503546,0 days 00:00:15.482906,8.835820718582411,88.61818507348049,0.00769637175997436,0.04130732170686144,51.70021233806783,725.719636658954,2530.493841767542,135.85266590746667,0.3835016674509035,0.02355814767236784,0.7057999344090461,COMPLETE
21,13066580.626135116,2026-05-07 02:49:53.505013,2026-05-07 02:50:09.131633,0 days 00:00:15.626620,44.6029945311162,79.90565726763496,0.007324148453950539,0.045175755740462245,78.37335772544124,1261.0685579285941,1997.8238487747035,163.31498773999164,0.3962988580493273,0.07051231182545001,0.6294064816476368,COMPLETE
22,1000000000.0,2026-05-07 02:50:09.133097,2026-05-07 02:50:16.398792,0 days 00:00:07.265695,30.24098438217711,92.03773331239843,0.006279934541296599,0.04655750078290239,21.107009624617834,737.439387939782,2446.5346903868653,147.39015448679984,0.4204865942239285,0.0605193500713353,0.6846104666739421,COMPLETE
23,1464183.1790091046,2026-05-07 02:50:16.400271,2026-05-07 02:50:31.921966,0 days 00:00:15.521695,47.36810635530645,69.43520143822425,0.009724565614277772,0.036795515703199916,53.82606524439732,1263.0202840173827,2696.5439178414845,213.0286088229275,0.34613739722761305,0.026443817756699597,0.7605760668761876,COMPLETE
24,1548943.589317101,2026-05-07 02:50:31.923466,2026-05-07 02:50:47.806952,0 days 00:00:15.883486,42.7165562524654,28.39534701465334,0.007488904971734088,0.04422813687542401,58.13517038043848,1449.287710480319,2307.827757227218,273.4544057943095,0.3630088998878018,0.011574648678231953,0.7758410371481608,COMPLETE
25,1000000000.0,2026-05-07 02:50:47.808495,2026-05-07 02:50:55.064960,0 days 00:00:07.256465,43.42043958755423,65.06491609440002,0.009138060369352923,0.017757102760118056,63.428672185641794,1223.4401410530934,2768.572897233704,130.08105072175627,0.3541478298106697,0.0025815821290738825,0.808037547841005,COMPLETE
26,1653332.9819467084,2026-05-07 02:50:55.066764,2026-05-07 02:51:13.919686,0 days 00:00:18.852922,49.492103397021225,71.52300399047702,0.008909547699785036,0.03703769643622382,76.46154409344561,1162.4857623557623,2818.616258176047,276.08238425659374,0.19573353938427213,0.033423998846765696,1.122161188795951,COMPLETE
27,1555289.64602844,2026-05-07 02:51:13.921172,2026-05-07 02:51:29.808550,0 days 00:00:15.887378,38.183123700359275,78.67932503023253,0.00950503422982071,0.026057382372840297,72.06297342260547,1433.9347663847661,2169.080567806352,316.31475954263567,0.22133897698105504,0.015462620803492201,0.6009624940872186,COMPLETE
28,1625354.516877429,2026-05-07 02:51:29.810077,2026-05-07 02:51:45.298362,0 days 00:00:15.488285,10.123912987385394,69.24684526313854,0.008596798283035806,0.007340173237714289,49.40542005619908,357.7370300876038,1822.3653170110586,129.46188430841772,0.279549042096294,0.0728543593102082,0.5130555984927325,COMPLETE
29,1000000000.0,2026-05-07 02:51:45.299829,2026-05-07 02:51:52.581165,0 days 00:00:07.281336,38.671805763445136,90.24363508133695,0.009374855870426416,0.042078432781507566,90.99703383904827,710.1433606142093,2893.5298617901326,236.8589007679636,0.2768320292963403,0.02400416338848451,0.5987898565714574,COMPLETE
30,1513750.052658207,2026-05-07 02:51:52.582657,2026-05-07 02:52:08.372666,0 days 00:00:15.790009,25.76007873170197,75.27595876202145,0.009052353790701118,0.006888409748412202,50.799519511371315,533.0089089478081,2013.9710675808028,368.3922722336097,0.3639839120845728,0.06114507641911724,0.5990698772316149,COMPLETE
31,1183013.5647806285,2026-05-07 02:52:08.374159,2026-05-07 02:52:24.463211,0 days 00:00:16.089052,24.759677894843335,80.88908775565615,0.007768477387183389,0.002281455008608788,46.8089687757852,340.93918084629024,2004.531184504142,386.4845618309012,0.4169202997578295,0.07858812623186968,0.5459004226886454,COMPLETE
32,1230962.0639072948,2026-05-07 02:52:24.464668,2026-05-07 02:52:40.197000,0 days 00:00:15.732332,25.022561989077538,82.18313035902776,0.006476491605286827,0.0032150860529087995,64.02244741511154,342.12405327051465,1994.5601391608704,391.6122859618515,0.42371921634353105,0.07504965927016724,0.5671652840044238,COMPLETE
33,1523484.7636740778,2026-05-07 02:52:40.197778,2026-05-07 02:52:55.732230,0 days 00:00:15.534452,46.706896227144284,88.99877331233637,0.008535482422109913,0.004137158074555598,71.54641338380152,469.6324250270819,1826.5462006569528,497.5566592649625,0.41718073276840434,0.08873557046498223,0.6170769809222916,COMPLETE
34,12638065.731627775,2026-05-07 02:52:55.733779,2026-05-07 02:53:11.635209,0 days 00:00:15.901430,19.23152725012382,74.06051475306677,0.004151960844967712,0.015146501255169816,58.401327944083704,353.1429437456696,1457.554379418727,332.11430049872536,0.3576897242044602,0.056970748528169995,0.5049960875080022,COMPLETE
35,1516306.4896402329,2026-05-07 02:53:11.636751,2026-05-07 02:53:27.311210,0 days 00:00:15.674459,14.008558447334496,99.13428573264088,0.004544867935253646,0.015239961686452898,76.0422584746928,530.571188987355,2323.6214230122373,416.97482666258844,0.435718430052484,0.06618203251251767,0.5656271238286336,COMPLETE
36,1370406.8096712336,2026-05-07 02:53:27.312723,2026-05-07 02:53:43.418837,0 days 00:00:16.106114,36.97347535747517,87.89485019283741,0.005090886071813945,0.003440622153833683,22.69082631751607,488.19362985386215,1972.2442776839987,286.2133289642053,0.4885467875381639,0.06885431810513519,0.5489900408321157,COMPLETE
37,13705769.663106225,2026-05-07 02:53:43.420365,2026-05-07 02:53:59.912207,0 days 00:00:16.491842,41.80112253746341,88.2451678927853,0.004306590521936009,0.007982744477463083,26.211364664923433,836.1125745087861,2035.176245557342,223.018029551168,0.4352070333396669,0.09658062125083358,0.5806048674122959,COMPLETE
38,1376370.741478867,2026-05-07 02:53:59.913741,2026-05-07 02:54:15.891048,0 days 00:00:15.977307,10.132215162313841,68.94062633945325,0.006834492379680714,0.011338086119928162,46.58423311353616,301.088152151722,2212.2536255266064,443.59084531037144,0.25401931785780585,0.08990703768985835,0.5839034923294916,COMPLETE
39,1576396.1546641744,2026-05-07 02:54:15.892640,2026-05-07 02:54:31.837432,0 days 00:00:15.944792,5.855898071519364,61.695843423285,0.004665327891607273,0.021457948110954625,29.880560326028768,345.59543146120643,2436.731898418682,435.23756046712606,0.2896439646661144,0.08527774647532761,0.7511163222363935,COMPLETE
40,1265962.3022953672,2026-05-07 02:54:31.839045,2026-05-07 02:54:50.628573,0 days 00:00:18.789528,24.50164983991441,97.11969450836484,0.005782591775541305,0.003813773830188315,28.54520695251888,372.1013063135699,1923.3028199662306,442.28790203778794,0.38209147554530387,0.09188383570799431,0.5519973676054931,COMPLETE
41,1000000000.0,2026-05-07 02:54:50.630259,2026-05-07 02:54:58.058204,0 days 00:00:07.427945,5.903307483204941,83.70648681179208,0.008797519914564896,0.005047755913864512,41.97478348334493,343.12656845625304,1743.3027838376352,418.72913149165583,0.233140731795017,0.09848428379223535,0.6569206959586027,COMPLETE
42,1446471.7238098176,2026-05-07 02:54:58.059661,2026-05-07 02:55:13.653124,0 days 00:00:15.593463,29.43342033680097,87.2275504698379,0.005218756013145275,0.017148379338771377,54.68890551134814,493.07180637998147,1779.5831537396089,424.2117406178021,0.32032956486092334,0.09808807986063409,0.7109849898241127,COMPLETE
43,1425313.5854766318,2026-05-07 02:55:13.654677,2026-05-07 02:55:29.171051,0 days 00:00:15.516374,41.55215184905554,76.00291366692859,0.004908738158721187,0.007612076824125893,34.53864722405523,433.29345498824375,1957.8002140364683,393.4100986703177,0.4506697803782784,0.043066126149752665,0.63759553177995,COMPLETE
44,1254281.761190778,2026-05-07 02:55:29.172532,2026-05-07 02:55:48.072944,0 days 00:00:18.900412,29.985654063109756,91.44363578834823,0.00739602060759348,0.004084216380801636,28.192541266459518,313.50935950080327,2822.8170038762964,358.951419531864,0.4015955389925306,0.08860397954137585,0.5575121907509845,COMPLETE
45,1000000000.0,2026-05-07 02:55:48.074395,2026-05-07 02:55:55.424936,0 days 00:00:07.350541,25.220751154740007,94.16140059268643,0.006891581738521901,0.010734445829899018,22.177922552922933,313.6423658387094,2641.965790198825,341.70665976941564,0.4348201740664508,0.09471901557418269,0.729642087568948,COMPLETE
46,1547765.7456133594,2026-05-07 02:55:55.425576,2026-05-07 02:56:10.918239,0 days 00:00:15.492663,22.582963426736562,95.80632128132022,0.005560067630227182,0.007423557143330973,26.53897867776704,403.4903566808341,1742.3204358781268,446.8630420277029,0.4327825391559197,0.07137227247608809,0.5941972252791969,COMPLETE
47,1458424.6326499854,2026-05-07 02:56:10.919807,2026-05-07 02:56:26.509811,0 days 00:00:15.590004,29.977223494046733,68.1724656228305,0.005160831768665674,0.006423208006704015,72.80337393754735,368.5433626952424,2299.075712937163,365.2269889661888,0.4727877282501164,0.07081906199018725,0.573935071711964,COMPLETE
48,1484822.770124204,2026-05-07 02:56:26.510450,2026-05-07 02:56:41.997434,0 days 00:00:15.486984,32.56138891687217,69.03751293788068,0.0030425348476947364,0.003925511196663748,36.7567037838588,341.63777680745983,1769.2266963772538,147.19164910942516,0.4617783625304806,0.04708380298842452,0.5470664814738787,COMPLETE
49,1599806.471943204,2026-05-07 02:56:41.999036,2026-05-07 02:56:58.408963,0 days 00:00:16.409927,37.24709486909502,96.78211716413504,0.007912311342977107,0.01285016451489816,10.978471503432548,567.0927806204969,2656.655861248706,188.60117408828268,0.44121042945091254,0.04188401161523428,0.5279519130352093,COMPLETE
50,1397524.07988379,2026-05-07 02:56:58.409635,2026-05-07 02:57:13.999191,0 days 00:00:15.589556,33.330131543772495,68.18220951291796,0.008294863695398846,0.0051645616115765045,29.339836668579732,375.54946221737765,1973.6300461907388,354.5425033276599,0.43591398589360475,0.09548730429605254,0.550048608797005,COMPLETE
51,1505940.2206675995,2026-05-07 02:57:14.000640,2026-05-07 02:57:29.504688,0 days 00:00:15.504048,9.716129293719279,61.736535456101905,0.007903745064390441,0.010214300086511249,34.17630771810006,497.3740052371647,2692.0380272775205,424.32141015998644,0.2263053929849735,0.06611586735760482,0.5272425650559975,COMPLETE
52,1380221.525134386,2026-05-07 02:57:29.506128,2026-05-07 02:57:45.191165,0 days 00:00:15.685037,8.098277466188183,75.94029947168232,0.004536325408011183,0.004761162818970034,51.41667747386305,454.1762268148586,2033.001056441054,471.76413064256406,0.22981213989107643,0.06969969020882939,0.7268752201608735,COMPLETE
53,1572086.779141963,2026-05-07 02:57:45.192786,2026-05-07 02:58:00.966365,0 days 00:00:15.773579,44.749717175591776,94.49600785318977,0.005835097111388855,0.008670692804598513,19.321561869549434,526.3822361501259,2056.371832440432,251.33287000423564,0.42074930786717096,0.06241907536886435,0.619102193453209,COMPLETE
54,1410217.686365918,2026-05-07 02:58:00.967812,2026-05-07 02:58:17.156210,0 days 00:00:16.188398,34.01026565324961,96.35725686493853,0.007252869450395482,0.009114456719199035,52.859448610401714,441.962084266004,2557.9286761389367,424.7901999008362,0.2953767067035883,0.06750389388151368,0.5171844373280207,COMPLETE
55,1268480.5973547597,2026-05-07 02:58:17.157656,2026-05-07 02:58:32.759118,0 days 00:00:15.601462,26.78704926950654,44.76239921455076,0.007251072369676672,0.0021584554847351887,13.712655502466122,698.1905156746404,2725.921716529637,449.3217444489959,0.38565131021172744,0.07481485021204082,0.5400660512419903,COMPLETE
56,1556905.9962119022,2026-05-07 02:58:32.760572,2026-05-07 02:58:48.568614,0 days 00:00:15.808042,33.65894629997722,36.91508594690381,0.006807464934378836,0.006234851460506475,35.054967853176784,891.5258081583527,2425.169759129474,334.41589993927624,0.3599045197992748,0.03505931781221329,0.6250574752343003,COMPLETE
57,1784385.783732455,2026-05-07 02:58:48.570177,2026-05-07 02:59:05.256397,0 days 00:00:16.686220,28.693387462380905,67.39222112092837,0.007558283809235995,0.010227601695486806,13.43879567020768,832.0439820729324,2912.8890525941306,491.0758121285618,0.43815090339346585,0.0759859226761079,0.5438057234429541,COMPLETE
58,1000000000.0,2026-05-07 02:59:05.257971,2026-05-07 02:59:12.728899,0 days 00:00:07.470928,47.15468739051363,98.13253228203976,0.007547313501671934,0.003632975170889512,38.05790773665798,342.5137843037273,2864.5268499973786,368.0074691583004,0.45436606111179906,0.08696671647397061,0.5235057808607407,COMPLETE
59,1730261.4868389934,2026-05-07 02:59:12.730318,2026-05-07 02:59:31.327773,0 days 00:00:18.597455,15.91664960334017,97.67037482801288,0.008464759076295543,0.007406569579449978,53.843951482641884,881.1438462296849,2955.245933566892,380.46477847527694,0.4539674400452495,0.08719411243240296,0.5230499367622885,COMPLETE
60,1451175.4086979898,2026-05-07 02:59:31.329307,2026-05-07 02:59:46.815754,0 days 00:00:15.486447,27.56693887758002,29.360525594670985,0.005849061681035926,0.0031828858834047815,27.53215555110524,1101.3118799125805,2629.3195164416993,451.3386331427526,0.40345548806021403,0.08028239332526797,0.6550503666817495,COMPLETE
61,1488770.778764975,2026-05-07 02:59:46.817246,2026-05-07 03:00:05.403335,0 days 00:00:18.586089,14.00832002950047,86.45493378436079,0.005070031405021462,0.0026406052922320843,12.96256833430147,643.5965038805165,1904.765272436612,253.33596417686738,0.4815137374946583,0.07430024382264862,0.5688780729065223,COMPLETE
62,1000000000.0,2026-05-07 03:00:05.405054,2026-05-07 03:00:12.611210,0 days 00:00:07.206156,26.420028219399896,79.96505413332993,0.008832307123519978,0.00265273567267626,86.99133827511106,657.6746458728906,2254.702827233395,431.15610365371697,0.408001521591406,0.09889719460042222,0.5973330053766924,COMPLETE
63,1000000000.0,2026-05-07 03:00:12.612841,2026-05-07 03:00:20.011550,0 days 00:00:07.398709,20.778600743749315,28.56380296426144,0.0068988534880357446,0.005126533880468839,64.60521601773681,752.7658687513508,1420.0663282843198,364.7694031317556,0.25664086327253893,0.08647055220209338,0.6100309677974142,COMPLETE
64,1380937.3631618456,2026-05-07 03:00:20.013144,2026-05-07 03:00:35.908200,0 days 00:00:15.895056,31.47791085633508,42.95469915068738,0.006775472500784395,0.012281843476456437,12.78221434407941,426.711069293578,2375.286634067302,495.20528776125883,0.32805992379083265,0.08242290170031329,0.5350654780546288,COMPLETE
65,1262596.4840669902,2026-05-07 03:00:35.909639,2026-05-07 03:00:51.610371,0 days 00:00:15.700732,24.920154994923305,86.84647765546507,0.007385717386700793,0.0024833413376109574,38.51482744590293,526.5049654324771,2984.597677275261,343.5821705610449,0.33789264812763964,0.09592536423808135,0.5749700063916809,COMPLETE
66,1463231.716714263,2026-05-07 03:00:51.611936,2026-05-07 03:01:07.334190,0 days 00:00:15.722254,30.80357233653498,47.43640233463402,0.00641462526184594,0.015026703838299627,51.29396282544306,474.05030348853006,2986.603597053814,328.2201111381154,0.2685618879399265,0.0798209813760155,0.6812332264852107,COMPLETE
67,1000000000.0,2026-05-07 03:01:07.335686,2026-05-07 03:01:15.633453,0 days 00:00:08.297767,20.577897216896407,91.1558638665964,0.005162010956968088,0.002143704712550643,20.46922676727583,694.5463617200714,1910.4203103214336,480.20585410739704,0.39696688545328906,0.09724224566676351,0.6798275465050694,COMPLETE
68,1296269.6306038585,2026-05-07 03:01:15.634952,2026-05-07 03:01:31.416037,0 days 00:00:15.781085,31.48259215122023,87.36423269405736,0.0036315870859929002,0.0040399413552463835,48.0518118683896,463.7596497431425,2700.8567809051706,412.97616436915035,0.4365806828590255,0.09797875694059131,0.6120333282002415,COMPLETE
69,1503283.7784501654,2026-05-07 03:01:31.417623,2026-05-07 03:01:46.907264,0 days 00:00:15.489641,33.428105757686566,27.526023941558492,0.0071624192253736925,0.004887383235479369,17.219980038521708,610.237466047381,2908.231536310519,335.0112611941143,0.483884547002399,0.06139640843167482,0.6258612552716004,COMPLETE
70,1340654.1960023437,2026-05-07 03:01:46.909044,2026-05-07 03:02:02.393083,0 days 00:00:15.484039,32.493885511255975,97.40658835171303,0.006230156270213291,0.012831042233035602,25.14664674581844,300.37126426461055,2281.6399010615773,436.33436417863595,0.34747355170942834,0.09807923032248425,0.5214739126611655,COMPLETE
71,1573804.320061682,2026-05-07 03:02:02.394505,2026-05-07 03:02:18.291600,0 days 00:00:15.897095,24.673125829049432,96.61864873977237,0.0009579343541444166,0.01848205125304445,52.88727336403764,683.3919565666743,2558.728809086456,383.5309737941654,0.46883659368419583,0.09972755789868729,0.539124214459784,COMPLETE
72,1371228.258146837,2026-05-07 03:02:18.293144,2026-05-07 03:02:33.979957,0 days 00:00:15.686813,19.034271127742173,91.08995783046775,0.0031379196661457096,0.0023238666764073376,26.762294854241667,592.671155693746,1832.3042595148165,340.82043775278635,0.30294498203835374,0.09926960637248869,0.5107152723460647,COMPLETE
73,1415794.6938108313,2026-05-07 03:02:33.980733,2026-05-07 03:02:49.423496,0 days 00:00:15.442763,36.07277848918519,90.93964221484678,0.00450964105968792,0.012973509520527927,31.455871179981315,558.0369511068016,2997.1596630555255,470.4669053492704,0.3587236347319098,0.09874302441541435,0.640611557674641,COMPLETE
74,1563096.2001742634,2026-05-07 03:02:49.425068,2026-05-07 03:03:05.078201,0 days 00:00:15.653133,20.173329115284417,62.487052736358464,0.003706427372757247,0.00475130909279035,55.73981173667643,489.78287621357504,2982.587162511045,294.2002690121738,0.25963169890564586,0.09715266745131743,0.6028214253188021,COMPLETE
75,1433984.455912656,2026-05-07 03:03:05.079792,2026-05-07 03:03:21.556262,0 days 00:00:16.476470,49.20644309307028,56.532923826683216,0.002466759053630128,0.004602053044466863,56.33270332525649,488.5905228195171,2542.8852463688677,440.70875910857455,0.38976188128133976,0.0959290710510842,0.513312778709401,COMPLETE
76,1522411.6642320966,2026-05-07 03:03:21.557870,2026-05-07 03:03:37.311935,0 days 00:00:15.754065,33.2844903819508,90.14906854962577,0.009053844839526466,0.008457475622669006,49.041730936482736,364.57695083961625,2795.1040781132115,214.31084489995067,0.2883435982670197,0.0845260690517257,0.5001555859572769,COMPLETE
77,1433929.448813872,2026-05-07 03:03:37.313491,2026-05-07 03:03:52.907336,0 days 00:00:15.593845,32.404409172048304,73.35557742280717,0.007341274181447514,0.004304845715305889,32.15140883255265,525.7782733980092,2880.9646589778026,394.62371812123786,0.3429949117102214,0.0842809668946549,0.5722124512843307,COMPLETE
78,1560487.2231900892,2026-05-07 03:03:52.908918,2026-05-07 03:04:09.482109,0 days 00:00:16.573191,17.88770870275889,81.17149181176211,0.008267362798736445,0.0044518137184796315,38.46291216416404,780.8204488339554,2503.7208268556324,318.15443538314355,0.3226365169639394,0.099468378652292,0.5981520283552579,COMPLETE
79,1353811.1539904599,2026-05-07 03:04:09.483020,2026-05-07 03:04:25.092751,0 days 00:00:15.609731,36.90444020235307,93.93000862559622,0.0036280702198764865,0.007123900601335605,60.35699881934612,356.8489565628112,2038.9132754373768,420.3217852271074,0.4382492068957284,0.09939771136225119,0.5747534270112679,COMPLETE
80,1323924.4896289345,2026-05-07 03:04:25.094527,2026-05-07 03:04:40.667975,0 days 00:00:15.573448,25.775923333324965,97.72036581940071,0.0073656384799675265,0.0034876365228764736,34.72709146362272,340.6867756779812,2636.2485769544555,311.70528331128986,0.36248697384026113,0.09787539426434878,0.5080439728060344,COMPLETE
81,1625883.8663864306,2026-05-07 03:04:40.669728,2026-05-07 03:04:56.295226,0 days 00:00:15.625498,23.58830557060109,86.96033958698719,0.008105057401139112,0.019168014610170307,73.72702078377685,307.01532460114606,1521.7497715674986,361.15005880653644,0.46959250617467563,0.07778806595028744,0.6219068954644182,COMPLETE
82,1440744.4004870371,2026-05-07 03:04:56.296834,2026-05-07 03:05:11.883936,0 days 00:00:15.587102,15.509206544189093,83.40803904223874,0.00935978124313347,0.002423864156207954,51.02396229235093,783.7346163344621,1448.3540155640403,378.7447128252546,0.4074180764294646,0.09211107659766167,0.5114320543895748,COMPLETE
83,1569217.9188906008,2026-05-07 03:05:11.885593,2026-05-07 03:05:27.410246,0 days 00:00:15.524653,22.73562116336535,73.95355088173096,0.007170467027680798,0.015019671765261583,45.72110884386628,530.2065777912205,2650.0169365434417,246.96854399361192,0.3834617451055218,0.07254280477699249,0.6151309906940317,COMPLETE
84,1711950.353508464,2026-05-07 03:05:27.411693,2026-05-07 03:05:44.503802,0 days 00:00:17.092109,33.33253486167331,97.73207587837312,0.00842650716156086,0.020278550879219585,39.47911078449353,430.26103513216253,1704.252287196327,463.77759167305055,0.30866079772490707,0.09134779541695605,0.5454936274502344,COMPLETE
85,1565921.2722812837,2026-05-07 03:05:44.505360,2026-05-07 03:06:00.181794,0 days 00:00:15.676434,15.022464659854817,96.48738450238639,0.005661494106598096,0.01505454030298636,56.64539615381898,456.58150937549755,2651.329502622626,299.43829272627517,0.3731674645363865,0.09770908862745646,0.5292612509930306,COMPLETE
86,1323778.8282425639,2026-05-07 03:06:00.183219,2026-05-07 03:06:16.070648,0 days 00:00:15.887429,34.378650779969604,86.66737957532015,0.007907041686469735,0.01030579136155645,16.069845843764806,382.39350106885456,2402.7045729124625,487.6722024049506,0.352266425980846,0.0950499960991828,0.6563386676466869,COMPLETE
87,1000000000.0,2026-05-07 03:06:16.072153,2026-05-07 03:06:23.287875,0 days 00:00:07.215722,20.756230260478844,90.92539575904111,0.0055706434537991685,0.0020293382423745327,51.25823823741824,339.7211821593618,1752.253421418328,419.6099222107625,0.42427863432192003,0.09228349426613706,0.5640472681992112,COMPLETE
88,1414524.583742155,2026-05-07 03:06:23.289328,2026-05-07 03:06:38.972242,0 days 00:00:15.682914,46.210959729165964,74.13038866637535,0.006765432478447404,0.012362158627382049,22.324297523523136,344.4219647445099,2417.5892601394344,414.7448753011814,0.18147758600367342,0.07534504773301384,0.7579033006385486,COMPLETE
89,1251212.216562588,2026-05-07 03:06:38.973686,2026-05-07 03:06:55.061212,0 days 00:00:16.087526,21.427571674405687,96.97976188386595,0.0036479519703789855,0.0038420874486663694,25.58468367691388,417.01465586725425,2979.739914887277,452.3181614639542,0.4130250542849194,0.07094264278715323,0.6827213368380073,COMPLETE
90,1393759.3536765354,2026-05-07 03:06:55.062821,2026-05-07 03:07:10.999457,0 days 00:00:15.936636,22.9346312908976,82.95249837728458,0.003172881570604682,0.007911165911219962,35.30347164222282,399.9598876739429,2585.3535581088163,422.9276485668742,0.409575719707904,0.05523735300388467,0.5611939482591596,COMPLETE
91,1378129.355269077,2026-05-07 03:07:11.001054,2026-05-07 03:07:29.605244,0 days 00:00:18.604190,17.871530258731816,61.03057752114215,0.007964310445715005,0.005356089305676411,39.09365149029703,391.3104070534727,2416.8541419170742,431.4947862888033,0.46075632118365273,0.0993945223875886,0.5599175303338758,COMPLETE
92,1334259.7944643197,2026-05-07 03:07:29.606746,2026-05-07 03:07:45.201626,0 days 00:00:15.594880,22.567078146526224,93.7598928204376,0.007566904795844241,0.008676254658016767,12.964680828564234,301.5563225421528,2632.0250457723455,399.4851577370259,0.21317513914609104,0.08377710135719522,0.586259660950378,COMPLETE
93,1207584.7035453927,2026-05-07 03:07:45.203174,2026-05-07 03:08:01.034399,0 days 00:00:15.831225,32.315379686503114,60.04963462327464,0.0025207163761454088,0.003910945307349436,50.00712552661143,335.30044247906585,2820.784600695125,413.7556848663701,0.4573176072508183,0.0845325160304419,0.7060798275583416,COMPLETE
94,1555353.055921978,2026-05-07 03:08:01.035266,2026-05-07 03:08:16.607166,0 days 00:00:15.571900,29.347783358521546,45.249708405788056,0.0019068020756329547,0.005693475337337037,65.70848148346819,569.3055913211451,2642.312419798092,288.41784537277306,0.47482954351012835,0.08945844338031432,0.6533014640549362,COMPLETE
95,1450790.4953503932,2026-05-07 03:08:16.608753,2026-05-07 03:08:32.095202,0 days 00:00:15.486449,16.795588403041002,72.65536052467873,0.0019843633324417784,0.0037151876035769003,56.78652367119241,764.5196908665073,2360.3580117883243,386.8471962201446,0.4634613172181434,0.07655692813556372,0.840699343786592,COMPLETE
96,1404495.383597813,2026-05-07 03:08:32.096675,2026-05-07 03:08:47.688551,0 days 00:00:15.591876,48.35697675901239,62.669492905137034,0.008965086820182835,0.011515941885930912,19.822048706540635,524.7698983090006,2529.9206580833884,446.88862063357544,0.44837304709982817,0.09175415710275452,0.7815926468829302,COMPLETE
97,1277332.062754963,2026-05-07 03:08:47.690139,2026-05-07 03:09:03.272558,0 days 00:00:15.582419,38.102072417034236,96.75010367311414,0.009165882960874859,0.02063291255778655,10.488554149662574,323.02387716814906,2455.635733157935,491.34390366358934,0.39859832833437286,0.09542799175504511,0.6340898340057579,COMPLETE
98,1000000000.0,2026-05-07 03:09:03.274161,2026-05-07 03:09:10.652276,0 days 00:00:07.378115,19.44113152220728,46.572754393638135,0.006641463706598345,0.007030299613829094,10.428449155983753,616.4708123463234,2888.16086135472,403.2997614463953,0.3988587990199871,0.07679137820108557,0.5343014610776279,COMPLETE
99,1376564.7542180205,2026-05-07 03:09:10.653800,2026-05-07 03:09:26.293166,0 days 00:00:15.639366,28.41385534881748,67.24888393401494,0.0012940903613302295,0.008336373606845481,33.734307207164754,306.5819478711308,2318.2924810861473,417.486757936385,0.4233424167656342,0.0880144944434628,0.8506736410298095,COMPLETE
100,1523245.0611222154,2026-05-07 03:09:26.294628,2026-05-07 03:09:41.933295,0 days 00:00:15.638667,32.354085036008144,91.37912729359259,0.009707300803931512,0.017639305959474966,32.66298010399865,655.526127341175,2369.3167146302476,421.24037176166854,0.4362880475357201,0.08764145066548633,0.6842279932059747,COMPLETE
101,1298242.7190414167,2026-05-07 03:09:41.934858,2026-05-07 03:09:57.676161,0 days 00:00:15.741303,33.4814993805579,65.46513912288064,0.001228303892807093,0.012826327647178632,49.18537833366137,324.86609291160863,2783.8130193689717,478.31771500361884,0.48198302068230636,0.09089890618287089,0.6243810988045982,COMPLETE
102,1512052.4386848982,2026-05-07 03:09:57.677582,2026-05-07 03:10:13.270823,0 days 00:00:15.593241,30.037958185074892,91.18764233008686,0.004050797638257088,0.009938776078833447,62.31305752900627,414.101301415934,2923.7837964026685,370.8139475405142,0.34320361382908393,0.0669594094935701,0.7599462744632987,COMPLETE
103,1499994.0123318858,2026-05-07 03:10:13.272403,2026-05-07 03:10:29.264108,0 days 00:00:15.991705,40.92022019862513,60.97405540421647,0.003821190360812491,0.011996313872845436,21.939358350129446,624.8049081394308,2900.8898807063943,388.249266648161,0.440751014250087,0.05928302974685641,0.6873918582724546,COMPLETE
104,1566607.6215042004,2026-05-07 03:10:29.265664,2026-05-07 03:10:45.385311,0 days 00:00:16.119647,23.62489430975204,93.03646797080206,0.0004500857340509275,0.009895981852720894,25.358982197358085,911.8588840007385,2936.996582281463,412.0945915470237,0.3276568347419596,0.04968440390261595,0.675832051658987,COMPLETE
105,1189170.262869492,2026-05-07 03:10:45.386883,2026-05-07 03:11:01.163012,0 days 00:00:15.776129,14.665270677378391,93.78272994150537,0.003948202097613299,0.0026471270880366674,23.53237803755001,359.70242254180556,2641.578895975481,366.0747039330321,0.40122402458712764,0.07421481368525618,0.9730967149440422,COMPLETE
106,1743455.9241910088,2026-05-07 03:11:01.163750,2026-05-07 03:11:16.968230,0 days 00:00:15.804480,8.141124191178312,91.62253982549649,0.0019814121991585864,0.010227612146491797,10.136346514619616,786.9584196694493,2952.101967767464,442.25383183757447,0.3641905457275012,0.04892157901583928,1.0280274175548814,COMPLETE
107,1253961.8388165059,2026-05-07 03:11:16.969887,2026-05-07 03:11:32.602510,0 days 00:00:15.632623,45.14667842886987,86.7631974837001,0.006642272213603048,0.033281519431169186,35.26687051501,324.9291759324062,2965.4733532393707,473.1790313185502,0.448255194171683,0.0997191295194322,0.5880153689585534,COMPLETE
108,1455088.6697247343,2026-05-07 03:11:32.604003,2026-05-07 03:11:48.188091,0 days 00:00:15.584088,39.410729540852024,84.53406777730584,0.005375275752298866,0.03895330845638774,41.47719611630244,520.8289457008756,2829.0123737539348,431.6279292919573,0.4974853021422652,0.0824220312126453,0.5410471567458124,COMPLETE
109,1225165.801577343,2026-05-07 03:11:48.189828,2026-05-07 03:12:04.086448,0 days 00:00:15.896620,21.88709561688202,94.42536494351623,0.00408687092631342,0.002044435434462299,18.38666486139907,592.8009433303827,2901.777003308189,473.3161911371868,0.44841147323020836,0.07274222103573985,0.5364354973905711,COMPLETE
110,1387404.967777925,2026-05-07 03:12:04.088030,2026-05-07 03:12:19.766594,0 days 00:00:15.678564,21.69153467761759,89.38685771190144,0.002073554393929456,0.010997437549597906,24.889079416314786,442.39602227300054,2942.6453994361286,464.46651811276786,0.44548678394080515,0.0735029090008998,0.5713084670195594,COMPLETE
111,1854325.211977428,2026-05-07 03:12:19.768309,2026-05-07 03:12:35.491526,0 days 00:00:15.723217,15.408120448967612,92.69661470479234,0.0060716337586380585,0.014449205507048505,47.96372546115032,496.97601502371765,2302.808332847402,300.2182966232659,0.49665360110940293,0.070276508711434,1.1261004672704311,COMPLETE
112,1330430.638188851,2026-05-07 03:12:35.493287,2026-05-07 03:12:51.855454,0 days 00:00:16.362167,43.31227400524252,99.88050683162349,0.008360632539563258,0.02727748081135966,22.840881290018935,384.77526878199086,2375.6754729976547,467.0576859203828,0.38270709105420886,0.09576530849738461,0.7307552490821534,COMPLETE
113,12049215.327427799,2026-05-07 03:12:51.856994,2026-05-07 03:13:07.430963,0 days 00:00:15.573969,35.99846472523849,87.3327945880628,0.009961748539687253,0.025041415153019827,33.480595740790406,353.02128344613476,2454.590405144833,476.0420067286239,0.40040373632395754,0.09309654786274478,0.6046708690397132,COMPLETE
114,1272844.4097904828,2026-05-07 03:13:07.432589,2026-05-07 03:13:23.170752,0 days 00:00:15.738163,42.125837530500746,76.56920504731036,0.00730347503012975,0.03509067287166694,47.65631105204429,318.5343489282693,2919.7073618837812,469.787638863902,0.4074070317146269,0.07860514702901172,0.722339239714113,COMPLETE
115,1636367.2468183602,2026-05-07 03:13:23.172389,2026-05-07 03:13:38.805315,0 days 00:00:15.632926,26.206630468088655,99.56812887539793,0.002139378168322009,0.01027233500318394,28.960383331842795,482.49797670517535,2518.1483572881402,344.7062200522896,0.409187995509915,0.07598878456858064,1.0847479693964066,COMPLETE
116,1281266.6057501563,2026-05-07 03:13:38.806904,2026-05-07 03:13:54.356979,0 days 00:00:15.550075,19.459723949332492,84.0348952279366,0.004261612399162536,0.0026312103674332264,23.98888346229501,650.0728973336986,2560.75874102865,377.3269646210215,0.45986129172615214,0.07935574690824193,0.8539298639897892,COMPLETE
117,1365169.1980312725,2026-05-07 03:13:54.358412,2026-05-07 03:14:10.380275,0 days 00:00:16.021863,46.32903410740287,59.6558768177304,0.004808866933148421,0.026268935382701288,26.97493192631586,471.81193280005334,2850.483648441757,455.04254725902285,0.46231770651645804,0.09576659036918916,0.7269139095059406,COMPLETE
118,1509235.5562769673,2026-05-07 03:14:10.381961,2026-05-07 03:14:29.196309,0 days 00:00:18.814348,12.506426758181318,98.66049198537866,0.005004946400239472,0.021901336045214558,16.48120974261238,321.9446849579669,2571.6945063274484,356.99765604204975,0.3251228714001368,0.06403778689762184,0.8550973158877304,COMPLETE
119,1389624.5725936918,2026-05-07 03:14:29.197872,2026-05-07 03:14:48.730174,0 days 00:00:19.532302,41.393559800604336,73.03025515380678,0.008244899221305054,0.04578878670944103,49.9775890646724,526.4280490779984,2696.113799855931,479.51163799673355,0.422392187380678,0.07508937652567789,0.6598102787018879,COMPLETE
120,1368185.6857369829,2026-05-07 03:14:48.731792,2026-05-07 03:15:04.411257,0 days 00:00:15.679465,19.055835660470233,78.60924991724697,0.004080324185382721,0.002360258981551706,20.607126391867375,813.7022617202059,2764.3799346775204,449.918064519376,0.35707353893532007,0.07072829594019084,0.5516058211658407,COMPLETE
121,1424269.0476440468,2026-05-07 03:15:04.412874,2026-05-07 03:15:20.883772,0 days 00:00:16.470898,32.33014682963408,22.59761446943203,0.001246983751193072,0.008865210601245916,43.885016116088295,477.0373911315155,2966.0892694418394,398.21614017073756,0.4788834087168039,0.07458945862901342,0.7197342778767782,COMPLETE
122,1757591.6958362218,2026-05-07 03:15:20.885320,2026-05-07 03:15:36.484909,0 days 00:00:15.599589,45.17439512278037,82.77981482764388,0.004910209321514213,0.032794970445953836,56.90598502992375,871.5402548795948,2972.8296337617376,464.654450130261,0.2567883965027531,0.0672194001428313,0.8484500128218739,COMPLETE
123,1335175.1736367657,2026-05-07 03:15:36.486431,2026-05-07 03:15:52.061772,0 days 00:00:15.575341,47.53356691723371,76.70743171989656,0.007467340147122311,0.03099460210735873,59.03248771045177,326.3063038448876,2953.8557346133434,412.16214701055566,0.2687917309637649,0.050980937612762345,0.5153857156665327,COMPLETE
124,1277965.7279641072,2026-05-07 03:15:52.063331,2026-05-07 03:16:07.694585,0 days 00:00:15.631254,46.98692147415364,91.31731668141529,0.007044488750683033,0.035828675116739886,44.872220497188636,323.6149217240353,2667.212302792399,481.4344767000856,0.47221106311715966,0.09328215203032705,0.5824542974711681,COMPLETE
125,1340559.4792438357,2026-05-07 03:16:07.696258,2026-05-07 03:16:23.177399,0 days 00:00:15.481141,9.601635715023876,70.19197225078375,0.003700971905594482,0.003174305468611257,46.02074537626606,530.4531644410241,2892.422593671965,463.196573183034,0.48991820129474895,0.06592380988994778,0.5085080275639151,COMPLETE
126,1340146.4302109345,2026-05-07 03:16:23.179183,2026-05-07 03:16:39.181857,0 days 00:00:16.002674,19.112431549854406,65.66058469598237,0.006648724334677564,0.006277127097030544,66.71521242907617,330.39133724470406,1990.4350457235726,480.2152412564079,0.39731906432471054,0.05048990961523314,0.628760263437521,COMPLETE
127,1153723.8764647252,2026-05-07 03:16:39.183373,2026-05-07 03:16:55.777245,0 days 00:00:16.593872,24.71674015111506,96.30022244408833,0.004805916742450903,0.0021965293363205305,16.549562391069195,440.7360232784663,2665.0343546261424,480.7635556382732,0.45128454105865323,0.055286354412931615,0.7609230636768306,COMPLETE
128,1391617.2187205113,2026-05-07 03:16:55.778818,2026-05-07 03:17:12.335262,0 days 00:00:16.556444,26.092960012042873,96.65074018256375,0.00568973196213919,0.007810785534612164,29.066336099711087,378.0057896136537,2509.4655833754105,434.45342373114613,0.4395830943039902,0.061928793710154056,0.6775488854906174,COMPLETE
129,1256004.5187486827,2026-05-07 03:17:12.336908,2026-05-07 03:17:27.913282,0 days 00:00:15.576374,10.990806525017184,95.9075412023819,0.00811615999844697,0.003670155249822912,31.367235721823747,392.34938257450244,2949.9875817889083,415.49513958708286,0.34748921644085146,0.05919292384725211,0.9940446017857765,COMPLETE
130,1000000000.0,2026-05-07 03:17:27.914795,2026-05-07 03:17:35.162116,0 days 00:00:07.247321,17.079141426453234,86.80365190544701,0.002688815228436267,0.0029608772676752385,32.619957866199556,957.9174714273513,2288.8339538969426,479.86025931142507,0.48738828375602394,0.04153082480220792,0.7327998717260086,COMPLETE
131,1513401.707080246,2026-05-07 03:17:35.163551,2026-05-07 03:17:54.674229,0 days 00:00:19.510678,7.535286663712611,76.5446190771163,0.007971405306103336,0.007503904950187842,50.42384631782005,351.449055317337,2712.0475771189485,334.152669626899,0.3876901869944154,0.05153908913542533,0.9803852370144186,COMPLETE
132,1000000000.0,2026-05-07 03:17:54.675875,2026-05-07 03:18:02.194170,0 days 00:00:07.518295,12.823494771378817,98.50249516382908,0.00975921595804508,0.007796656615551175,51.985267942582624,649.3183759120493,2660.756430858056,462.51584354139374,0.24910862473032516,0.06394262127933016,0.956107218467102,COMPLETE
133,1345291.25355009,2026-05-07 03:18:02.195742,2026-05-07 03:18:20.738429,0 days 00:00:18.542687,9.342008783736155,99.40362703611626,0.006829806673129669,0.003883467871377372,18.3490856766389,482.9209225769322,2959.628898220625,383.30622735245583,0.30076404925051836,0.05995390317236984,1.0092450572416805,COMPLETE
134,1120865.787672602,2026-05-07 03:18:20.739912,2026-05-07 03:18:39.404197,0 days 00:00:18.664285,19.094448122474244,80.14227483069435,0.004765918301819444,0.0021548123405359066,17.809914190706372,328.1468384834146,2613.3051714847184,496.4006137048561,0.4402058749510329,0.042044843958681244,0.6484571562050145,COMPLETE
135,1483481.2994803437,2026-05-07 03:18:39.405767,2026-05-07 03:18:55.113309,0 days 00:00:15.707542,13.50397034227877,91.82144620209384,0.003937410433000692,0.006071628929433116,15.579859651247455,483.7045241052813,2451.503970178723,381.0975759705822,0.4275316537912915,0.08121485780283606,1.0477010600975343,COMPLETE
136,1547384.8085318531,2026-05-07 03:18:55.114786,2026-05-07 03:19:10.685158,0 days 00:00:15.570372,23.43149541874762,72.21278645889119,0.005964369058237842,0.007167493865291818,20.80397665103851,728.7118855452206,2526.1482209177834,419.89794886752907,0.4654724340723519,0.0437584028352971,0.7264039569047815,COMPLETE
137,1457936.6590410522,2026-05-07 03:19:10.686745,2026-05-07 03:19:26.493171,0 days 00:00:15.806426,32.88879845220304,64.85495480403094,0.0039923009925571275,0.013778906383871085,52.08931460623646,361.3175706256859,2921.837777363133,278.18020584036526,0.45884990362701406,0.08474897975500921,0.7978594047506972,COMPLETE
138,1396965.5857730992,2026-05-07 03:19:26.494996,2026-05-07 03:19:42.574897,0 days 00:00:16.079901,28.984138564585393,83.32594221156718,0.004652408064364988,0.005142528017500996,30.85794915266292,433.4638526139154,2817.2130204586683,420.0028109366395,0.4168870155366614,0.033589477992969935,0.8067339985833806,COMPLETE
139,1511382.966158023,2026-05-07 03:19:42.576533,2026-05-07 03:19:59.033543,0 days 00:00:16.457010,9.67868976642069,88.59913678058084,0.005698153885267834,0.015726981454059485,29.258039273934173,516.5890049003212,2627.709815518068,484.84401859843655,0.47656054231694905,0.03169851548406248,0.60804819457808,COMPLETE
140,1531599.7170823852,2026-05-07 03:19:59.035023,2026-05-07 03:20:15.228177,0 days 00:00:16.193154,34.22804736826289,67.43671811265762,0.006673077091301753,0.004924841022915788,63.98110259349234,664.6802833028455,1782.4040769364365,403.7796315983071,0.31732476520281505,0.06798255208855988,0.5301659720693246,COMPLETE
141,1421550.0197645759,2026-05-07 03:20:15.229643,2026-05-07 03:20:33.826291,0 days 00:00:18.596648,45.3334835428718,67.92555806898201,0.006317132358837828,0.03871295072618637,46.95366456148179,512.6043196623392,2575.2721846725603,385.2618718589965,0.38799985794686603,0.09296171853982525,0.7990205092377675,COMPLETE
142,1275522.5592493846,2026-05-07 03:20:33.827765,2026-05-07 03:20:49.405341,0 days 00:00:15.577576,22.31227998693945,82.2077548797528,0.005929534311489407,0.003197473596099941,14.382882464423624,471.81860849350255,2999.381127516111,412.63331009110243,0.44396681240896363,0.09766964792123849,0.5702190474323684,COMPLETE
143,1233924.042083502,2026-05-07 03:20:49.407147,2026-05-07 03:21:05.011263,0 days 00:00:15.604116,11.54033410821043,93.73655376065204,0.004723831627447007,0.003970116006477381,21.266183466350647,353.3939788624853,2944.370251174558,480.3884206904592,0.42724626026573986,0.06807120185050622,0.7283829349878708,COMPLETE
144,1000000000.0,2026-05-07 03:21:05.012781,2026-05-07 03:21:12.398044,0 days 00:00:07.385263,7.807731035872727,97.57604627740827,0.004027947306636377,0.01020682972975984,20.829578006761928,329.43537483764425,2827.954579397223,491.7191674871511,0.48541151248503656,0.07817350181317066,0.7121591318017515,COMPLETE
145,11812222.27263613,2026-05-07 03:21:12.399515,2026-05-07 03:21:28.280934,0 days 00:00:15.881419,21.909407328238892,57.82763498475322,0.0029352302248953567,0.0026620586823516215,17.73576580624467,656.0964055162408,2384.9428374943736,473.30538439607665,0.4233033552912672,0.03942667374675034,0.5993528383002427,COMPLETE
146,1381452.9267516793,2026-05-07 03:21:28.282491,2026-05-07 03:21:43.957261,0 days 00:00:15.674770,16.70538803924391,83.65672677511918,0.008417220750905646,0.006087326915921844,24.07101257482197,368.5081652586507,2705.3794294184722,366.0604647096477,0.44276401757014394,0.06176857355450655,0.9406414029818404,COMPLETE
147,1226867.590250934,2026-05-07 03:21:43.958769,2026-05-07 03:22:00.539264,0 days 00:00:16.580495,20.860857525388287,94.00086170514213,0.009209472815500715,0.004097489459723484,51.38025888535821,338.574266712294,1968.3962278171587,482.5677244739192,0.4222593951075141,0.08027024491780389,0.6721032651355727,COMPLETE
148,1537154.4911579401,2026-05-07 03:22:00.539920,2026-05-07 03:22:16.135852,0 days 00:00:15.595932,30.83818878297018,90.80139603147646,0.0047781337715650865,0.01000961721744057,36.4121360150669,759.1362341798591,2943.378103808232,490.47232373296424,0.495725563489587,0.047606562122006583,0.8197446586171003,COMPLETE
149,1395969.0465079364,2026-05-07 03:22:16.137341,2026-05-07 03:22:31.711177,0 days 00:00:15.573836,23.996905519802905,99.78225381241558,0.006108324161196296,0.002572515848475963,36.76556468160669,765.4318599346191,2230.0583777593747,448.76618288305787,0.32534377491877264,0.08518254104271976,0.5416720337228185,COMPLETE
150,1366062.6463515044,2026-05-07 03:22:31.712803,2026-05-07 03:22:47.324541,0 days 00:00:15.611738,21.6219389928551,82.45403146215023,0.0038560253488604123,0.007458139742020758,17.480147858233746,394.81903653662005,2728.792228882387,492.5236976874945,0.43432253323145226,0.02375417924842655,0.6319850520689517,COMPLETE
151,1227391.9251066495,2026-05-07 03:22:47.325473,2026-05-07 03:23:03.026489,0 days 00:00:15.701016,18.22052517214523,91.57001717456626,0.0018463235354527574,0.0022266319916709847,17.438285354382174,663.8826772090517,2898.6040027731096,465.787128346696,0.43654233280844235,0.06703891923080632,0.7058314825574025,COMPLETE
152,1000000000.0,2026-05-07 03:23:03.028145,2026-05-07 03:23:10.213855,0 days 00:00:07.185710,23.715559637563956,83.50678842555847,0.009182005992559179,0.00951695416805434,42.04975738795896,396.4956232025953,1580.6435334599876,425.01316187606994,0.3488199844856694,0.07450643002957423,0.6272527094584968,COMPLETE
153,1570314.6672514554,2026-05-07 03:23:10.215421,2026-05-07 03:23:25.907146,0 days 00:00:15.691725,17.586586445833866,99.47762538876063,0.0043596776686276074,0.00631760045280394,25.459659120002364,855.0481294683802,2803.131234874426,419.3200547921931,0.395546216337184,0.05919427054592791,0.8009451575162079,COMPLETE
154,1131918.7835834133,2026-05-07 03:23:25.908618,2026-05-07 03:23:42.102284,0 days 00:00:16.193666,32.89515693143556,90.36972825625139,0.0021239045412691083,0.00236904178835688,13.412715979460135,356.0927161659499,2723.7692744420624,465.4545363334175,0.4960508593461953,0.07544558791793932,0.832545685112688,COMPLETE
155,1303782.9783380565,2026-05-07 03:23:42.103767,2026-05-07 03:23:57.829785,0 days 00:00:15.726018,14.10966909107533,80.2217042960291,0.008934529354766426,0.0024774572494968778,24.886835328843706,741.8489463978033,2770.3135912539174,383.0558640624767,0.358388271511933,0.038302560726064305,1.120852103833861,COMPLETE
156,1454156.916101424,2026-05-07 03:23:57.831477,2026-05-07 03:24:16.428138,0 days 00:00:18.596661,18.605160657048373,93.38868904176724,0.002817475139376216,0.0058034555249013315,11.856042032202868,411.3419908351834,2999.9367131101153,222.39660601516223,0.451342539274141,0.04115185525461024,0.9282428868644118,COMPLETE
157,1453245.0049594308,2026-05-07 03:24:16.429697,2026-05-07 03:24:32.045858,0 days 00:00:15.616161,16.2358143464596,81.10169755835946,0.004191811812631612,0.015411776231082218,10.989891994562132,310.7961898667936,2969.877970946675,471.144778728456,0.3855812731802325,0.0601091592393034,0.750763663369894,COMPLETE
158,1261005.3555566007,2026-05-07 03:24:32.047437,2026-05-07 03:24:50.647291,0 days 00:00:18.599854,33.07871794727515,84.93280255278026,0.000477559889081399,0.00391548560765988,27.32123966529737,480.0035842978052,2583.4595837446473,472.9006574940453,0.44620026539631175,0.0550642128233346,0.7424023762090808,COMPLETE
159,1000000000.0,2026-05-07 03:24:50.648804,2026-05-07 03:24:58.097382,0 days 00:00:07.448578,36.69612369301106,92.24887396882767,0.0012781739137522191,0.007243973140378083,33.232525720369736,542.5354109189093,2626.607836979877,463.4515061108066,0.43355030091530183,0.05739204410197284,0.6970015834151206,COMPLETE
160,1235718.0533428125,2026-05-07 03:24:58.099043,2026-05-07 03:25:13.995686,0 days 00:00:15.896643,14.347367455708568,79.29257173333649,0.006469303928818518,0.0030682874576533625,42.51743293856522,472.99962245022994,2811.1552894311935,483.37782384349833,0.3451149459080039,0.051743061630555504,0.7007204385890505,COMPLETE
161,1202235.6002956382,2026-05-07 03:25:13.997366,2026-05-07 03:25:29.496941,0 days 00:00:15.499575,8.001502815638581,74.15067745019013,0.005577813690992677,0.00333597663984836,11.546936615350267,322.78048394043736,2096.828490201793,453.1423702814902,0.31214489429894376,0.04574596114735074,0.7015017523458317,COMPLETE
162,1341185.568890862,2026-05-07 03:25:29.498523,2026-05-07 03:25:44.981704,0 days 00:00:15.483181,18.08405213342101,53.93137525496404,0.0069837765186641105,0.011455274141873695,19.79125370606827,328.3426231925759,2577.11613059344,411.06778945715854,0.3114375501434487,0.0193190179902192,0.5942808079223537,COMPLETE
163,1000000000.0,2026-05-07 03:25:44.983219,2026-05-07 03:25:52.197560,0 days 00:00:07.214341,12.5834012686438,95.19711073944406,0.00844667970263804,0.015970598902579344,39.03568488396239,810.8776586928611,1841.2195954684314,495.9416909700585,0.40327303225538214,0.06925180124009281,0.7386863323823105,COMPLETE
164,1000000000.0,2026-05-07 03:25:52.199042,2026-05-07 03:25:59.264690,0 days 00:00:07.065648,8.515283450958249,73.35442735108187,0.005264419177659378,0.0028282847682354535,25.09573221158297,464.0788870099419,2306.256385092259,495.52303114035294,0.3657978921965477,0.0359602847569081,0.5968652691774642,COMPLETE
165,1000000000.0,2026-05-07 03:25:59.266307,2026-05-07 03:26:06.688365,0 days 00:00:07.422058,12.91057516373452,88.6834147460177,0.006199751514822677,0.008197564107965686,44.38939290130889,578.4562343179712,1575.1123777899065,484.02208535889275,0.22348427451241576,0.010112977872383959,0.8567716421892722,COMPLETE
166,1533885.202030622,2026-05-07 03:26:06.689842,2026-05-07 03:26:23.102330,0 days 00:00:16.412488,6.249453286809038,80.41097415549737,0.004324115735741799,0.011155579930226901,24.78378101849073,336.6400020081629,1472.5150109689616,372.1244866335762,0.29718938694019864,0.061896495704364125,0.7121877902449907,COMPLETE
167,1349874.7862403854,2026-05-07 03:26:23.103970,2026-05-07 03:26:38.996058,0 days 00:00:15.892088,13.41363526381148,53.98580447212629,0.005898630508009275,0.004617698694588536,17.646669573691955,369.41504763076654,2442.1338993477098,330.4213310682481,0.3577208826660522,0.06440706014564582,0.8424515295823413,COMPLETE
168,1462309.3942636084,2026-05-07 03:26:38.997677,2026-05-07 03:26:54.762374,0 days 00:00:15.764697,9.229808526772011,87.6431787185691,0.007877267569901366,0.0059921834699402324,69.39334628936594,321.2067200475569,2183.2626654895903,349.827975141085,0.4815797942561719,0.06018276870984085,0.5468424095903432,COMPLETE
169,1312672.3312457935,2026-05-07 03:26:54.763931,2026-05-07 03:27:11.314235,0 days 00:00:16.550304,10.566987661589067,93.31449181166043,0.007220357493675914,0.005871497266610786,41.81760893308017,320.1082322285091,2809.8125485091678,473.2137511503695,0.3398835047641313,0.08715795987144323,0.7805556018067834,COMPLETE
170,1510328.188584403,2026-05-07 03:27:11.315792,2026-05-07 03:27:26.836933,0 days 00:00:15.521141,40.2751130767294,97.74956532844243,0.0037212093483203123,0.017790000619806526,21.960595725415384,638.8390335711006,2397.3543728623654,438.5165772608286,0.49655363392828544,0.07187022448329052,0.8408070525368379,COMPLETE
171,1217503.3133915612,2026-05-07 03:27:26.838661,2026-05-07 03:27:43.230312,0 days 00:00:16.391651,24.61067395631527,97.07847014877922,0.003949603264729342,0.0030422667126568633,32.065709989142235,492.74057413587525,2840.581212331775,479.58600995995704,0.39475165447550487,0.0805831385711957,0.9042642532145428,COMPLETE
172,1299577.6878382051,2026-05-07 03:27:43.231876,2026-05-07 03:27:58.715564,0 days 00:00:15.483688,18.24247279698428,83.96455374880651,0.005006191063023623,0.003830829844599469,24.5870428185826,503.3852376307997,2850.0140171956436,492.0961728403221,0.3019620880576708,0.07689580243933256,0.9136573547354759,COMPLETE
173,1343065.3224669925,2026-05-07 03:27:58.717175,2026-05-07 03:28:15.321115,0 days 00:00:16.603940,20.088616134691385,81.10418102395712,0.0075597862729301114,0.005828070339734215,59.34702014317426,383.0059167731986,2716.2137674771693,493.16378451847874,0.25827891946295,0.0583304250382307,0.6203944435840272,COMPLETE
174,1585428.4154338515,2026-05-07 03:28:15.322690,2026-05-07 03:28:31.009229,0 days 00:00:15.686539,24.070790309071345,91.04215156144623,0.0030627749492206863,0.014112865984031223,39.17433767902951,781.9585771057596,2759.928602325387,484.9299626434893,0.4358031967092508,0.080593394449512,0.9011138459238685,COMPLETE
175,1000000000.0,2026-05-07 03:28:31.010739,2026-05-07 03:28:39.404286,0 days 00:00:08.393547,8.083177147787174,73.51605950278638,0.005448835062091606,0.005589609006568323,24.619787098791008,853.6426258200406,2041.9487765172428,373.4109112231258,0.24840200627708386,0.03871844190377413,0.6603946563533167,COMPLETE
176,1191750.5181863008,2026-05-07 03:28:39.405844,2026-05-07 03:28:58.005362,0 days 00:00:18.599518,9.64256447339114,91.88506211862824,0.003631287827303319,0.0024527922851090974,25.014872061986598,357.5225958971497,2929.938494343057,446.6975283516669,0.32971530413032146,0.0574904560959361,0.5498588782965534,COMPLETE
177,1484041.9623695663,2026-05-07 03:28:58.007061,2026-05-07 03:29:13.912553,0 days 00:00:15.905492,10.450390577275074,96.60056396166486,0.0035637781171739217,0.013951975361501598,43.350994113817876,486.83021361307027,2771.925127872759,401.0932023565168,0.20532581709061976,0.05431332437314365,0.5461534742461388,COMPLETE
178,1299619.3018045265,2026-05-07 03:29:13.914229,2026-05-07 03:29:29.586592,0 days 00:00:15.672363,38.541729133997364,53.42271180367145,0.00269256522743452,0.0025980751428933743,35.73482185822975,822.1964523718049,2799.2745427965724,372.54820129421967,0.4898330857247268,0.09194668977683383,0.8191881693262024,COMPLETE
179,1451450.2839428252,2026-05-07 03:29:29.588162,2026-05-07 03:29:46.080388,0 days 00:00:16.492226,14.174680222330966,84.62553034123637,0.006222018484622738,0.0032384101344884336,25.07320422185021,501.16841532237936,2835.190134564148,484.62605826540414,0.3553200467949512,0.02828530787562232,0.7884405926724808,COMPLETE
180,1396821.4186811512,2026-05-07 03:29:46.081971,2026-05-07 03:30:01.865695,0 days 00:00:15.783724,5.773948382564408,83.97962796865714,0.002772243794993433,0.005852400923535849,19.213202984140825,322.4602005396787,1964.5647926480488,474.56061034412073,0.24282454842213844,0.04750145371476104,0.6185548968718002,COMPLETE
181,1000000000.0,2026-05-07 03:30:01.866301,2026-05-07 03:30:09.173296,0 days 00:00:07.306995,37.8755322412461,89.1167995134464,0.004222700802281267,0.005207443400693223,21.122716002027403,505.4970986954016,2920.3968187939254,462.297464591248,0.46063977158797714,0.06378595211540822,0.7903893302773731,COMPLETE
182,1329700.7077063979,2026-05-07 03:30:09.174926,2026-05-07 03:30:24.766350,0 days 00:00:15.591424,28.158112906161122,80.22708250841423,0.0030576376114322236,0.004874217805705805,12.522720039791372,454.686119664502,2856.7056557613273,373.07209562631317,0.48151795957802795,0.07884452841334225,0.7994721152752529,COMPLETE
183,1234010.8542222474,2026-05-07 03:30:24.767844,2026-05-07 03:30:41.264396,0 days 00:00:16.496552,13.429213390457086,90.09824806910089,0.0045622931979849716,0.004352350942749173,50.203604975978266,316.1892648854192,2595.0361961241374,499.42101816798674,0.3765914787110692,0.06375246193663503,0.5948442256718425,COMPLETE
184,1148538.6497233075,2026-05-07 03:30:41.266018,2026-05-07 03:30:56.858959,0 days 00:00:15.592941,26.562861865001715,98.80743191024513,0.0030178840779359296,0.0022852140748829963,29.62948352680059,423.1550271766504,2432.2390563036133,493.828943873845,0.40542509229319645,0.07583735612885774,0.9166567663841403,COMPLETE
185,1502962.5655703314,2026-05-07 03:30:56.860443,2026-05-07 03:31:12.468362,0 days 00:00:15.607919,6.479218161089182,98.57884211035851,0.0006856813462164427,0.006139896957345959,65.50149601585625,475.02960322144025,2754.9134405136806,433.0536804430153,0.35555329154549625,0.08046934348484182,0.8576070674747724,COMPLETE
186,1519182.0713899527,2026-05-07 03:31:12.470003,2026-05-07 03:31:31.261851,0 days 00:00:18.791848,22.36556707848703,89.92939165095885,0.008434294768796254,0.007884945980936668,44.91703324426424,454.370705628754,1739.7240799545225,477.40219853037485,0.47336583793484677,0.08961567990605626,0.7073437446537542,COMPLETE
187,1316134.3272320176,2026-05-07 03:31:31.263426,2026-05-07 03:31:46.987058,0 days 00:00:15.723632,32.706711546864454,96.09790538893874,0.005137379935864933,0.003776412545321831,72.85094054057683,642.5697525520874,2252.4754092002545,483.7795152339069,0.40702061298980513,0.0796450044586754,0.8415797551664593,COMPLETE
188,1461724.1378000455,2026-05-07 03:31:46.988661,2026-05-07 03:32:02.578300,0 days 00:00:15.589639,9.91587029409889,68.52435175189832,0.008106886595853463,0.007205871054814378,11.10268114094764,388.9817155781811,2009.1524410569102,463.7686282897908,0.27056785875431444,0.05244146792516574,0.7990497710769887,COMPLETE
189,1170530.49861679,2026-05-07 03:32:02.579790,2026-05-07 03:32:21.132706,0 days 00:00:18.552916,30.328519487648556,77.78817496934508,0.003075613751346016,0.0027113154627148566,59.00915806622011,340.1874717428324,2612.4293671985115,474.48111826770867,0.33227086480873075,0.08732307753813737,1.0340967396414469,COMPLETE
190,1000000000.0,2026-05-07 03:32:21.134338,2026-05-07 03:32:28.364703,0 days 00:00:07.230365,17.60001604638242,81.89109048845374,0.0010729203194253158,0.0029721600771166414,18.233285122427805,1025.1150184182832,2087.074996814811,483.2637841161625,0.4562765002027393,0.0804400006349533,0.5771895789556317,COMPLETE
191,1635723.6405675104,2026-05-07 03:32:28.366546,2026-05-07 03:32:44.205192,0 days 00:00:15.838646,30.383321652954812,73.96556342709357,0.002177935772903886,0.006928720976565028,56.9445005579377,802.8854481398552,2291.903318576263,452.41047907160134,0.36144952591025886,0.09812720291927843,1.1306374062733962,COMPLETE
192,1395987.4729723183,2026-05-07 03:32:44.206841,2026-05-07 03:33:03.000853,0 days 00:00:18.794012,16.128549255189444,74.25614057028218,0.002569694116718254,0.0036984421243428977,13.647005847739024,751.9685617436063,2966.792956928089,488.9883676083559,0.4846826349735617,0.07059695693611254,0.6490766910745791,COMPLETE
193,1187949.8545091907,2026-05-07 03:33:03.002300,2026-05-07 03:33:18.705608,0 days 00:00:15.703308,23.536649977743828,76.83736913930142,0.0037450089034224013,0.0023243226230658665,73.71706088528886,551.7359856960061,2807.5640099658967,485.3909066852153,0.3826402241294206,0.07151802111373395,1.0267368564595063,COMPLETE
194,1299620.8079318078,2026-05-07 03:33:18.707214,2026-05-07 03:33:34.815278,0 days 00:00:16.108064,38.372449279731576,94.5038591009465,0.0012304066098234629,0.005165243823306157,104.66678286188566,367.3882611419378,2529.527368501843,488.79322025957873,0.340201416895835,0.09892488710612307,0.9773532990651752,COMPLETE
195,1000000000.0,2026-05-07 03:33:34.816744,2026-05-07 03:33:42.059286,0 days 00:00:07.242542,43.34026603308153,74.34668798003683,0.003980292775312537,0.006609989536457715,40.89482467359464,370.1287746769392,2720.3096979669835,456.122188203919,0.2343713815203446,0.077502114403396,0.9792971005676582,COMPLETE
196,1704000.5546346006,2026-05-07 03:33:42.060766,2026-05-07 03:33:57.796258,0 days 00:00:15.735492,24.020447971750148,77.39321311831583,0.005463202267406535,0.008784041791285151,62.179015079816374,710.2914464911362,2429.4262276535956,441.1513401551943,0.361732398395015,0.07178673091771128,1.1631242813541287,COMPLETE
197,1000000000.0,2026-05-07 03:33:57.797765,2026-05-07 03:34:11.825670,0 days 00:00:14.027905,22.733969699772153,51.60577105977124,0.004455275492890846,0.004999979227911989,55.01137785021366,586.5458929067477,2994.1311445182464,431.7580503752212,0.3930923532039899,0.07030884600811238,0.807444116584493,COMPLETE
198,1225697.2103206113,2026-05-07 03:34:11.827189,2026-05-07 03:34:30.615690,0 days 00:00:18.788501,23.606514574151948,88.13501175137034,0.003283444244199161,0.00405168061475676,40.76624713291039,364.2262265218495,2766.947336225031,456.4455257152047,0.41416136929305913,0.06800205738498355,0.8900380831112974,COMPLETE
199,1282858.5488577303,2026-05-07 03:34:30.617200,2026-05-07 03:34:46.603051,0 days 00:00:15.985851,34.98986259791254,99.08738598242017,0.0031912472565714953,0.002325481747595985,24.824648599862925,895.3611439874319,2891.817201299756,465.9028213634115,0.4156587983613495,0.09423534704066545,1.122793413018018,COMPLETE
200,1370859.7257711664,2026-05-07 03:34:46.604011,2026-05-07 03:35:02.203014,0 days 00:00:15.599003,12.158544712682847,71.10691541873307,0.004251941857564261,0.003009110931503496,65.67879813736086,831.5468594021145,2799.1227624730464,450.7006623869808,0.32416291698910604,0.06325262284541222,1.031795720594974,COMPLETE
201,1271696.0321627916,2026-05-07 03:35:02.203698,2026-05-07 03:35:17.795361,0 days 00:00:15.591663,8.15953734418654,99.55801418598575,0.004980992209652867,0.002453165183900788,49.23821151584568,656.7775374153766,2826.230970167285,485.59253553578105,0.3884702703408341,0.0631607569318423,0.6539392596850188,COMPLETE
202,1000000000.0,2026-05-07 03:35:17.796854,2026-05-07 03:35:25.274312,0 days 00:00:07.477458,39.27823430037468,60.777807932764325,0.004061987691082532,0.004815042177301209,82.66607905347522,332.6831188217926,2490.729426674324,427.95469327325367,0.3226547252549205,0.07801181968051275,1.1181231592130942,COMPLETE
203,1247829.3308015687,2026-05-07 03:35:25.275942,2026-05-07 03:35:40.867627,0 days 00:00:15.591685,12.416815482355638,78.15946477063585,0.004330364937238902,0.003127579623302141,33.12079240343854,401.2453994116268,2745.761988288822,405.8845193667151,0.29522785114281375,0.06686615647953266,0.6071981351682672,COMPLETE
204,1478418.8525482686,2026-05-07 03:35:40.869261,2026-05-07 03:35:56.568438,0 days 00:00:15.699177,27.30677013269719,74.72560437219335,0.003461206457625375,0.004987474368608405,79.92185283950093,817.7212055644825,2836.8818302130985,492.16808038479707,0.33952831701059966,0.0761289070581996,0.9976235657218302,COMPLETE
205,8738106.388624417,2026-05-07 03:35:56.570130,2026-05-07 03:36:12.304829,0 days 00:00:15.734699,22.56305822498318,90.47039777739542,0.003958267615373571,0.00321747548727493,15.688475921772612,357.13135107268704,2124.8987788674985,458.40518084900845,0.34411388372534246,0.07882683681699032,0.8436687566740391,COMPLETE
206,1000000000.0,2026-05-07 03:36:12.306326,2026-05-07 03:36:19.524785,0 days 00:00:07.218459,20.574725384459683,85.78353933880555,0.0035965349205433423,0.005377804774579144,48.12825083692826,487.0896448790574,2455.9191914564453,488.6925551056735,0.43424298436951675,0.06552496187924083,0.979161995529934,COMPLETE
207,1412237.6525711329,2026-05-07 03:36:19.526298,2026-05-07 03:36:35.607332,0 days 00:00:16.081034,31.356594477019236,83.1657266313454,0.0011534789617542375,0.0063886631968219755,43.48658173914148,492.29567824153884,2870.4521392470974,463.8296996222028,0.25119292609912064,0.09068663732966153,1.182896529005951,COMPLETE
208,1204597.233007553,2026-05-07 03:36:35.608815,2026-05-07 03:36:51.189686,0 days 00:00:15.580871,30.209184607984767,97.97814841365138,0.003248018842974199,0.0034479748792959706,45.0045022372708,385.2518589706338,1960.3403410585686,485.3106406345149,0.4710524542874372,0.07867109736758648,0.8461470253474457,COMPLETE
209,1425456.2133095986,2026-05-07 03:36:51.191324,2026-05-07 03:37:06.634360,0 days 00:00:15.443036,31.81735108884552,88.20213886550516,0.00393856131855757,0.01155017070625966,48.15666863303283,331.3843734413132,1502.3888291363141,472.35423018344056,0.4263106685350021,0.08531001175965736,0.8011015700035116,COMPLETE
210,1444960.5733116164,2026-05-07 03:37:06.635869,2026-05-07 03:37:22.291328,0 days 00:00:15.655459,25.074380128775474,96.16087701070597,0.0016138248321175628,0.010163056572763118,39.28725965978913,320.54677154345086,2150.0516331071212,488.03275308326266,0.3389454667028276,0.06892582320956481,1.0135126096445053,COMPLETE
211,1539786.5155513235,2026-05-07 03:37:22.293082,2026-05-07 03:37:37.773606,0 days 00:00:15.480524,5.772619249930147,88.36217313216572,0.002321306765022862,0.01204391711950616,27.98538774455806,645.5913042833208,2941.4248348405054,418.77944349747827,0.3211364586254838,0.03646307172336963,0.5385696515014106,COMPLETE
212,1000000000.0,2026-05-07 03:37:37.775164,2026-05-07 03:37:45.163810,0 days 00:00:07.388646,38.60955605274084,62.97122247955822,0.0025616629511845445,0.0027637542318213926,81.04297628314681,370.8633705888393,2593.6498383219787,426.3522751476559,0.4808444399677462,0.08324042706194107,0.8883561689743361,COMPLETE
213,1268294.0468054903,2026-05-07 03:37:45.165283,2026-05-07 03:38:00.753080,0 days 00:00:15.587797,12.774898427731985,91.53641403789683,0.003802905413914886,0.003079781312949168,38.81681653553017,434.70280934437983,2350.138412223274,368.86375793384445,0.3055654168535039,0.07217632740861009,0.7242994656926482,COMPLETE
214,1488900.3840875658,2026-05-07 03:38:00.753988,2026-05-07 03:38:16.403994,0 days 00:00:15.650006,5.803697549669913,76.9335926557045,0.004055025302088327,0.013319677657081894,20.04092777104701,574.7187215851766,2663.5721420815594,425.74985466225854,0.2102643629572494,0.08660493050791,0.5013347473916454,COMPLETE
215,1246149.4563736583,2026-05-07 03:38:16.405447,2026-05-07 03:38:32.002074,0 days 00:00:15.596627,31.359035125816295,73.71219084344668,0.005057127289920495,0.004648078396117358,57.24410870410979,333.99548547445465,2399.611406895188,483.5953060208716,0.3689996068338855,0.09696666828557264,1.0834575677355145,COMPLETE
216,1000000000.0,2026-05-07 03:38:32.003639,2026-05-07 03:38:39.501280,0 days 00:00:07.497641,29.689540968456114,74.52212123542569,0.0098396441847478,0.009054859780021336,66.46742551217099,401.2253602631246,2235.178301134004,494.4515450500962,0.4538993726850785,0.06735965268590557,0.6996805607150463,COMPLETE
217,1336223.957800671,2026-05-07 03:38:39.502783,2026-05-07 03:38:55.083334,0 days 00:00:15.580551,31.203615154365714,83.60891990121645,0.003219106234609915,0.00714671051828393,74.78545616876269,317.4878946369389,2987.7295633962717,464.75073364759277,0.3364771669321446,0.03786336825799215,1.10564290859398,COMPLETE
218,1379022.2343553137,2026-05-07 03:38:55.084802,2026-05-07 03:39:10.732552,0 days 00:00:15.647750,18.130958843622015,94.99107187976996,0.0031879769503875286,0.009433321665727018,38.07728369981014,337.1884711486425,2575.6897132956115,488.2947346740331,0.353902405168665,0.05256800495707848,0.7855106550030831,COMPLETE
219,1408642.4005072203,2026-05-07 03:39:10.734142,2026-05-07 03:39:26.205328,0 days 00:00:15.471186,10.448804578883673,94.91910927776499,0.003534516249907342,0.010058977512358635,29.442560910934304,401.22671977533173,2993.894137739327,445.29433500413154,0.33358527855616604,0.07760478745381216,0.5498972718866554,COMPLETE
220,1275385.7848818451,2026-05-07 03:39:26.206896,2026-05-07 03:39:45.199278,0 days 00:00:18.992382,24.43078066752426,90.94014775930158,0.0063254170944848885,0.0040114417015410676,17.246138952749135,460.2100047296611,2150.2556442628347,497.45794177331743,0.40964484458113515,0.05050793251064404,0.7535522771741515,COMPLETE
221,1352756.4500997,2026-05-07 03:39:45.200794,2026-05-07 03:40:01.703510,0 days 00:00:16.502716,16.829630183118432,75.88297572508945,0.005055258886317774,0.005424064797117937,22.937062926650242,316.8431542673247,2961.538588426998,370.0740226749627,0.3200956935309968,0.06321430957679064,0.5643903159101853,COMPLETE
222,1230522.1567797677,2026-05-07 03:40:01.705172,2026-05-07 03:40:17.295095,0 days 00:00:15.589923,35.53055170670869,97.36689391029338,0.0023081795942462994,0.0031459781115886183,19.25824673672431,472.33950932758745,2723.911573201808,371.29458605054594,0.3797779873500322,0.06298094791717355,0.8930919348390756,COMPLETE
223,1445719.342805334,2026-05-07 03:40:17.296534,2026-05-07 03:40:32.891008,0 days 00:00:15.594474,36.71477082809805,83.62495001685691,0.005970598323051755,0.017282029792679704,37.564270834782384,373.32510371375554,2418.350969504566,488.91448742402315,0.2952627957766346,0.09700283539108337,1.1070595786038129,COMPLETE
224,1562768.02572964,2026-05-07 03:40:32.892511,2026-05-07 03:40:51.508540,0 days 00:00:18.616029,46.66987476869024,98.91367958651426,0.0007274369537505617,0.008060192134196197,12.479924681048477,681.0160571146354,2914.5812893070197,344.9288224535229,0.46774385431954313,0.04992819737579389,1.1137066852210713,COMPLETE
225,1183101.0268285347,2026-05-07 03:40:51.510142,2026-05-07 03:41:07.114413,0 days 00:00:15.604271,24.55780834945372,96.46882038741819,0.005008794117124342,0.002736143665673328,19.13171689560968,327.3925300495894,2881.2469475490466,447.82831971739034,0.4733389840574967,0.06873376170490306,0.5216420144901744,COMPLETE
226,1276850.393277934,2026-05-07 03:41:07.116129,2026-05-07 03:41:22.631959,0 days 00:00:15.515830,21.354569354982168,55.744891911009915,0.006947227347785444,0.0035723941809384496,55.21922687629362,316.05406454810935,2187.9507371693253,309.60853884051704,0.4814060703295568,0.07522450181270852,0.6917963403147793,COMPLETE
227,1300397.4294052045,2026-05-07 03:41:22.633509,2026-05-07 03:41:38.225417,0 days 00:00:15.591908,21.127600266443178,86.99180784081705,0.005313268236697128,0.004266608518624118,71.11726297813445,496.26252717512557,2868.337960169474,479.6433000310567,0.4588665767478238,0.08142443001107284,0.8019757717434077,COMPLETE
228,1205641.1059511148,2026-05-07 03:41:38.226955,2026-05-07 03:41:53.902054,0 days 00:00:15.675099,19.96078836496735,73.31671565272259,0.006903683249240572,0.003676827668546553,14.545089540142019,308.4260604219641,2364.0061227974315,465.0863546033674,0.4680903454926739,0.06690493030991065,0.574593332647837,COMPLETE
229,1272588.9727261786,2026-05-07 03:41:53.903611,2026-05-07 03:42:12.507934,0 days 00:00:18.604323,42.8028022595285,87.87970142668566,0.0015332913900115656,0.003705511191274006,20.322544561126996,463.8125691740694,2314.5623222932118,322.00740888045937,0.4060294799052958,0.06488392501728023,0.8801860952736524,COMPLETE
230,1471360.0705992877,2026-05-07 03:42:12.509512,2026-05-07 03:42:38.035559,0 days 00:00:25.526047,24.093453256406193,87.8439237976311,0.007085351111653496,0.003174330973195757,22.643207352658692,901.5263984801834,2626.4220842005407,458.4240232884336,0.44336767782027214,0.06743304695682634,0.5776007254371375,COMPLETE
231,1171617.101587378,2026-05-07 03:42:38.037100,2026-05-07 03:42:53.964397,0 days 00:00:15.927297,28.105182226376705,60.32821629652275,0.009795061413526646,0.0023293977048471524,16.872815851043057,427.9224313001936,2456.954146448749,496.18224648143035,0.46208945475715607,0.04146696209806412,0.6165222083289627,COMPLETE
232,1312984.515046003,2026-05-07 03:42:53.965887,2026-05-07 03:43:10.061301,0 days 00:00:16.095414,23.32525253180127,63.07408737795659,0.005773511326847385,0.008703017140941294,15.382982956814672,305.89098683172733,2266.115792388974,468.43032667771274,0.38829206083945517,0.0595928938316679,0.5623217568083363,COMPLETE
233,1219077.9675962508,2026-05-07 03:43:10.062804,2026-05-07 03:43:26.156344,0 days 00:00:16.093540,21.0413447504527,97.86232093758692,0.001268758393774801,0.002936875908711376,19.56384296235984,467.3094407780829,2860.1814048954407,416.2664031837119,0.4129552158027077,0.06419569520828196,0.9087221947941316,COMPLETE
234,1592920.5709970223,2026-05-07 03:43:26.158000,2026-05-07 03:43:44.763236,0 days 00:00:18.605236,21.86325188403109,69.79058467195236,0.004024991107147056,0.011643448058609618,83.9810311789379,1267.4203412481163,1534.0435191279503,413.43071427102655,0.49774331028087654,0.07702967080208858,0.5996589914936867,COMPLETE
235,1251266.1557670338,2026-05-07 03:43:44.764999,2026-05-07 03:44:00.246372,0 days 00:00:15.481373,35.065628798941006,61.850192429689805,0.008182966916089721,0.0026517765406085837,13.971158833594972,611.1025029287357,2492.7837695955754,489.5640765618637,0.49109161685853425,0.06160999617263022,0.5699438927305431,COMPLETE
236,1000000000.0,2026-05-07 03:44:00.247843,2026-05-07 03:44:07.559738,0 days 00:00:07.311895,25.307435882760988,52.802769903789525,0.008407682837984612,0.005638050994450033,10.466142097553092,316.6127096661771,2270.1025604426613,455.2551746927613,0.4608776040532963,0.041670443312773225,0.6542575519449019,COMPLETE
237,1427715.1624487487,2026-05-07 03:44:07.561200,2026-05-07 03:44:23.254308,0 days 00:00:15.693108,24.982935450922703,85.28391882713632,0.0023371042133091373,0.005714895938833595,24.440596378872034,575.4466138978371,2933.1813961670323,465.9012962927683,0.44595947257031127,0.05418435845623516,1.0863564970901851,COMPLETE
238,1294803.714441893,2026-05-07 03:44:23.255949,2026-05-07 03:44:38.836186,0 days 00:00:15.580237,27.309647256785784,97.05126125276435,0.005047339203851272,0.004308547243779969,57.03766524175909,319.3856918414818,1867.6795687336603,312.7709818553295,0.3990247221211181,0.051260846930453914,0.645512670736676,COMPLETE
239,1452841.321691619,2026-05-07 03:44:38.837663,2026-05-07 03:44:55.680020,0 days 00:00:16.842357,35.17775870391869,83.71148560505256,0.0017816747679906381,0.008620515647046858,12.348547949085004,545.2409365864792,2793.1887611662564,494.4226003172719,0.33129590183210905,0.0763573512702063,0.9236740565347791,COMPLETE
240,1529292.68837291,2026-05-07 03:44:55.681536,2026-05-07 03:45:11.266311,0 days 00:00:15.584775,24.258526097210442,98.69694291473361,0.0025429619544316572,0.007760178310519512,24.856694791531098,513.2810573992901,1889.831736744514,478.5142351001861,0.48537553515436843,0.06350016930916456,0.7150268428466744,COMPLETE
241,1321915.5520630244,2026-05-07 03:45:11.267688,2026-05-07 03:45:26.872530,0 days 00:00:15.604842,20.58428965875705,83.92890263114563,0.009859465260875116,0.0031777187152490834,41.29547521817623,609.9297170477562,2348.718949218161,460.75358978378176,0.4865907175360237,0.07704507964937415,0.5913966259099865,COMPLETE
242,1274496.6551231,2026-05-07 03:45:26.874165,2026-05-07 03:45:42.500846,0 days 00:00:15.626681,30.364623296678513,94.18522084503809,0.00252542088404259,0.005888387974458759,30.549545608217556,311.11999729650114,2452.5631154023636,454.3566886731576,0.4056111455359853,0.0810806819322427,1.0590145887499585,COMPLETE
243,1000000000.0,2026-05-07 03:45:42.502420,2026-05-07 03:45:56.501662,0 days 00:00:13.999242,32.996391343924344,94.57137393669142,0.002149902106835553,0.002914490485951803,34.456919628991514,1231.7918420957944,2891.8085510945066,422.76829027951464,0.4919872963918064,0.09355264125230905,0.7241010972227269,COMPLETE
244,1240547.856274763,2026-05-07 03:45:56.503204,2026-05-07 03:46:12.916080,0 days 00:00:16.412876,28.217233459482618,96.65398853565127,0.00485953785054988,0.00223010403056135,12.414546979832956,512.9756902484754,2863.7536234041736,417.47862857087654,0.4224842618957116,0.03347582589708696,0.5088535747073417,COMPLETE
245,1781004.9854251929,2026-05-07 03:46:12.917525,2026-05-07 03:46:28.499831,0 days 00:00:15.582306,26.1892721057496,70.64880773893552,0.005896133163616,0.009767743643985576,76.11465279447651,684.2041276975797,1786.0419634213342,379.3324816046652,0.4242696835401644,0.07838999768257532,0.5728525619472911,COMPLETE
246,1199202.3078807725,2026-05-07 03:46:28.501402,2026-05-07 03:46:45.011360,0 days 00:00:16.509958,33.749566497450914,91.53020972875584,0.0015581380098488515,0.002805551883303178,13.376440468386116,443.98639362092297,2512.571989961417,404.98854637749866,0.4381597896992093,0.06222562023756792,0.8597624621538206,COMPLETE
247,1631233.7018092715,2026-05-07 03:46:45.013038,2026-05-07 03:47:00.607302,0 days 00:00:15.594264,22.88418554389948,97.16578343350557,0.000748655496881377,0.015007983155840832,11.225123021960949,765.133713402461,2429.247683703077,358.8269232852783,0.4061416493331773,0.06746130220975308,0.9244886240759638,COMPLETE
248,1594080.145354737,2026-05-07 03:47:00.608881,2026-05-07 03:47:16.262210,0 days 00:00:15.653329,32.22684866788279,92.7320405068507,0.004237345352087381,0.009440668219881388,27.976219724534616,773.2476259596883,2475.1175199609434,247.20867369321508,0.29602958953226743,0.07637008930045618,0.8153612500910404,COMPLETE
249,1000000000.0,2026-05-07 03:47:16.263880,2026-05-07 03:47:24.754751,0 days 00:00:08.490871,25.655207909458422,72.3828161467006,0.009188811746577315,0.008392011706982104,30.955191694140737,441.9471192351374,2276.6855294191305,490.2113803977739,0.3899856549414306,0.025226375058953584,0.5058348236098291,COMPLETE
250,1314308.3340971249,2026-05-07 03:47:24.756337,2026-05-07 03:47:43.357291,0 days 00:00:18.600954,32.04000507770732,87.32265738466778,0.004840877376270948,0.005456824645100718,14.538803349340036,348.7114315935454,2295.3167071896287,469.31628619607375,0.45341891695741154,0.07315476334450875,0.5326364590436422,COMPLETE
251,1223832.2147276672,2026-05-07 03:47:43.358846,2026-05-07 03:47:58.917467,0 days 00:00:15.558621,18.205821647302624,96.3014209120383,0.004260734284970385,0.0034716097500825565,26.599122276469917,320.6216820380894,2103.271804676191,480.01310478066944,0.47969870689836624,0.04446983516902109,0.521257861078962,COMPLETE
252,1344158.6476285488,2026-05-07 03:47:58.919017,2026-05-07 03:48:14.928657,0 days 00:00:16.009640,21.69569419515319,91.20279378483666,0.005061282681091481,0.0066027534351463,22.09037036918275,306.4643995808661,2143.5957558668188,445.71320905322295,0.4894595262313636,0.0390474009588052,0.5978405692231783,COMPLETE
253,1195991.1464093514,2026-05-07 03:48:14.930287,2026-05-07 03:48:30.622783,0 days 00:00:15.692496,23.20870019612984,89.69289171597094,0.002873167175136561,0.0021096946219800487,11.99779241038477,604.7082390246801,2728.8169916677844,445.2819535496316,0.4855282717287346,0.05323309006188293,0.9361888164438894,COMPLETE
254,1374362.666160534,2026-05-07 03:48:30.624331,2026-05-07 03:48:46.309313,0 days 00:00:15.684982,16.482469299283867,99.37999466324064,0.002623107124521639,0.003508503519633879,41.31175950594463,542.4367826065128,1931.8433952030102,407.8545915468512,0.40808320466925757,0.03354277135905121,0.5459910435662144,COMPLETE
255,1000000000.0,2026-05-07 03:48:46.310960,2026-05-07 03:48:53.776168,0 days 00:00:07.465208,29.751906783873224,86.22199551168872,0.006454775652323321,0.017621839252480054,20.64159402842218,423.88768361558056,2869.6625263450874,446.00098567433605,0.49552760481233565,0.06594384197071322,0.5145413215415373,COMPLETE
256,1560193.8772624799,2026-05-07 03:48:53.777784,2026-05-07 03:49:09.587420,0 days 00:00:15.809636,31.82676580316373,99.81326132717507,0.0004526190646918452,0.008736577707537945,12.337987289432203,530.2892198898464,2895.594585324255,373.36995739761187,0.3480415816951322,0.06305350824002752,1.0685908255581542,COMPLETE
257,1286272.5636205259,2026-05-07 03:49:09.589043,2026-05-07 03:49:25.134336,0 days 00:00:15.545293,26.48459106390024,91.16743397968229,0.005375988786769356,0.004757389858134646,15.391672599471278,432.9089614489371,2842.417478905832,457.7469137199051,0.43319079970759183,0.05983914179317111,0.9036746934237139,COMPLETE
258,1148639.0285833634,2026-05-07 03:49:25.135913,2026-05-07 03:49:40.830270,0 days 00:00:15.694357,25.188299532579443,85.38446093948262,0.009899904845856969,0.0022876430587525716,64.8507462446682,379.6319604818347,1345.3860855144092,481.3705859213623,0.3533193307428476,0.07742225726049135,0.9327357501039034,COMPLETE
259,1574419.7845803045,2026-05-07 03:49:40.831748,2026-05-07 03:49:56.533499,0 days 00:00:15.701751,30.4974844993216,95.86290168929791,0.0025139031166425034,0.011980695296011036,57.22112611342992,509.29208219807964,1802.740489771815,427.57265745316965,0.4916805335515358,0.07835031401719296,0.852355031776475,COMPLETE
260,1318907.1276978902,2026-05-07 03:49:56.534986,2026-05-07 03:50:12.189323,0 days 00:00:15.654337,32.5647151107315,96.61142761841788,0.0015196059733312878,0.0037306432923239884,14.260764355655445,628.02089810388,2626.549421500122,417.95825240904713,0.4876478745038139,0.06966602626472897,0.8469627053659071,COMPLETE
261,1625381.3612644842,2026-05-07 03:50:12.190963,2026-05-07 03:50:27.751246,0 days 00:00:15.560283,29.733510091103042,79.64158768263187,0.004107469705220447,0.010688388880524622,18.407018099545166,475.86828758033107,2054.1979787022287,382.4219191457767,0.4770642684494665,0.029409072828109506,1.0599714138481544,COMPLETE
262,1547696.566166327,2026-05-07 03:50:27.752856,2026-05-07 03:50:44.264802,0 days 00:00:16.511946,11.562130788767908,84.75336409075149,0.0015167769022354275,0.010858921852892655,29.103679620413995,395.84387526906863,2924.59805953822,407.78705920902866,0.4153772853760256,0.044061513611882784,0.8272194329159676,COMPLETE
263,1000000000.0,2026-05-07 03:50:44.266287,2026-05-07 03:50:51.564001,0 days 00:00:07.297714,27.65781201215193,95.29830948372833,0.009933687303139425,0.004586435664321623,90.48430125721764,358.4076952201313,1368.422187842219,432.01239863722145,0.4052731428960584,0.08943524623030441,0.8394441783443127,COMPLETE
264,1000000000.0,2026-05-07 03:50:51.565758,2026-05-07 03:50:58.943093,0 days 00:00:07.377335,28.995400071369943,79.39906852335622,0.009809837134597155,0.018394388530530815,75.03340797657921,406.23789418606725,1535.9371616517903,431.2780985114997,0.2159969083439826,0.05621533004092896,0.9984681766283043,COMPLETE
265,10138844.121474495,2026-05-07 03:50:58.944705,2026-05-07 03:51:14.486431,0 days 00:00:15.541726,19.333964352137762,27.42599796499186,0.0017035147386654619,0.006784508351509705,91.1738464052366,1487.5785320281475,2322.874039916874,103.18997294099873,0.12424185083700132,0.09723794281732687,0.7192179300867134,COMPLETE
266,1567001.3470087945,2026-05-07 03:51:14.488043,2026-05-07 03:51:31.145386,0 days 00:00:16.657343,23.33913985478635,91.46138753801543,0.007492235275255902,0.009845126523916958,60.97207048819162,388.28147468491085,1162.9913826480952,483.7237986484597,0.36802383059018023,0.09868779675069636,0.9600463737542209,COMPLETE
267,1366173.2847084408,2026-05-07 03:51:31.147076,2026-05-07 03:51:47.191037,0 days 00:00:16.043961,28.129553192011052,94.19783985072536,0.00419524062829499,0.004382251819658372,42.7346055988178,528.6401874036268,2658.005897150628,499.04706088466656,0.460554317666906,0.06530103307216822,0.5532377436938061,COMPLETE
268,1600417.5120998207,2026-05-07 03:51:47.192638,2026-05-07 03:52:03.652395,0 days 00:00:16.459757,23.58812723845355,83.97342513779917,0.008363262260824442,0.0042707490316737495,60.88381782307478,1003.3367888817938,1084.8744421208273,442.32748864429715,0.40735096342553234,0.05941448512274904,1.1288455071399541,COMPLETE
269,1421883.5099475312,2026-05-07 03:52:03.654028,2026-05-07 03:52:19.275521,0 days 00:00:15.621493,14.597289482032142,65.61107749417359,0.004397658849156345,0.0067481637046359014,117.49538377406444,318.5528557858046,2441.558301468941,414.50820476996444,0.2917055566876549,0.07693475582727036,1.1355211734786737,COMPLETE
270,1130766.3348177813,2026-05-07 03:52:19.277136,2026-05-07 03:52:35.051420,0 days 00:00:15.774284,17.66331456333363,80.61649620822467,0.0006240195114515699,0.0024198935245365364,17.47556827332685,309.20755178945785,2818.4668660306684,450.8704103616956,0.3717341743672789,0.09235861239214349,0.9220436187297915,COMPLETE
271,1416626.6490376461,2026-05-07 03:52:35.053092,2026-05-07 03:52:50.655371,0 days 00:00:15.602279,17.23321074008895,91.82001688730193,0.007800715344177797,0.01326221617470338,68.95926653000033,307.9660458593835,1765.943799474179,485.6180809703312,0.3888897891075059,0.0609688066812306,0.7869757339177417,COMPLETE
272,1348690.1277472952,2026-05-07 03:52:50.656908,2026-05-07 03:53:06.456317,0 days 00:00:15.799409,37.78440438467454,69.544294638444,0.002608954806485429,0.006964795182308886,48.07971834655408,427.7302559164783,2970.291870748297,397.66446989184635,0.39515289080949545,0.09099422471415242,0.679669113700166,COMPLETE
273,1153604.3068067336,2026-05-07 03:53:06.457781,2026-05-07 03:53:25.098393,0 days 00:00:18.640612,28.770323566515255,94.65950820249407,0.009243148744754305,0.0020016882238154073,62.68579552433801,382.5061747728339,1684.499132976527,442.8271765567172,0.2901276977940963,0.056847422603023126,1.0349873801791767,COMPLETE
274,1509661.6021231182,2026-05-07 03:53:25.100026,2026-05-07 03:53:43.928997,0 days 00:00:18.828971,24.71693415585037,92.95645744133842,0.0070747207198901116,0.00716951373395382,48.41477071076717,408.8226797331638,1198.5201623919888,442.42817222804007,0.23701109453468905,0.06301666396613123,0.9108449856405876,COMPLETE
275,1442876.1811666256,2026-05-07 03:53:43.930668,2026-05-07 03:54:02.523785,0 days 00:00:18.593117,13.827862352728246,88.60790940462171,0.004267019281154322,0.006288640067988108,13.548035356195669,401.05680678446254,2170.4187203955253,456.9138381861894,0.43888806384775036,0.06443236024261942,0.5406169301851612,COMPLETE
276,1469153.6456578602,2026-05-07 03:54:02.525263,2026-05-07 03:54:18.684217,0 days 00:00:16.158954,30.039412087225813,96.85160351667143,0.009569291402342877,0.0027364621737174964,51.32278375157444,582.0803515330123,1575.6782479971741,482.84200939731204,0.31927256423304645,0.049988633799321794,0.9320598834541096,COMPLETE
277,1272085.4512999991,2026-05-07 03:54:18.685682,2026-05-07 03:54:34.295226,0 days 00:00:15.609544,31.26461639499828,66.39198570383469,0.00833963452244755,0.003961864928516154,99.95585050139528,386.71438028250367,1619.0800314037888,381.4630390777523,0.35115255205074836,0.04449877166635048,1.0578859425773621,COMPLETE
278,1744283.3673179708,2026-05-07 03:54:34.296802,2026-05-07 03:54:49.741876,0 days 00:00:15.445074,17.0531193813525,91.33574089758905,0.0025503386316857854,0.013476054375369138,81.81713106706236,461.50042726343423,2710.0108101615865,485.84026680008486,0.35687229791685743,0.09175044319351609,1.0292672599793362,COMPLETE
279,1341569.8996779197,2026-05-07 03:54:49.743516,2026-05-07 03:55:05.315365,0 days 00:00:15.571849,20.8049639678865,70.45317173132896,0.009960286541647332,0.003786644737908253,29.468950817954806,566.3235825408686,1457.5658777882302,465.56242616229724,0.37438133004496016,0.07531732097082433,1.0982738525158937,COMPLETE
280,1380000.4705055698,2026-05-07 03:55:05.316962,2026-05-07 03:55:21.720592,0 days 00:00:16.403630,12.73003785073604,58.86992848409463,0.0028727986436664693,0.005756552717375242,22.46141543311394,391.40286927859955,2749.712921830352,405.70188076071133,0.3758852746085386,0.09564029761662501,0.9689158563795751,COMPLETE
281,7740274.930916359,2026-05-07 03:55:21.722182,2026-05-07 03:55:37.318462,0 days 00:00:15.596280,16.87450325326649,69.66600934099267,0.001467584188746371,0.006978616226275923,38.36702415521664,516.0908995605598,2696.953706727875,355.49741581099335,0.36966880249915246,0.06712176148880772,0.8991228270978778,COMPLETE
282,1654976.912911952,2026-05-07 03:55:37.320051,2026-05-07 03:55:52.809243,0 days 00:00:15.489192,29.50634498265841,81.72306615010487,0.00955283194134473,0.011800124265485391,66.273097763189,634.6868883148157,1797.012732870171,382.1660038415843,0.37625188568491597,0.07361652240590214,0.9531111292420993,COMPLETE
283,11239720.35293863,2026-05-07 03:55:52.810860,2026-05-07 03:56:08.406035,0 days 00:00:15.595175,26.96288666826739,89.65405225361684,0.0030373651910382002,0.0035271773731561894,51.58997797070743,646.8388949400965,2815.6566925466022,419.21741282918754,0.34879274941189015,0.07820417188640671,0.8634874931148152,COMPLETE
284,1392346.5008566543,2026-05-07 03:56:08.406699,2026-05-07 03:56:24.019198,0 days 00:00:15.612499,20.481302682729883,86.54257368783941,0.002114622483833648,0.008120331243715775,16.0821605942161,347.135126087743,2527.6796750440053,472.8824801531351,0.4970638023192499,0.035931542103241995,0.9966352392081657,COMPLETE
285,1480645.2909331839,2026-05-07 03:56:24.020778,2026-05-07 03:56:39.709848,0 days 00:00:15.689070,29.1382281880123,90.78460804353669,0.00801766784462242,0.007320234228688553,40.68130829584631,355.89794359225647,2146.6419083753535,322.9472511522225,0.191957908892525,0.06274884819833207,1.0939523204199675,COMPLETE
286,1142945.7325423413,2026-05-07 03:56:39.711407,2026-05-07 03:56:56.448935,0 days 00:00:16.737528,24.480788531844397,84.89783929221969,0.005920476582520645,0.0022341352698883998,20.386293490532797,376.1579831848831,2929.640168571728,457.1478015898997,0.47831912737878335,0.07034001489007366,0.6674445385904507,COMPLETE
287,1303314.8266307295,2026-05-07 03:56:56.450395,2026-05-07 03:57:11.953444,0 days 00:00:15.503049,28.33103825618704,92.3133099420003,0.0033259803862664855,0.0023122291692278278,11.601786723940263,872.4769350380819,2340.9317220704793,475.9512132090666,0.2868425182815365,0.04040292724643667,0.939245929118142,COMPLETE
288,7493821.167200264,2026-05-07 03:57:11.955066,2026-05-07 03:57:28.102964,0 days 00:00:16.147898,25.529330737038553,47.5518652537711,0.0012571909216352532,0.002633989586527637,43.51688886136397,354.40137984067223,2358.9340519479056,406.4145128112351,0.4964112414601106,0.07455852310849141,0.6913784115425298,COMPLETE
289,1275065.7765202555,2026-05-07 03:57:28.104524,2026-05-07 03:57:44.204923,0 days 00:00:16.100399,12.532507064993599,80.07445415548612,0.002596045020578132,0.004526100193065667,10.955411679232082,314.86237334593875,2395.22278735913,382.2482400575867,0.3284912950007377,0.056883121748696835,1.013945041630083,COMPLETE
290,1413602.047171538,2026-05-07 03:57:44.206528,2026-05-07 03:58:02.824176,0 days 00:00:18.617648,30.21962611440685,49.043784090331066,0.008979041132189815,0.006527416808134685,85.91555988859089,425.4160228054874,1499.6653360618732,474.25406139733315,0.3679815217258501,0.07968052773443741,0.9544369056455106,COMPLETE
291,1211123.6573327703,2026-05-07 03:58:02.825819,2026-05-07 03:58:18.721061,0 days 00:00:15.895242,27.794377518775434,95.82606559801376,0.0025145555604184893,0.004675895845893482,13.41209882486277,319.65543473890034,2782.712316667621,467.47358338688673,0.4714637235158256,0.056557174972954996,0.8896488789445902,COMPLETE
292,1608506.7376973166,2026-05-07 03:58:18.722549,2026-05-07 03:58:34.386450,0 days 00:00:15.663901,28.48597349733668,94.72366478117621,0.0031038411846998457,0.011051325810566962,19.467700108720752,1010.9954639323623,2464.9972976759095,432.1419599493594,0.4991466988849786,0.04831596391973357,0.8965618480179678,COMPLETE
293,1476662.588950061,2026-05-07 03:58:34.388058,2026-05-07 03:58:53.234410,0 days 00:00:18.846352,25.937509837526342,46.99408153740262,0.00842338069998172,0.0306011488734176,10.326409094753352,1838.1938488768144,1719.6958502824325,374.1364580016995,0.14605419225861865,0.0026841245397131036,0.590851093945103,COMPLETE
294,1553996.3226295821,2026-05-07 03:58:53.236061,2026-05-07 03:59:12.959898,0 days 00:00:19.723837,16.407673159115575,83.34728278764277,0.0004981720734139302,0.011029646404621766,30.232438742230887,350.4870632303351,2904.80243635377,459.41970566818173,0.45363521025317394,0.09306256644599707,1.187549479806128,COMPLETE
295,1142429.265503398,2026-05-07 03:59:12.961551,2026-05-07 03:59:28.586066,0 days 00:00:15.624515,14.637760309415832,68.65226078096256,0.0038357440087470667,0.0020108795398340795,24.346983738554428,355.1196413698895,1639.2841362207225,422.39096624082345,0.3045506084002265,0.03153439925342428,0.7911939395811335,COMPLETE
296,1000000000.0,2026-05-07 03:59:28.587294,2026-05-07 03:59:35.981806,0 days 00:00:07.394512,33.08450780955662,88.17416840871667,0.00839189719831395,0.0065464222403653766,54.544125000408734,495.5166862717174,1832.2311274918604,487.8088004652803,0.31254241215901013,0.09117247371951315,1.011102586336299,COMPLETE
297,1308492.8374450463,2026-05-07 03:59:35.983373,2026-05-07 04:00:01.514100,0 days 00:00:25.530727,18.9027203326179,63.90308771835649,0.005917128209319084,0.0032194620418832527,51.895906052860155,410.64440246153197,1702.3588705902632,306.4382011301502,0.32579126791290564,0.019124149394977783,0.6988039986472102,COMPLETE
298,1454459.2508571043,2026-05-07 04:00:01.515614,2026-05-07 04:00:17.153239,0 days 00:00:15.637625,6.4053432564340484,62.29944136459773,0.005367154242255936,0.00773885310644471,27.797990341605804,318.62265384212196,1917.1654620963752,448.44156571463657,0.30911061119621,0.04086035030591961,0.7614706355331796,COMPLETE
299,1000000000.0,2026-05-07 04:00:17.154713,2026-05-07 04:00:24.803377,0 days 00:00:07.648664,39.77996734789899,95.65164034589239,0.0021892058511087,0.01144157699377054,14.137199100681816,374.07522613541704,2585.312193988694,495.7338114266726,0.435107460729686,0.03573572047542041,0.8904948655299211,COMPLETE
300,1540241.584192356,2026-05-07 04:00:24.804898,2026-05-07 04:00:41.343311,0 days 00:00:16.538413,24.59825720686372,70.65131033653402,0.0033292631258190404,0.007576516238406323,26.487086927884167,624.7062632383081,1729.2802373218763,378.67449268912094,0.2882550163972137,0.028603736617004903,0.6420807529777591,COMPLETE
301,1437009.881125922,2026-05-07 04:00:41.344722,2026-05-07 04:00:56.951810,0 days 00:00:15.607088,22.31784955978212,82.22440810054411,0.008583687520523027,0.004551636337709639,59.332595962982396,576.7147122595574,1834.698083384281,463.52975247301924,0.18505397907686255,0.023478257990671735,1.1838898039097459,COMPLETE
302,1162521.6000548382,2026-05-07 04:00:56.953458,2026-05-07 04:01:12.560802,0 days 00:00:15.607344,29.439062144412922,97.10100360725238,0.008491580318591797,0.00217337754515425,17.024685931935,404.98521231021306,2915.7716360594754,383.3007880736466,0.46181859252300544,0.05033812491744391,0.6630491491522563,COMPLETE
303,1697642.9472690688,2026-05-07 04:01:12.562263,2026-05-07 04:01:28.151416,0 days 00:00:15.589153,12.834346903310012,55.40048695596151,0.004686007169453609,0.0054592825477738985,42.2166860971939,894.3119205642324,1425.132858533342,353.4013730459719,0.3335464324940189,0.018408932457560236,0.8922732203332865,COMPLETE
304,1478695.3980866019,2026-05-07 04:01:28.153013,2026-05-07 04:01:44.747486,0 days 00:00:16.594473,31.66487449430431,48.671199389408876,0.009702686090192076,0.0077425532818052945,14.17195069063622,553.2231023882082,2702.7696038191693,432.5767358725986,0.47957159456342474,0.033095726730519213,0.579537916967678,COMPLETE
305,1395511.8293226534,2026-05-07 04:01:44.749142,2026-05-07 04:02:00.880041,0 days 00:00:16.130899,22.695724878165763,65.57408770127181,0.003352690284873838,0.006795607959858181,68.62691754779992,395.3620441750535,2691.1876590859288,492.41958978727587,0.33464920605331083,0.07482424325871295,1.1442130177633048,COMPLETE
306,1846815.732744486,2026-05-07 04:02:00.881686,2026-05-07 04:02:19.827372,0 days 00:00:18.945686,27.61831014142709,98.03323568812665,0.009813166496174936,0.020624635587753792,28.697906698797254,908.8731546089964,2524.9423557085993,312.74662857900745,0.4114376758777602,0.023399985346309743,0.7806734104702374,COMPLETE
307,1628239.164107655,2026-05-07 04:02:19.828847,2026-05-07 04:02:38.625247,0 days 00:00:18.796400,7.089658485542195,80.32663264070383,0.004134766115477763,0.010785760463624096,10.15807470988976,1080.8816675901192,1519.2483424759994,453.0938864254243,0.3307106258581809,0.025267323026376028,0.785333840889316,COMPLETE
308,1217012.8935955863,2026-05-07 04:02:38.626731,2026-05-07 04:02:54.274399,0 days 00:00:15.647668,31.637611071658764,88.78414184535862,0.00832003942502089,0.0035857605427671016,30.986797387967556,379.56444609103124,2621.326825493772,442.8767374806039,0.47633021494452626,0.02604126702789415,0.6391136218274538,COMPLETE
309,1508076.5383013582,2026-05-07 04:02:54.276040,2026-05-07 04:03:09.868293,0 days 00:00:15.592253,33.864173726648005,85.11581594462706,0.00962725668746051,0.011291542846535885,39.970675195446866,718.5389413819834,2868.2747141235595,444.8966321376242,0.37928978639658306,0.04265167097335705,0.6384424793794322,COMPLETE
310,1537417.3158543396,2026-05-07 04:03:09.870078,2026-05-07 04:03:28.689745,0 days 00:00:18.819667,19.764576840110383,87.70192560345129,0.009949066831298743,0.01060420172031631,19.79656253505692,997.8264540118407,2662.5663816144124,480.0072814605151,0.462933367421136,0.005910931546244655,0.6962782486908368,COMPLETE
311,1000000000.0,2026-05-07 04:03:28.691272,2026-05-07 04:03:35.966091,0 days 00:00:07.274819,17.638526706589076,85.57690238586113,0.009196967550037793,0.006200053876205671,34.28383228637041,316.9545983451257,2830.297308292007,296.95951417814297,0.4341930883514644,0.036986833640023704,0.633485393948202,COMPLETE
312,1332622.688381102,2026-05-07 04:03:35.966868,2026-05-07 04:03:52.059393,0 days 00:00:16.092525,10.749219717817647,45.69530794814544,0.0010541401717925948,0.0030506182647650295,33.688386859560964,556.0958735325889,1887.3194026829838,393.933034590162,0.28900487777123074,0.05372503562941013,0.74787344114902,COMPLETE
313,1589018.0071917723,2026-05-07 04:03:52.060971,2026-05-07 04:04:10.686398,0 days 00:00:18.625427,20.97861641617193,73.3856319999511,0.008991136847267364,0.008625102827220841,84.63238470847999,440.4126097592716,1144.1484015007943,481.453245822261,0.3870992675539227,0.0690227211657095,1.0410441703065199,COMPLETE
314,1625734.9532691096,2026-05-07 04:04:10.688072,2026-05-07 04:04:29.505692,0 days 00:00:18.817620,10.631638462273571,80.3508009597902,0.0022433782216480344,0.0068583224815608615,26.826977029964116,563.2970885421669,1944.1245523266493,360.0114805367584,0.3251909463653107,0.028962822713183317,0.7903161853426293,COMPLETE
315,1000000000.0,2026-05-07 04:04:29.507324,2026-05-07 04:04:36.897494,0 days 00:00:07.390170,9.784388549908842,99.5239660194692,0.006339750477975923,0.0078621961097247,15.546632407383502,318.18721981152106,2035.7710363348801,387.6924908511546,0.31432348753492945,0.038342290405778974,0.8025031673818882,COMPLETE
316,1217673.3508796853,2026-05-07 04:04:36.899096,2026-05-07 04:04:52.510206,0 days 00:00:15.611110,8.60726996912271,86.65314008963718,0.006351899629280377,0.0028421258280040707,13.222231992596988,334.9491617382127,2876.016118301361,454.1968194219097,0.4899899466526004,0.05591494456620223,0.5091245475390126,COMPLETE
317,1544680.6128173033,2026-05-07 04:04:52.511853,2026-05-07 04:05:08.115446,0 days 00:00:15.603593,28.78147518155011,85.66339746576536,0.0072067839909016815,0.005476007790425895,22.585409342517025,562.8506998022931,2086.4699188405775,404.26693758182984,0.45784641731731357,0.009727695999163965,0.7857945445690899,COMPLETE
318,1509058.3778615536,2026-05-07 04:05:08.117065,2026-05-07 04:05:24.316236,0 days 00:00:16.199171,15.31487121411109,87.03516349712969,0.0007163187858049858,0.012677961860229762,27.34438156607389,303.01384393445517,2566.7855235403836,422.13612588497415,0.306051492305942,0.09417297255135103,1.0344673966180327,COMPLETE
319,1575461.1687223108,2026-05-07 04:05:24.317819,2026-05-07 04:05:40.187942,0 days 00:00:15.870123,28.64138413036232,92.30754423622497,0.007732354461246451,0.009544454458712286,22.472333140897987,836.9941143429733,2797.0184859156416,329.1223176605783,0.48125697520453736,0.06989524387912004,0.8189708931476605,COMPLETE
320,1333250.2713181484,2026-05-07 04:05:40.189529,2026-05-07 04:05:56.097414,0 days 00:00:15.907885,35.41906630312102,99.48368080222076,0.007632290404695747,0.004877207736614935,12.488676524031241,526.1455839616175,2878.842735823143,443.9195991475707,0.45913863852507614,0.04327428091058562,0.6436312018007662,COMPLETE
321,1000000000.0,2026-05-07 04:05:56.099029,2026-05-07 04:06:03.313765,0 days 00:00:07.214736,18.572193331154107,74.66639802484049,0.00046616881697516795,0.008863157109047119,26.352877556835548,320.08436809353617,2987.672323900773,465.39249339056505,0.3363007138934123,0.09143741825618817,0.8899891600942179,COMPLETE
322,9907107.292708464,2026-05-07 04:06:03.315408,2026-05-07 04:06:18.934366,0 days 00:00:15.618958,25.006408665111394,63.916229978680875,0.008918124063785681,0.00815060024168848,23.80758111994,329.7925475381451,2470.6716882280366,466.22476825121254,0.3844757637538639,0.07527167307599629,0.7541748256152723,COMPLETE
323,1327825.3998603604,2026-05-07 04:06:18.935861,2026-05-07 04:06:34.648397,0 days 00:00:15.712536,25.96016787745783,95.06527310435915,0.00829066768319296,0.003150401774356459,65.29504309788283,593.5839771447354,2386.6647985332875,357.5076470381449,0.48671665783201834,0.02779720196853091,0.6662905345601584,COMPLETE
324,1480985.0640191766,2026-05-07 04:06:34.650035,2026-05-07 04:06:51.073361,0 days 00:00:16.423326,25.054197244620358,82.40516218664126,0.00826244071189397,0.004168298983684445,39.395578655169196,486.8631816105526,2632.2586264742786,395.93261729441696,0.4876502697875304,0.012432137300998394,0.5275353306614615,COMPLETE
325,1287145.8059774237,2026-05-07 04:06:51.074819,2026-05-07 04:07:06.867596,0 days 00:00:15.792777,34.74139248487629,68.63905060027268,0.008616320256399287,0.004961013000589646,44.124294009343316,459.23796340901436,2917.009314129129,491.398679668798,0.4558094170742033,0.021169404052355886,0.71428761067757,COMPLETE
326,1380741.430826124,2026-05-07 04:07:06.869177,2026-05-07 04:07:22.563174,0 days 00:00:15.693997,20.46051961600895,99.63452077491459,0.009816217045868086,0.0023928012657889494,53.82094581768558,389.68290951715966,1661.5599640573444,359.88719667807254,0.31889133637725203,0.08910257455603637,0.9049929899266417,COMPLETE
327,1525474.3567632674,2026-05-07 04:07:22.564644,2026-05-07 04:07:38.250472,0 days 00:00:15.685828,24.94473188391894,98.84170493918005,0.00833008349455495,0.010450729206703766,19.216046564185937,512.7684587787879,2856.3648460821523,337.2977333583483,0.40595481330455735,0.049985823424265566,0.5954254075042938,COMPLETE
328,1533463.6960535636,2026-05-07 04:07:38.251969,2026-05-07 04:07:54.291017,0 days 00:00:16.039048,15.827644856099443,67.00560449062318,0.002711362063329114,0.04281536722544288,38.4354740021115,1788.2088794319232,1914.8086891912087,330.1754407856029,0.14591000242867427,0.003321456390821882,0.8821075915947515,COMPLETE
329,1151690.1218755252,2026-05-07 04:07:54.292577,2026-05-07 04:08:10.906852,0 days 00:00:16.614275,31.80168852848109,70.2876879827088,0.0035360200075475736,0.002298392709021875,13.943648917143006,455.0972268027049,2842.258343200018,476.7985592894196,0.45232476545493766,0.03908259421904771,1.0042241267184324,COMPLETE
330,1629096.1664878805,2026-05-07 04:08:10.908289,2026-05-07 04:08:26.810446,0 days 00:00:15.902157,28.162504380943417,96.39688158371746,0.003430125990340815,0.008886437849609456,11.610392851253355,708.0537454796594,2766.6179349742224,369.31308723593946,0.49041561266465267,0.05982705211717684,0.9703421939351076,COMPLETE
331,1255783.3219910385,2026-05-07 04:08:26.812033,2026-05-07 04:08:42.404406,0 days 00:00:15.592373,31.686427777663052,90.05879657633918,0.008410176065466667,0.004058724453690602,35.75158922571046,322.28814379852895,2123.8733442230578,351.3159050224513,0.3531098388916638,0.03865092309219265,1.1969898839113948,COMPLETE
332,1375876.8827866118,2026-05-07 04:08:42.405901,2026-05-07 04:08:58.515310,0 days 00:00:16.109409,34.80103286244302,71.97226940893918,0.0046133064849344495,0.0049764513400238075,17.470655067081985,634.3526803437055,2758.908195104111,451.9891664552727,0.45209399963227487,0.018868354724688223,0.8956798374397898,COMPLETE
333,1518254.4610005338,2026-05-07 04:08:58.516911,2026-05-07 04:09:17.509383,0 days 00:00:18.992472,21.21463097992673,58.756767486944405,0.0030690030152101494,0.018255879743417726,18.3166195431154,336.9465689007764,1051.231853819812,426.4993117799,0.27241667329998287,0.03904219927720096,0.9232480997699137,COMPLETE
334,1280708.3058932333,2026-05-07 04:09:17.510363,2026-05-07 04:09:33.148431,0 days 00:00:15.638068,23.311740161977173,73.5808445510475,0.008916806137921725,0.005454414288261353,65.41646215523807,300.5345669561382,1630.905848252225,460.06634042432137,0.29415480523103354,0.06325487644593898,0.8673064500603802,COMPLETE
335,1182830.161673361,2026-05-07 04:09:33.150101,2026-05-07 04:09:48.954209,0 days 00:00:15.804108,37.34851166332387,68.04619679059515,0.0011432929692494704,0.002486514207936484,17.990216289973446,452.7986013731674,2703.3638062113628,351.31394168692105,0.4933738821925627,0.05823816297887018,1.0228512089688175,COMPLETE
336,1171742.8374743108,2026-05-07 04:09:48.955693,2026-05-07 04:10:04.671504,0 days 00:00:15.715811,26.43308798102489,75.77261210066912,0.0020072475572519622,0.0021547659422646347,28.439117550466122,380.2368163607265,2765.831313135882,275.21594987431257,0.487806341034558,0.05780128006226937,1.0137584101382073,COMPLETE
337,1402190.0413279494,2026-05-07 04:10:04.673307,2026-05-07 04:10:23.609209,0 days 00:00:18.935902,28.512889041963035,79.19198130230225,0.0005341682782755493,0.002894059038115629,38.89970694913273,867.4678892418832,2651.702009267402,244.08946488351975,0.40588749590238915,0.06042492104585117,1.064604494137015,COMPLETE
338,1672889.313001891,2026-05-07 04:10:23.610818,2026-05-07 04:10:39.322024,0 days 00:00:15.711206,18.36694277116828,60.838556973383426,0.00040514822268301,0.012344104408765388,47.617289816348006,339.4036058404205,2517.055787419429,241.03891259697718,0.4908504670507611,0.05403888731320799,0.9985856310083543,COMPLETE
339,8078829.615361659,2026-05-07 04:10:39.323688,2026-05-07 04:10:54.820355,0 days 00:00:15.496667,28.129005400256744,61.44782226189193,0.0025675057302077457,0.002283413349145771,23.798318151650193,528.1021194735359,2986.4871474786573,230.22096330592473,0.4887454734880779,0.03506224629657775,1.0427117341072478,COMPLETE
340,1459829.5756954004,2026-05-07 04:10:54.821833,2026-05-07 04:11:10.452435,0 days 00:00:15.630602,41.773644415931145,63.11510389533647,0.0025025614391685574,0.006515443185052969,25.104705988982968,545.0896417901664,2470.710013031176,287.84487653657686,0.49647233875327346,0.06740431389891037,1.0341378990086842,COMPLETE
341,1456539.8985455052,2026-05-07 04:11:10.454007,2026-05-07 04:11:29.360359,0 days 00:00:18.906352,22.147328448472006,87.91232703875743,0.00511553583861335,0.00728321327987877,41.580838356295494,325.70000808915864,2192.215261778485,262.28219352658544,0.4292860302157367,0.07040869865961155,0.9312933332714436,COMPLETE
342,1249812.124286457,2026-05-07 04:11:29.361926,2026-05-07 04:11:44.871391,0 days 00:00:15.509465,24.896688047004183,98.51383649589748,0.009533226484182951,0.003094916493214267,22.319891254645814,375.78658394012683,2082.5784375236353,348.7148931891368,0.3682176822712672,0.05759807631185103,0.595934781382278,COMPLETE
343,1000000000.0,2026-05-07 04:11:44.873054,2026-05-07 04:11:52.059380,0 days 00:00:07.186326,38.567007439313855,57.40063109912485,0.0005628346551695276,0.009531549168659866,25.098087929351944,649.9220886814355,2478.7407708384308,481.0127121566816,0.4793421857268433,0.08856662782015405,0.9852203705109618,COMPLETE
344,1273437.3599287113,2026-05-07 04:11:52.060896,2026-05-07 04:12:07.672512,0 days 00:00:15.611616,41.07198523483111,93.53317349711213,0.0016942262061471042,0.0062370712057814035,33.00961948726905,318.25334247027604,2308.101024263633,450.88820729177473,0.4846632308434235,0.0843955253259801,0.8180735099154411,COMPLETE
345,1313671.883793756,2026-05-07 04:12:07.674160,2026-05-07 04:12:23.580665,0 days 00:00:15.906505,29.31655073114503,44.38694041158418,0.000887874004437047,0.004620482152647378,12.32693807280057,488.91851310009895,2443.671780840815,425.1513419739658,0.43617222330611466,0.04714321452389898,0.9155571268438307,COMPLETE
346,1511765.8093780507,2026-05-07 04:12:23.582152,2026-05-07 04:12:48.997521,0 days 00:00:25.415369,35.04456692323715,89.38028591839036,0.003862426822003732,0.010547616005779758,39.819126559368954,494.3141146328634,2026.683869015679,479.72350709705927,0.45395465128170914,0.06293755325499065,0.9253519780832986,COMPLETE
347,1300009.3768037239,2026-05-07 04:12:48.999032,2026-05-07 04:13:04.711438,0 days 00:00:15.712406,10.857518245640165,98.6461328537417,0.004447429175456389,0.004737727280381125,43.547625345170516,318.8633042129546,2577.5636697754467,358.43355759783935,0.37488181924640357,0.06752031033785202,1.0536593351688799,COMPLETE
348,1394327.288187586,2026-05-07 04:13:04.713124,2026-05-07 04:13:20.419115,0 days 00:00:15.705991,38.885806071640765,54.68389144361068,0.002137477930269008,0.010665565910613758,26.096921482941095,334.5470660509879,2903.529684477083,343.4911919897377,0.4300009154260282,0.05343612904197067,0.960451307232813,COMPLETE
349,1524740.8729765164,2026-05-07 04:13:20.420766,2026-05-07 04:13:36.021354,0 days 00:00:15.600588,26.66596634036147,93.55442222551942,0.0056725982627892635,0.005588703569283832,68.53501333216535,567.3892879426771,1699.2380238570497,390.90885318640505,0.23366478285048678,0.04793246689812879,1.0988711157337747,COMPLETE
350,1479756.214234343,2026-05-07 04:13:36.022858,2026-05-07 04:13:51.626487,0 days 00:00:15.603629,29.74892284202399,54.59639752669504,0.004095148185271692,0.00550384917589478,20.827813164417822,694.6787679978345,2584.3308880992395,482.6166934589302,0.4062843623096762,0.03908809543495046,1.0133797130261992,COMPLETE
351,1464364.582192416,2026-05-07 04:13:51.628070,2026-05-07 04:14:07.396381,0 days 00:00:15.768311,15.764707454501718,59.662124111847355,0.009133856418346993,0.002828846257579457,19.169157547803344,1049.2159693453682,2146.006925608477,436.9197823029782,0.4826022623366487,0.04765253592474185,0.6766560840430548,COMPLETE
352,1258205.6593411947,2026-05-07 04:14:07.398105,2026-05-07 04:14:22.901789,0 days 00:00:15.503684,31.486422885125627,60.31747232777151,0.004107300756827071,0.0060432789570799995,11.050012998468768,307.326802334457,2956.6735311922716,479.0576270350789,0.4329922538887997,0.03337367022146204,1.0593395700769601,COMPLETE
353,1211140.4051677026,2026-05-07 04:14:22.903154,2026-05-07 04:14:38.520485,0 days 00:00:15.617331,27.90584517803101,96.37816783914998,0.007093019476498586,0.0046402950235031985,48.46249868440927,311.4349986572992,2919.4710404421044,499.70012518465984,0.451001622579459,0.06482575528390924,0.6349052656762793,COMPLETE
354,1146810.6903754126,2026-05-07 04:14:38.521975,2026-05-07 04:14:58.052941,0 days 00:00:19.530966,24.930338179115573,66.02392961212652,0.004983155759220898,0.00273792873590002,11.049992392102677,314.0106170048666,2710.934209775142,436.15739211803776,0.46511775608596423,0.06146834840885346,0.7157540356497861,COMPLETE
355,1522529.6438244942,2026-05-07 04:14:58.054600,2026-05-07 04:15:13.610457,0 days 00:00:15.555857,40.19935253014359,68.89976531342455,0.0002681019877608516,0.006987937871704895,16.243393061782363,703.00127896851,2801.845748406098,425.1189280889063,0.47850925620499857,0.05213782492517463,0.9940205436979799,COMPLETE
356,1719628.240234581,2026-05-07 04:15:13.611995,2026-05-07 04:15:31.026858,0 days 00:00:17.414863,45.986608009466046,52.07680290189439,0.0007119160835725724,0.013257988139931775,55.890055071462264,1895.3333746605772,1320.7484100727927,434.7132110862568,0.18408381680429403,0.019377092384008848,0.9737429459539054,COMPLETE
357,1303181.369674194,2026-05-07 04:15:31.028370,2026-05-07 04:15:46.676455,0 days 00:00:15.648085,21.272916797929206,56.30568105760291,0.0044256533479005425,0.00513486714002402,17.935298194324826,363.8339343918845,2660.0719576947617,395.30112820466707,0.45813538905783063,0.06809069704967868,0.7694099001113727,COMPLETE
358,1478974.7634162258,2026-05-07 04:15:46.677852,2026-05-07 04:16:02.167418,0 days 00:00:15.489566,17.310250825367945,74.46763270322604,0.0050684285217163505,0.008994271957001528,20.029392499476664,370.14023606419636,1239.4939483807862,408.709913548318,0.3378071398245458,0.0032880085491265552,0.6738681258123651,COMPLETE
359,1226478.3669702394,2026-05-07 04:16:02.168896,2026-05-07 04:16:20.779861,0 days 00:00:18.610965,23.78770560795937,86.60028509641175,0.0004490869495172567,0.003459124586556124,12.01992939861296,447.98881608295676,2606.9393473270006,491.3555650390619,0.4009804161602481,0.09682004997446753,0.8834620132122509,COMPLETE
360,1238016.755021368,2026-05-07 04:16:20.781525,2026-05-07 04:16:36.383348,0 days 00:00:15.601823,27.36096362410541,91.5878654992177,0.0034622645521927954,0.0024378855921237045,15.343564252321709,668.7953026754664,2701.7302145350977,453.4587225687266,0.495364550257055,0.04090583423732701,0.7901496027733248,COMPLETE
361,1532101.736894894,2026-05-07 04:16:36.385135,2026-05-07 04:16:52.088474,0 days 00:00:15.703339,40.497440564442584,62.593257703186005,0.00976721897573724,0.005720085835275099,22.191485570933928,896.008397380085,1942.9072660938255,451.20559548831835,0.42801195292283317,0.015394023204839295,0.684749765574862,COMPLETE
362,1368819.087610609,2026-05-07 04:16:52.090076,2026-05-07 04:17:07.714409,0 days 00:00:15.624333,8.483791594274095,77.74663542222261,0.0018642161003715153,0.007731713724583982,35.921352686890536,349.72584115657094,2955.7312358006297,485.55929529709834,0.3414462166245516,0.05648287797293793,0.5739983081324828,COMPLETE
363,1217628.9002514102,2026-05-07 04:17:07.716030,2026-05-07 04:17:23.500246,0 days 00:00:15.784216,34.444850961258076,75.21353100250839,0.0004243221869191698,0.004217240616169703,22.22482973489932,331.4523818316294,2977.4737670515533,334.52609469214576,0.4894119749138775,0.08172246194937088,1.0754580909685043,COMPLETE
364,1201464.0544030992,2026-05-07 04:17:23.501665,2026-05-07 04:17:39.096802,0 days 00:00:15.595137,27.905721217343025,93.89580175525515,0.009594855422086226,0.002459710735219565,54.21268830096395,469.7603162582433,1105.1157260992338,447.7191648071237,0.36552536428145244,0.07333155955530787,1.0342550128670502,COMPLETE
365,1408818.2079034692,2026-05-07 04:17:39.098472,2026-05-07 04:17:54.581346,0 days 00:00:15.482874,31.66209236938484,98.6651988996096,0.0024405343142453037,0.009188486682456098,11.841058348741925,386.12504650340213,2953.9163065765392,365.1039608305733,0.411821139354653,0.07792040262745323,0.5669335605815313,COMPLETE
366,1430362.429011171,2026-05-07 04:17:54.582956,2026-05-07 04:18:10.571791,0 days 00:00:15.988835,27.64675125884604,90.29043793275055,0.004192729910046046,0.00815069858110194,11.263431987443319,507.01657272891055,2796.0833445533676,488.8969397345557,0.48662937425491243,0.06309246887020165,0.7292406079925051,COMPLETE
367,1394614.9825433528,2026-05-07 04:18:10.573272,2026-05-07 04:18:26.129420,0 days 00:00:15.556148,29.754869457441803,75.7452223201422,0.0003260699285050427,0.006714396059750707,14.218751761775884,408.7538922299349,2199.9778644325265,370.68862345188285,0.4706837118414041,0.05011686415396794,1.0956936355146274,COMPLETE
368,1441953.2681533026,2026-05-07 04:18:26.131022,2026-05-07 04:18:45.025267,0 days 00:00:18.894245,26.9278043768241,31.50530305311792,0.0036655501466704705,0.03126763550402328,15.542972437010732,1874.0221764305902,2673.1804027367134,223.80671143132483,0.11017057398432437,0.02797980114940022,1.0805686092940612,COMPLETE
369,1706838.8752236024,2026-05-07 04:18:45.026574,2026-05-07 04:19:03.591681,0 days 00:00:18.565107,28.946389503969865,74.12686893874665,0.0029562750236318902,0.012158609208756402,15.537374586240087,489.4441634685822,2439.9365509718136,231.65760281363288,0.43776382306722716,0.045311046778986175,1.1110721119629265,COMPLETE
370,1237464.5009260646,2026-05-07 04:19:03.593199,2026-05-07 04:19:19.474518,0 days 00:00:15.881319,23.314142499559026,77.5821238831445,0.0004224737703341611,0.0035444533234314088,21.065257599099947,410.6076394146944,1416.3250582468372,491.5742568358388,0.38024725146920024,0.037002016051829595,0.8686046264056817,COMPLETE
371,1323125.9041084093,2026-05-07 04:19:19.476142,2026-05-07 04:19:34.994584,0 days 00:00:15.518442,20.412734405002595,96.72509230825196,0.009142295023281915,0.003882623987916059,53.155992296483,498.6489464489036,1567.1859597561559,434.7945189056512,0.4850670711750169,0.07932432417329503,0.9377696181849826,COMPLETE
372,1320296.9331800188,2026-05-07 04:19:34.996932,2026-05-07 04:19:50.597571,0 days 00:00:15.600639,27.76199656657976,70.42249405656267,0.00905823910035153,0.004146242499986432,61.95460893008797,514.4493538406495,1016.3562462181501,495.8274796407,0.45061784936242005,0.09317775075199239,1.1043972484412736,COMPLETE
373,1374724.6227587378,2026-05-07 04:19:50.599084,2026-05-07 04:20:07.090443,0 days 00:00:16.491359,21.724009558507436,94.99870092302854,0.007163064684229718,0.0051605399745576685,64.97565964810032,455.00495678638936,1412.6876194544002,479.92802806467114,0.38704845370063634,0.057649486620145754,1.1550684444543036,COMPLETE
374,1000000000.0,2026-05-07 04:20:07.091944,2026-05-07 04:20:14.282969,0 days 00:00:07.191025,27.836514471596693,71.15406099199146,0.009822706027105763,0.011874533249130884,47.88546991328232,421.1470444510031,1450.6659662497377,345.34103383391437,0.30687665365443384,0.05372037746687926,1.127027026202845,COMPLETE
375,8374768.1704260055,2026-05-07 04:20:14.284617,2026-05-07 04:20:29.873468,0 days 00:00:15.588851,19.60445861108123,61.22213353741809,0.0059539285776615426,0.0037720279841261177,31.64546345866815,323.049232579378,1268.1336000217975,459.1210718197974,0.23282381138704428,0.049193201882482246,0.6749665965492896,COMPLETE
376,1697379.5495827289,2026-05-07 04:20:29.875115,2026-05-07 04:20:45.906000,0 days 00:00:16.030885,34.60128922529364,92.65465662405644,0.007769333372725688,0.010647763730267858,77.42532078697138,426.0608925173024,1489.6971285026004,397.448351287226,0.24294104166812683,0.07536638765392695,1.0045644385046306,COMPLETE
377,1419639.3506521357,2026-05-07 04:20:45.907779,2026-05-07 04:21:01.604278,0 days 00:00:15.696499,18.711199400891807,79.8423445109824,0.005011667123069837,0.0034928632347771245,99.78963914339906,911.4472076089272,2505.1818778386723,489.778867332379,0.41942165540052223,0.04904147479036541,0.8580081841210894,COMPLETE
378,1387511.5788239224,2026-05-07 04:21:01.605786,2026-05-07 04:21:17.220228,0 days 00:00:15.614442,33.6336613784839,99.8795403736732,0.009611522069849299,0.0061736131992298,66.32283767159294,393.3497298925482,1266.7524181546391,460.67267850170015,0.34928016211930146,0.08403001746713876,1.0735155747254777,COMPLETE
379,1380590.7184501397,2026-05-07 04:21:17.221698,2026-05-07 04:21:32.736761,0 days 00:00:15.515063,18.578025003597997,78.53536429932468,0.005504781165782014,0.004933424695673771,31.829978422913754,477.9131860805083,2903.1958446538943,421.4757769025248,0.4819510741534826,0.07584775879998461,0.6125252865105263,COMPLETE
380,1546250.8254103882,2026-05-07 04:21:32.738341,2026-05-07 04:21:51.563147,0 days 00:00:18.824806,26.54750829659032,79.76982513948788,0.009940881306539103,0.004631949658315426,46.820483475166995,761.1274326355408,1196.96954521057,430.1921139199534,0.3249718301597057,0.06143360999364008,0.9646427335515982,COMPLETE
381,9335875.001044482,2026-05-07 04:21:51.564641,2026-05-07 04:22:07.115106,0 days 00:00:15.550465,23.289149657310336,91.13537797499774,0.0022687691811084,0.04570706886755539,87.21695987101258,1684.8658503713075,1437.5723203717778,194.5276747778318,0.3403438220769902,0.05989890691429585,1.146006465536387,COMPLETE
382,1131634.6411489744,2026-05-07 04:22:07.116677,2026-05-07 04:22:25.748424,0 days 00:00:18.631747,24.700761858724174,71.40525652723994,0.0018995203687251232,0.0020988142113089114,23.63772238995523,317.27040546904857,2895.0551427555993,340.60615506824416,0.40632828895579537,0.04353989340943831,1.0499182914874223,COMPLETE
383,1307116.0420833512,2026-05-07 04:22:25.749954,2026-05-07 04:22:41.383342,0 days 00:00:15.633388,35.15860882492649,80.61743473001602,0.0022806414170532547,0.004757404350134597,15.123027647773519,519.5140317020213,2705.764482833199,471.92065317070677,0.49674349982456234,0.08160124782806244,0.9245352292358051,COMPLETE
384,1800090.1394561972,2026-05-07 04:22:41.384919,2026-05-07 04:22:57.029690,0 days 00:00:15.644771,15.978757112939466,99.47590402311126,0.0018754140274482621,0.011347216888251018,45.478471511338114,330.14039820254766,2613.8802266779535,335.86231529685773,0.459974139332374,0.027562038816133054,1.1978288900869454,COMPLETE
385,1347315.0734418957,2026-05-07 04:22:57.031386,2026-05-07 04:23:22.477943,0 days 00:00:25.446557,21.943260749561546,99.02554914975316,0.0032630575898369395,0.0039704881382246916,20.70759684671897,448.9084597853681,2683.9890177820266,224.79111149405549,0.47174870718663736,0.07355981357316532,1.1782075459793497,COMPLETE
386,1633597.9564853373,2026-05-07 04:23:22.479526,2026-05-07 04:23:38.377302,0 days 00:00:15.897776,20.88487588226,52.64988453158733,0.0027097813055166624,0.005773444576100276,28.32507925043172,357.7968320013461,1551.3068639602652,385.81491829156533,0.3914393181080396,0.0422401504587698,0.6785800438193211,COMPLETE
387,1530261.6141374002,2026-05-07 04:23:38.378933,2026-05-07 04:23:57.005304,0 days 00:00:18.626371,29.969933941758402,79.03996135348179,0.0036368868914182966,0.014846293098031343,51.05387992528937,495.00424363151967,2967.1186277332777,298.5926077902466,0.363300372905627,0.03844515480381431,0.9462509207321348,COMPLETE
388,1620930.859837175,2026-05-07 04:23:57.006865,2026-05-07 04:24:12.709408,0 days 00:00:15.702543,16.402387392714573,30.5136933133154,0.0024765115877422163,0.03808457741875072,43.79286808296042,952.7998374133102,2311.4375229345887,244.39557611721,0.4474843177104135,0.052000840859555,0.7898918521681727,COMPLETE
389,1522953.8120189249,2026-05-07 04:24:12.710924,2026-05-07 04:24:28.355517,0 days 00:00:15.644593,31.18606884062046,98.9471429473222,0.0007224633840745495,0.031736452875635326,31.613342028224217,1470.2217628741573,2053.91187211963,178.1314124421304,0.3070029073060706,0.09915280033549381,0.6557307218342256,COMPLETE
390,1411090.463482866,2026-05-07 04:24:28.357042,2026-05-07 04:24:44.067746,0 days 00:00:15.710704,31.41899546809014,88.99423439294914,0.009583317042364141,0.003011364061359491,91.8702315696016,779.0934651920511,1747.0020934435868,349.03253516621953,0.22500161105684996,0.03141990438564334,1.0058545483889174,COMPLETE
391,1000000000.0,2026-05-07 04:24:44.069389,2026-05-07 04:24:51.166463,0 days 00:00:07.097074,35.755770171119316,71.18337838291322,0.00908878938024991,0.0034538214487862414,44.16535042406744,372.3434084082465,1144.3956217621867,457.8053073049596,0.49903922860761746,0.05117996206183237,0.9876696210652677,COMPLETE
392,1621936.6801800237,2026-05-07 04:24:51.168032,2026-05-07 04:25:06.784438,0 days 00:00:15.616406,24.164879933038293,55.162736079515795,0.002409798083037277,0.012328336762053463,68.02594769446662,459.45003276348035,2483.4992530631303,371.53442416195617,0.3705366776265491,0.031152476624691734,1.1185613018924059,COMPLETE
393,1342378.4602305263,2026-05-07 04:25:06.785911,2026-05-07 04:25:25.304471,0 days 00:00:18.518560,17.283661376912917,66.60718887998117,0.00817967268380566,0.004264473345918377,10.213613659037815,512.1311936617236,2964.0562674146204,427.6234120943443,0.45085144301905894,0.05703736591486885,0.7344002727424285,COMPLETE
394,1594349.169259181,2026-05-07 04:25:25.306083,2026-05-07 04:25:44.186410,0 days 00:00:18.880327,31.953111768114432,97.68473394363716,0.009063754904629764,0.004404302922098438,58.367418297061434,1199.348695029249,2204.6768490297773,449.226899277779,0.25264100059353806,0.042601081784220216,1.131083628001017,COMPLETE
395,1347207.5353099345,2026-05-07 04:25:44.187990,2026-05-07 04:26:02.713534,0 days 00:00:18.525544,30.18032655417063,74.68372442126947,0.0017551561013891587,0.003139200177300289,29.066471394895977,775.7689638835254,2541.0356782801728,355.4745650061565,0.4634650487920312,0.044941355197821796,0.8770742309566651,COMPLETE
396,1385989.904468023,2026-05-07 04:26:02.715227,2026-05-07 04:26:18.317583,0 days 00:00:15.602356,23.669860231115848,57.847522801796686,0.0015834235259607546,0.003376320984914376,85.05873604167768,847.4529566472581,2836.3017294173706,402.63086081954447,0.41954828337921135,0.06837109559958301,0.9745337628458113,COMPLETE
397,1264750.0257494003,2026-05-07 04:26:18.319162,2026-05-07 04:26:33.829528,0 days 00:00:15.510366,24.37218681271306,86.87968891294891,0.004090981251981931,0.004393424105686175,70.09907437522145,318.7581850971732,2614.274729406175,430.6439342145241,0.2941459803443616,0.09996044755712902,1.0526310884334524,COMPLETE
398,1000000000.0,2026-05-07 04:26:33.831068,2026-05-07 04:26:40.946418,0 days 00:00:07.115350,6.785868278521922,55.75393234416491,0.002782670426071638,0.005372417034287178,48.96830093593262,483.95453279226797,1601.9651160261656,440.73318821076134,0.4420168572446669,0.015541136760816452,0.8838658789458812,COMPLETE
399,1564639.4439870287,2026-05-07 04:26:40.947928,2026-05-07 04:26:56.579396,0 days 00:00:15.631468,26.990488292861993,61.782203683497016,0.0024976361214381596,0.011796091420514007,44.84647841729941,419.92306005749913,2980.122238972743,427.0204172832721,0.4702714262065031,0.05966646407235814,1.1167979012345433,COMPLETE
400,1529304.271081324,2026-05-07 04:26:56.580894,2026-05-07 04:27:12.681104,0 days 00:00:16.100210,18.149458243453157,89.29706476163695,0.00439957367551335,0.030521633222369494,73.3138194494912,467.59039018459134,2870.328400075413,127.42285921245096,0.16060798371834847,0.060056130669183395,0.636083863232404,COMPLETE
401,1117573.1141976041,2026-05-07 04:27:12.682589,2026-05-07 04:27:28.250990,0 days 00:00:15.568401,15.594463816740872,82.10594047674005,0.001692171992698243,0.0021073522888080147,42.20697604046054,304.2907767833471,2695.3299019400356,439.8592306206185,0.33882901049208275,0.013653659887338594,1.033828943500585,COMPLETE
402,1514252.0821939567,2026-05-07 04:27:28.252561,2026-05-07 04:27:47.069432,0 days 00:00:18.816871,7.084009312488925,90.3829247503307,0.0013321529293266708,0.005155115056047868,38.87682818177887,652.4932998781517,2419.644350762635,495.62771811642017,0.3608976968626649,0.018767178663956628,1.1548840586103337,COMPLETE
403,1551223.04919865,2026-05-07 04:27:47.070982,2026-05-07 04:28:02.661496,0 days 00:00:15.590514,19.001793058481116,68.24979607515718,0.0021984560656977794,0.009168864448939966,58.482747944343735,576.3657362517772,2470.242194392265,428.5460265481664,0.21664771519969084,0.029642689486332054,0.9927114023304332,COMPLETE
404,1306328.6050373088,2026-05-07 04:28:02.662988,2026-05-07 04:28:18.269644,0 days 00:00:15.606656,34.10954492402893,53.95443514216142,0.005737792323526102,0.008532024206941725,10.37783930460547,330.55216561154776,2905.858191832438,491.8706492800957,0.39397837258701984,0.055175721802178106,0.7800216782872402,COMPLETE
405,1719416.1102836651,2026-05-07 04:28:18.271297,2026-05-07 04:28:33.855713,0 days 00:00:15.584416,14.326490830555882,85.65968594451115,0.0058621409499098245,0.03773933150756786,14.6303511791536,1225.4264043378173,1481.1199462459626,447.9199455078154,0.2995687373688883,0.06887580612150701,1.049725875438408,COMPLETE
406,1383278.289512764,2026-05-07 04:28:33.857351,2026-05-07 04:28:50.771003,0 days 00:00:16.913652,28.486900980235482,80.92213642144117,0.008341158761799134,0.007523271030713163,24.447379516704217,347.1621895291307,2536.4286182779015,398.66650559514477,0.4805914731570916,0.06406531788845249,0.7334409348366988,COMPLETE
407,1824688.9360499773,2026-05-07 04:28:50.772645,2026-05-07 04:29:09.339055,0 days 00:00:18.566410,14.637612106202843,81.88508481447718,0.00189298760140757,0.010237870811978456,69.29026669704936,705.4325007502302,2897.32478191871,423.0078790313221,0.3487027416702909,0.026832498757569642,0.8692412975168845,COMPLETE
408,1404172.565814569,2026-05-07 04:29:09.339750,2026-05-07 04:29:25.063506,0 days 00:00:15.723756,20.510247821307598,58.23612344971015,0.0015990868255635535,0.007589216666504484,49.946075377441716,353.1786039555651,2772.1612244273424,423.4428303479053,0.3671631825425841,0.025480651307808626,1.03726222255884,COMPLETE
409,1179654.1469427922,2026-05-07 04:29:25.065110,2026-05-07 04:29:40.780429,0 days 00:00:15.715319,22.27787141399435,68.6846065224749,0.005234869392099715,0.0032292058591382325,77.16192741805312,377.8530838983165,2924.426687262067,466.3864726468065,0.4454745460318972,0.06605716150980635,1.0584162038704166,COMPLETE
410,1196381.0796739438,2026-05-07 04:29:40.781892,2026-05-07 04:29:56.592430,0 days 00:00:15.810538,31.74810436445783,74.67135220910154,0.002729013097143973,0.0020177590896780042,58.38907440825294,480.21671822442715,2341.124847786871,273.4592624759766,0.4755618186889015,0.04953005059695939,0.9796301081679608,COMPLETE
411,1549921.5290993187,2026-05-07 04:29:56.593970,2026-05-07 04:30:12.203170,0 days 00:00:15.609200,19.86363427263794,89.30441437584368,0.009393901926380352,0.009031058567709175,76.95542314703167,512.7915814073726,2085.7575229140575,472.03280365509056,0.1850517373529915,0.06305633490287188,1.128157302867836,COMPLETE
412,1512766.639654697,2026-05-07 04:30:12.204982,2026-05-07 04:30:27.842471,0 days 00:00:15.637489,20.894681034336823,81.4278222438615,0.008073047235835854,0.004813573266034526,81.54145841481613,854.4061806316345,2668.1763332084984,488.95573813465046,0.4019774265181972,0.08694444117862536,0.9941292326739066,COMPLETE
413,1000000000.0,2026-05-07 04:30:27.843966,2026-05-07 04:30:35.248120,0 days 00:00:07.404154,18.578246689933284,49.786285777874944,0.009626454502562661,0.010488081967807624,66.52230653873887,636.4788306987242,1758.3706803788054,134.6322719035861,0.19559706384212555,0.030394691540456643,0.804655323294793,COMPLETE
414,1179948.3814968283,2026-05-07 04:30:35.249712,2026-05-07 04:30:50.952820,0 days 00:00:15.703108,22.134403414624014,65.58104033880704,0.0033308147504210986,0.0029066080092764717,74.8611667339787,414.4351947373358,2910.096026391478,487.0072788002726,0.4428901325402601,0.06467495706955734,0.9455955762965429,COMPLETE
415,1268351.8977063247,2026-05-07 04:30:50.954445,2026-05-07 04:31:07.431439,0 days 00:00:16.476994,33.4050404730245,92.43227187037758,0.008912669601348115,0.005423273652973842,47.092950233566974,301.1918572977743,2902.6139390398753,342.19309890321415,0.4712161034338715,0.052722034401281814,0.64606764525295,COMPLETE
416,1000000000.0,2026-05-07 04:31:07.433059,2026-05-07 04:31:14.624529,0 days 00:00:07.191470,28.211794090117817,58.24136167651338,0.009881521594966173,0.00205838454206809,22.025659691465776,345.0260707486276,2338.5553454924957,408.2170092477962,0.38935616158834807,0.03349936872123979,0.6680906411083428,COMPLETE
417,1307239.905028449,2026-05-07 04:31:14.626035,2026-05-07 04:31:34.026020,0 days 00:00:19.399985,28.989470306296855,65.98221929702193,0.0014420164981822127,0.0064544257744503526,59.56832375085031,311.5788935930667,2679.0562663083238,420.2989792976797,0.32253989884845385,0.07717231723745335,0.8968347218793231,COMPLETE
418,1433181.5826169213,2026-05-07 04:31:34.027658,2026-05-07 04:31:49.591432,0 days 00:00:15.563774,26.87547402049875,41.156914538450074,0.004782653532454179,0.009348919611410298,93.40944905845635,328.0947560008025,2899.995664427626,456.33749531545556,0.45787856161681634,0.08274406994541421,1.1565788778650046,COMPLETE
419,1238257.6094207715,2026-05-07 04:31:49.593021,2026-05-07 04:32:05.205271,0 days 00:00:15.612250,22.351047820930194,45.78748070846473,0.005730232562366862,0.0044398455162210585,68.80793212585651,301.2598578168109,2848.7941575365103,358.85128594392074,0.3906510459982813,0.03355503729572067,0.9166885363249874,COMPLETE
420,1458506.5213972041,2026-05-07 04:32:05.206755,2026-05-07 04:32:20.922385,0 days 00:00:15.715630,16.814766226537007,96.04745763349676,0.001043404628380557,0.013600041363197111,69.11102350144381,321.50867699775324,2460.088591312433,428.36324925366466,0.2618361910039838,0.006691640907050851,0.9553864221323133,COMPLETE
421,1551913.802429351,2026-05-07 04:32:20.923933,2026-05-07 04:32:39.753077,0 days 00:00:18.829144,16.214730864151836,71.09253367054207,0.005111472250828704,0.008497894972930024,67.1463682246891,445.69754977652474,2581.5055355058257,407.28839950399197,0.4770587680388998,0.05714741520566631,1.0104218230668258,COMPLETE
422,8089956.341016394,2026-05-07 04:32:39.754687,2026-05-07 04:32:55.380470,0 days 00:00:15.625783,24.573008527576622,67.7327048429254,0.00292811661026671,0.002348081161142806,46.604536080002326,600.596628856435,2440.748673451261,466.7253465845638,0.3662308934698868,0.09199981528881074,0.8715501365926445,COMPLETE
423,1284473.7938123227,2026-05-07 04:32:55.382074,2026-05-07 04:33:14.284177,0 days 00:00:18.902103,7.411769678047223,93.74005370816035,0.002362706836302031,0.002629355548852746,25.624981889546063,470.9447964802428,2691.469341351986,339.8975533234304,0.2409956970719734,0.013341794956193259,1.152801234145539,COMPLETE
424,1300243.000954263,2026-05-07 04:33:14.285772,2026-05-07 04:33:29.809509,0 days 00:00:15.523737,12.417228066132854,93.77626920905217,0.005560525466369378,0.0037162490436646748,61.244537893481876,508.6309224725024,2344.8993870774284,469.09090666386896,0.3367726793082929,0.003434479577676123,1.0749309732637076,COMPLETE
425,1486142.7637105638,2026-05-07 04:33:29.810889,2026-05-07 04:33:48.780521,0 days 00:00:18.969632,10.304889421487921,77.32141156636128,0.0029255373221769086,0.00607476891755476,29.955078113332757,323.9974008333951,1353.2129420320143,296.2662238777358,0.2628524518543678,0.030076800214236372,0.9556158407763202,COMPLETE
426,1000000000.0,2026-05-07 04:33:48.781996,2026-05-07 04:33:56.083584,0 days 00:00:07.301588,19.377137663912194,55.62930894213928,0.005829816801806602,0.009105577077516521,113.8718125148458,420.96984189848683,2417.51338440057,498.5845684788989,0.45142888160906375,0.06081423019936043,1.024197143443225,COMPLETE
427,1471657.8510339246,2026-05-07 04:33:56.085101,2026-05-07 04:34:12.239971,0 days 00:00:16.154870,26.30751198905132,66.95321329234037,0.007512363699683404,0.004147317873286066,92.01335124185847,993.1355083789532,2993.5687973326167,454.81815653728245,0.48146690426322036,0.07720582827479418,1.1665955930381715,COMPLETE
428,1252603.7015228947,2026-05-07 04:34:12.241569,2026-05-07 04:34:27.877798,0 days 00:00:15.636229,22.84543167859997,77.10352527602288,0.001821669516781459,0.0036367504909119806,48.709895428218466,348.5414271873673,2373.7336827866434,345.8779886191684,0.31697289378061433,0.021901836408041976,1.1528641679397378,COMPLETE
429,1776418.3972935758,2026-05-07 04:34:27.879386,2026-05-07 04:34:43.475348,0 days 00:00:15.595962,10.948764142448278,95.09485511652035,0.006887010624709917,0.008955873258952037,76.4028441621864,660.5815548088783,2806.945490528218,467.23407762611623,0.4121319777642307,0.04901827058161197,1.1906714973781936,COMPLETE
430,1208964.9580754472,2026-05-07 04:34:43.476879,2026-05-07 04:34:59.888214,0 days 00:00:16.411335,12.795393483299497,58.2629318190089,0.004853050316259272,0.0033830955068359617,79.71735085461756,387.78360865364294,2505.831790330989,494.684351357474,0.417017840587173,0.06153361167865742,0.9698828292416469,COMPLETE
431,1101869.9555604411,2026-05-07 04:34:59.889856,2026-05-07 04:35:15.589009,0 days 00:00:15.699153,27.662346649279424,70.66274592438826,0.007976374953397258,0.0020405881965757425,110.56582057942663,310.7866324475187,2791.6506112458965,468.2271248656993,0.4674217026153977,0.03766503218451453,1.185034983858744,COMPLETE
432,1540165.494997653,2026-05-07 04:35:15.590466,2026-05-07 04:35:31.791058,0 days 00:00:16.200592,25.324550091842458,51.29562726107635,0.009643609577552462,0.007163134829083574,107.29015952293264,638.0334011987935,2620.8113843032947,472.87605077456624,0.4971389732657372,0.009588132727127344,1.1548439890081053,COMPLETE
433,1232756.27686335,2026-05-07 04:35:31.791675,2026-05-07 04:35:50.427276,0 days 00:00:18.635601,35.08208662274625,77.5803139886342,0.008608865664759248,0.0045537873745215484,94.13356948887932,356.24071954842674,2706.0327059082547,495.07727899489254,0.45976527855023047,0.03892083065414823,1.0810968397854106,COMPLETE
434,1257164.1142515035,2026-05-07 04:35:50.428530,2026-05-07 04:36:06.837140,0 days 00:00:16.408610,17.423854354306965,53.99913579799759,0.0007460885419277145,0.003599267192692276,28.30541528207269,378.0557947078309,2992.0816832639193,321.5490540677961,0.3975802469996868,0.048005168599913044,1.1072073417614605,COMPLETE
435,1128427.2264113745,2026-05-07 04:36:06.838594,2026-05-07 04:36:22.469851,0 days 00:00:15.631257,20.110927312187062,82.33205671926169,0.006402590779562155,0.0022334191013239865,94.060980745808,329.4948250321542,2366.044197082055,451.9204258920019,0.35926150197936474,0.036864108820328596,1.0277882178497881,COMPLETE
436,1384624.5093485243,2026-05-07 04:36:22.471308,2026-05-07 04:36:38.037684,0 days 00:00:15.566376,26.348470953702016,76.12728589414708,0.006330028693093671,0.006198253741609318,89.08413716332605,382.0301464491279,1954.0149971971846,386.17624655541505,0.4131838306385739,0.04134168596791096,0.9371101539916941,COMPLETE
437,1449480.5568796317,2026-05-07 04:36:38.039262,2026-05-07 04:36:54.357849,0 days 00:00:16.318587,20.201891518273364,74.07657483753002,0.00891952174915013,0.004237900826062994,107.36730278588138,804.6363946550825,2726.8731956932947,448.07402914573487,0.4290711404372858,0.040877083970058986,1.0734629609567958,COMPLETE
438,1516175.1369910971,2026-05-07 04:36:54.359491,2026-05-07 04:37:10.458869,0 days 00:00:16.099378,19.821161208535866,92.9830921641143,0.009855808295885383,0.01274222239534576,37.87057385746293,352.3436615409223,1693.3161285413773,492.43504569695335,0.24765159780574025,0.0635979052541641,1.0907336453121257,COMPLETE
439,8106457.264891991,2026-05-07 04:37:10.460476,2026-05-07 04:37:26.069453,0 days 00:00:15.608977,17.340900817044016,78.73204475263458,0.005227418218024911,0.031937631752277165,104.73201585943335,1207.7511849157431,2693.786388755781,378.2438307443031,0.24874182713298482,0.051012881260749904,1.1870929873743299,COMPLETE
440,1273247.1758151883,2026-05-07 04:37:26.070970,2026-05-07 04:37:51.524317,0 days 00:00:25.453347,19.804385187839895,64.92951971993422,0.005058949854422205,0.002977590120124416,96.31970087627064,553.0547074725871,2694.0678252777184,382.30423688360696,0.3849103706034603,0.078570098447184,1.0205077139702872,COMPLETE
441,1732968.062064433,2026-05-07 04:37:51.525946,2026-05-07 04:38:07.149688,0 days 00:00:15.623742,7.178202154710194,87.1624647941473,0.0032948258387991945,0.009129719020272863,110.74208129126458,471.25519505488137,2814.0039671734494,380.80873594934394,0.3783132074218774,0.005035429740233854,1.109953057577219,COMPLETE
442,1452165.760323799,2026-05-07 04:38:07.151196,2026-05-07 04:38:25.761684,0 days 00:00:18.610488,19.392829789352717,67.47622282073048,0.009753971025007174,0.00811677150329821,95.37001666271667,390.0834091918881,2716.169722863632,495.393536967216,0.4315180683989152,0.056237638021187177,1.1936486961524184,COMPLETE
443,1625509.504386083,2026-05-07 04:38:25.763308,2026-05-07 04:38:41.326507,0 days 00:00:15.563199,26.68283874120877,79.3748616009959,0.008542371419711698,0.011462713018336712,111.25863432111164,597.6347411925522,2738.6183464961236,380.8591446369693,0.3402670077660906,0.012758499294977826,1.0828871971161549,COMPLETE
444,1613878.251765279,2026-05-07 04:38:41.328013,2026-05-07 04:38:56.974151,0 days 00:00:15.646138,10.198164822871085,70.42185529864715,0.007645980547703657,0.014513914098429077,83.53254510774742,467.24611279636963,2377.0009762824684,487.9973351112937,0.3981842902367658,0.012118953713562503,0.9380183821409485,COMPLETE
445,1587102.8802473987,2026-05-07 04:38:56.975677,2026-05-07 04:39:15.498458,0 days 00:00:18.522781,26.366478845678497,82.3307115504409,0.00760873957302225,0.009825020553736387,101.9744617065606,479.67540230164326,2695.5687418962525,385.4346899264037,0.47895757170305997,0.03224668895403679,1.179474203513532,COMPLETE
446,1687825.4396368968,2026-05-07 04:39:15.500116,2026-05-07 04:39:31.216022,0 days 00:00:15.715906,21.278660982665198,86.00882437385174,0.00763627621958461,0.01234551252202581,94.19332181246061,443.0168736919249,2151.82082004221,494.1566828631755,0.33865601170366894,0.02802216052796065,1.0235838113773235,COMPLETE
447,1190930.6571531992,2026-05-07 04:39:31.217487,2026-05-07 04:39:49.829374,0 days 00:00:18.611887,34.87893780990921,91.9632167352054,0.0052498970155399356,0.0032595999323743454,118.64215001844363,390.26387289333314,2788.6328678022514,433.53725722471546,0.42742177950679566,0.043630706440960024,1.108653734486776,COMPLETE
448,1000000000.0,2026-05-07 04:39:49.831122,2026-05-07 04:39:57.020441,0 days 00:00:07.189319,19.317880209505823,70.70080906641098,0.00908258249735664,0.005880091361254087,60.666303686547266,508.85256088229403,1829.156836307283,287.00719708604043,0.3285720292738227,0.0862404394664747,0.5069505581913243,COMPLETE
449,1155235.2435960614,2026-05-07 04:39:57.022111,2026-05-07 04:40:12.883783,0 days 00:00:15.861672,16.95625754025995,82.84960797714882,0.002868973645183801,0.002196228466141978,33.59421085021317,380.8239292699452,2997.214926100065,394.8258039085157,0.3420335833502466,0.025406915528212233,0.9920486218553648,COMPLETE
450,1516280.243805763,2026-05-07 04:40:12.884963,2026-05-07 04:40:28.497522,0 days 00:00:15.612559,28.485411322842452,95.68656958832375,0.002049869818994848,0.006229225967064347,32.51269633218052,541.4354770520342,2978.104147142321,310.48086479594554,0.25287788998512994,0.027718862036315076,0.8762953360506406,COMPLETE
451,1179563.7914716613,2026-05-07 04:40:28.499114,2026-05-07 04:40:44.017455,0 days 00:00:15.518341,21.39164238639488,82.04482628212095,0.0006393928942065783,0.003601870607561147,14.816182388283408,302.1996964821431,2917.893314422478,452.2135726907599,0.3532286489296655,0.015110804584732485,1.0477341774304274,COMPLETE
452,1193085.742881993,2026-05-07 04:40:44.018936,2026-05-07 04:40:59.717132,0 days 00:00:15.698196,15.55747961581506,81.71316852494773,0.0005495033732122466,0.0025113599393085263,14.910605262910076,389.0492194547163,2322.181613929384,381.1229529847035,0.2791644646903845,0.021972147108327147,1.0036334498957857,COMPLETE
453,1194749.4150663544,2026-05-07 04:40:59.718485,2026-05-07 04:41:15.641242,0 days 00:00:15.922757,23.68166546002754,57.633273795246474,0.0031400896194592643,0.0027242800633056584,21.940585839304564,307.708138128347,2014.0310599324926,471.70593456847445,0.1827598757928816,0.05254363501803931,0.8814193396595317,COMPLETE
454,1286127.3703372125,2026-05-07 04:41:15.642852,2026-05-07 04:41:32.041454,0 days 00:00:16.398602,25.341780165285698,82.14026532926766,0.00048553472700448534,0.0029390493655464768,16.38251402660287,559.9217240940618,2898.191258718851,464.46259596269584,0.3481351750954197,0.003745739477370072,1.1554806164274296,COMPLETE
455,1467136.34385171,2026-05-07 04:41:32.042943,2026-05-07 04:41:48.032251,0 days 00:00:15.989308,22.82966673916929,79.1135267373684,0.0014559827867333876,0.011059233060722241,17.727237490837155,304.52677901033246,2659.824541947164,354.1807966963536,0.39231434073263816,0.014405745210152657,1.0081240462908636,COMPLETE
456,1488623.1764249944,2026-05-07 04:41:48.033727,2026-05-07 04:42:03.746899,0 days 00:00:15.713172,8.024142068414754,69.32759470371836,0.003306428501525214,0.0032608184788315785,34.732921165458606,695.9631208131851,2618.5113698498103,267.0068544730234,0.42252010368593207,0.025814681827512728,0.9939657859614167,COMPLETE
457,1408132.7986005798,2026-05-07 04:42:03.748377,2026-05-07 04:42:20.276346,0 days 00:00:16.527969,22.64396178170798,83.8171366374714,0.002134850952312085,0.007674007012908201,24.809832611685962,386.1811699140241,2854.589836093313,430.52266198160714,0.38497716155906914,0.03156626412186842,0.9399489750661565,COMPLETE
458,1535247.5739632014,2026-05-07 04:42:20.277930,2026-05-07 04:42:35.933539,0 days 00:00:15.655609,46.90474893127706,63.479232906320206,0.0051036751685820895,0.003968660755430627,46.1233738968555,1604.3984176833178,1033.0350181611325,127.62387223475352,0.2062302480837478,0.024813598730368074,0.5704779557186297,COMPLETE
459,1000000000.0,2026-05-07 04:42:35.935168,2026-05-07 04:42:43.561979,0 days 00:00:07.626811,20.15447973084428,59.420879541853765,0.0031181639578910392,0.002346754395903594,40.82654465800814,305.6576362266621,2625.354594436649,179.79388702164658,0.42210681403991746,0.0875362742691991,1.0569587805174543,COMPLETE
460,1603668.60274618,2026-05-07 04:42:43.563525,2026-05-07 04:42:59.295554,0 days 00:00:15.732029,6.508155816414996,67.4717929728341,0.0017490425346850926,0.007375731745591095,37.98997694124255,498.36789651981064,2964.631183480442,482.2958688377304,0.23030286653144977,0.00983563582383347,0.9713673900151744,COMPLETE
461,1615919.3534628584,2026-05-07 04:42:59.297301,2026-05-07 04:43:14.911459,0 days 00:00:15.614158,22.899052519638573,62.62314525728401,0.006605390812271338,0.011091087605010954,101.09456223288437,457.4627616584372,2486.6000710227017,479.7034887438979,0.4232702156976621,0.028097538867729234,1.175969064652191,COMPLETE
462,1000000000.0,2026-05-07 04:43:14.912991,2026-05-07 04:43:22.377178,0 days 00:00:07.464187,14.265833120075582,62.739036776424236,0.0031914351326004613,0.004160440908670168,31.026987340930024,497.6032251143482,1518.5087884349032,473.8087026222539,0.27129895816416505,0.03319923206769765,0.8797474669361129,COMPLETE
463,1533232.8822816433,2026-05-07 04:43:22.378680,2026-05-07 04:43:38.391187,0 days 00:00:16.012507,32.95735420917215,68.19815846175675,0.00957549049838539,0.03816992623308828,104.04725319382631,1422.168457029639,2794.0293810762987,258.5298158982342,0.14400112222611816,0.09012415406955379,0.5682868279590623,COMPLETE
464,1624336.332727351,2026-05-07 04:43:38.392651,2026-05-07 04:43:54.195957,0 days 00:00:15.803306,8.571956963097634,83.45055225551377,0.0003056414128307578,0.004720363686421642,15.454782597211674,834.3052233441747,2845.7356801923506,366.4487412366216,0.2923410652624697,0.0751972109292938,0.8894079977814547,COMPLETE
465,1000000000.0,2026-05-07 04:43:54.197443,2026-05-07 04:44:01.462874,0 days 00:00:07.265431,33.408768425023176,88.2399069066726,0.0017864178263469976,0.011753625042860835,83.54794484325748,398.5177777673282,2949.7707887304855,494.2973873025137,0.45701881983597786,0.07569969790964866,1.0031032494895342,COMPLETE
466,1448283.8871532765,2026-05-07 04:44:01.464464,2026-05-07 04:44:17.929856,0 days 00:00:16.465392,24.368344708737357,70.03956522097292,0.003728415003122962,0.007021361887696286,79.58905437756627,539.4263683917882,2892.0631940137973,489.0468428439432,0.4888565316456386,0.08962654588881416,0.9671033194829345,COMPLETE
467,1564621.0671294343,2026-05-07 04:44:17.931460,2026-05-07 04:44:33.550482,0 days 00:00:15.619022,29.629087145745764,53.78476793258286,0.00807551999114785,0.033757148457633335,110.09178780426629,692.204026314344,1412.23273682721,341.8226560151347,0.36793140931047885,0.03347282566381271,0.5169417814753476,COMPLETE
468,1305601.048723477,2026-05-07 04:44:33.552009,2026-05-07 04:44:52.167661,0 days 00:00:18.615652,14.284757479265151,84.40452639247553,0.003751303305800734,0.0038404008693734503,24.791482104354376,434.8745129800563,2574.524412710395,365.2941817874551,0.37932430123017497,0.02216794601865775,1.045759118971109,COMPLETE
469,1414355.368575753,2026-05-07 04:44:52.169147,2026-05-07 04:45:07.772976,0 days 00:00:15.603829,35.25899377064755,65.54872290863032,0.002946049489194435,0.006635508139146046,12.037148511423817,533.8760578725377,2985.1139823317044,417.11677048269553,0.4730664748526354,0.041302931715671745,0.9588766338496281,COMPLETE
470,1832281.3834060684,2026-05-07 04:45:07.774572,2026-05-07 04:45:23.341820,0 days 00:00:15.567248,6.6630277258309185,56.49544364953843,0.003545927074855175,0.03330570230706287,108.79572538978313,1864.2983708351098,2232.425857728712,375.4759272933664,0.44080105430526095,0.07739560447141683,1.1579177072160691,COMPLETE
471,1180480.8198483572,2026-05-07 04:45:23.343412,2026-05-07 04:45:38.948478,0 days 00:00:15.605066,17.32262911375642,47.078773849787865,0.002873265395456792,0.0020910830560940267,15.96506415244124,515.7116729655602,2279.202789648307,431.5647708308111,0.3390330359925431,0.008650265893244745,1.0019229484708667,COMPLETE
472,1598743.7588518113,2026-05-07 04:45:38.949981,2026-05-07 04:45:57.459692,0 days 00:00:18.509711,17.35990430294531,39.37790363288384,0.0029878401249523404,0.011758500575558675,22.353938190438463,374.89232309537374,2041.61312133186,338.0420301350541,0.4684186859565257,0.0039389150250006425,0.8120052929258712,COMPLETE
473,1426818.7514535252,2026-05-07 04:45:57.461185,2026-05-07 04:46:17.238363,0 days 00:00:19.777178,39.87026033184447,61.34100748869368,0.002553591719720185,0.0033380800858262183,30.55572888412482,1072.0417683115431,2705.660367663703,371.3994190976912,0.48230085216508706,0.029121772271093464,1.1697435210058178,COMPLETE
474,1627691.5888125307,2026-05-07 04:46:17.240141,2026-05-07 04:46:32.794476,0 days 00:00:15.554335,14.823685839414239,48.35364333024084,0.004458949617560917,0.009932936151790597,10.106908348074121,589.2441343725391,2518.8782736382423,474.74184020702813,0.4543344515860904,0.021671410838670642,0.8886015915217385,COMPLETE
475,1446430.6726106275,2026-05-07 04:46:32.795987,2026-05-07 04:46:48.405573,0 days 00:00:15.609586,8.887316022751326,30.914734690687673,0.0030709484783333404,0.0030362981222157833,39.342709807451655,873.9750386002595,1756.7843228828656,427.570558753711,0.3339414685865053,0.004675639724946386,0.9231507336256661,COMPLETE
476,1264997.849842317,2026-05-07 04:46:48.407311,2026-05-07 04:47:07.290844,0 days 00:00:18.883533,17.551501854090738,67.50477239673467,0.0029829528458795275,0.0032618529749755295,65.58426778953555,524.6328611633297,2951.8939783571122,429.0385543110436,0.4895274122974651,0.04794078766185214,0.9940105162729274,COMPLETE
477,1000000000.0,2026-05-07 04:47:07.292180,2026-05-07 04:47:14.692004,0 days 00:00:07.399824,21.078324221804507,85.6274312554756,0.0002614680542622908,0.004091006057259485,29.182667526237363,419.37315663653385,2706.478442458627,259.02203004839214,0.4187981793052499,0.06743437199875262,0.9907039273996362,COMPLETE
478,1458980.3304881772,2026-05-07 04:47:14.693511,2026-05-07 04:47:30.321103,0 days 00:00:15.627592,30.97343274686962,70.83576536569356,0.006945289452671061,0.00991041738813067,116.58820896214642,560.1720570768284,2731.5034651527258,498.79129243578024,0.30970576513320547,0.04448039697182236,0.8439287910910787,COMPLETE
479,1000000000.0,2026-05-07 04:47:30.322553,2026-05-07 04:47:37.558754,0 days 00:00:07.236201,17.72552977601053,85.341803206359,0.0026568648854694466,0.010418647257240522,86.06209510090368,392.7680912538659,2134.9109575182456,446.874600953861,0.4097726228679929,0.03677527865210395,1.0940126168450275,COMPLETE
480,1237026.2177157304,2026-05-07 04:47:37.560353,2026-05-07 04:47:53.466349,0 days 00:00:15.905996,13.055224612077769,86.15471867945757,0.0010343430329206658,0.0026160735329024236,27.786595717144543,453.8287879179719,2972.0090494259534,352.46907864484325,0.28999134869792553,0.004292885527861371,0.8847635369754654,COMPLETE
481,1328881.001642487,2026-05-07 04:47:53.467813,2026-05-07 04:48:09.059127,0 days 00:00:15.591314,25.678173998853545,68.69783592773399,0.009976927533566386,0.0036571772751917376,10.814844644745602,591.8665824036946,2197.483508057656,456.87238707645537,0.4602893901253806,0.0520806815818922,0.6766082037404808,COMPLETE
482,1000000000.0,2026-05-07 04:48:09.060756,2026-05-07 04:48:16.457122,0 days 00:00:07.396366,17.712656564405158,29.32117025884968,0.002816157913167076,0.011741070978004104,34.73089716270326,691.634697014659,2449.0780864511016,348.05691946357877,0.30428335427446895,0.013715274568483173,1.1083595980630598,COMPLETE
483,1187713.8682245044,2026-05-07 04:48:16.457795,2026-05-07 04:48:34.995555,0 days 00:00:18.537760,17.33951720998686,30.975402008499934,0.0028044508616196207,0.002953199883003745,12.230432077930022,364.94473445290566,2392.8810956840725,444.3645593323306,0.3282965048797403,0.027991110408716977,1.007509965256042,COMPLETE
484,1671695.082014058,2026-05-07 04:48:34.997101,2026-05-07 04:48:50.600050,0 days 00:00:15.602949,11.580122613821905,52.476366002314826,0.0027891169322205567,0.006164209189977005,11.444835648803092,732.481201771921,2407.3119160821107,413.05804112243555,0.3593712413113773,0.015085953533357966,1.0421770521017117,COMPLETE
485,1657634.9759409283,2026-05-07 04:48:50.601631,2026-05-07 04:49:06.331768,0 days 00:00:15.730137,45.923147034762124,83.79391487190912,0.009989332200664378,0.045793065022107754,43.249119165701245,1941.5829548523252,2651.2755001278265,365.2653929715117,0.21515559877933055,0.016985529920361335,1.1286544721850822,COMPLETE
486,1323917.6089347373,2026-05-07 04:49:06.333324,2026-05-07 04:49:22.452362,0 days 00:00:16.119038,14.420232666542233,59.825579362957896,0.003808996065679936,0.00483524214656151,42.83060420803503,333.5897929757669,1701.7942690308548,384.1056714815105,0.29132109570074166,0.007978132054644153,0.8351756924923428,COMPLETE
487,1540715.3659352304,2026-05-07 04:49:22.453851,2026-05-07 04:49:38.982123,0 days 00:00:16.528272,17.219896372118082,39.665559746765354,0.00020099242898959568,0.004685205796593537,14.258470221393704,798.9701247439575,2526.9872494742167,375.6084345195959,0.2536036735428415,0.006242944099829559,0.8694703501212345,COMPLETE
488,1169205.498357781,2026-05-07 04:49:38.983821,2026-05-07 04:49:57.511508,0 days 00:00:18.527687,26.14690648714838,81.03510705031961,0.0016368835226818253,0.002178974435859311,25.609067436258005,406.6854872272992,2814.4356831985365,327.41803136926967,0.43435487126236827,0.046698181843148674,0.9911417734991599,COMPLETE
489,1635625.7661957273,2026-05-07 04:49:57.513010,2026-05-07 04:50:13.037821,0 days 00:00:15.524811,28.508571861807823,41.61237681466291,0.0023319504034107234,0.008363520938305662,13.380863274642739,1152.0350024031454,1803.0251057986538,394.65784007620084,0.33760619042834455,0.02018852978503583,1.0210837530972596,COMPLETE
490,1606134.481199732,2026-05-07 04:50:13.039314,2026-05-07 04:50:28.663887,0 days 00:00:15.624573,14.04792700902443,89.34991385161032,0.005141930137334091,0.007636289457015017,105.44599403458284,449.9187194368176,1970.2560776193927,400.4411037860695,0.2639711201002809,0.03396782251691942,1.0620783925356592,COMPLETE
491,1518996.1089434715,2026-05-07 04:50:28.665416,2026-05-07 04:50:44.220493,0 days 00:00:15.555077,30.90746059810955,92.1140141093138,0.0011695702862313303,0.00952612079203583,53.405837020901195,487.46108776553103,2524.6903790792735,464.8478839748731,0.36820996406250656,0.010561657643128636,1.033591978944752,COMPLETE
492,1147501.5317001815,2026-05-07 04:50:44.221998,2026-05-07 04:50:59.675814,0 days 00:00:15.453816,33.352162348844956,91.37284602920423,0.0017810681490529156,0.002040135175712571,28.370922464515793,390.18107801277847,2996.3614452735783,309.60082122637635,0.46186748335186567,0.025347402364783854,1.0416487554537268,COMPLETE
493,1195957.1063274078,2026-05-07 04:50:59.677437,2026-05-07 04:51:19.225415,0 days 00:00:19.547978,36.62457622206669,91.90944474950591,0.0034326341445339798,0.002112389661491481,24.14254039645196,612.7905363393423,2586.5401376110594,389.7553720893455,0.4571965616487837,0.017448935034600398,1.0392841645164173,COMPLETE
494,1563027.460633243,2026-05-07 04:51:19.227004,2026-05-07 04:51:34.918476,0 days 00:00:15.691472,38.56748532555083,30.23446157193243,0.006690909831889825,0.03620590984982211,49.41438047202372,830.3094435373472,1857.8152626763454,408.90530285897574,0.4220318273417687,0.051548966431806766,0.7018467347917319,COMPLETE
495,9706088.56381365,2026-05-07 04:51:34.919969,2026-05-07 04:51:50.500780,0 days 00:00:15.580811,43.08147132289489,95.23619306318929,0.0016290333578195804,0.002670133333738453,56.00091001001596,387.13771650130514,2373.5014872403185,246.44163960784573,0.39063781435905665,0.01648299165131418,1.0878456462182757,COMPLETE
496,1000000000.0,2026-05-07 04:51:50.502768,2026-05-07 04:51:58.032506,0 days 00:00:07.529738,23.679227303913724,79.32685062741818,0.002161668813373081,0.005309761075250309,19.935602672447008,762.8170284652421,2854.1610433746414,333.68641663091927,0.33679722520171,0.045185394045787905,1.0090059953991115,COMPLETE
497,1526972.65352087,2026-05-07 04:51:58.034022,2026-05-07 04:52:13.660656,0 days 00:00:15.626634,24.78556546210514,70.05285046734569,0.0019722842856503076,0.007420727695153619,20.881872327284373,541.2707621757852,2944.290530136416,425.2979061458229,0.292009671146304,0.01326707716133162,0.9596991081899873,COMPLETE
498,7809269.554182209,2026-05-07 04:52:13.662324,2026-05-07 04:52:29.421259,0 days 00:00:15.758935,30.627897929646707,68.47449591096469,0.005325475918434984,0.002214450880445316,77.20869715087632,320.16968866039696,2831.0227831900856,454.94736940202984,0.4176527084036127,0.0455704045055339,0.8960398551463834,COMPLETE
499,1259792.2288700023,2026-05-07 04:52:29.422770,2026-05-07 04:52:45.099646,0 days 00:00:15.676876,20.078757224862663,52.27363796560431,0.0018572386351815454,0.003824259855253563,84.47430210071111,425.32654132976523,2903.209737826131,441.14384405629914,0.3773736860738147,0.04021561337539782,0.7410897961197715,COMPLETE
500,1357970.6517804398,2026-05-07 04:52:45.101235,2026-05-07 04:53:02.444941,0 days 00:00:17.343706,31.283525297239215,69.91693004980519,0.005294454230927233,0.007215328161768406,42.92352098516717,351.4021249083357,2850.1740815971834,386.225776230545,0.4420082218040123,0.05648445266323629,0.6828276874714123,COMPLETE
501,1350782.2132557952,2026-05-07 04:53:02.446776,2026-05-07 04:53:21.016589,0 days 00:00:18.569813,33.50510890191085,99.05414368364447,0.0013000294971749502,0.005992333360554388,51.93437315048923,387.29104242078813,2859.1556679187147,285.5272117351814,0.46767661997867627,0.0374009665437736,0.9883315007998519,COMPLETE
502,1542543.1451436453,2026-05-07 04:53:21.018075,2026-05-07 04:53:36.565947,0 days 00:00:15.547872,18.177833693209923,78.73189195942768,0.009659168688239846,0.010566607332594768,68.3939530520142,572.0988919736571,1117.0644859030178,453.57832552084307,0.25682230996675554,0.09159455468418286,0.8022533244429626,COMPLETE
503,1318760.8820807843,2026-05-07 04:53:36.567433,2026-05-07 04:53:53.095647,0 days 00:00:16.528214,24.567950302592102,98.0576526636767,0.0033988053604045495,0.005502248016031304,38.43349019011089,334.5314014823903,2969.3322828806645,278.7291607667478,0.4837337218150632,0.008703193812865717,1.022173225992038,COMPLETE
504,1567423.425486792,2026-05-07 04:53:53.097168,2026-05-07 04:54:08.730604,0 days 00:00:15.633436,35.65076780544305,86.89138547371876,0.0016490894028885106,0.009713097087283197,13.164975322933664,414.97170802510055,2752.83373871434,250.26887520033233,0.4269244650370427,0.041146875552210554,1.0611705734651906,COMPLETE
505,1855421.8859385892,2026-05-07 04:54:08.732173,2026-05-07 04:54:24.390599,0 days 00:00:15.658426,12.257187379285059,98.52963061412002,0.003452190745209565,0.00954473189594247,43.76667246525799,747.3884184497299,2967.523036374752,489.3089087097506,0.3874824279666639,0.0014528065211891431,0.871765124934336,COMPLETE
506,1395709.7526754779,2026-05-07 04:54:24.392307,2026-05-07 04:54:39.996064,0 days 00:00:15.603757,16.822656936611104,77.33553298919159,0.006692894363687581,0.006496521012220176,73.54997771911694,340.69171339815784,2521.753612939894,346.9597028715055,0.33126387657806317,0.022354084818146977,1.0786158905807794,COMPLETE
507,1220751.3213772464,2026-05-07 04:54:39.997667,2026-05-07 04:54:58.512634,0 days 00:00:18.514967,36.451240117252325,84.1692212897471,0.0037743098112653518,0.0027784171362284626,54.154375787901635,483.85905768666237,2249.0036095501205,492.8786670146315,0.27149677942717126,0.07424156435397279,0.9241131910443642,COMPLETE
508,1463827.0829332066,2026-05-07 04:54:58.514277,2026-05-07 04:55:14.193544,0 days 00:00:15.679267,32.728997057663896,35.65893678862925,0.00505718899484517,0.005034093376968028,52.27126813805818,803.3518710952809,2649.361588682683,495.834761133383,0.4770331701303687,0.06797810316243075,1.0565223552282772,COMPLETE
509,1559067.237170647,2026-05-07 04:55:14.195046,2026-05-07 04:55:29.586598,0 days 00:00:15.391552,14.721746291923463,95.71456620436872,0.007830643025713506,0.009395140281437977,97.24616785241821,382.14806629507876,2470.7485307485636,396.3532773741773,0.42712898270886285,0.03797190199286403,1.012554038728152,COMPLETE
510,1457018.9004398824,2026-05-07 04:55:29.588293,2026-05-07 04:55:45.196431,0 days 00:00:15.608138,14.344775193347317,98.55198073943956,0.002476302974698137,0.009422701551696461,51.93125013855394,300.74364643617946,2786.034823147089,470.07262241767864,0.36651803980569625,0.031539381646116284,1.1270332298344123,COMPLETE
511,1519924.1482818406,2026-05-07 04:55:45.197905,2026-05-07 04:56:00.891749,0 days 00:00:15.693844,23.593404350593303,55.33674167557677,0.005209148472755978,0.0061533696879388575,79.98214380161271,674.9046968218627,2850.9497625830763,487.654610758638,0.418162308551822,0.05811038160586916,1.1210507954687532,COMPLETE
512,1000000000.0,2026-05-07 04:56:00.893383,2026-05-07 04:56:08.139915,0 days 00:00:07.246532,35.734582378845026,95.64798903742592,0.0026117519711358786,0.021776878792913214,42.61742886046779,1462.623133666612,2979.362355964828,284.5136200401945,0.18561359992755347,0.051129637597386576,0.5139682946814095,COMPLETE
513,1717700.2744532195,2026-05-07 04:56:08.141531,2026-05-07 04:56:23.972302,0 days 00:00:15.830771,28.187828042216086,57.33336691102024,0.0029098373092360436,0.030750814178237725,18.17254104632695,818.398395596824,1085.9566669830347,187.03160429593882,0.40336081504793303,0.0654722041417188,0.947737429058563,COMPLETE
514,1333599.2408516433,2026-05-07 04:56:23.973892,2026-05-07 04:56:39.506509,0 days 00:00:15.532617,21.01422578860001,73.12473781496169,0.003186483031220866,0.00579496601817488,42.8546073885701,308.08520018702023,2974.6804625984796,394.93766867311024,0.3595807155096351,0.007106143939237358,1.1730854843986562,COMPLETE
515,1650549.415495507,2026-05-07 04:56:39.508138,2026-05-07 04:56:55.112335,0 days 00:00:15.604197,33.434965621892424,80.95483399435591,0.004981704674209621,0.009358424396317084,96.69524229154308,1880.3242505211822,1461.5156201411792,378.7902087869931,0.34031522316770335,0.03064225198446674,1.1112668764325262,COMPLETE
516,1596797.3332487412,2026-05-07 04:56:55.113966,2026-05-07 04:57:10.779480,0 days 00:00:15.665514,40.57308542874235,23.492580758915732,0.0013689630876262404,0.03918172075512987,63.206044313240604,1031.4120774162463,2523.216765931501,222.90939445803508,0.4080584612427915,0.09389925810634686,1.0273911830275755,COMPLETE
517,1454644.736199266,2026-05-07 04:57:10.781057,2026-05-07 04:57:26.772765,0 days 00:00:15.991708,13.558775388531132,75.13498855593399,0.0005558185585740463,0.01956498235694842,17.702050603133134,323.08398100187225,2893.2072209293633,457.54557102321627,0.3204894290834404,0.03762194303241796,0.9596144175426176,COMPLETE
518,1285053.7573834101,2026-05-07 04:57:26.774369,2026-05-07 04:57:42.585705,0 days 00:00:15.811336,32.561184869581474,48.057924558993676,0.009224321122923087,0.0035913033504015096,95.97692166276252,527.5493512067818,2595.574309226294,390.4247579424501,0.4079342261498604,0.038788772908707546,1.1320988664267193,COMPLETE
519,1329603.3031843356,2026-05-07 04:57:42.587317,2026-05-07 04:57:58.097976,0 days 00:00:15.510659,17.059177944365707,60.659414877053216,0.007115522548461013,0.004377712365476771,88.49686128004461,423.67645853663396,2721.878349367857,484.5872453356361,0.23927426739852786,0.037620940283355615,0.9157307920776153,COMPLETE
520,20622957.311565846,2026-05-07 04:57:58.099700,2026-05-07 04:58:13.814535,0 days 00:00:15.714835,9.615228035043906,30.799376467602,0.008614896831797314,0.033649238010662635,103.94528234137337,1957.5208017165958,1553.9691552162726,369.8949336547936,0.18603644457286872,0.04729658562208197,1.0079774985351662,COMPLETE
521,1595142.2192716515,2026-05-07 04:58:13.816031,2026-05-07 04:58:29.448529,0 days 00:00:15.632498,27.669641165461027,76.62943874282276,0.001094313884658873,0.0061080706178414605,35.956588068421084,770.4290230737682,2989.9647915961846,298.3995533943512,0.45393998619973486,0.0355601786967494,1.1004343709262296,COMPLETE
522,1859008.201474831,2026-05-07 04:58:29.450261,2026-05-07 04:58:44.995638,0 days 00:00:15.545377,35.262989389206375,20.90677299464405,0.0081102235334428,0.019129778087370364,51.22464020052351,1159.4369451068321,1274.3160455559744,368.32229761485445,0.4003766195617099,0.06736914802610286,1.179190215680269,COMPLETE
523,1523267.8700762477,2026-05-07 04:58:44.997134,2026-05-07 04:59:00.628027,0 days 00:00:15.630893,15.777993771858462,77.01536941896224,0.009673719959096615,0.007856837602199837,27.918361764144336,471.6039040794498,2510.388740709334,488.50200374819514,0.4602760650493781,0.028666446048264668,0.6761694482054569,COMPLETE
524,1000000000.0,2026-05-07 04:59:00.629600,2026-05-07 04:59:08.014530,0 days 00:00:07.384930,22.081047271258846,76.87543550002961,0.005718160576594724,0.005035032080468252,72.4499540174941,492.0137116880815,2972.6436237834396,366.2219607057874,0.40329351158726745,0.06425832919374805,1.1061864292751524,COMPLETE
525,1157907.7963315197,2026-05-07 04:59:08.016106,2026-05-07 04:59:23.526428,0 days 00:00:15.510322,21.15160437884182,76.88311877713883,0.0039781505639072505,0.0025611753385449314,21.537745187934302,326.3324619605387,2595.6963341426504,430.8163867322357,0.39718985613125346,0.036271329395245806,0.6053362483739058,COMPLETE
526,1526711.7334567523,2026-05-07 04:59:23.527961,2026-05-07 04:59:40.097495,0 days 00:00:16.569534,33.22227693817219,96.1983222285916,0.001624368237187626,0.009997224942609212,17.850512915772676,408.1668490633687,2920.618343639825,359.33658718655954,0.4990941911752631,0.012252780685209198,1.153262807212245,COMPLETE
527,1225337.4282738953,2026-05-07 04:59:40.099232,2026-05-07 04:59:55.810663,0 days 00:00:15.711431,26.216595638828984,94.93641793295431,0.009248263758608705,0.00248781427382188,13.667677873646472,481.0742105816469,2813.50399682083,343.33786189478747,0.4802445018863431,0.049758304177212984,0.6684667426280633,COMPLETE
528,1392278.452754993,2026-05-07 04:59:55.812198,2026-05-07 05:00:13.377492,0 days 00:00:17.565294,21.604521394912766,52.979284277387265,0.009426773530374997,0.0050209372606398895,55.73194794720918,432.30750102493784,2898.3001346204824,492.42000903704655,0.4428589703545343,0.03425555532454622,0.5023920256006069,COMPLETE
529,1000000000.0,2026-05-07 05:00:13.379136,2026-05-07 05:00:20.588503,0 days 00:00:07.209367,10.47609110756581,77.2380040432823,0.0013203523275692255,0.0023653013704268326,23.689244965546656,380.16285428732783,2614.757961392247,435.03605363714405,0.3542229952212427,0.08546618276099717,0.9895014284685327,COMPLETE
530,1299925.147759808,2026-05-07 05:00:20.590002,2026-05-07 05:00:36.208808,0 days 00:00:15.618806,30.00386404984858,99.56351220045765,0.007279629372595454,0.003156170190735958,73.8526826562576,559.3382119560404,1763.439873467917,474.11930258820115,0.3007491679762617,0.04617693436349177,1.0681240401223977,COMPLETE
531,1506526.8555734183,2026-05-07 05:00:36.210287,2026-05-07 05:00:51.882899,0 days 00:00:15.672612,9.436386937111353,62.488269447568186,0.00427496306308077,0.016400758675037604,41.37405090279772,384.0572500760737,2419.222344767387,352.54372661824107,0.3879224028851145,0.022530405581714576,0.5588525465916242,COMPLETE
532,1982910.4205063405,2026-05-07 05:00:51.884497,2026-05-07 05:01:10.418520,0 days 00:00:18.534023,13.658979044732568,11.867227224913876,0.006408380122781688,0.04946288010595117,80.55897994569511,1476.1260377215644,2398.805711709853,212.08555145536576,0.4659956515593312,0.07882442383507979,0.641744610506864,COMPLETE
533,1422340.7422525557,2026-05-07 05:01:10.420122,2026-05-07 05:01:26.527566,0 days 00:00:16.107444,24.952810646147924,66.76992214426612,0.008189944372462675,0.008105356162710029,101.90331487178673,359.4572700025178,2977.683868983773,475.4666158770334,0.3382652535521203,0.01443573377026719,1.104956564576795,COMPLETE
534,1582506.8854680227,2026-05-07 05:01:26.529179,2026-05-07 05:01:42.211553,0 days 00:00:15.682374,29.298139192065676,94.72544784893266,0.008974973665169169,0.009578499073501404,60.95556212972456,345.191287911047,1470.372712158571,410.5174098680057,0.28247059648149314,0.03953038188695242,1.1581187188260151,COMPLETE
535,1000000000.0,2026-05-07 05:01:42.213158,2026-05-07 05:01:56.408088,0 days 00:00:14.194930,42.58695212740295,14.47008767313094,0.009618212100925045,0.047016168921233226,113.14010677781656,643.4349402180638,1799.2093205154233,467.870229886229,0.414151640721271,0.049100973475749536,0.9228570638748121,COMPLETE
536,1414204.6743257097,2026-05-07 05:01:56.409637,2026-05-07 05:02:15.027893,0 days 00:00:18.618256,22.167104858837128,92.25758697401542,0.004357841971641199,0.006488918399040929,21.694663489633065,443.45741210986523,2941.171935160415,482.64373196352415,0.2909500048642322,0.011982001897664341,1.0212218509967552,COMPLETE
537,1337464.1455358749,2026-05-07 05:02:15.029674,2026-05-07 05:02:30.576659,0 days 00:00:15.546985,20.87474321418639,81.45158935593292,0.004557847580243747,0.007948306750052902,29.544094766299004,313.26018344753624,2896.314232016448,479.5863623843935,0.42453470013599487,0.03402040634622691,0.700235616071007,COMPLETE
538,1393240.7423880564,2026-05-07 05:02:30.578325,2026-05-07 05:02:46.204089,0 days 00:00:15.625764,31.801927854815276,85.39885793634103,0.002232019496255318,0.00961354646076125,32.22612735984701,343.4737982380517,2695.1422577487365,462.88576646326766,0.27519637930043517,0.03793818714650425,1.0328651508867157,COMPLETE
539,1360223.9871821657,2026-05-07 05:02:46.205683,2026-05-07 05:03:01.719062,0 days 00:00:15.513379,30.307928082795698,83.63863546577589,0.001992518156379983,0.00863405868734667,40.51293509624041,302.0143105393786,2582.2433886921344,406.3634058821726,0.29562297053307884,0.031328610565963845,0.5215237714168575,COMPLETE
540,1000000000.0,2026-05-07 05:03:01.719685,2026-05-07 05:03:08.881997,0 days 00:00:07.162312,38.19995961419701,96.53274097231511,0.0064518962846722115,0.027161401407441325,73.97490680616828,1812.8865914183898,2270.9802828698635,438.56214226207663,0.4262498556026109,0.037910921937671156,1.112990781997777,COMPLETE
541,1624659.3356554275,2026-05-07 05:03:08.883674,2026-05-07 05:03:27.706503,0 days 00:00:18.822829,47.705429918946315,46.32970731317014,0.0055758962402291615,0.04138902596385309,113.17027047272884,1249.3812955516976,2009.2430015583589,248.5065198987101,0.41273932400812136,0.07597682373659403,1.0966815933636775,COMPLETE
542,1169776.8821752896,2026-05-07 05:03:27.708110,2026-05-07 05:03:43.592830,0 days 00:00:15.884720,18.9042653934088,80.61568625603402,0.002372666735858928,0.0024615056338677848,14.804504581695795,391.8746917647897,2861.0202321557294,417.55467969199674,0.37197751415152674,0.08732259380951761,0.8969409291486121,COMPLETE
543,1619865.493953211,2026-05-07 05:03:43.594305,2026-05-07 05:03:59.164507,0 days 00:00:15.570202,31.383805099024393,99.0421551400292,0.000715492565967913,0.0316279056232544,109.28077536991204,1594.5436521829427,2030.1177477007166,457.7140568461049,0.11726853558230801,0.03607251093087995,1.0076245532810935,COMPLETE
544,1511717.8769380096,2026-05-07 05:03:59.166115,2026-05-07 05:04:14.770092,0 days 00:00:15.603977,16.16236744298643,76.68909309018578,0.0033799490319056597,0.010512855028790631,19.506619850515957,524.1543662581834,2778.5208168609806,416.0182675751533,0.3377787950238553,0.09073426733279497,0.792052167516544,COMPLETE
545,10611863.236124137,2026-05-07 05:04:14.771736,2026-05-07 05:04:30.291585,0 days 00:00:15.519849,22.58171755163706,75.49927094647865,0.0027129856263179756,0.00585999845167034,19.019983636162337,369.5978905673286,2501.6818750346315,446.50440317109053,0.3939058448824522,0.04168591359837723,0.6463285505837836,COMPLETE
546,1244283.4904918515,2026-05-07 05:04:30.293079,2026-05-07 05:04:55.785643,0 days 00:00:25.492564,23.628124788479756,68.56384970215069,0.007000316584056855,0.003973784446126588,117.0743912345063,381.48344426044815,2817.628992428736,374.3884468600793,0.4867837655861739,0.03769132565422036,1.1801920386765365,COMPLETE
547,1569990.560731777,2026-05-07 05:04:55.787152,2026-05-07 05:05:11.791648,0 days 00:00:16.004496,26.7306709213388,75.78836744418068,0.00247420419934813,0.019151741231100503,22.816405663339257,501.74420524341633,2901.469807920713,335.37196610038393,0.45492452272423395,0.044513907028973954,0.9632343454720381,COMPLETE
548,1541035.6600865575,2026-05-07 05:05:11.793292,2026-05-07 05:05:27.363526,0 days 00:00:15.570234,24.612689472464105,47.753524767627745,0.006859843705180419,0.04086969701006181,27.515952109000096,1693.7054200191033,2887.0480919759457,444.1995088901409,0.41297877656434956,0.03232432066645677,0.7866265526735398,COMPLETE
549,1000000000.0,2026-05-07 05:05:27.365026,2026-05-07 05:05:35.788343,0 days 00:00:08.423317,23.692126849678164,75.3236747743935,0.001770446643094264,0.008402935766388075,19.906845823243568,655.9332809420056,2717.4172860483586,322.8053756102933,0.4935591109386692,0.04098366330215622,0.9346889182328219,COMPLETE
550,1508233.772512067,2026-05-07 05:05:35.789828,2026-05-07 05:05:51.420630,0 days 00:00:15.630802,16.967115819156646,91.92849439642337,0.0009257024007438769,0.011362757343618215,22.438899378345667,341.0293096763535,2662.268702263887,476.3949949421992,0.37305383514946056,0.0024114886942381564,1.0303181186511257,COMPLETE
551,1330779.28764166,2026-05-07 05:05:51.422199,2026-05-07 05:06:07.365527,0 days 00:00:15.943328,41.37106550924429,97.12464359362886,0.001981625389140718,0.004181773831011439,15.434905231118035,530.4680217749859,2671.2609541220627,260.1413030290375,0.47674407764755566,0.02254515991964389,0.8917369950071176,COMPLETE
552,1541429.3408908998,2026-05-07 05:06:07.367170,2026-05-07 05:06:22.830940,0 days 00:00:15.463770,23.79963503971129,70.80725805617908,0.0057323906818293885,0.006711057900996709,11.243446132643065,629.2865789449145,2732.2194006644813,391.128719026236,0.40891453462060245,0.06850574285869918,0.7197525859238756,COMPLETE
553,1466421.537974312,2026-05-07 05:06:22.832416,2026-05-07 05:06:38.361592,0 days 00:00:15.529176,21.165787527572604,95.98530091741395,0.0028566720330362246,0.010397121905376248,13.35864996696258,371.44727827514316,2864.6690698246566,352.8994359119262,0.26137619235856036,0.0950869897545456,0.9418353537272642,COMPLETE
554,1606090.2039026523,2026-05-07 05:06:38.363138,2026-05-07 05:06:55.090570,0 days 00:00:16.727432,42.901757291547945,52.32555279672251,0.0019461489239482443,0.006753943203437293,38.10172091886834,875.8680848056224,1548.2002967826854,364.7091189853388,0.11070544479475425,0.003936183028633723,0.5520399708947228,COMPLETE
555,1290580.3288915802,2026-05-07 05:06:55.092084,2026-05-07 05:07:11.754520,0 days 00:00:16.662436,28.532163095323902,75.9467738351069,0.005599544138398056,0.006104225939901777,31.775971606789405,313.75921940494146,2375.601719508728,449.2230077310749,0.4589881173778871,0.05333278230083824,0.7220197178192332,COMPLETE
556,1497180.9285760422,2026-05-07 05:07:11.756091,2026-05-07 05:07:29.173510,0 days 00:00:17.417419,29.624322261816545,33.85574581337887,0.007676711044371052,0.044152695952671774,104.73895361721,1552.0862938418766,2324.3415202309934,149.80618710555845,0.2323623092715548,0.0282430755654589,1.1076047363169186,COMPLETE
557,1223314.1373013647,2026-05-07 05:07:29.175010,2026-05-07 05:07:47.728586,0 days 00:00:18.553576,25.600632993832065,62.224270803772114,0.004102132564586443,0.002933890053368873,97.85559723406094,474.18008311897523,2310.7460707657915,450.9679234861985,0.3609370132077962,0.027911812549301,0.9225181898423002,COMPLETE
558,1712110.6193608225,2026-05-07 05:07:47.730108,2026-05-07 05:08:03.356931,0 days 00:00:15.626823,15.529468025381801,24.270465404411286,0.003942256450458083,0.029605888608178844,108.06585813666858,1007.1754843259896,1681.002555054732,373.53054815493095,0.11792079710000358,0.09038256913618509,0.663621501601575,COMPLETE
559,1545744.07807279,2026-05-07 05:08:03.358564,2026-05-07 05:08:18.980672,0 days 00:00:15.622108,49.789534098941424,32.63489590922556,0.007904896859705269,0.026652316617698932,33.06003984021837,1494.7179137147334,2095.0542788837433,495.24611225541935,0.44362310408432604,0.04595530504654868,0.9079708995231042,COMPLETE
560,1660097.4767308023,2026-05-07 05:08:18.982325,2026-05-07 05:08:34.697846,0 days 00:00:15.715521,40.09127053882094,84.87759738365955,0.006849753247578439,0.03186118009361952,82.21827569933629,1963.2424967302009,1044.1654561225018,141.64356028095662,0.3924214995538849,0.07971162307664575,1.0717132811951469,COMPLETE
561,1150339.6927794241,2026-05-07 05:08:34.699360,2026-05-07 05:08:50.213414,0 days 00:00:15.514054,25.779815482018517,44.88835096964781,0.007322816804885241,0.002631804497673486,118.96399959140064,354.47432230264394,2499.690541079508,483.2018767919501,0.4314648944729177,0.03453614201779063,1.1826845266526202,COMPLETE
562,1000000000.0,2026-05-07 05:08:50.215050,2026-05-07 05:08:57.698475,0 days 00:00:07.483425,34.11716571687423,58.7540479016609,0.007766063210954936,0.008660423729183084,116.13320315204122,312.01724417177064,2772.1480317348655,479.65446713498534,0.4916563879664201,0.03761700377795694,1.1947362560109278,COMPLETE
563,1000000000.0,2026-05-07 05:08:57.700117,2026-05-07 05:09:05.102210,0 days 00:00:07.402093,11.665502885489994,68.49348613918514,0.006076842526196752,0.008788100653744309,76.91621094004087,1699.3697940388147,1967.9086762140992,271.0843430149484,0.4117981906135496,0.09412675007187724,1.0728667076894953,COMPLETE
564,1513731.1712970054,2026-05-07 05:09:05.103848,2026-05-07 05:09:23.817555,0 days 00:00:18.713707,11.527743518789011,50.41520005197595,0.004080990060717349,0.02722074434805735,64.61628925987372,1793.0939233390866,2079.005447262526,434.0060899518139,0.15052033166655482,0.08635005393037062,0.9884377218993086,COMPLETE
565,1185625.1208133684,2026-05-07 05:09:23.819395,2026-05-07 05:09:39.410798,0 days 00:00:15.591403,27.211371144661893,82.79230487061243,0.0010798538500700545,0.002758626822516253,28.348326656819435,400.7470505449611,2630.9037866509257,380.0713777813905,0.35467828404141083,0.09650627540355262,1.0014125476559137,COMPLETE
566,1726394.9289987506,2026-05-07 05:09:39.412409,2026-05-07 05:09:55.408541,0 days 00:00:15.996132,19.24835905198823,41.89999697394599,0.007067052820134273,0.013044383777905727,106.15931875382857,448.54124855276166,2673.122961169323,439.3188093602073,0.3971818686953803,0.030136793074952525,1.1486563811146195,COMPLETE
567,1189199.4464398455,2026-05-07 05:09:55.410052,2026-05-07 05:10:11.009090,0 days 00:00:15.599038,37.028574013185064,85.60051122419137,0.0008740779900794692,0.003943740797821518,11.300194180166136,321.9345676591008,2993.0993957180267,493.5099887318548,0.4659474859332512,0.08327972183892503,0.5687745102663797,COMPLETE
568,1840200.9770283997,2026-05-07 05:10:11.009700,2026-05-07 05:10:26.605696,0 days 00:00:15.595996,12.990526986117375,79.09114188827321,0.0020156212439101824,0.005979331749592656,61.663820422492094,700.8793224691796,2998.904587791573,334.3855167843216,0.3889162753464439,0.036940357922487885,1.0480866822550565,COMPLETE
569,1371778.4178498257,2026-05-07 05:10:26.607186,2026-05-07 05:10:42.330100,0 days 00:00:15.722914,34.60627000285324,32.269213913257765,0.008498384065846605,0.004861033898955396,113.06151171835278,575.234862854237,2171.6309358917742,471.61834370713785,0.424149768533061,0.03881805817152371,1.193510707066292,COMPLETE
570,1437175.509786398,2026-05-07 05:10:42.331677,2026-05-07 05:11:08.093538,0 days 00:00:25.761861,13.752310513025353,63.334613260001206,0.007822053132816146,0.006162717275833904,116.05100695325552,426.9244419876227,1997.5504452748467,445.34397922132194,0.37689376839605765,0.006520221000602532,1.130478547779922,COMPLETE
571,1304954.242292837,2026-05-07 05:11:08.095051,2026-05-07 05:11:24.017521,0 days 00:00:15.922470,25.232725626327667,63.14031354757358,0.004706297263747395,0.0039721868392775935,31.403119374691105,404.1049604819906,2669.9490884816437,430.84620778655506,0.4845475715886908,0.03757121663369101,0.5112348186371306,COMPLETE
572,1193186.3375643874,2026-05-07 05:11:24.019157,2026-05-07 05:11:40.043745,0 days 00:00:16.024588,26.094264113558715,80.35560425403362,0.0018276351122253405,0.002328284154157026,32.519214038479824,455.0548836332599,2815.8006455138743,340.96849195804134,0.39646703551375956,0.04140376160742951,0.9375722139506857,COMPLETE
573,7950646.936259296,2026-05-07 05:11:40.045585,2026-05-07 05:11:55.574767,0 days 00:00:15.529182,33.88708945558472,51.71345668225433,0.005916608005921748,0.009998506786910883,99.08159148290444,473.54538185300163,2186.5040726016855,452.7544568598361,0.3806043743991351,0.04384053892261365,1.0577547844763888,COMPLETE
574,1541025.1427461524,2026-05-07 05:11:55.576255,2026-05-07 05:12:11.188457,0 days 00:00:15.612202,30.825286835841244,68.5830110864452,0.0028071185885448747,0.011526454205039963,79.81186037511883,669.0846367170445,1007.2558541923089,181.1917682333021,0.13963609921466508,0.04493672454406892,0.5852096512304618,COMPLETE
575,1554248.1585306954,2026-05-07 05:12:11.189193,2026-05-07 05:12:26.913257,0 days 00:00:15.724064,31.482659517140604,53.65826951179247,0.0007867801414503505,0.018516398647170702,101.48679475043957,1122.1006977471598,1970.2938640389063,216.85476176622154,0.20861649248877745,0.08748756309033157,1.0751091035903007,COMPLETE
576,1292872.331670062,2026-05-07 05:12:26.915000,2026-05-07 05:12:42.583750,0 days 00:00:15.668750,28.368917417704445,62.37996094043904,0.009504811867976144,0.0028887555205847192,18.1794504886962,739.6987241280132,2744.8461425354726,490.970106201725,0.38571431240534354,0.05303199414562409,0.6392851561578596,COMPLETE
577,1212222.1643535998,2026-05-07 05:12:42.585506,2026-05-07 05:12:58.322162,0 days 00:00:15.736656,31.14670512262364,70.34921455524733,0.0029627390031636658,0.002898871636421954,20.358134568078285,435.1600749960317,2596.6554410463855,358.4674373687585,0.37414856854494627,0.024199609899399295,1.1115123149405788,COMPLETE
578,1000000000.0,2026-05-07 05:12:58.323670,2026-05-07 05:13:05.587964,0 days 00:00:07.264294,39.10773239341431,56.63615480293755,0.006961580548801052,0.0032285612793083885,118.77563308094304,307.0844836003336,2419.3407928541365,444.54560314757236,0.3708628847469592,0.017862820166599912,1.1931247480166591,COMPLETE
579,1282209.7975585759,2026-05-07 05:13:05.589425,2026-05-07 05:13:21.206658,0 days 00:00:15.617233,27.66943644980472,96.06118505597141,0.0034434108419717497,0.003641426307292311,23.856162259096973,551.4226048237044,2344.289339257298,479.4746145366476,0.3775223484396467,0.08414952514457165,0.9878222930823616,COMPLETE
580,1521364.4128973007,2026-05-07 05:13:21.208450,2026-05-07 05:13:37.330211,0 days 00:00:16.121761,31.676321596621644,96.92160905467343,0.0031117241144831146,0.006966428324588186,31.964301254378086,674.3813705605614,2590.3185828697187,470.54626658818256,0.49303938893075855,0.09323848532082094,0.8694273813265031,COMPLETE
581,8733343.901044084,2026-05-07 05:13:37.331779,2026-05-07 05:13:52.868542,0 days 00:00:15.536763,35.69493498155042,72.42881599284557,0.003186710514264206,0.005446695357605778,30.60717848841741,569.8886676827373,2265.9280826202894,484.3269901447605,0.4087988249130681,0.048567614019227434,1.1404383979086494,COMPLETE
582,1448979.671447937,2026-05-07 05:13:52.870087,2026-05-07 05:14:08.977527,0 days 00:00:16.107440,24.747044810864782,85.50061255263286,0.0028567357050536717,0.003244508642089596,45.49754203374433,356.1729606314691,2860.631167168149,351.4090332772811,0.46229264434471323,0.0510954519832523,1.0252262785227424,COMPLETE
583,1293695.4650100698,2026-05-07 05:14:08.979100,2026-05-07 05:14:24.497599,0 days 00:00:15.518499,31.252184139391705,34.04369836208927,0.0029906813453959213,0.002945557198402293,104.49292793409839,624.9726496970164,2622.2102718425176,476.878190195788,0.37323344670282543,0.03433697726779741,1.174309903548514,COMPLETE
584,1000000000.0,2026-05-07 05:14:24.499208,2026-05-07 05:14:31.957669,0 days 00:00:07.458461,14.645285071074005,99.31428878949995,0.0007706573799152125,0.0035668503427652206,29.63679763152088,331.8140617700885,2585.6604070700214,387.99146587937474,0.45390201681608483,0.09281999781418136,1.0247419272246217,COMPLETE
585,1566198.2899713656,2026-05-07 05:14:31.958352,2026-05-07 05:14:48.065370,0 days 00:00:16.107018,33.19268803554013,65.93474530773217,0.003331542023555521,0.017726084659447156,49.85137102893715,429.87777807440284,2096.697859294884,379.77246842116796,0.28463834214729034,0.08919023349212134,1.1272441500961141,COMPLETE
586,1447362.4220879443,2026-05-07 05:14:48.066082,2026-05-07 05:15:03.748531,0 days 00:00:15.682449,31.486441289586335,98.5323798279871,0.00888164897581643,0.008374653197219766,17.45542314640783,501.2757896851762,2457.3024080055898,432.9652024174185,0.326402878754927,0.05396040666639999,0.8452725518918496,COMPLETE
587,1634313.4375940561,2026-05-07 05:15:03.750066,2026-05-07 05:15:19.292576,0 days 00:00:15.542510,11.710300992820036,61.24912615680148,0.007535204407701723,0.03805691734787765,74.80613939339128,1302.8553397460992,2363.3507999964368,403.05391951331086,0.40825532501937484,0.08552551742669556,0.8363802240392683,COMPLETE
588,1390177.0790813384,2026-05-07 05:15:19.294310,2026-05-07 05:15:34.817285,0 days 00:00:15.522975,48.72284940343272,93.57774787484198,0.0020663015347007563,0.0035558237447501848,54.58123064039914,909.5029411893036,2981.6762109991923,358.25056180510217,0.3305696420799832,0.018755432864655478,1.0317266373183969,COMPLETE
589,1243165.5496783042,2026-05-07 05:15:34.819043,2026-05-07 05:15:50.673108,0 days 00:00:15.854065,28.814297468156653,65.67997095649886,0.0035004420009302865,0.003541079432137499,32.21172762420646,490.72360644178576,2769.9300217804957,479.29201625850584,0.4350962763019055,0.06178541568725571,0.8035090071604865,COMPLETE
590,1000000000.0,2026-05-07 05:15:50.673858,2026-05-07 05:15:59.353292,0 days 00:00:08.679434,33.85336296216786,61.96721764761075,0.006152825586280901,0.002312739734244063,31.69018378446408,543.3117853384645,2813.3569784696974,196.37805330780117,0.4446538169684684,0.05843924396044306,0.8956878757022668,COMPLETE
591,1205307.8701634046,2026-05-07 05:15:59.354732,2026-05-07 05:16:16.083566,0 days 00:00:16.728834,37.73588856732184,78.94545432590579,0.009065586700122724,0.0028501031190856715,14.495313580527485,459.08080434028847,2891.8127738319777,367.3181337741797,0.4082040789669019,0.05523827131583763,0.8008796080386702,COMPLETE
592,1142026.5815204952,2026-05-07 05:16:16.085268,2026-05-07 05:16:31.508765,0 days 00:00:15.423497,23.05155498640014,50.993855105645565,0.007027184104178371,0.0020767495305930852,95.27658558963569,445.73011832757993,2169.1508094881515,498.71664608812387,0.4687397909838424,0.035968048565032114,1.0566270093747172,COMPLETE
593,1568396.0954465389,2026-05-07 05:16:31.510408,2026-05-07 05:16:50.539646,0 days 00:00:19.029238,28.639040689319053,66.26180960936564,0.0005588417477099348,0.0475314925284459,94.50080456952415,1610.2897619676507,2712.0725313672847,127.22035458085833,0.3704891582279563,0.0032556147574142047,0.779447202235059,COMPLETE
594,1000000000.0,2026-05-07 05:16:50.541307,2026-05-07 05:16:57.655995,0 days 00:00:07.114688,42.30041764785135,75.01638965963184,0.002033643218908345,0.0044891549443422316,45.19173373442047,318.98956762662493,2940.9837592253757,230.69016052644452,0.36429248258874325,0.010395807076905524,0.8010963302151184,COMPLETE
595,1534042.7503333054,2026-05-07 05:16:57.657660,2026-05-07 05:17:16.493277,0 days 00:00:18.835617,35.60579678606001,25.012426146084863,0.006940369291410015,0.0073656898456532305,88.93163789626868,605.5385360019034,1925.540744146296,491.6426513917399,0.47146088917990925,0.00860812985488979,0.9583781510892289,COMPLETE
596,1000000000.0,2026-05-07 05:17:16.494778,2026-05-07 05:17:23.799369,0 days 00:00:07.304591,24.10449843671244,40.181460581034194,0.006329066390305029,0.007914229253685356,112.7669170512872,406.14002490837186,2344.0827414195855,469.39211155390274,0.4080767871927561,0.03685469261411876,0.9883494194025998,COMPLETE
597,1121440.766622358,2026-05-07 05:17:23.801017,2026-05-07 05:17:39.483159,0 days 00:00:15.682142,14.973065634038393,96.64800385381689,0.004478735169601993,0.002190801867347779,19.141982450069186,304.5597859808381,2693.991226497111,456.09468756408984,0.4541076711163677,0.04523020772775519,0.7573233041028357,COMPLETE
598,1698071.936768338,2026-05-07 05:17:39.484784,2026-05-07 05:17:55.107150,0 days 00:00:15.622366,7.73683954624898,96.21548903571139,0.0004273636921801917,0.040153761431476115,89.86650927237217,371.62932007585505,2611.900521011208,364.8450302664993,0.302430193989467,0.05600532662082649,1.0940518328042963,COMPLETE
599,1584652.9476504007,2026-05-07 05:17:55.108818,2026-05-07 05:18:10.711513,0 days 00:00:15.602695,44.914662137355776,52.16983485133291,0.0054771299435116315,0.04726434581598018,95.87321583973662,604.6874577350675,1027.3472992387515,374.7464031562031,0.11736277526936628,0.08351367783404857,1.0145442155736255,COMPLETE
600,1389315.219060721,2026-05-07 05:18:10.713019,2026-05-07 05:18:26.298981,0 days 00:00:15.585962,24.77346612268077,80.95723272052801,0.006797926480658192,0.010333506652714881,23.053735500016213,410.4759520483176,2777.6983695809868,497.5057931801909,0.47984654586702125,0.07693834689638196,0.6923620625904052,COMPLETE
601,1595927.419592848,2026-05-07 05:18:26.299750,2026-05-07 05:18:45.033906,0 days 00:00:18.734156,21.83264134789936,66.53932547629859,0.00797385377586134,0.011542781845803166,85.47686777384469,426.2463200640902,2254.1157271548227,445.0932701856148,0.4880816022684749,0.04172613053038646,1.0403187166197865,COMPLETE
602,1338643.5442637631,2026-05-07 05:18:45.035354,2026-05-07 05:19:00.763311,0 days 00:00:15.727957,14.183637173776756,92.39814668164523,0.005105196851743699,0.0056417066022342,41.04719611258635,313.0516632226566,2550.525635840528,373.8871980435034,0.4127382619440309,0.030568589216019366,0.7184701807430091,COMPLETE
603,1379509.232812096,2026-05-07 05:19:00.764887,2026-05-07 05:19:16.384710,0 days 00:00:15.619823,11.809200848646764,96.4838313359948,0.003045636371222267,0.006693920318977925,27.871817348336,343.0212130432762,2851.5801793841592,431.5857161783943,0.4864771242238987,0.0474764014222522,0.8465463421403481,COMPLETE
604,1986472.2410069564,2026-05-07 05:19:16.386337,2026-05-07 05:19:32.003050,0 days 00:00:15.616713,18.79204347709975,54.72258946044726,0.005734254808913994,0.014423178718800368,79.32225643845872,543.3108446718824,1470.5621692644652,480.9004916742826,0.4005751145830018,0.03347296884447981,1.053848511893987,COMPLETE
605,7145720.583468403,2026-05-07 05:19:32.004679,2026-05-07 05:19:47.920566,0 days 00:00:15.915887,27.11961749456919,35.21437619753428,0.006644887893320805,0.0029550517730805685,105.24843367656007,336.5861640075049,2914.0622228916427,430.7471231620211,0.3577704265971581,0.04780327670314851,1.0386136367480683,COMPLETE
606,1550746.9319911713,2026-05-07 05:19:47.922046,2026-05-07 05:20:03.586627,0 days 00:00:15.664581,34.832330891782604,63.61194464762864,0.004756621847518628,0.004236785071263186,16.35265517985126,810.5579552229299,2262.6003622603043,387.8140011747508,0.3485800943255715,0.023935338974691973,0.5286675868086579,COMPLETE
607,1693197.8625181287,2026-05-07 05:20:03.588174,2026-05-07 05:20:19.203613,0 days 00:00:15.615439,25.1608462369722,59.064209003030015,0.007420143381478401,0.006577566029966954,98.11603347620753,793.588053470362,2039.0596683215078,413.79443379453437,0.42943928598433917,0.03844927930099493,1.197187094401662,COMPLETE
608,1500907.2028885284,2026-05-07 05:20:19.205224,2026-05-07 05:20:35.282526,0 days 00:00:16.077302,25.581827829763903,62.834025027899074,0.0041293422938887435,0.006418974174307343,13.404954792611733,612.4317699804099,2626.186910683514,448.26191401203255,0.48171150348995295,0.06483608613862223,0.6683456213476495,COMPLETE
609,7458203.476305035,2026-05-07 05:20:35.284052,2026-05-07 05:20:50.913227,0 days 00:00:15.629175,8.170963332425861,69.54617178989731,0.0010751820150588902,0.006748337934160315,15.734348675362952,358.90249604100364,2915.808781897529,364.1734609849247,0.37557390514112754,0.09253774307447193,0.8189164847228034,COMPLETE
610,1360889.1838065619,2026-05-07 05:20:50.914284,2026-05-07 05:21:06.486784,0 days 00:00:15.572500,25.785266260925127,35.83130732283714,0.007086216326982889,0.00608286908812251,80.02098720079512,339.99906013372583,1676.455398973587,374.27803957550344,0.48920678384051497,0.027694706939903835,1.0116330564771685,COMPLETE
611,1264883.483590117,2026-05-07 05:21:06.487655,2026-05-07 05:21:25.422509,0 days 00:00:18.934854,16.64883217168588,83.79759781282677,0.0037757064727627397,0.0044609472262179106,40.345370272584375,358.52698396430236,2792.74846814021,490.2330820812462,0.3083107793700387,0.0270348455737329,0.9745502549319442,COMPLETE
612,1237781.517720234,2026-05-07 05:21:25.424084,2026-05-07 05:21:41.100671,0 days 00:00:15.676587,18.272030397880144,74.25957044718398,0.0017579191390377261,0.004153314108798692,16.818471052042636,343.1196163031514,2653.778499618409,445.3541770575309,0.4692503533817065,0.09281422782864396,0.7690829873587646,COMPLETE
613,1429441.123932108,2026-05-07 05:21:41.102334,2026-05-07 05:21:56.870340,0 days 00:00:15.768006,49.467370473102164,12.914173788245556,0.0017788049786620175,0.0034624546333322306,15.045414683248431,815.7785583318156,2263.9985353731627,109.63758067806083,0.4943284254193656,0.05665489375670573,0.937336035735165,COMPLETE
614,1544459.250730281,2026-05-07 05:21:56.871841,2026-05-07 05:22:12.470665,0 days 00:00:15.598824,31.154830323007467,32.96454078909008,0.009733070630091177,0.020342698297407015,75.26571328928317,1623.1325123905942,2914.342089073772,382.9233717339655,0.30618187201605895,0.03333280872686215,0.6859415360747796,COMPLETE
615,1202069.5703688052,2026-05-07 05:22:12.472377,2026-05-07 05:22:28.093093,0 days 00:00:15.620716,34.58005172475761,99.16327275331915,0.009797975910487157,0.002501709221306874,60.84580587753299,412.48772402585865,1700.981584925465,380.73633674061136,0.24470389465871148,0.07145045609042974,0.9050845395787854,COMPLETE
616,1575252.6214772728,2026-05-07 05:22:28.094745,2026-05-07 05:22:43.724651,0 days 00:00:15.629906,31.49566516992723,65.33552243191579,0.006727145549021204,0.010875327927256925,50.64976127467228,486.87086397252517,2656.5720096471114,442.51063398796106,0.4894791969177409,0.0337896605773095,1.1893423545189177,COMPLETE
617,1289893.6624397787,2026-05-07 05:22:43.726424,2026-05-07 05:22:59.355825,0 days 00:00:15.629401,16.805755678655597,61.280886289926244,0.008579384134346479,0.0042991830195838205,107.26854626258549,443.446730942441,2097.9750070392533,481.9858935914427,0.46506362150779085,0.02622294174449486,1.0735765883928012,COMPLETE
618,1396037.5934875384,2026-05-07 05:22:59.357312,2026-05-07 05:23:17.837601,0 days 00:00:18.480289,15.240667116869375,86.74094966203938,0.0040451012815218715,0.003572692150597418,12.606530408873088,775.0576828726512,2559.402498822298,470.5223994418533,0.4685896257306781,0.036379368374434846,0.7485318703607118,COMPLETE
619,1512029.0500258163,2026-05-07 05:23:17.839158,2026-05-07 05:23:36.468462,0 days 00:00:18.629304,41.67437560814574,68.3546587206414,0.0004436733845532602,0.04934851449630369,55.85555359273762,468.31716691179986,2461.1061480988815,277.2956330027284,0.3490602312901512,0.08078015367962751,0.6203283797289814,COMPLETE
620,1000000000.0,2026-05-07 05:23:36.470012,2026-05-07 05:23:43.583027,0 days 00:00:07.113015,40.41749802495245,96.424013789069,0.009825861970061963,0.009739967747685638,13.450027613000067,1742.2942316332144,2706.0506666434867,405.0200390082432,0.4549249699811303,0.007857937241226742,1.1178374522525085,COMPLETE
621,1000000000.0,2026-05-07 05:23:43.584638,2026-05-07 05:23:51.001364,0 days 00:00:07.416726,19.75725025586921,99.59274238823521,0.0031764474433300643,0.004893868789566958,12.766252117317467,500.6213657397003,2107.3138348965686,411.78537629539375,0.37951080950543237,0.023689931861351078,0.8351212588882083,COMPLETE
622,1690323.2221902492,2026-05-07 05:23:51.003032,2026-05-07 05:24:09.669326,0 days 00:00:18.666294,36.63778531013974,21.011126708278255,0.0024011531465622047,0.004245075137589097,15.26080557076913,1698.7751286224086,2000.5438630457688,421.41821436969,0.2953258711971141,0.0931845981994803,0.9513602314493996,COMPLETE
623,1956008.1283629865,2026-05-07 05:24:09.670964,2026-05-07 05:24:25.259274,0 days 00:00:15.588310,15.858509882718787,59.84103212284945,0.005717887936318063,0.04516358315475935,91.92102946196583,615.5415906763126,2894.242413495145,103.62034380829968,0.44372141970711104,0.0671130773326129,0.9547731165423227,COMPLETE
624,1529374.5850355127,2026-05-07 05:24:25.260931,2026-05-07 05:24:40.903776,0 days 00:00:15.642845,37.38926711315675,31.259414570489252,0.002352687248140217,0.044591591468473295,44.71174980500921,1478.6635568595245,2448.3950270747428,356.7356627980885,0.3859134181783944,0.0037564523122215893,0.7974374441666732,COMPLETE
625,1293748.2808521725,2026-05-07 05:24:40.905525,2026-05-07 05:24:57.322932,0 days 00:00:16.417407,24.081022276544143,84.54311521983341,0.006217764284649071,0.0026112761993886163,11.685929394524106,676.0541944765342,2458.2587378948133,377.793456553609,0.4772391468000293,0.05839764494804402,0.7682748645669005,COMPLETE
626,1458804.1463265086,2026-05-07 05:24:57.324497,2026-05-07 05:25:12.835116,0 days 00:00:15.510619,31.200211622897683,49.7513986344656,0.007327776970578923,0.010762027991097814,69.99391730992085,1204.3975589488389,2226.5522719263254,148.15006546679058,0.18989606925895736,0.06986188468882663,0.92253801195445,COMPLETE
627,1390565.9192383036,2026-05-07 05:25:12.836604,2026-05-07 05:25:38.292034,0 days 00:00:25.455430,18.608396807127114,75.25703513442906,0.009616920365159315,0.005378419471399836,59.703016183825035,417.1422114112714,1370.495692513118,439.1487531020716,0.3783910315845774,0.08305356158695641,0.8671300410391164,COMPLETE
628,1388029.4436531889,2026-05-07 05:25:38.293680,2026-05-07 05:25:56.823749,0 days 00:00:18.530069,32.381189565181074,88.54167776133554,0.004101192791616628,0.007934499400560437,10.908670994921712,378.9914277968875,2310.8577287791913,492.0433900357259,0.42075791574262256,0.0661247236804097,0.8121775882494494,COMPLETE
629,1789967.020309234,2026-05-07 05:25:56.825302,2026-05-07 05:26:12.471519,0 days 00:00:15.646217,21.23658630482399,41.742861527294,0.005854792426910363,0.011307274407913546,99.8718920999036,539.4968569397741,2202.0962178983887,405.87365061633596,0.46752472172795956,0.035730555814343555,1.1816288964159607,COMPLETE
630,1266655.1196559917,2026-05-07 05:26:12.473009,2026-05-07 05:26:28.121779,0 days 00:00:15.648770,23.000417682058753,40.71131882627243,0.009847914228828785,0.00242477738711386,115.05140874806827,835.4311824009599,2616.83989536464,490.56577420158055,0.4730905816056007,0.043223502971784455,0.9576402020309435,COMPLETE
631,1534031.5638503835,2026-05-07 05:26:28.123345,2026-05-07 05:26:43.893337,0 days 00:00:15.769992,14.675091042971761,94.12133497257258,0.006882749252632022,0.014542654290946866,37.640269131105384,397.17914674626417,2426.2450905100677,499.6806268672635,0.4590454132511319,0.0535210146215474,0.9137023376707518,COMPLETE
632,1584898.6573701974,2026-05-07 05:26:43.894818,2026-05-07 05:26:59.522942,0 days 00:00:15.628124,19.242468644157515,98.05318197081715,0.0034266684694699923,0.0042649397209790635,34.04743746835452,707.6794526015271,1758.9648535996268,375.76422554686786,0.2100497349672199,0.03486658724569992,0.7379810038404999,COMPLETE
633,1574758.088132356,2026-05-07 05:26:59.524508,2026-05-07 05:27:15.856616,0 days 00:00:16.332108,12.366148070952024,18.174561461388656,0.004839343958406015,0.039237319941628886,97.00841820249744,813.9241512687258,2496.0661050804697,350.1823759054701,0.433968664796766,0.03431166609500054,0.5839727362566431,COMPLETE
634,1528076.800400866,2026-05-07 05:27:15.858212,2026-05-07 05:27:31.776834,0 days 00:00:15.918622,25.401898461774394,96.81152885678998,0.005278918279764397,0.01829890646436778,94.01945949501426,458.3259072879572,2635.891169466322,414.8258644967218,0.2560498807279889,0.02290172292636626,1.0690649023805379,COMPLETE
635,1000000000.0,2026-05-07 05:27:31.778341,2026-05-07 05:27:39.051034,0 days 00:00:07.272693,23.28548790940539,95.82625153769291,0.005573343531017821,0.0020354478210783925,95.93406401035865,478.48385735251355,2662.3063060421396,467.6692154824969,0.3332211359620208,0.0014668946187646886,0.8793283754054597,COMPLETE
636,1159555.5968189016,2026-05-07 05:27:39.052630,2026-05-07 05:27:54.792447,0 days 00:00:15.739817,14.322943403929923,81.61592581573575,0.00027653042896733093,0.002886133569657551,21.60801633071009,320.76079760170626,2715.447992849986,495.6047040504885,0.49926731583793016,0.034972232286007106,0.6398261104130288,COMPLETE
637,1277837.507033929,2026-05-07 05:27:54.793940,2026-05-07 05:28:13.788617,0 days 00:00:18.994677,19.886499058866463,92.19755653759438,0.0005675797426876654,0.002497845934755132,26.862011263786574,589.7954332652041,2332.3373288887497,379.99913206446706,0.47340192748605264,0.04220893289308393,0.6551200085146892,COMPLETE
638,1341069.9854970658,2026-05-07 05:28:13.790119,2026-05-07 05:28:29.423440,0 days 00:00:15.633321,13.567173632715715,62.3912090298409,0.0022643154556795907,0.004605880796036148,28.903019313020412,392.34906477945367,2809.1195310001854,439.5974186387875,0.42066803441535106,0.01391519404633237,0.5500720883708664,COMPLETE
639,1000000000.0,2026-05-07 05:28:29.424951,2026-05-07 05:28:36.659134,0 days 00:00:07.234183,21.68114894768314,84.72431154182625,0.009791781701135259,0.009277292298891937,77.84270102059178,568.9627495707895,1958.760627081603,488.3429008917045,0.38359944761575016,0.08127531690896037,0.949697145614284,COMPLETE
640,1837979.4574943648,2026-05-07 05:28:36.660745,2026-05-07 05:28:53.182093,0 days 00:00:16.521348,29.789563709443442,81.44749136018518,0.004429246693972828,0.019399579719978646,15.27118537651325,567.7680319965018,2574.4910988136216,472.3357768422987,0.49791957834845924,0.05321387625748525,1.1156388448912784,COMPLETE
641,1400719.7409140812,2026-05-07 05:28:53.183829,2026-05-07 05:29:09.104407,0 days 00:00:15.920578,10.329517974886464,73.39011968885316,0.0015127505181983208,0.0024562118901336172,11.891831952957768,440.1961657048013,2742.628812451369,418.63933481561605,0.42240476037577,0.02509413815298398,0.7200605058467944,COMPLETE
642,1201841.5123811823,2026-05-07 05:29:09.105918,2026-05-07 05:29:24.716694,0 days 00:00:15.610776,8.365310027333333,97.47314864260787,0.0008098663852110839,0.0028033558046774935,44.030763252558785,411.239985172997,2544.8641169904104,487.6602204341401,0.4966365098500536,0.05145388538425574,0.6878571636864776,COMPLETE
643,1000000000.0,2026-05-07 05:29:24.718203,2026-05-07 05:29:31.940244,0 days 00:00:07.222041,20.578005696752264,50.806449009779506,0.004080841943163765,0.023757311068541443,89.39187392489592,1816.3411193222641,2035.8841246542534,342.83683413352327,0.2805500448933805,0.011194956169482802,1.1502030482465584,COMPLETE
644,1445540.518048135,2026-05-07 05:29:31.941906,2026-05-07 05:29:47.668315,0 days 00:00:15.726409,12.500723961459506,86.73926368310978,0.003608832666006598,0.01098934083659821,11.047588545499067,330.71384395624597,2446.4643943931596,444.408172448017,0.4201584456561048,0.06374652763742708,0.7174737883644509,COMPLETE
645,1726842.6833548972,2026-05-07 05:29:47.669926,2026-05-07 05:30:03.325661,0 days 00:00:15.655735,33.7902148475843,43.97373109274348,0.0004838873555170365,0.035991994428045564,90.27400327608402,1805.9464990160118,1123.3590158670022,411.23304193467106,0.3630812911446701,0.0699097815112221,1.1531611845665326,COMPLETE
646,1246256.8379613,2026-05-07 05:30:03.327312,2026-05-07 05:30:18.927215,0 days 00:00:15.599903,15.711789636086097,85.05546706951728,0.0020922200104637164,0.004065198207953596,10.769024167445039,326.60462513084553,2937.2479486605275,467.2769032058466,0.46535128550592747,0.018693593976950373,0.550241307218634,COMPLETE
647,11119107.974211255,2026-05-07 05:30:18.928832,2026-05-07 05:30:34.675530,0 days 00:00:15.746698,21.243548920177023,98.31400652444879,0.006506204137070837,0.00663673665030511,14.317201989561756,385.03953407662317,2975.5696668156274,432.52728997982274,0.4222044794996738,0.03907352898032513,0.8260343089812684,COMPLETE
648,1500012.5579950183,2026-05-07 05:30:34.676939,2026-05-07 05:30:50.330497,0 days 00:00:15.653558,36.54242596941107,17.279918489380705,0.009552300092582473,0.02605064317491817,87.61326780859773,701.1351640712293,2980.739735036648,361.4913637624367,0.14117678962490854,0.054087547120153144,1.1819796945814944,COMPLETE
649,1678039.163680818,2026-05-07 05:30:50.332034,2026-05-07 05:31:05.827542,0 days 00:00:15.495508,31.664457737204092,80.9043234979652,0.008615850881637549,0.006626230742439718,83.81278053516482,657.2019592183101,1107.4685474485973,487.65590719698525,0.34666349615316233,0.07364740158132846,0.807067474301468,COMPLETE
650,1415886.5574201099,2026-05-07 05:31:05.829023,2026-05-07 05:31:21.573432,0 days 00:00:15.744409,25.63642655604987,37.85782738045833,0.005857610964825366,0.005459143257111736,104.82539229020986,550.3159078415454,1949.2278354433115,461.2055067834217,0.4806266310374412,0.02547380353198349,1.119461554221291,COMPLETE
651,1733819.7543908162,2026-05-07 05:31:21.574923,2026-05-07 05:31:37.496586,0 days 00:00:15.921663,11.362128897888132,39.10231899006077,0.008189991347438077,0.006878696376503718,77.74930496351844,563.2109853919889,2432.303990304723,490.9631588511807,0.4340248780208826,0.04407546249575736,1.0142622135472825,COMPLETE
652,1331581.7307149076,2026-05-07 05:31:37.498068,2026-05-07 05:31:53.188694,0 days 00:00:15.690626,11.883233559555247,84.980945650888,0.0012622013355923227,0.004142919851671291,20.7256722400958,445.8493446089601,2282.7285308137953,468.74893942374035,0.4807211505989396,0.041544317780649376,0.5828823480271709,COMPLETE
653,1543751.6673067012,2026-05-07 05:31:53.190219,2026-05-07 05:32:12.095542,0 days 00:00:18.905323,17.331921610114346,67.38311008323176,0.0007179873950470829,0.01172647600248426,23.59426394987768,346.94562286668577,2990.5762496585003,408.8243698592243,0.46893784800262034,0.053253617757720806,0.5823702039864085,COMPLETE
654,1698510.7042229692,2026-05-07 05:32:12.097359,2026-05-07 05:32:27.810680,0 days 00:00:15.713321,15.853759530198655,66.77788986508918,0.0029705323784108067,0.007829326305021984,26.498020699170795,514.619830504804,1373.1051950960589,380.42882178396667,0.38520405727731183,0.043503805736658976,0.8689803579601436,COMPLETE
655,1531047.2382655723,2026-05-07 05:32:27.812285,2026-05-07 05:32:43.493906,0 days 00:00:15.681621,32.08008729324433,53.3760189372403,0.0002907402004674398,0.02846108463480756,111.5158183758335,1175.881411339496,2942.8616837291656,474.9051007758436,0.3017424455893867,0.01352961325560139,0.9262710041257198,COMPLETE
656,1183727.4474285804,2026-05-07 05:32:43.495542,2026-05-07 05:32:59.063340,0 days 00:00:15.567798,10.726512524254101,98.55663162197705,0.005348423112634466,0.002637566839683862,10.776271232192444,379.0329889579093,2756.4609678369834,450.96428707550257,0.4614830997469492,0.03994293906120495,0.7112662068416342,COMPLETE
657,1693115.059272757,2026-05-07 05:32:59.064841,2026-05-07 05:33:14.644473,0 days 00:00:15.579632,7.718208552511637,75.51631044551121,0.004740176812157749,0.004840157609622867,43.842552544038696,1945.4253970803336,2283.793110785837,100.40204638575227,0.4256337646809485,0.014450777354867404,0.679409526989225,COMPLETE
658,1615615.1603329014,2026-05-07 05:33:14.646090,2026-05-07 05:33:30.364496,0 days 00:00:15.718406,8.998862935704736,68.31190249484773,0.0006398855293577109,0.009017760129236123,42.800700274577615,702.4580210020061,2807.761867787121,487.7878125312602,0.44551549562490655,0.029760358020599065,0.7575104576689673,COMPLETE
659,1190872.1131873399,2026-05-07 05:33:30.366095,2026-05-07 05:33:45.974465,0 days 00:00:15.608370,32.49197537286164,92.5188017130927,0.00925534150747249,0.0025952801604723023,67.30528823673856,429.15039560119953,2350.021054941012,408.67641120271065,0.2919601693008757,0.04140893424487442,0.9053768734086144,COMPLETE
660,1368418.9473264327,2026-05-07 05:33:45.975782,2026-05-07 05:34:04.594344,0 days 00:00:18.618562,5.119635642447387,63.034328134802976,0.000501742899143817,0.005767743176929999,42.69398716333606,356.3588299983689,2868.3851390332165,498.8071715307046,0.48789519914860446,0.053311740997495465,0.5793695733850466,COMPLETE
661,1566874.6893383246,2026-05-07 05:34:04.595870,2026-05-07 05:34:20.207588,0 days 00:00:15.611718,16.365645696334774,36.86204334871892,0.0058792394747823745,0.008224977435060853,103.10630613962428,515.6425250678167,2772.233442684693,498.58329041439447,0.47420886469141915,0.029719495299455417,1.199498648379129,COMPLETE
662,1000000000.0,2026-05-07 05:34:20.209273,2026-05-07 05:34:27.716627,0 days 00:00:07.507354,49.53165394918453,30.229716696940024,0.001249157882202037,0.047717470421694566,55.60049246866763,1188.079375894395,2332.892223750841,477.4859538556398,0.10942699685055357,0.06327601076731416,0.6492953634604598,COMPLETE
663,1490339.9152292446,2026-05-07 05:34:27.718251,2026-05-07 05:34:43.392135,0 days 00:00:15.673884,36.11711607983753,80.19546473838507,0.00610585632165995,0.003219458369002585,10.415865896131717,306.1054203384277,2544.3873024517684,366.41607032023387,0.44658925830469504,0.04955380283308375,0.5675783894005182,COMPLETE
664,1000000000.0,2026-05-07 05:34:43.393908,2026-05-07 05:34:50.617778,0 days 00:00:07.223870,8.506946663751584,59.660680302992084,0.002747359678660446,0.016780000184053352,56.03175174889519,326.9370039021242,2184.9893908021263,394.7103793067533,0.289471283515872,0.003894733312781482,1.1514979745264629,COMPLETE
665,1513104.263278994,2026-05-07 05:34:50.618427,2026-05-07 05:35:09.444867,0 days 00:00:18.826440,46.45340979332197,88.65033344088157,0.0009895856319265981,0.005378234538862072,69.65749628029039,1117.4813824736348,2848.229279854496,156.5119261826272,0.4365710217354647,0.08466983379809892,0.5066105451167537,COMPLETE
666,1460363.0495507943,2026-05-07 05:35:09.446436,2026-05-07 05:35:25.884699,0 days 00:00:16.438263,26.10135844649544,51.96497154711048,0.003629496328270196,0.014212911998620209,13.736958253439115,476.7252814071222,2829.952918193435,435.58064488304973,0.39223518745048525,0.09157809963482512,0.8358052133099223,COMPLETE
667,1535696.0873543578,2026-05-07 05:35:25.886305,2026-05-07 05:35:42.415684,0 days 00:00:16.529379,10.23467287658173,54.52594514223163,0.004304790434579987,0.018904667032682107,20.178323877091987,581.7582665968018,1492.9090540589166,348.2923272364094,0.22978039175707243,0.03606722826787255,0.6973026138032626,COMPLETE
668,1264372.180681202,2026-05-07 05:35:42.417194,2026-05-07 05:35:58.020118,0 days 00:00:15.602924,24.855171935811573,78.39104434189377,0.00685038060826297,0.002439016016295656,108.92892000808102,662.709899983547,2266.3775000154897,392.55736149776465,0.3332348318052843,0.03538589263103798,1.0856346901777134,COMPLETE
669,1337686.0053513946,2026-05-07 05:35:58.020758,2026-05-07 05:36:14.061638,0 days 00:00:16.040880,22.475967987753343,77.4290786074378,0.004676309103091741,0.007934635710143367,10.16571407312971,368.0768071630741,2756.7228201177854,494.8849522333471,0.45442974160187477,0.03887525336732847,0.5881725147812815,COMPLETE
670,1855347.8012549905,2026-05-07 05:36:14.063182,2026-05-07 05:36:29.606663,0 days 00:00:15.543481,37.33253344810899,65.41216784179827,0.006980596009885595,0.042304338865818907,49.49462269115528,759.0259024623587,1107.1017707806755,211.21644102632945,0.4548559592066139,0.06297892293458109,0.5590290835017977,COMPLETE
671,1436798.8535546842,2026-05-07 05:36:29.608173,2026-05-07 05:36:45.685075,0 days 00:00:16.076902,25.29879036052858,54.07461746490196,0.008097996639029967,0.005110171265048693,119.81990109541191,578.8414708695518,2328.7171235565474,446.23303763950594,0.38943030179607,0.04949620526487961,1.1973371986155512,COMPLETE
672,1317200.9901909581,2026-05-07 05:36:45.686780,2026-05-07 05:37:01.324613,0 days 00:00:15.637833,11.06613449278657,74.77917365831637,0.0023604431608107304,0.004902291433817898,21.205778207899098,335.6445780867321,1891.7811169921035,421.02833686662564,0.3377906662096869,0.031138220248222517,0.7344461473820847,COMPLETE
673,1594644.7270844737,2026-05-07 05:37:01.326084,2026-05-07 05:37:18.264990,0 days 00:00:16.938906,43.18593290541784,90.12423719786558,0.0007391349174439928,0.008063997905297925,17.188896169834365,672.1567492071978,2999.8540811406733,273.6512585995224,0.4025167147581622,0.019862203833436842,1.0764140390563883,COMPLETE
674,1193175.8691275278,2026-05-07 05:37:18.266582,2026-05-07 05:37:33.992267,0 days 00:00:15.725685,33.15307253582719,87.51954193124887,0.005644541509035222,0.0022713622885411223,27.015895532347677,407.9603241072598,2890.7606065980717,437.6109505332921,0.46075349681995315,0.07120486851688639,0.6436999213651987,COMPLETE
675,1000000000.0,2026-05-07 05:37:33.993962,2026-05-07 05:37:41.415351,0 days 00:00:07.421389,25.205560448168413,76.38412331592325,0.005794706214165115,0.002147988832834559,110.20056862371598,553.5278064723368,2916.678260400301,497.7265175327466,0.4041735942364768,0.03467743760598345,1.1494183859394334,COMPLETE
676,1484528.4831775355,2026-05-07 05:37:41.416995,2026-05-07 05:37:57.053422,0 days 00:00:15.636427,18.55314158220393,83.77445523189034,0.008722847719637838,0.016704697655673603,116.53433361446666,312.7175400826995,2891.8077458450252,492.3655056988008,0.4394205951855671,0.031066078829624387,1.1244115522742808,COMPLETE
677,1542345.2658306123,2026-05-07 05:37:57.054999,2026-05-07 05:38:12.965577,0 days 00:00:15.910578,35.02781903716489,22.73608570760979,0.0006009661510844129,0.00834202157169318,96.55243863595571,1524.2912961535144,1939.346240979345,280.50832211076766,0.26399026026020467,0.040633615660656666,1.0095702603297134,COMPLETE
678,1000000000.0,2026-05-07 05:38:12.967067,2026-05-07 05:38:20.158489,0 days 00:00:07.191422,18.665989606508575,93.94883373045666,0.005904507357917153,0.0066700696569190815,28.27575813503152,309.2303207003093,2536.937676329144,403.6223314743309,0.43361962731250936,0.06884332349493358,0.7097867527072043,COMPLETE
679,1731781.8851080178,2026-05-07 05:38:20.160024,2026-05-07 05:38:35.741770,0 days 00:00:15.581746,14.31692605664908,65.21629402207499,0.0021205244198503896,0.008666562092620955,16.960366648778415,866.0346037933725,2836.114939821981,454.1136317518692,0.4216266163030326,0.09060596258050607,1.0640400751896386,COMPLETE
680,1161355.581999625,2026-05-07 05:38:35.743388,2026-05-07 05:38:52.070469,0 days 00:00:16.327081,12.614286527053038,75.49770076817573,0.0014070914796154648,0.002675057708811655,46.73755774169655,335.8570605340105,2430.07225660696,488.15380507890444,0.4842246809818162,0.015187162816199994,0.6250181787746197,COMPLETE
681,1360285.7260665842,2026-05-07 05:38:52.071962,2026-05-07 05:39:07.819828,0 days 00:00:15.747866,18.07792789366043,63.09509136257347,0.003348389087055069,0.003436712263841902,46.408763022063724,733.1689066448737,2478.967297553407,492.1507499462767,0.3604270419834778,0.008224463956208003,0.7613550380492932,COMPLETE
682,1302728.5138213802,2026-05-07 05:39:07.821514,2026-05-07 05:39:23.451580,0 days 00:00:15.630066,18.661759793450845,87.31969728171411,0.00043418201374437594,0.0030953013582918597,49.25216568993047,628.057001878796,2972.211728513078,435.2875075058341,0.49772446825335426,0.004790777957943701,0.7094223229771641,COMPLETE
683,1270185.0507581187,2026-05-07 05:39:23.453060,2026-05-07 05:39:39.893488,0 days 00:00:16.440428,20.636298013625428,82.87185224726258,0.003156764431657557,0.0020243674909083153,67.89958312376027,819.9422246270874,2496.6287908412205,469.8185601038064,0.47154457140571915,0.027603462202329336,0.5975151975606834,COMPLETE
684,1615894.7860077454,2026-05-07 05:39:39.895103,2026-05-07 05:39:55.541474,0 days 00:00:15.646371,14.11486216547474,65.79592482173891,0.0013582193768356394,0.007423661579276277,54.69916585129405,519.1595581052026,2538.6241122438996,403.56103273899873,0.3285096204771438,0.011655521027627815,1.0174829392486808,COMPLETE
685,1682591.7559874796,2026-05-07 05:39:55.542976,2026-05-07 05:40:11.269558,0 days 00:00:15.726582,17.992214296905917,81.64295464128041,0.0018809593109232468,0.014256415147526399,45.02036614839278,524.8461211875746,2507.0087327836927,490.61961679225857,0.46204687194109806,0.03926066814352629,0.7019089725655626,COMPLETE
686,1281840.7624828396,2026-05-07 05:40:11.271241,2026-05-07 05:40:26.799680,0 days 00:00:15.528439,30.40002570054913,80.40470596575403,0.008407348631530606,0.006161058330655495,98.89441771402699,312.97084140022463,2842.6314115861264,453.0899731447323,0.44780091999526334,0.02156516606444105,1.1754036167066013,COMPLETE
687,1178883.670309174,2026-05-07 05:40:26.801329,2026-05-07 05:40:42.427488,0 days 00:00:15.626159,9.151259125096239,88.7173551548076,0.00020417119126291778,0.002341938824076791,43.64212936531343,361.355032722715,2866.256465351112,369.9339490722233,0.3493544868199089,0.039123439069543596,0.8689001287123403,COMPLETE
688,1208473.5035470128,2026-05-07 05:40:42.429173,2026-05-07 05:40:58.623465,0 days 00:00:16.194292,21.681362544912425,52.82873608224438,0.005755342256576673,0.0033953269341661127,112.85690486391829,318.37194767218534,2547.584059349859,423.0043933316199,0.3467275933254307,0.041516047628970904,1.1793671008903022,COMPLETE
689,1673931.1069660203,2026-05-07 05:40:58.624951,2026-05-07 05:41:14.460607,0 days 00:00:15.835656,9.957922582945312,16.104862054903393,0.0025790599665554124,0.03353987835660911,31.322426042728132,1332.1494039749807,1799.396720702176,278.919241408453,0.2074849060968988,0.09380609768209192,1.1435194414868972,COMPLETE
690,1458293.6681025329,2026-05-07 05:41:14.462120,2026-05-07 05:41:30.035229,0 days 00:00:15.573109,26.33298720087386,31.598835457589125,0.00789050599900209,0.010761507129614847,113.55753071731613,337.4024755121295,2424.123564582205,499.96568915212595,0.45298017332599716,0.04252249990974857,1.0500984558007278,COMPLETE
691,1340399.8526980372,2026-05-07 05:41:30.036700,2026-05-07 05:41:46.172514,0 days 00:00:16.135814,12.655500097847932,80.32248545294563,0.005977176714244873,0.0037623043535174694,86.30166778298404,531.6321996642223,2334.2733014009987,408.5549724182375,0.30525456638557164,0.029808244768022612,0.9182412388871475,COMPLETE
692,1473663.3304018362,2026-05-07 05:41:46.174012,2026-05-07 05:42:01.694393,0 days 00:00:15.520381,10.424933464092739,80.38416808214777,0.004877562394076243,0.00790220000865937,65.02820002095072,438.70321506566927,2573.982731216607,473.9768529170552,0.46519606176641043,0.014221707886391384,0.6063509339947325,COMPLETE
693,2009977.4067813857,2026-05-07 05:42:01.696018,2026-05-07 05:42:17.327245,0 days 00:00:15.631227,16.9555856320606,64.59930076510521,0.008076128851002324,0.033137607446190195,24.13117905626644,331.2838606270252,1001.6811525221553,233.20272926832297,0.46822028559188333,0.08285102803053054,1.1046711429185263,COMPLETE
694,1223582.9390298368,2026-05-07 05:42:17.328742,2026-05-07 05:42:35.888471,0 days 00:00:18.559729,14.58463130841994,79.79621936987331,0.0037821377938107147,0.002757376459121736,18.03386558963762,417.76818263702285,2861.9621255018824,378.69058604659205,0.29307802605626226,0.03354132423201217,0.7872002134115256,COMPLETE
695,1373235.0578456335,2026-05-07 05:42:35.890165,2026-05-07 05:42:51.521703,0 days 00:00:15.631538,18.444269672994313,87.8478171954215,0.0023990139356832533,0.005475991404487025,26.316760483979536,364.04192262337887,2862.629473993433,294.8965167147932,0.3066940075452162,0.04772712088146672,0.9544743634652539,COMPLETE
696,1000000000.0,2026-05-07 05:42:51.523317,2026-05-07 05:42:58.888568,0 days 00:00:07.365251,10.36240285398558,84.24856052154287,0.0014144731054078596,0.018425934739224034,32.957226013085645,351.9499041772984,2821.410676311167,432.23493984089777,0.4598043641928303,0.01039902146409663,0.749547076589801,COMPLETE
697,1491742.5881580987,2026-05-07 05:42:58.890212,2026-05-07 05:43:14.526624,0 days 00:00:15.636412,5.519802690325749,93.63428267647294,0.0007716711417679389,0.008693237648468952,39.066998438386975,310.2629865044799,2224.5830404759026,426.7938099271267,0.49858662815548405,0.017009404083635,0.5898363120204839,COMPLETE
698,1214321.826324565,2026-05-07 05:43:14.528143,2026-05-07 05:43:31.261615,0 days 00:00:16.733472,17.668031426879416,78.43237110317625,0.0017534592550148744,0.0027756092288436724,20.195687310634405,497.1042942619713,2867.2643919767324,485.76926191884337,0.46231963927255304,0.0318847310325412,0.7530977916167854,COMPLETE
699,1425819.2329606148,2026-05-07 05:43:31.263301,2026-05-07 05:43:50.828144,0 days 00:00:19.564843,21.072420555600498,56.89000656694094,0.00209932156410839,0.0077962370431643785,23.190140115654707,375.87283170880943,2903.6785039349456,438.9599484200262,0.3363711777820598,0.057527443824030855,0.9897958996338371,COMPLETE
700,1429767.2270164688,2026-05-07 05:43:50.829618,2026-05-07 05:44:06.447506,0 days 00:00:15.617888,29.08336704047028,97.60749508934686,0.00922743443967382,0.003290925336512137,43.17082980862152,812.6640984652147,1383.37129782085,436.6935915719686,0.20804296018506996,0.05060811005451015,1.0692435109371676,COMPLETE
701,1471351.5092972931,2026-05-07 05:44:06.449146,2026-05-07 05:44:25.281649,0 days 00:00:18.832503,20.94291273692901,32.18860267581497,0.0047699183750808,0.005541433697288689,96.98171375787265,604.5421339541617,2115.968326246991,472.9971621167195,0.49644815090493216,0.039009745881672594,0.781952122392809,COMPLETE
702,1289572.0024132628,2026-05-07 05:44:25.283160,2026-05-07 05:44:41.067860,0 days 00:00:15.784700,17.612207198001848,20.436374828050845,0.006325887985459578,0.004097793539599147,119.12903344034852,431.29438571437595,2277.307345172413,437.9847405609478,0.3728325602191814,0.007218228714687653,1.1705943991234886,COMPLETE
703,1485034.7691688752,2026-05-07 05:44:41.069319,2026-05-07 05:44:56.696023,0 days 00:00:15.626704,49.04786895814992,12.392393789467384,0.009755929685998964,0.024922974649851132,101.53570865275925,948.0745888026062,2677.7477474338516,320.72288047936433,0.17854924389781135,0.08268058467448858,0.6319487929794816,COMPLETE
704,1521618.5922162726,2026-05-07 05:44:56.697623,2026-05-07 05:45:13.176118,0 days 00:00:16.478495,32.24183661130467,23.843734990125572,0.00048794878217094453,0.030447785866632437,48.357093047872176,915.3072142149508,2681.3552578046706,220.81029839637688,0.2886565387773885,0.038421000632038876,0.5672684071378274,COMPLETE
705,1515608.7584381222,2026-05-07 05:45:13.176939,2026-05-07 05:45:28.721830,0 days 00:00:15.544891,32.012355441562924,68.0005934848333,0.0017780852700477832,0.012184233630188866,47.3092991604274,317.31864916030975,2792.6091353263832,290.4049688467935,0.4637842672439769,0.009594882910224832,0.913137660455641,COMPLETE
706,1214564.1147191261,2026-05-07 05:45:28.723271,2026-05-07 05:45:44.258926,0 days 00:00:15.535655,7.522864780598443,95.43093988038747,0.008064191686778457,0.003301745453206611,75.99551706523846,345.61324643494044,1654.2445961901497,445.30695479032096,0.3352863643156179,0.04819696703212483,0.9651835404367208,COMPLETE
707,1598057.7931642751,2026-05-07 05:45:44.260557,2026-05-07 05:45:59.796762,0 days 00:00:15.536205,7.253221295952258,34.1006137543839,0.00938429286560255,0.012403757729269197,111.04174530346694,1307.9324519311099,2746.318587617756,214.41060358088447,0.16565557454098082,0.09326091467506324,1.1234313040386532,COMPLETE
708,1000000000.0,2026-05-07 05:45:59.798406,2026-05-07 05:46:07.012679,0 days 00:00:07.214273,41.27046602622623,41.53990737178558,0.0032494317650398692,0.04005806192284012,73.48716958318043,1506.9064774543017,2435.644405195419,353.282423152275,0.1667134928930999,0.07093676634247018,1.0563433618997986,COMPLETE
709,1000000000.0,2026-05-07 05:46:07.014370,2026-05-07 05:46:14.267656,0 days 00:00:07.253286,18.30904621197793,83.69339885568246,0.005988737551784478,0.024275892619106162,32.38441183718178,1441.3867519206178,1717.1726235367173,233.03761807289305,0.35684505370681585,0.033705364396954485,0.742693372629095,COMPLETE
710,1577757.3760872316,2026-05-07 05:46:14.269256,2026-05-07 05:46:29.835691,0 days 00:00:15.566435,27.44731143917421,27.26640666504202,0.009340417525537015,0.03200903137436724,24.454726576100825,392.89114389629515,2578.0063559751634,142.4383313945353,0.2447885272188929,0.03687126916948114,0.9630038134392116,COMPLETE
711,1607861.5397199919,2026-05-07 05:46:29.837202,2026-05-07 05:46:45.460127,0 days 00:00:15.622925,18.540259639499656,80.59054108955759,0.0020553286918015127,0.013813394122489279,31.558436935883606,372.5231749432368,2903.330044652108,372.0925310314194,0.39400793479284113,0.047517068739705244,1.06984669322816,COMPLETE
712,1453920.0356783748,2026-05-07 05:46:45.461708,2026-05-07 05:47:01.192170,0 days 00:00:15.730462,14.181416720374484,39.99373015798782,0.0011449446501238612,0.0020062313059884054,73.20941207709365,1582.6387084121095,1678.2153827785685,317.90590223804196,0.12863673407368453,0.044173408644143757,0.7839956965032809,COMPLETE
713,1183431.3153024695,2026-05-07 05:47:01.192844,2026-05-07 05:47:17.214136,0 days 00:00:16.021292,15.277749810206078,22.714245194806878,0.006866285550122913,0.00255178542573525,117.28451277027541,386.7184972038089,2466.144980920159,368.45195368687723,0.4390252966217621,0.06144610972698481,1.1942491062356624,COMPLETE
714,1388161.6852628738,2026-05-07 05:47:17.215749,2026-05-07 05:47:32.710909,0 days 00:00:15.495160,11.753689536957042,65.50259147807225,0.003953545501882739,0.0029089699207594166,20.270847937616388,607.4327755076844,1502.9292522173769,336.74709072323697,0.28440809506586956,0.038898142547876303,0.7540216919701054,COMPLETE
715,1508269.487507255,2026-05-07 05:47:32.712402,2026-05-07 05:47:48.393343,0 days 00:00:15.680941,48.245575755036484,31.711261758857745,0.0021008411829414385,0.022032511248667064,14.73119689806397,1233.3040266017515,2690.469780611367,241.59225106984903,0.2951780437342257,0.0854625236321857,0.5309442122849628,COMPLETE
716,1464945.9587313102,2026-05-07 05:47:48.394871,2026-05-07 05:48:04.014595,0 days 00:00:15.619724,6.11102007447164,55.55273551484348,0.003979470971319206,0.008145100614183536,60.112830302504406,345.55703990075,2842.144259920151,478.37404595042193,0.48364458005603156,0.00970614050732307,0.8120609619809799,COMPLETE
717,1697457.7448591788,2026-05-07 05:48:04.016191,2026-05-07 05:48:19.621634,0 days 00:00:15.605443,16.8254109503606,53.66164075491508,0.009412241074498427,0.018514259887330443,83.12412597002167,1687.2824601561724,1489.2567448630175,481.39183774109995,0.46673925849970815,0.09644489964618323,0.911409337502906,COMPLETE
718,1156435.0121613918,2026-05-07 05:48:19.623256,2026-05-07 05:48:38.168613,0 days 00:00:18.545357,13.408172372170956,87.93038296050361,0.0008237382640593212,0.0021574757166418295,50.916431267188706,399.1940362024312,2021.4703912039843,438.5798891368329,0.427354572263584,0.0043369789948774565,0.949815852396524,COMPLETE
719,1173162.2732497894,2026-05-07 05:48:38.170250,2026-05-07 05:48:54.717048,0 days 00:00:16.546798,25.788233088165207,79.922908982645,0.0031889945029217365,0.003275939989391344,13.342388783848524,316.32102188637305,2865.621515116866,426.47407781261353,0.48449244434024535,0.06283034662626347,0.7592006013455914,COMPLETE
720,1470178.7937012317,2026-05-07 05:48:54.718670,2026-05-07 05:49:10.695749,0 days 00:00:15.977079,16.02031371407467,79.03470088723599,0.0003251730625365393,0.006050304003071596,54.57949389444009,469.6762116939344,2015.7727555273689,389.07533517917955,0.3886040242016921,0.019704232635412558,1.1270286192636663,COMPLETE
721,1126415.155561959,2026-05-07 05:49:10.697249,2026-05-07 05:49:26.228658,0 days 00:00:15.531409,23.270525380157988,89.3992978069807,0.005531527716061463,0.0025422451409792164,87.08002165453658,316.1941993927693,2522.1997142790924,482.9148091554598,0.38653272947312145,0.041874650118092945,0.9750883116681469,COMPLETE
722,1747895.541177818,2026-05-07 05:49:26.230231,2026-05-07 05:49:45.637627,0 days 00:00:19.407396,16.87819605535333,72.77356666343823,0.0003141131249256704,0.009418510667576183,65.58258290769294,656.9138688167814,1921.0604334900688,494.8610823699952,0.4726433749199673,0.014748712954359153,1.0401296788863195,COMPLETE
723,1529113.056286453,2026-05-07 05:49:45.639157,2026-05-07 05:50:02.175340,0 days 00:00:16.536183,14.192242990238373,47.0272985690418,0.001381796888259796,0.010184814875957836,43.02125668357688,459.8480783158143,2314.6731634486077,423.43237763057414,0.47620407056735936,0.01954000141057101,0.6626102887345539,COMPLETE
724,1563824.5161494613,2026-05-07 05:50:02.176132,2026-05-07 05:50:17.980340,0 days 00:00:15.804208,44.28420452915208,23.208281516909672,0.0013557729138804334,0.03674395416928226,29.84829625120482,1939.1966742911645,1079.1622439835542,301.58987158102536,0.32070918185997854,0.0319799030113336,0.6404952043220375,COMPLETE
725,8849625.961427385,2026-05-07 05:50:17.981941,2026-05-07 05:50:33.719234,0 days 00:00:15.737293,48.811671139233006,99.45708113368114,0.00843528308997726,0.008580035799113372,43.903307754769244,705.8239706372241,1816.3132026754356,450.0001205994806,0.2961349848047816,0.04517627253628641,1.058456856183463,COMPLETE
726,1149843.7287618634,2026-05-07 05:50:33.721082,2026-05-07 05:50:49.285334,0 days 00:00:15.564252,12.35272505690345,79.40869730637638,0.0005423618650018299,0.0020802265474164664,42.26501000901328,407.80958365749774,1788.640814371384,465.5104786710753,0.3993071685607018,0.006586927984563309,0.925736637440472,COMPLETE
727,1815941.0885876855,2026-05-07 05:50:49.286877,2026-05-07 05:51:05.788395,0 days 00:00:16.501518,24.985844044072454,99.40026928963162,0.005616159045021614,0.009768502484062927,83.00058887268503,697.5103562044642,2370.6275012766623,409.97447307256243,0.3308935224586892,0.0479332896051833,0.9799982608617526,COMPLETE
728,1777378.9468649882,2026-05-07 05:51:05.789903,2026-05-07 05:51:22.325603,0 days 00:00:16.535700,14.097532607348818,81.63336463406795,0.0009992786674685571,0.013784229026000211,51.88537948889133,676.639178181063,1449.2723193460188,484.32246587735733,0.35383190994860236,0.008653520449484406,1.0598004042090712,COMPLETE
729,1593561.6346232246,2026-05-07 05:51:22.327152,2026-05-07 05:51:37.863828,0 days 00:00:15.536676,25.890790248895613,89.44892941144958,0.000542317674469469,0.015670934723620036,81.07117401829773,805.5678968747102,2263.441681959976,383.26115296454157,0.4049975079977804,0.007296078831188221,0.8533937007331428,COMPLETE
730,1554915.1956673982,2026-05-07 05:51:37.865323,2026-05-07 05:51:53.512803,0 days 00:00:15.647480,14.533844733410604,74.85008110681284,0.002643304491483351,0.0070930999318189365,29.0303568328122,539.2370849590056,2080.246498852296,453.280996979403,0.48924676641497866,0.011780408567799584,1.0787539861901154,COMPLETE
731,1559248.7594476275,2026-05-07 05:51:53.514441,2026-05-07 05:52:12.183476,0 days 00:00:18.669035,6.171210967846044,22.150003578279374,0.0047080402672962885,0.048659071162808806,99.79049805102471,1481.9623872486925,1145.1100376991335,323.20441928963123,0.30957434184817917,0.01932355467630478,0.5169971419247512,COMPLETE
732,1629892.125378588,2026-05-07 05:52:12.185114,2026-05-07 05:52:28.925302,0 days 00:00:16.740188,11.305436902765129,72.80725017858387,0.0009838037874246146,0.014955280595966017,45.51758915981819,522.6433733009583,2234.406118657679,449.44510329838795,0.3842243725127393,0.011042904457834967,0.8807885482125664,COMPLETE
733,1000000000.0,2026-05-07 05:52:28.926927,2026-05-07 05:52:36.154623,0 days 00:00:07.227696,14.881829222642251,79.32856172813717,0.0016718531929354771,0.012677728656647116,82.63139381927711,405.4325516992617,1598.1626751295344,362.8180647382721,0.34860338365533483,0.02453995272530974,0.8930383850758358,COMPLETE
734,1193288.791103278,2026-05-07 05:52:36.156142,2026-05-07 05:52:52.171300,0 days 00:00:16.015158,21.77082890526102,97.18040232194981,0.0015513163530522615,0.0023634528113214864,50.48970296077116,432.3927766253154,1538.5233968331768,403.92297267987453,0.46162389324563025,0.001453606355113319,0.8949602292889254,COMPLETE
735,1719397.7482118115,2026-05-07 05:52:52.172827,2026-05-07 05:53:07.894384,0 days 00:00:15.721557,6.4004499379874265,74.70540988440105,0.001161924258697801,0.013278662839618156,18.87551456188334,545.2868919626111,1340.2138652392973,490.8483783321928,0.4038839568614171,0.029235130206816045,0.8932509219899355,COMPLETE
736,1000000000.0,2026-05-07 05:53:07.896015,2026-05-07 05:53:15.335634,0 days 00:00:07.439619,24.69987460263062,77.94626396416277,0.006602861965350072,0.009028739859869322,83.80557921853618,319.7734497411268,2487.6716159555813,490.71260075995053,0.3655781173488051,0.024979844058010514,0.8308841758685525,COMPLETE
737,1495701.754498367,2026-05-07 05:53:15.337288,2026-05-07 05:53:31.952545,0 days 00:00:16.615257,14.013901285623604,50.43639783673124,0.009974374549741167,0.038344951679911206,59.441952986619995,562.319191779465,2335.9029715021197,449.67741229164665,0.30065942915601873,0.035068232400572934,0.7285782644846835,COMPLETE
738,1000000000.0,2026-05-07 05:53:31.954101,2026-05-07 05:53:45.995925,0 days 00:00:14.041824,22.19659007186553,76.23297635927361,0.0077337090098656405,0.008965488989117528,77.56798898244217,447.1873562773928,1406.4918483042316,421.56284046499195,0.2897847755846892,0.08803020476319795,1.0413651369280912,COMPLETE
739,1531338.5759358983,2026-05-07 05:53:45.997442,2026-05-07 05:54:01.684629,0 days 00:00:15.687187,29.095607320515352,75.53119602830556,0.007234482946912898,0.006083511161860258,14.472166309529172,739.6427429820604,2854.4217302008838,441.2044051737118,0.3932028991952439,0.04469748339110563,1.1066745189437197,COMPLETE
740,1203285.5796197238,2026-05-07 05:54:01.686241,2026-05-07 05:54:17.303968,0 days 00:00:15.617727,15.931349283529853,79.8482153627146,0.007740181680834381,0.004187206444358143,86.49936358520411,305.80631048045205,2725.3127722133495,491.17180607876253,0.3553402021488557,0.05317181759660034,0.9214116626404362,COMPLETE
741,1348508.9742322606,2026-05-07 05:54:17.305545,2026-05-07 05:54:32.932045,0 days 00:00:15.626500,7.320692151091498,76.68987536492777,0.0008229011109867487,0.004346625029566346,25.82222783492219,457.18309019948896,1418.4302052329183,472.5001691723199,0.3052977587566468,0.0026624622361955085,0.9098776585984281,COMPLETE
742,1000000000.0,2026-05-07 05:54:32.933606,2026-05-07 05:54:40.458996,0 days 00:00:07.525390,17.805374584059773,71.18263031551102,0.004231535509725246,0.00835195846417244,11.02378800046066,396.03198345320266,2835.1162692767925,274.63966424584964,0.49216138346167515,0.03578392131208806,0.6322810289681646,COMPLETE
743,1268194.7957594981,2026-05-07 05:54:40.460570,2026-05-07 05:54:56.122621,0 days 00:00:15.662051,16.0890810897558,78.36190898132348,0.0048331787398156415,0.003923896738901821,37.2327340763994,429.3810202958841,2471.8823777976822,481.87805354910006,0.3925901871102964,0.04028889365253727,0.7571657888390652,COMPLETE
744,1138499.6907917813,2026-05-07 05:54:56.124130,2026-05-07 05:55:12.970851,0 days 00:00:16.846721,29.992679213800024,65.46416593642053,0.002413336883449316,0.0024049806839912093,32.833979652646875,310.6308411440552,1434.7431333481852,452.04430174626185,0.2811795239920727,0.04240223618874819,0.7585863983706574,COMPLETE
745,1564566.2409953235,2026-05-07 05:55:12.972324,2026-05-07 05:55:29.109165,0 days 00:00:16.136841,35.398475567438155,58.40687146865166,0.005898880091816635,0.015273159959215112,22.985309645250354,736.1761078220782,1505.8621320825391,367.61235389392317,0.38017121410393917,0.058602048033686266,0.7512050261651726,COMPLETE
746,1475754.6454203506,2026-05-07 05:55:29.110607,2026-05-07 05:55:44.701682,0 days 00:00:15.591075,26.065904490356726,89.7097861291052,0.009755723201342492,0.007840113358033736,119.24216332042253,440.0352764170374,2530.0628938160635,401.3964806977192,0.4360987729467846,0.053023858319014384,1.1516090266660266,COMPLETE
747,1507407.1205786744,2026-05-07 05:55:44.703369,2026-05-07 05:56:00.489695,0 days 00:00:15.786326,32.65976527638287,50.3293279783667,0.0034848212095322448,0.01254838590034352,33.74263481541662,648.1534434620125,1158.2337210862072,417.4539748933032,0.2663562416673551,0.03319492869255871,0.7383998614764574,COMPLETE
748,1433244.3923749726,2026-05-07 05:56:00.491207,2026-05-07 05:56:19.091385,0 days 00:00:18.600178,12.702775737352207,85.44901742477626,0.00021943388634399592,0.0036287989612856725,31.622385419557443,596.0355936915148,1696.7354698167487,327.1179081730239,0.39033834353368163,0.009463468217722903,0.9949186899930772,COMPLETE
749,1594853.669599327,2026-05-07 05:56:19.092803,2026-05-07 05:56:35.104753,0 days 00:00:16.011950,25.37796844754311,44.62750625867858,0.0019646954984920417,0.035174195744535085,58.37246642502807,774.9050059331818,2174.6982854464977,169.54209909115156,0.4856125552661826,0.08846805471102144,0.5410945014192226,COMPLETE
750,1484163.3272353858,2026-05-07 05:56:35.106494,2026-05-07 05:56:51.360700,0 days 00:00:16.254206,17.100629033861704,95.7661534081291,0.0021437438959078254,0.008238238740848764,57.043942082696454,427.5293661464531,2158.973538874667,447.65712745662717,0.38681599609204587,0.01683908595062384,0.7456483691992833,COMPLETE
751,1362870.9638982187,2026-05-07 05:56:51.362207,2026-05-07 05:57:07.824418,0 days 00:00:16.462211,31.851238158854393,73.17344568796122,0.0005507005687851721,0.006528110483491393,21.80322894172815,377.55757360285907,1862.7036572250724,426.90420195213034,0.15916019107966273,0.022552492137799803,0.7767835866654245,COMPLETE
752,1450478.0507612105,2026-05-07 05:57:07.826005,2026-05-07 05:57:23.464945,0 days 00:00:15.638940,37.28796153732024,87.58308911341717,0.0006281016614727575,0.010793086252098821,43.176897378192464,358.20523536212403,1337.2756424790816,430.58301773004206,0.3484068012646848,0.045436217938851574,0.8502192462289865,COMPLETE
753,1552982.5390737462,2026-05-07 05:57:23.466451,2026-05-07 05:57:39.107037,0 days 00:00:15.640586,42.82465034411493,38.82373540983427,0.007696931784175772,0.04099081693502233,35.146938061644946,762.6299025029052,1513.1689274136002,481.0611750627383,0.20549338492108774,0.09887997967333295,1.1156562252334619,COMPLETE
754,1233745.46134713,2026-05-07 05:57:39.108692,2026-05-07 05:57:57.690468,0 days 00:00:18.581776,8.51794687692076,80.39191009568329,0.0008226979473398277,0.0023038759531530686,58.621235523539895,615.835746997191,1346.245806132492,472.82508808419504,0.4522866989313365,0.004479329445287639,0.8600749674834056,COMPLETE
755,1296380.5071257686,2026-05-07 05:57:57.691974,2026-05-07 05:58:13.208597,0 days 00:00:15.516623,23.027275442726648,71.12675566140825,0.0030594831786409427,0.0037129036181836645,66.30513138950829,467.51443096838096,1384.4824375636372,449.2673646464163,0.33044833010018787,0.006635579028949682,0.8870325860635186,COMPLETE
756,1505878.217355607,2026-05-07 05:58:13.210379,2026-05-07 05:58:28.885687,0 days 00:00:15.675308,27.062784020277615,57.08043379014427,0.0012271117607150276,0.006262757201179855,43.56445718934665,556.3498340977753,1388.5812650440566,497.46673658635257,0.3012169731643089,0.03008204376030444,0.8294430181246097,COMPLETE
757,1214757.058957551,2026-05-07 05:58:28.887174,2026-05-07 05:58:44.509446,0 days 00:00:15.622272,29.249359941209683,93.26148344087694,0.005394638510560225,0.0034093720734714493,96.05230171572774,434.933084548266,2534.1757185902907,460.78120217177434,0.37386490288096336,0.03184346307741204,0.93592254480018,COMPLETE
758,1374882.219966839,2026-05-07 05:58:44.511136,2026-05-07 05:59:00.041420,0 days 00:00:15.530284,39.635437222463345,57.44129572331572,0.0048739779027299444,0.017534838964676832,63.330023668925946,375.311935551186,1715.1531228998977,477.36844610174603,0.2247213420702982,0.03333223375565408,0.8435970956194012,COMPLETE
759,1171698.3182485963,2026-05-07 05:59:00.042993,2026-05-07 05:59:15.691824,0 days 00:00:15.648831,35.975575152810784,71.5580649605123,0.0010251877094335877,0.002838491928516778,15.028763057018343,345.8845169000657,2891.458193575401,308.885253111194,0.47595828426910286,0.025636582790223416,1.050856761575972,COMPLETE
760,1576223.9069680723,2026-05-07 05:59:15.693476,2026-05-07 05:59:34.277997,0 days 00:00:18.584521,10.091574074129749,74.24147726346713,0.007706125373668601,0.014164976409630579,50.414446318384826,1923.6071515902995,2294.5305452620114,360.43426859665396,0.17316583181450707,0.03704709945073094,0.8279820080430054,COMPLETE
761,1461178.7336413779,2026-05-07 05:59:34.279644,2026-05-07 05:59:53.132693,0 days 00:00:18.853049,47.325832701103785,75.80354327288711,0.0021216488622276945,0.015032371496448066,118.31932519016613,1376.5495989242315,2494.2204806607942,277.37428444940065,0.10930896789751263,0.09792270523910873,0.7612328543385092,COMPLETE
762,1149848.1207688185,2026-05-07 05:59:53.134220,2026-05-07 06:00:08.637220,0 days 00:00:15.503000,15.079470548981957,75.63191016986585,0.006070999127815307,0.0020313383828563726,28.88722035209345,443.7555182591179,2498.6273917468193,496.1833624634717,0.4759172210816654,0.0541906781491164,0.7226750504800703,COMPLETE
763,1776768.6736459692,2026-05-07 06:00:08.638800,2026-05-07 06:00:27.179056,0 days 00:00:18.540256,12.071514452376293,75.87210949173586,0.0018890055998581731,0.013962371551841683,45.563277732946254,587.6350993377432,1773.82699619908,414.4582028517949,0.49055176497421044,0.008245476609748285,0.9074558827242698,COMPLETE
764,1466733.5250486643,2026-05-07 06:00:27.180627,2026-05-07 06:00:43.285927,0 days 00:00:16.105300,25.76297002722222,97.65512938919665,0.008649466106244804,0.008127500759896843,92.68469577649903,363.96531027657863,1300.611216453166,481.79544622142737,0.3059737510631351,0.05699749180808861,0.9193638798309379,COMPLETE
765,1732173.0972871515,2026-05-07 06:00:43.287448,2026-05-07 06:00:58.818282,0 days 00:00:15.530834,34.40436047094843,44.049951579216284,0.0011122045284404835,0.02931631387434317,91.3384295428008,548.8424727137364,1149.3213901541114,170.08003259629473,0.46062461102999663,0.03628611698830364,0.6871455445985732,COMPLETE
766,1537718.0546297461,2026-05-07 06:00:58.819787,2026-05-07 06:01:14.540471,0 days 00:00:15.720684,41.8636624389047,92.89605080791031,0.0029078093085283863,0.042773313394530575,64.64075392537666,1096.9631752048745,1983.4051223830238,440.31240139371977,0.4180893989097793,0.011711893978755473,0.5737419085492816,COMPLETE
767,1529699.3069386815,2026-05-07 06:01:14.542053,2026-05-07 06:01:33.098645,0 days 00:00:18.556592,33.60179209303138,19.152306065213182,0.004466726913932035,0.0061900706529251955,97.3450345411535,1440.5170535145453,2847.1498774020074,234.27220973372624,0.16903972436934783,0.0575176223658014,0.9006918404121553,COMPLETE
768,1000000000.0,2026-05-07 06:01:33.100209,2026-05-07 06:01:40.347663,0 days 00:00:07.247454,20.53458864168088,55.145041145047045,0.007377975957727814,0.01320814506016224,71.91906753858021,986.1368108617476,2125.836765993104,435.8722528911281,0.48685277640526997,0.03172165236975315,0.9514094493047132,COMPLETE
769,1525125.7527805378,2026-05-07 06:01:40.349179,2026-05-07 06:01:55.874435,0 days 00:00:15.525256,27.917125974976454,11.128813681695775,0.00916488729592118,0.022589720386344922,60.81766356539399,1828.5562437522512,1333.101971150456,398.02149755824126,0.31357779522660395,0.049229032981649275,0.5347011195706917,COMPLETE
770,1425372.8831220549,2026-05-07 06:01:55.876077,2026-05-07 06:02:14.483075,0 days 00:00:18.606998,9.83964749438162,61.43520485307577,0.006938142900541303,0.011219227906509517,19.556796386234826,330.4139920471412,2621.203075694642,482.51283689171674,0.3814375060417074,0.052316664922632976,0.7547632727024786,COMPLETE
771,1485899.7875386905,2026-05-07 06:02:14.484791,2026-05-07 06:02:30.102289,0 days 00:00:15.617498,13.483967551211895,81.72953201088374,0.0024213388503870528,0.007913719941811724,55.593371320345724,418.5532444532247,2783.105429387708,445.88278510016266,0.4348304498152578,0.007377200601593143,1.0099857400114522,COMPLETE
772,1501982.1930080042,2026-05-07 06:02:30.103910,2026-05-07 06:02:48.648793,0 days 00:00:18.544883,20.81391580171483,86.12451405898162,0.007941872713651396,0.04528707928151212,68.19833559784033,1291.0165431747862,2470.5220073504265,487.42545499321426,0.10764485129743886,0.05898352339303803,1.0436705071487775,COMPLETE
773,1385560.175120088,2026-05-07 06:02:48.650510,2026-05-07 06:03:04.287075,0 days 00:00:15.636565,31.065652649298936,94.00385027151385,0.001751779281986469,0.005500073263326007,34.871754113916424,458.36312051996515,2924.012526497634,338.03546072758894,0.38148471872251,0.022394293004025883,1.114510253759311,COMPLETE
774,1203874.856762572,2026-05-07 06:03:04.288564,2026-05-07 06:03:23.149819,0 days 00:00:18.861255,15.96709253567564,87.61338905196584,0.004671387804381371,0.003529025729579431,105.30342513652877,334.46358299491186,2156.574002171319,449.4734992114419,0.4457156334871365,0.03657409415047675,0.9604956297815097,COMPLETE
775,1299584.7667030818,2026-05-07 06:03:23.151447,2026-05-07 06:03:39.267624,0 days 00:00:16.116177,13.671746455684092,94.05068197847305,0.0006283489076583746,0.004953913181691397,51.629952920671926,365.81020555545234,1925.5769085213674,464.5198851307813,0.45402015328486867,0.018140040097879062,1.009958499005499,COMPLETE
776,1126322.020353907,2026-05-07 06:03:39.269171,2026-05-07 06:03:54.807579,0 days 00:00:15.538408,31.577660556834623,52.38530355283759,0.008047250784299145,0.0022419005101445614,103.79062436774268,368.35906704411366,2306.198589324841,499.88325103456987,0.4249241606575069,0.025934594383538612,1.0784936219972774,COMPLETE
777,9423701.556352137,2026-05-07 06:03:54.809231,2026-05-07 06:04:10.650640,0 days 00:00:15.841409,44.35171235505747,42.153167236374664,0.007070750973909031,0.007409991515802957,76.55250545624686,336.3209873097341,2205.798500097165,453.1456526749594,0.36773985140671495,0.034016562922404854,1.1738616221317018,COMPLETE
778,15423532.498129178,2026-05-07 06:04:10.652211,2026-05-07 06:04:26.442007,0 days 00:00:15.789796,27.006067280462428,12.357467036279452,0.0008710382379670612,0.013462122907446172,89.39564599700249,807.6005730068321,2575.0938099971227,495.21227085316616,0.16580172942465957,0.08519130745212367,0.7959387296096077,COMPLETE
779,1476126.7665661362,2026-05-07 06:04:26.443687,2026-05-07 06:04:45.098628,0 days 00:00:18.654941,28.567949161540128,65.77911839971598,0.002413728374941786,0.005857002423344324,38.66293806458542,323.06055073267555,1581.5509742097233,462.55505056577294,0.280250160110673,0.029317077131795002,0.5284093971881344,COMPLETE
780,1397879.809402469,2026-05-07 06:04:45.100167,2026-05-07 06:05:00.646842,0 days 00:00:15.546675,40.517445524467405,65.56083368633847,0.009612482564054356,0.005223251044307233,81.9399599353412,561.2974522791509,1929.6487623573603,438.0345922961309,0.4262502315989072,0.03958837244974824,1.090916697275559,COMPLETE
781,1290669.5432032307,2026-05-07 06:05:00.648499,2026-05-07 06:05:16.252098,0 days 00:00:15.603599,27.9113951757673,86.19936619098294,0.006814648704585539,0.005351710212482398,93.76248313613357,394.1079922631489,2317.4903420522405,494.7318410059883,0.4415251003672087,0.04200426041206635,0.9604200817921288,COMPLETE
782,1393098.6255070805,2026-05-07 06:05:16.253591,2026-05-07 06:05:32.182684,0 days 00:00:15.929093,26.006312235913537,38.934354090859095,0.006885517567135414,0.004773921193332693,85.40136030287485,640.8806996855512,2157.1768272859945,489.7777532501277,0.48752075452259636,0.04897704982516414,1.132634754466159,COMPLETE
783,1489262.0724629036,2026-05-07 06:05:32.184367,2026-05-07 06:05:51.082826,0 days 00:00:18.898459,47.67040987016482,57.268751266733766,0.007681676540982282,0.02314336873816465,35.46950998873828,1846.832657416764,2784.5289655570823,493.3842249097489,0.425208607343212,0.064322026010336,0.5310803960405671,COMPLETE
784,1551081.6202375593,2026-05-07 06:05:51.084483,2026-05-07 06:06:06.929002,0 days 00:00:15.844519,48.4861452666195,32.063556495830014,0.007179057665027049,0.005247190202687345,84.9379624405673,1657.106758387461,2429.3489277538642,314.02118109269475,0.45260030104638416,0.02428161259699022,0.5641530103822119,COMPLETE
785,1917859.8696583963,2026-05-07 06:06:06.930668,2026-05-07 06:06:22.561608,0 days 00:00:15.630940,42.47736144140247,76.77750278241278,0.009736083730240014,0.02192969915447792,60.78255410648047,1825.0632119469888,1237.965929820754,448.31877878698737,0.41850178350025696,0.046271785096710476,1.0721058845008788,COMPLETE
786,1628824.0663622695,2026-05-07 06:06:22.563260,2026-05-07 06:06:38.194558,0 days 00:00:15.631298,11.715698932410257,10.869771436974105,0.008420799123407884,0.013406569648626455,96.14599671603013,1601.461475513083,1167.2987070575937,121.0408839755278,0.239182367066109,0.07685176620201466,0.9214234121887015,COMPLETE
787,2104990.345450159,2026-05-07 06:06:38.196163,2026-05-07 06:06:53.733911,0 days 00:00:15.537748,5.986825359523721,45.70258185480509,0.008393557462409782,0.029843136740062066,56.90139537381006,744.984168582506,1612.5778004774804,155.46344225630216,0.27430159296865453,0.09270463287324496,1.0074220254764024,COMPLETE
788,1319593.2658421858,2026-05-07 06:06:53.735433,2026-05-07 06:07:09.254545,0 days 00:00:15.519112,31.448895246951956,40.611148267326634,0.008599957190420835,0.006768393118175884,96.42061736398225,339.9029437411517,2284.4260238371357,467.62180884943456,0.4188657646642763,0.021879024648051283,0.9749906216760637,COMPLETE
789,1306143.3380533352,2026-05-07 06:07:09.256064,2026-05-07 06:07:24.828688,0 days 00:00:15.572624,37.31616615390821,52.26228938177264,0.0007380370089587591,0.004130653340085743,32.930012347532795,519.3187715456218,2073.5137333156645,478.4638175806026,0.28914509710042563,0.04375813609353672,0.7116683430586824,COMPLETE
790,1555916.8234849647,2026-05-07 06:07:24.830243,2026-05-07 06:07:40.500035,0 days 00:00:15.669792,17.095013567026417,82.54231600432942,0.0022599751238945335,0.00679971090267331,16.53808872576491,598.7912965848445,2210.153814568877,476.9453448531429,0.4575447155714215,0.07117272338483047,0.9209434235203124,COMPLETE
791,1130697.0671326488,2026-05-07 06:07:40.501663,2026-05-07 06:07:56.085638,0 days 00:00:15.583975,26.640738013920846,76.39306024768675,0.009657695038699123,0.002466594785660851,77.92535110062114,319.5373837755464,1728.0647079062792,481.5380468502743,0.35617626857958234,0.07638673576334418,1.0340653548801755,COMPLETE
792,1489435.6818267093,2026-05-07 06:07:56.087227,2026-05-07 06:08:11.726701,0 days 00:00:15.639474,23.213148354861822,73.4812946934117,0.0007443739205248393,0.009187768484475802,40.89577379779709,670.3593183697947,1009.7278665310644,493.56701145022447,0.2405478632272006,0.04373747494771091,0.6801299110471546,COMPLETE
793,1344393.7551431,2026-05-07 06:08:11.728277,2026-05-07 06:08:27.432647,0 days 00:00:15.704370,28.051202967575488,69.46537223002368,0.0035711112845999587,0.004956350343509321,17.22696143915085,447.24540194761346,1456.7337084340024,498.15188992729566,0.26608511465402995,0.05053248920777032,0.7641287327591603,COMPLETE
794,1509675.452154404,2026-05-07 06:08:27.434474,2026-05-07 06:08:43.143665,0 days 00:00:15.709191,34.81149269510781,77.50487938654416,0.009770968509583913,0.008821699140322152,94.81418743049738,880.5530881900302,1669.3175563637049,468.81975803833234,0.1966333541267936,0.06512408648923672,0.9591758352884404,COMPLETE
795,1250098.8922776564,2026-05-07 06:08:43.145277,2026-05-07 06:08:58.792736,0 days 00:00:15.647459,31.075484175547263,72.49869283568704,0.00694712486451473,0.0030832914716670185,63.15629710207564,443.0640021316807,2138.7170660724664,498.1792252146525,0.27005923865019704,0.056667690249260674,1.0506654457462703,COMPLETE
796,1689192.4234632393,2026-05-07 06:08:58.794275,2026-05-07 06:09:17.760002,0 days 00:00:18.965727,45.62513162153265,29.529821126819673,0.005457771850406041,0.008592854636138323,117.15714283518572,839.1194121016695,2023.5229654324996,157.41677968313275,0.4138625655675353,0.06546174039200753,1.1912401244377446,COMPLETE
797,1185778.0271050136,2026-05-07 06:09:17.761532,2026-05-07 06:09:33.394279,0 days 00:00:15.632747,28.231435837443417,73.84488016501648,0.008129778446162536,0.0030155985433519047,85.28103460832655,351.376415409768,1512.318151401864,450.73595539003634,0.34690517983040337,0.059443800776869324,1.067454477198196,COMPLETE
798,1438746.5702484557,2026-05-07 06:09:33.394960,2026-05-07 06:09:53.243612,0 days 00:00:19.848652,7.690727656715979,58.12035383882879,0.006963331855573043,0.0049963026453544385,43.37815981767969,513.8298589336996,2767.9610687472114,438.20700201536147,0.49116353889643727,0.06792654843132613,0.7641059615353438,COMPLETE
799,1567012.0756029158,2026-05-07 06:09:53.245198,2026-05-07 06:10:18.829886,0 days 00:00:25.584688,37.580021771936444,38.86512015727965,0.006722291806842828,0.03519405067340885,12.224682321512446,1180.8996942814902,1900.1988344164804,127.08209447719446,0.46478208672491095,0.010073309706793883,0.5616136268266483,COMPLETE
800,1551770.9928303908,2026-05-07 06:10:18.831457,2026-05-07 06:10:34.484638,0 days 00:00:15.653181,6.2873811681965,24.977939834720743,0.001035493603718185,0.04977334144898725,106.56931914813775,1926.2170820241708,1982.402303172063,278.9418248774474,0.20561577782067106,0.08082335629695328,0.7886669686841227,COMPLETE
801,11212749.409681175,2026-05-07 06:10:34.486191,2026-05-07 06:10:50.012866,0 days 00:00:15.526675,33.10605931914157,46.30265771363269,0.0015489441040644116,0.004486067747857404,29.96734026016309,436.0269293356804,2840.7704431377115,284.52905172914944,0.2526887056812921,0.0458237489801518,1.1097195596155667,COMPLETE
802,1467244.4156728121,2026-05-07 06:10:50.014403,2026-05-07 06:11:05.666445,0 days 00:00:15.652042,32.584094464304805,39.25496035781808,0.006535011007313234,0.0045584687106125215,110.19808654442045,924.220285892233,2773.8427551238674,460.61944739184713,0.48105398395881216,0.055925818221636184,1.1157194496256382,COMPLETE
803,1259552.1696076014,2026-05-07 06:11:05.668192,2026-05-07 06:11:24.210337,0 days 00:00:18.542145,11.781476081487902,84.48935261570514,0.005001950840556512,0.0024597766096181974,33.716386470742805,555.0803922006705,1575.775220271976,404.9944848038854,0.4022004409426559,0.038146513408630144,0.8756003786564135,COMPLETE
804,1311938.89787566,2026-05-07 06:11:24.212010,2026-05-07 06:11:39.853967,0 days 00:00:15.641957,26.81024661905427,62.62590368649055,0.006702857711348013,0.0037155544035277492,25.47471249416117,638.6792662825537,2722.741766842962,493.635836078251,0.4751158668135632,0.061100877150927144,0.7811846002623519,COMPLETE
805,1236313.6668530174,2026-05-07 06:11:39.855548,2026-05-07 06:11:55.444712,0 days 00:00:15.589164,27.02169182975913,72.54182849072956,0.008665960756370257,0.003475658978883231,98.78351783845913,342.95007386297453,2181.5166264096238,371.2666797274559,0.26420936557900654,0.07372475760456804,0.8956046259936281,COMPLETE
806,1120066.9197097737,2026-05-07 06:11:55.446376,2026-05-07 06:12:11.010592,0 days 00:00:15.564216,29.3526866039057,81.21013868422683,0.008131562739502066,0.0020979721833821316,46.646091395540694,316.74474560453353,1223.65851279309,477.88352784905913,0.3115808648879854,0.06902881848251478,0.7762526927015605,COMPLETE
807,1598454.0695640934,2026-05-07 06:12:11.012237,2026-05-07 06:12:26.955675,0 days 00:00:15.943438,11.213625770663974,89.90991546369196,0.0059210600310669395,0.0048648880865289,54.66912300426155,783.091728886056,2206.2775113594435,447.1093843474618,0.47461042255875,0.04435659885800307,0.7012552966400094,COMPLETE
808,1518852.3090260418,2026-05-07 06:12:26.957183,2026-05-07 06:12:42.610625,0 days 00:00:15.653442,32.840320504378056,84.26861617504062,0.006769928072265462,0.005107788978020206,25.705116693705385,556.529484213429,1177.6204404174919,308.5555935681108,0.2573850088136567,0.07426929254907452,0.7367225273686931,COMPLETE
809,1543925.1156500143,2026-05-07 06:12:42.611298,2026-05-07 06:12:58.270072,0 days 00:00:15.658774,49.47629453216682,62.09806817898104,0.009862397051496725,0.0335509530946891,86.00717119317761,617.3479279709402,2006.2178309497513,136.81654685620055,0.3047745671300099,0.07848210301484149,0.7584818744575216,COMPLETE
810,1000000000.0,2026-05-07 06:12:58.271553,2026-05-07 06:13:05.390312,0 days 00:00:07.118759,23.117359099411594,46.75131126637622,0.008942492713072092,0.014393205733060818,53.911772776918404,615.6337288017447,1580.8531216195806,499.9653171172479,0.2704712672550743,0.08361309204323425,0.9935744252134485,COMPLETE
811,1500675.0737366092,2026-05-07 06:13:05.391991,2026-05-07 06:13:20.985656,0 days 00:00:15.593665,34.587563960288065,71.68374895700074,0.00937957697836359,0.010907684783351813,77.53481370460652,414.90380407046945,2116.912628345551,476.69974864270375,0.2687004709819301,0.07006793262118345,1.1354962764117091,COMPLETE
812,1583152.6304886332,2026-05-07 06:13:20.987190,2026-05-07 06:13:36.613665,0 days 00:00:15.626475,22.776774893571055,19.372437941840133,0.0024385768225058274,0.00996486662117144,40.63874034097823,1024.1031707310308,1555.8935181498787,109.85399224306369,0.3322848501315109,0.01488713177974698,0.8366857891973043,COMPLETE
813,1459661.4063949315,2026-05-07 06:13:36.615333,2026-05-07 06:13:52.187931,0 days 00:00:15.572598,31.087970018486352,67.71788234398801,0.0037823143261836987,0.005307420306505148,15.958443654080046,733.6292996838772,2597.786407018831,450.88661946711375,0.42952963192184596,0.061347748690786866,0.9050182242100343,COMPLETE
814,1000000000.0,2026-05-07 06:13:52.189504,2026-05-07 06:13:59.319649,0 days 00:00:07.130145,34.972188555811805,78.45862511193366,0.00671157874518163,0.003942319915511441,46.010660765557475,426.98285503288577,1276.5335412506115,433.6820257386464,0.27383676904826404,0.07777573470320842,0.6164303900674613,COMPLETE
815,1567988.5079351722,2026-05-07 06:13:59.321218,2026-05-07 06:14:14.853764,0 days 00:00:15.532546,30.620629129559784,98.45125492086117,0.004255986775001635,0.04733466181182269,45.73035443489242,524.7913037740946,1198.0683356649365,176.11239621585977,0.12001851565315172,0.08213833669180834,0.5857344680101666,COMPLETE
816,1450475.998392584,2026-05-07 06:14:14.855268,2026-05-07 06:14:30.557656,0 days 00:00:15.702388,26.88484350714172,79.95029660899947,0.00867062736415925,0.011619082031329041,86.27666664821639,347.43047943301696,1516.0219669560645,491.35914937915015,0.30426033569686217,0.08650242251294381,0.9154272022249346,COMPLETE
817,1554382.3393466284,2026-05-07 06:14:30.559161,2026-05-07 06:14:46.208907,0 days 00:00:15.649746,29.860073469428045,96.00849563772594,0.008612057798741878,0.015712504305264528,77.29776538157297,1830.405512713448,2763.319922227138,189.18067538784786,0.32671274632940356,0.0472199669859535,0.6171030665411187,COMPLETE
818,1157151.6995141436,2026-05-07 06:14:46.210362,2026-05-07 06:15:01.748336,0 days 00:00:15.537974,31.422934507172016,92.00912125207213,0.007913407108642283,0.0021465469292488095,67.67468140973224,411.06925364708593,1061.9585122418634,474.2112541399872,0.32339024193190596,0.07675777442921976,0.7743145873271093,COMPLETE
819,1279423.9167844744,2026-05-07 06:15:01.749962,2026-05-07 06:15:18.778864,0 days 00:00:17.028902,34.81017511813918,70.67570252678328,0.008260222369167394,0.0029141365736950484,15.096708284758076,586.2895446737259,1630.3153796483173,429.10862863333773,0.28889930789194723,0.0749076433304321,0.8070867308881634,COMPLETE
820,1716132.221084448,2026-05-07 06:15:18.780666,2026-05-07 06:15:35.261682,0 days 00:00:16.481016,13.413811344027405,62.56093668476643,0.004673079497241109,0.0487348791092192,45.69572885295129,1357.5426671748264,2664.985813280274,336.5398767921543,0.3710644054998924,0.00403546280168187,1.1340217848678678,COMPLETE
821,1435121.2521994084,2026-05-07 06:15:35.263203,2026-05-07 06:15:53.800763,0 days 00:00:18.537560,23.909272294873464,88.81278856620503,0.008731356894136748,0.013448878284547681,31.12268572695004,330.9477935669161,1279.6361297584115,472.29209328874873,0.32661260921354107,0.07258380299322979,0.7754221811445015,COMPLETE
822,1566721.214240808,2026-05-07 06:15:53.802386,2026-05-07 06:16:10.299681,0 days 00:00:16.497295,24.57936733926272,85.56827304093022,0.003034469154544065,0.0060212312997662484,87.97606468144711,1832.3724488884109,2988.9151790460464,394.10402109822934,0.26232330532895554,0.068197677364046,1.1133034405241768,COMPLETE
823,1000000000.0,2026-05-07 06:16:10.301222,2026-05-07 06:16:17.454132,0 days 00:00:07.152910,19.739683564592916,49.981247225323074,0.006743519820525894,0.004389235433410734,14.562153684375168,372.35257967282945,1325.3592932094011,431.4620879327723,0.287878559008721,0.011743547035835685,0.8282962694065112,COMPLETE
824,1380379.4542871234,2026-05-07 06:16:17.455741,2026-05-07 06:16:33.088132,0 days 00:00:15.632391,28.348462249616496,59.85001535021925,0.00876589273813559,0.0065641452746432755,104.99912460115284,374.76246589971834,1767.2116843009687,450.3842216143442,0.3924126749399571,0.024080007086983417,1.116228832564553,COMPLETE
825,9004270.494590228,2026-05-07 06:16:33.089705,2026-05-07 06:16:48.714662,0 days 00:00:15.624957,37.56295444975225,57.21234557319451,0.006120491580423679,0.0032913109906023983,101.20862796541255,386.29876756060287,2967.973305726598,428.20547241914835,0.4893137555312202,0.0314772765248804,1.0027969660215057,COMPLETE
826,1293119.2630769329,2026-05-07 06:16:48.716167,2026-05-07 06:17:04.617306,0 days 00:00:15.901139,43.57583316878632,85.31827404208867,0.003508104152206504,0.006512073485786323,27.161460465751347,302.08750071990875,2917.390589692096,259.28938240725716,0.4867408652900585,0.025910610808653815,1.1813520804435367,COMPLETE
827,1342904.820108942,2026-05-07 06:17:04.619034,2026-05-07 06:17:20.487463,0 days 00:00:15.868429,30.688720112263578,71.10710157637922,0.007521286699013287,0.002678284428568564,48.016657396780474,669.2760370381903,1212.5575526522784,416.9783066582838,0.20460428636357514,0.06788776656123248,0.8780465931404705,COMPLETE
828,1818661.4940328354,2026-05-07 06:17:20.488938,2026-05-07 06:17:39.135705,0 days 00:00:18.646767,40.05811285318373,16.52387982709422,0.009142399866843568,0.04874652071330993,80.03602732275276,1517.795755349293,1819.2487358301478,484.75287856891623,0.333457104622111,0.08668571460613295,0.508641804777409,COMPLETE
829,1000000000.0,2026-05-07 06:17:39.137536,2026-05-07 06:17:46.342680,0 days 00:00:07.205144,12.618218838314867,99.72081686508884,0.002527452279301062,0.026354587380930005,33.162777122025346,1286.016002343617,2681.2324618461034,405.7777299824113,0.20480012148152998,0.015934895605762632,0.743068313578015,COMPLETE
830,1451216.2172618136,2026-05-07 06:17:46.344179,2026-05-07 06:18:01.965688,0 days 00:00:15.621509,20.377158495964004,78.73361060443287,0.0062486873348422045,0.008668714536194857,94.90367318282514,316.9001545045573,2412.893729579358,460.59537265538665,0.3660221238429249,0.05100436114251413,1.1161049243885204,COMPLETE
831,1268471.5337176241,2026-05-07 06:18:01.967342,2026-05-07 06:18:17.906811,0 days 00:00:15.939469,38.01953833653522,85.75819391774097,0.00972759830753189,0.0031420372013616204,39.498724594245544,486.45832285372865,1304.8315217974236,433.2443752354697,0.23943486400151687,0.059966041106434546,0.7416706743464357,COMPLETE
832,1631627.8722713925,2026-05-07 06:18:17.908434,2026-05-07 06:18:33.526668,0 days 00:00:15.618234,23.123591279012338,52.246839413890285,0.007742096150831587,0.005499150383280078,85.04803645004769,900.2194611407967,2355.4326124485506,476.91444210115054,0.3620429435807262,0.04278894769656928,1.0440817395403843,COMPLETE
833,1215941.8134494128,2026-05-07 06:18:33.528154,2026-05-07 06:18:49.174618,0 days 00:00:15.646464,28.04073023730073,78.5941543393687,0.008313985897559493,0.0034611324388192756,74.03739981548297,337.397768374275,1891.3638827963441,385.19962444681113,0.37528560760511753,0.07460862493049607,1.1964589395692269,COMPLETE
834,1000000000.0,2026-05-07 06:18:49.176127,2026-05-07 06:19:03.183659,0 days 00:00:14.007532,12.25674317166352,97.72498480972493,0.007442398075260313,0.022157808663638572,82.91535617266416,1531.5407609541771,2758.34297785402,412.1564145558988,0.4829508850457477,0.06431731739625866,0.695229988680204,COMPLETE
835,1289297.41294518,2026-05-07 06:19:03.185146,2026-05-07 06:19:18.954689,0 days 00:00:15.769543,41.38480896255099,74.20739487826083,0.009911288210777733,0.0033020489895226415,100.02450983751123,552.4844388483082,1541.2956385618184,495.7752964940146,0.35969245622891094,0.09254894822303342,1.0956448022856204,COMPLETE
836,1440500.375438067,2026-05-07 06:19:18.956357,2026-05-07 06:19:34.614523,0 days 00:00:15.658166,22.73404392354639,32.169470635191075,0.008800249088096306,0.005750050303823901,118.20307567450281,518.8917590997887,2781.8459694054795,438.45240508335223,0.38110056765933886,0.016532930200494227,1.109928282387843,COMPLETE
837,1251556.790520875,2026-05-07 06:19:34.616172,2026-05-07 06:19:50.550624,0 days 00:00:15.934452,11.051348533153927,52.82839972695212,0.0067826019375558655,0.003584346511228951,29.686095470999966,401.2913928214213,2382.1832879935814,490.77731220058473,0.4701158764075733,0.029766140016983605,0.6016848503713524,COMPLETE
838,1197059.5111746106,2026-05-07 06:19:50.552026,2026-05-07 06:20:06.311607,0 days 00:00:15.759581,48.49527274573939,66.7201049151294,0.004631647759689633,0.0030041996300668437,21.255166040400162,356.74740622398804,1077.3574923325577,425.68707882689176,0.33826067300536694,0.036102141914940857,0.8058893188809133,COMPLETE
839,1188863.5924249643,2026-05-07 06:20:06.313371,2026-05-07 06:20:22.062760,0 days 00:00:15.749389,8.425151778807631,86.335756500056,0.006715215718373779,0.0028172872768172713,16.419321788897946,367.50397180648247,2061.109934932308,422.4153719407501,0.49749963912929174,0.05692417819774369,0.9571553398731547,COMPLETE
840,7482760.486379318,2026-05-07 06:20:22.064411,2026-05-07 06:20:37.714316,0 days 00:00:15.649905,24.249452331113726,61.83248040266392,0.008910706514563159,0.002776759089391325,81.90084961336777,573.1132551597548,2527.7478928702026,456.7433243120358,0.47462431742575006,0.03539633028629112,1.0423737800321995,COMPLETE
841,1551322.317388354,2026-05-07 06:20:37.715881,2026-05-07 06:20:53.367677,0 days 00:00:15.651796,40.653700045100024,15.564724358726814,0.0010972476728967487,0.023291070352930782,64.38353525999356,1887.2646760483522,1892.985835601927,463.36847996695644,0.12482100574376603,0.09716519272252956,0.996262282434437,COMPLETE
842,1482384.713098373,2026-05-07 06:20:53.369314,2026-05-07 06:21:09.222164,0 days 00:00:15.852850,33.89315899255755,97.49562048332729,0.003983658496238179,0.00986412914452204,39.096637337848136,510.3053683141445,1240.5601512453588,459.61922037052346,0.24631233684015896,0.03251574308258344,0.8337645149219641,COMPLETE
843,1431312.572021279,2026-05-07 06:21:09.222886,2026-05-07 06:21:24.769700,0 days 00:00:15.546814,29.342240003367895,68.02775561804046,0.009605497294297126,0.007173112622076188,45.67085607359781,395.5671048969379,1757.1576998750859,472.11582859690947,0.3283280659353574,0.06902902190610888,0.9574780939476703,COMPLETE
844,1359468.7037165463,2026-05-07 06:21:24.771327,2026-05-07 06:21:40.329362,0 days 00:00:15.558035,18.71897975805394,64.12935639996728,0.009565851534389914,0.004339805145321172,114.12191224471285,495.57059631980496,1662.0169488207214,414.5405926867385,0.39431391670255367,0.08959822130918421,1.1655621714751827,COMPLETE
845,1486760.8327753693,2026-05-07 06:21:40.331135,2026-05-07 06:21:55.963697,0 days 00:00:15.632562,29.322564843285388,97.78276702998316,0.0054864455176706645,0.008243954365239208,21.301850413158316,399.86309594536783,1059.5720724579248,440.5659215282347,0.3729951504064874,0.058088562920079814,0.7119475156495894,COMPLETE
846,1198544.7557602755,2026-05-07 06:21:55.965125,2026-05-07 06:22:11.704290,0 days 00:00:15.739165,30.862412829032298,85.17578895907563,0.008047887999499136,0.003011715346276057,52.80822214765877,300.66586678499755,1474.975626776301,457.4309861130473,0.23931483248087357,0.062478630623659985,1.0474722320004886,COMPLETE
847,1343903.3939241846,2026-05-07 06:22:11.705920,2026-05-07 06:22:37.228644,0 days 00:00:25.522724,33.21520626808204,74.64565949462606,0.002032138355896429,0.003288737208882249,16.49666803013955,640.1086867997774,1351.8169324572368,431.28085202892714,0.2807373570135318,0.03400278322914088,0.8553705996116404,COMPLETE
848,1359473.6179734909,2026-05-07 06:22:37.230132,2026-05-07 06:22:53.668767,0 days 00:00:16.438635,28.57260572091959,72.66634480820898,0.007167234057145996,0.0032431178364332428,46.963610283022795,733.317429432567,1520.4000115599447,474.2101226726015,0.3134964946705125,0.06233556190888792,0.7759616295996975,COMPLETE
849,1629495.3911143208,2026-05-07 06:22:53.670417,2026-05-07 06:23:09.204822,0 days 00:00:15.534405,8.12786230544971,19.433906048534347,0.007573754948066808,0.04664941994338198,34.67716865988198,1612.3383432646892,1362.1134057751378,441.13720372095275,0.48721513214117607,0.003334501990577547,0.5999278128137725,COMPLETE
850,1573857.9447574515,2026-05-07 06:23:09.205508,2026-05-07 06:23:25.183504,0 days 00:00:15.977996,12.881838250993708,85.40461985170363,0.007087944883878888,0.012073321907645361,119.63499923166421,460.96979138818483,2794.452149472752,484.5218546344125,0.24346263225046372,0.04137078632352478,1.0795447136944618,COMPLETE
851,1412656.7751611683,2026-05-07 06:23:25.185176,2026-05-07 06:23:43.833070,0 days 00:00:18.647894,17.386937741358,83.80979939650152,0.003424328770196984,0.005335224485235276,26.388457010889177,407.90580167965203,1504.4748344098402,396.28473619623486,0.2423212225653993,0.04729897749453679,0.8470809083773635,COMPLETE
852,1406759.543487037,2026-05-07 06:23:43.834605,2026-05-07 06:24:02.475496,0 days 00:00:18.640891,14.8998299308543,53.784318258871934,0.004215776286995679,0.00639280270240166,24.31885365564823,351.02132627686956,1763.4146172948595,426.51859836914684,0.23579754127439972,0.038100278562483984,0.8088494668117128,COMPLETE
853,1537738.6877467635,2026-05-07 06:24:02.477150,2026-05-07 06:24:18.483751,0 days 00:00:16.006601,30.29170190273866,70.48443031987662,0.0008999299280100913,0.03840380410712717,67.66258090939056,1339.2906065852897,2343.9083520476206,127.57482673219693,0.4660929266445886,0.07529578039543952,0.8666419783252717,COMPLETE
854,1265128.1352658889,2026-05-07 06:24:18.485252,2026-05-07 06:24:34.440397,0 days 00:00:15.955145,23.486755006582186,48.92008717088147,0.007315226803034655,0.005358099772840871,101.89665161331277,349.3276647483578,2625.1973512904688,478.1327757701447,0.49410765446446525,0.047183326416399954,1.0783714616569107,COMPLETE
855,1184598.4358219048,2026-05-07 06:24:34.441866,2026-05-07 06:24:50.005403,0 days 00:00:15.563537,25.623684170106596,79.33225515441944,0.009153658622829049,0.003081496119949915,40.593885276830356,350.9704726750907,1232.1428967664,482.5534709709248,0.3497404314669547,0.08446329012219823,0.9500867690910918,COMPLETE
856,1390661.6677913112,2026-05-07 06:24:50.006904,2026-05-07 06:25:09.009177,0 days 00:00:19.002273,40.69227051452075,73.58960245515917,0.009210062590301167,0.0032706288116730493,117.87768184485842,1092.100033056569,2764.009978918831,427.6900807629644,0.47115646694377844,0.027208506447250355,1.1489347119102744,COMPLETE
857,1210875.7073139362,2026-05-07 06:25:09.010779,2026-05-07 06:25:27.860124,0 days 00:00:18.849345,15.337982878568702,89.04314175328038,0.0037402900383301614,0.002129841625033244,32.349013742309516,626.0327489663442,2341.6154492631254,492.18987835110386,0.3695266861169684,0.0799600888856413,0.7917325762723286,COMPLETE
858,1229662.0775116067,2026-05-07 06:25:27.860760,2026-05-07 06:25:43.919769,0 days 00:00:16.059009,31.50149804654421,56.111063030947754,0.005943869908101912,0.0033886368078715687,109.28318226459972,467.3302400147791,1955.8411201125941,498.41180637708095,0.48258897712081383,0.023801614760026367,1.177117768917386,COMPLETE
859,1499950.4416264992,2026-05-07 06:25:43.921401,2026-05-07 06:25:59.659451,0 days 00:00:15.738050,37.47517131264788,99.53503234983549,0.00875589184367146,0.01092137268267647,86.8485153792633,731.4071667046621,2501.6749461976283,137.65572200562357,0.3008393007757151,0.005270388317060129,0.6993282042052689,COMPLETE
860,1687208.490921164,2026-05-07 06:25:59.661094,2026-05-07 06:26:15.260686,0 days 00:00:15.599592,17.158873114571698,17.628570346766928,0.007451835558020016,0.005772624994855754,106.65988541764001,739.0809468183129,2226.6609547136622,254.92323801995252,0.45075488300524863,0.051375633531240986,0.5423598733123689,COMPLETE
861,1160384.8193616986,2026-05-07 06:26:15.262256,2026-05-07 06:26:31.300630,0 days 00:00:16.038374,21.58947870100088,62.086615275002,0.000323502988116586,0.00249771314661788,45.290435657026,356.7063048080615,1708.8583916562447,448.15730632005983,0.30769523346411387,0.012201603484664963,0.968254996005678,COMPLETE
862,1000000000.0,2026-05-07 06:26:31.302243,2026-05-07 06:26:39.429041,0 days 00:00:08.126798,27.434263739260608,60.474183111326525,0.0006098518787403407,0.008204948942895371,34.730835418602126,618.7737796861791,1543.975355310104,467.97987307821643,0.17760495265140758,0.059949410053290186,0.8662966492539639,COMPLETE
863,13667288.6530937,2026-05-07 06:26:39.430585,2026-05-07 06:26:55.061363,0 days 00:00:15.630778,39.51250134560744,56.56738528786389,0.001815528494923206,0.03844647787092979,41.15150904044933,1914.8653457302746,2053.8440711099825,237.54679838519772,0.4408224658448977,0.011909777108270257,1.1689417348058486,COMPLETE
864,1807591.5824787822,2026-05-07 06:26:55.062942,2026-05-07 06:27:11.517362,0 days 00:00:16.454420,45.84928684483933,10.244851820544696,0.0015386006477260514,0.03615529443796929,52.63432459688998,589.8792301914987,1006.4700707478704,329.28026941835213,0.39872405978149944,0.08604252709601658,0.9105859898453175,COMPLETE
865,1167353.8258508665,2026-05-07 06:27:11.518935,2026-05-07 06:27:27.153078,0 days 00:00:15.634143,19.325211252855503,79.88580549269909,0.0006385552545001595,0.0024270545331112003,29.13625082766553,394.07102868903223,1775.3991084741385,456.94802532524307,0.38089528930875804,0.007430098315093747,0.9088442663686517,COMPLETE
866,1472865.0665492883,2026-05-07 06:27:27.154576,2026-05-07 06:27:45.798124,0 days 00:00:18.643548,40.3514216897067,71.55390220164512,0.002415944021380896,0.006484667403720301,58.70060662833961,557.6696176744515,1310.4267808365248,450.44211288750864,0.25394234613654526,0.04457004352542804,0.6235391311739507,COMPLETE
867,1521703.6505613574,2026-05-07 06:27:45.799671,2026-05-07 06:28:11.236514,0 days 00:00:25.436843,17.15940157849289,73.32163769297321,0.009908081194454202,0.00477285636571085,68.08432595407257,622.4093093958064,1127.7116560322102,459.57255824332856,0.28616664404122305,0.0603711625994545,0.6894785705851312,COMPLETE
868,1313453.3644006606,2026-05-07 06:28:11.238042,2026-05-07 06:28:26.880650,0 days 00:00:15.642608,16.088828815160753,97.36575705170904,0.00527950151890755,0.00459470554314596,76.03704294912248,450.11570662156345,2405.339761177533,473.94452292122804,0.46597690710996026,0.024258184513498506,0.9783821512285827,COMPLETE
869,1417841.4106140148,2026-05-07 06:28:26.882272,2026-05-07 06:28:42.513704,0 days 00:00:15.631432,25.19556168152769,86.9800102928301,0.009877783795764815,0.004516983358088323,65.2535353863279,561.9291535400404,1586.2714928674577,418.0614115194469,0.34335215414615133,0.08808432152278382,1.0352558367390414,COMPLETE
870,1451404.6674958235,2026-05-07 06:28:42.515349,2026-05-07 06:28:58.077477,0 days 00:00:15.562128,12.302926988246924,77.17124898794899,0.003260828040050754,0.00729488325622713,62.335267043520005,418.7120428423623,1620.1499116173463,452.40660480311874,0.28991852191754025,0.030539225055249294,0.6913197238160099,COMPLETE
871,1537749.0550709509,2026-05-07 06:28:58.079121,2026-05-07 06:29:13.986722,0 days 00:00:15.907601,39.694185950301716,47.79931858713434,0.008537492457760422,0.008139492230170813,87.38080066612906,693.5964658445212,2242.3892060832663,479.1208217609052,0.3094559994240793,0.028046650382808406,0.9936996042717815,COMPLETE
872,1631693.5798593997,2026-05-07 06:29:13.988383,2026-05-07 06:29:30.637701,0 days 00:00:16.649318,39.10343155337074,69.04935133628454,0.0006078358648320056,0.04164410246834325,106.70872886076592,669.6297631612223,1007.8630044767561,108.06100743980176,0.40725623521000204,0.07364016417959732,0.8806670450505535,COMPLETE
873,1578646.3385099873,2026-05-07 06:29:30.639204,2026-05-07 06:29:47.083456,0 days 00:00:16.444252,15.918706037236856,60.686697398522966,0.005066872069093931,0.002114209777171829,65.81675889935408,1391.7451186982912,1228.8999010422826,130.24745816554076,0.18375638457076504,0.03692857151602192,0.9613740370365835,COMPLETE
874,1180942.2262426782,2026-05-07 06:29:47.084954,2026-05-07 06:30:05.934235,0 days 00:00:18.849281,17.204713253765203,81.61640931724288,0.002086529393457163,0.0029061176467638575,14.545546600258174,383.76134812418024,2651.0778711163666,488.40430872792064,0.29238667013426534,0.09498710171376236,0.9003621839479021,COMPLETE
875,1475948.8660160103,2026-05-07 06:30:05.935948,2026-05-07 06:30:21.479048,0 days 00:00:15.543100,44.9633176506361,65.99079206839204,0.001467513657153648,0.03818547935678346,104.88861106435799,582.4140857027438,1811.002743469937,381.2942112308585,0.2551167249473926,0.06327622671936198,0.8347556238862658,COMPLETE
876,1525400.114688703,2026-05-07 06:30:21.480518,2026-05-07 06:30:37.110435,0 days 00:00:15.629917,19.823389884738422,20.670620605312884,0.005341264000427028,0.009012248354217111,98.92523176004404,1469.950759698784,2163.541858689509,398.3955602937669,0.3663545804894041,0.02511573861530855,0.5310945213567935,COMPLETE
877,1159010.0064404616,2026-05-07 06:30:37.112007,2026-05-07 06:30:52.944288,0 days 00:00:15.832281,22.93247055163029,50.24577945884703,0.007202513217932143,0.0022884105952610356,29.908688874539948,396.55630117858254,1457.1434101913123,465.20201328965777,0.35024636852475177,0.07875375772146245,0.764178401256527,COMPLETE
878,1261521.4782092923,2026-05-07 06:30:52.946044,2026-05-07 06:31:08.685653,0 days 00:00:15.739609,23.150255801626173,75.39887465488462,0.000371568247511785,0.00345618601128487,15.385020620751707,537.0771580364541,2558.3877843473015,491.9768822164645,0.4024379880371056,0.05442654100362901,0.9588074875213848,COMPLETE
879,7288062.11593394,2026-05-07 06:31:08.687185,2026-05-07 06:31:24.386710,0 days 00:00:15.699525,14.070459622399317,31.009489513306512,0.007445416962449517,0.003028251291155492,115.89246042571688,581.0661404511366,1647.5686874617559,423.0998170293893,0.41601970841920427,0.02678103432885462,0.951466813257946,COMPLETE
880,1194362.7698973566,2026-05-07 06:31:24.388199,2026-05-07 06:31:40.196315,0 days 00:00:15.808116,22.443602373837585,46.139204878001586,0.006847393873747397,0.0035979687367294413,108.17526693498495,361.3186593137976,2554.5187839603395,499.8506023459058,0.41286376539932396,0.020776501650438768,1.1687223053795037,COMPLETE
881,1479307.2686480263,2026-05-07 06:31:40.197833,2026-05-07 06:31:55.644810,0 days 00:00:15.446977,22.486265170533596,83.79893132162968,0.0027593177590072805,0.02991053827400438,36.593281115931134,1170.8872649888012,2962.0037793628794,499.59368724993965,0.17088618538560077,0.08769474352803205,0.8673813646757605,COMPLETE
882,1496382.869692072,2026-05-07 06:31:55.646430,2026-05-07 06:32:14.194101,0 days 00:00:18.547671,10.000149395675008,70.94693959994896,0.004245440705499153,0.007097468552725359,21.102064845137793,476.2117390192131,2806.134265923377,498.74320582037944,0.477688131376149,0.055848949188157006,0.7811236935676588,COMPLETE
883,1741320.8708318928,2026-05-07 06:32:14.195564,2026-05-07 06:32:29.801819,0 days 00:00:15.606255,27.7977824706782,97.0715639331572,0.009444965436135133,0.008987408317130378,58.32215429204089,712.0116971516368,1720.319418494839,343.03774378650576,0.37356257687847594,0.041830609615247705,1.085673746861918,COMPLETE
884,1505910.240405119,2026-05-07 06:32:29.803324,2026-05-07 06:32:45.378708,0 days 00:00:15.575384,49.30005752252454,28.24782607421993,0.0024633739157973577,0.04684936754451592,119.72943699617801,354.5337655036509,2053.4132956936646,173.17341695165828,0.20288102311441047,0.05730955086947785,0.5911300430529736,COMPLETE
885,1383583.5326710946,2026-05-07 06:32:45.380211,2026-05-07 06:33:01.384901,0 days 00:00:16.004690,27.25886272990956,77.9966516394589,0.005052698462821402,0.0069206340004882615,30.472661858125036,311.899873015907,1786.8323349552331,352.93909017767487,0.3263246557029526,0.03653154795043723,0.7833756021855286,COMPLETE
886,1217500.5419880624,2026-05-07 06:33:01.386498,2026-05-07 06:33:20.108902,0 days 00:00:18.722404,27.06513260561941,95.11053339600069,0.00900331760532125,0.002549050143959937,58.748765129610774,397.43636840119166,1879.0834362606759,385.6980299586515,0.27704248995426417,0.07188441383700377,1.1548286611422434,COMPLETE
887,1000000000.0,2026-05-07 06:33:20.110526,2026-05-07 06:33:27.294521,0 days 00:00:07.183995,48.51528344292666,82.66687750617945,0.005468111941302148,0.009362920938962387,17.875523333473108,385.02650883199,2534.09068025515,440.89737487414106,0.4266620229144019,0.03535577736428115,0.9062519262450641,COMPLETE
888,1416814.1456970929,2026-05-07 06:33:27.296215,2026-05-07 06:33:43.165378,0 days 00:00:15.869163,11.921661627625804,77.62120700190574,0.007074681379491101,0.004400017630865406,32.589639581941796,596.0693448224033,2757.357807396525,453.8516041774776,0.4491779060769919,0.05864678715989652,0.7028487760934116,COMPLETE
889,1607401.1279576647,2026-05-07 06:33:43.166954,2026-05-07 06:33:58.767744,0 days 00:00:15.600790,9.660311555766487,15.806835698722665,0.005164067344032552,0.015662290174072377,62.80909322056182,1987.7712514568923,2838.745665912042,229.42308335925605,0.23014076992221646,0.051800487877832195,0.9144810726228387,COMPLETE
890,1304613.989992353,2026-05-07 06:33:58.769227,2026-05-07 06:34:14.538962,0 days 00:00:15.769735,44.60802595702815,66.35843849985838,0.0026998961419660242,0.0030611483381012884,15.562948774535228,712.114428010911,2149.8458039137536,426.39519562682585,0.38955484536522794,0.08510494743434197,0.6861170261317618,COMPLETE
891,1338262.5274291418,2026-05-07 06:34:14.540472,2026-05-07 06:34:33.100110,0 days 00:00:18.559638,18.52216272351228,76.75204013209915,0.004163625291480601,0.005132841236729722,37.76470220122508,416.0865304215749,2452.4923691209774,443.2030140335932,0.49381279476677575,0.05535656726090441,0.7718490456701759,COMPLETE
892,1156080.9422582218,2026-05-07 06:34:33.101459,2026-05-07 06:34:51.849845,0 days 00:00:18.748386,32.90872446852649,55.738548054036144,0.007818555101728207,0.003109454716840045,100.52974354937368,333.78788996102634,2246.560678365004,492.6115724605965,0.4342705848935574,0.04097663490762122,1.0180499814921873,COMPLETE
893,1587925.6374797025,2026-05-07 06:34:51.851481,2026-05-07 06:35:07.329980,0 days 00:00:15.478499,20.070035339973884,53.431938567734036,0.008378542669712174,0.04824278598741444,68.70874397846235,1645.728601148874,1413.3991393583533,287.6742665824301,0.3576588951730867,0.09716888212102243,0.7859645611578611,COMPLETE
894,1290425.8393909403,2026-05-07 06:35:07.331638,2026-05-07 06:35:23.374933,0 days 00:00:16.043295,19.5039937523948,72.86436745636898,0.007132592127255064,0.005532633514434275,24.93121989584378,343.7157146811383,2155.431514938513,497.2703808604336,0.49220764392362176,0.051162980431723376,0.8108529330974646,COMPLETE
895,1329100.4805233632,2026-05-07 06:35:23.376558,2026-05-07 06:35:48.764195,0 days 00:00:25.387637,33.31815299843467,95.39084373044491,0.0035489588395239044,0.0036518103839989634,31.27485509418262,648.578670473097,2591.0997803952987,486.6664385813826,0.30404462793871584,0.0628026822699228,0.7344657916929533,COMPLETE
896,1397041.9343796691,2026-05-07 06:35:48.765671,2026-05-07 06:36:04.616577,0 days 00:00:15.850906,23.259404467967293,96.39984852137677,0.0006528825733777511,0.012881915974686083,39.62970731630912,336.7328390701252,2816.5478408918284,447.21423606850965,0.3365309769611676,0.07831147665245375,0.9106636612658736,COMPLETE
897,1316586.723964663,2026-05-07 06:36:04.618094,2026-05-07 06:36:20.507284,0 days 00:00:15.889190,26.53308374658196,75.10818048711153,0.009316588644334736,0.004032384965144777,65.91588717720497,453.31958888653577,1643.2891028275924,482.8588957973536,0.2867571955449467,0.06666755329460992,1.0404473277068325,COMPLETE
898,1492448.6894300063,2026-05-07 06:36:20.508860,2026-05-07 06:36:36.152749,0 days 00:00:15.643889,19.166979992369996,20.838220601060613,0.003870337153417971,0.02462916521322456,15.308801645482639,1613.217720245157,1721.0993271676693,168.34686879326938,0.10362459958827192,0.05656993139090766,0.7075714994637394,COMPLETE
899,1581074.328888834,2026-05-07 06:36:36.154252,2026-05-07 06:36:51.790400,0 days 00:00:15.636148,45.78000702663968,72.29103949515647,0.0013181276640999492,0.03483445096452552,97.78371857893534,476.38703723231345,2172.352080990583,206.23737884190302,0.22387105247940903,0.08337686819774125,1.1624456384183792,COMPLETE
900,1552027.4837715419,2026-05-07 06:36:51.791999,2026-05-07 06:37:10.367156,0 days 00:00:18.575157,30.27625098938281,93.86197851532421,0.005836503698233051,0.01043093099365283,81.15394205215037,1200.3581638828964,2503.7417072217577,206.93811492198407,0.2571238619726646,0.035359692230865554,1.155686192119096,COMPLETE
901,1203543.7121348763,2026-05-07 06:37:10.367823,2026-05-07 06:37:28.987705,0 days 00:00:18.619882,30.059800826773067,82.40414928061773,0.002118858238167141,0.0021463280163809954,14.088676394475222,627.410280742854,2536.308147109538,461.50603423521943,0.42504942217572783,0.08042859736551873,0.7506583261156645,COMPLETE
902,1641529.5552768777,2026-05-07 06:37:28.989300,2026-05-07 06:37:47.640977,0 days 00:00:18.651677,46.92418860948399,15.552155177934196,0.0037718768560005803,0.03270768699765228,46.97562217945017,1566.365265293453,1447.376287676581,343.0247072223078,0.21462969449986763,0.06906627502145052,1.1332518776986515,COMPLETE
903,1519356.6735605039,2026-05-07 06:37:47.642440,2026-05-07 06:38:03.279529,0 days 00:00:15.637089,28.411661888438054,52.580880691182735,0.006990454413848672,0.020506192324954615,84.3070652091519,1472.8264252786798,2151.459928332411,179.58608519196122,0.1040543909151386,0.02094950919248425,0.5212437754945146,COMPLETE
904,1485828.4861041647,2026-05-07 06:38:03.281190,2026-05-07 06:38:18.978823,0 days 00:00:15.697633,41.9225862864095,60.51628618145971,0.004019194705424278,0.04474319842591337,47.23718756631096,1398.7726326265142,1070.0457345100158,447.93019658675274,0.23986686644385696,0.04704416405884521,0.7555686396842202,COMPLETE
905,1000000000.0,2026-05-07 06:38:18.980449,2026-05-07 06:38:33.554814,0 days 00:00:14.574365,29.258198438702134,48.02756459442405,0.004722841329846227,0.019750410280090485,99.47525578857818,1240.6075559683106,1214.3453964835048,387.93142401071043,0.14809798753214087,0.0436785910197382,0.7564251993775073,COMPLETE
906,11663082.182692053,2026-05-07 06:38:33.556425,2026-05-07 06:38:49.105268,0 days 00:00:15.548843,42.91599839806521,35.563429058290254,0.005921500756059393,0.006714593715997478,97.02332357045321,1879.9283174455713,1327.5394461777637,266.280729137112,0.20923782245359784,0.08847115145869872,0.8217228355350872,COMPLETE
907,1276716.8389341042,2026-05-07 06:38:49.106825,2026-05-07 06:39:04.661287,0 days 00:00:15.554462,12.445735308805144,39.38765103450328,0.004858982108483147,0.003299917995646261,12.56731879860594,450.6138808030144,2266.932906703136,426.56939781995766,0.45310115084349367,0.07722056472611076,0.6857564584568202,COMPLETE
908,1529701.3881827202,2026-05-07 06:39:04.662919,2026-05-07 06:39:23.311669,0 days 00:00:18.648750,12.271396646918168,14.789741234724936,0.009262436205512339,0.0485167508442335,52.81602652883661,529.549648388111,2781.3511442677927,155.36299516686717,0.14211943008130307,0.06274547588925326,0.6873362324854881,COMPLETE
909,1375164.9398754907,2026-05-07 06:39:23.313290,2026-05-07 06:39:39.186253,0 days 00:00:15.872963,12.841999543967187,76.45816248832729,0.0027617688521844605,0.00609166781275702,44.70736872878893,317.1691068866916,2111.6701209994567,451.9806811450706,0.2682623230464184,0.014006171163479644,1.0583465671333576,COMPLETE
910,1872564.4462121697,2026-05-07 06:39:39.188057,2026-05-07 06:39:54.857679,0 days 00:00:15.669622,45.54548322793195,85.3570465680383,0.005984459915427089,0.008551292699640972,21.07412518170687,1565.1917425121305,2132.057781613176,278.049431817319,0.29703304838053735,0.025695027023259338,0.9766266517651986,COMPLETE
911,1368783.4808676727,2026-05-07 06:39:54.859195,2026-05-07 06:40:10.397326,0 days 00:00:15.538131,31.03286450631122,87.61291719521074,0.00994747343474464,0.0045181963538167185,62.42789664292209,457.6434460527917,1596.311580024992,423.40947270486225,0.2922983622031988,0.03928593470258959,1.0027827268911407,COMPLETE
912,9322209.259649772,2026-05-07 06:40:10.398016,2026-05-07 06:40:26.022810,0 days 00:00:15.624794,20.320725246352602,93.46904929454935,0.006711713534353989,0.010892014026894326,60.48798508512562,354.13651503217034,1192.2244466229408,423.5185254360951,0.3294649617242262,0.05439878122909413,0.6294397227091145,COMPLETE
913,1229536.9798128803,2026-05-07 06:40:26.024374,2026-05-07 06:40:44.688340,0 days 00:00:18.663966,38.15880896790206,93.1435277573185,0.007818861062177225,0.00395503971949839,50.9564252164617,367.70746960317365,1502.2554334307574,453.41638693144387,0.4455323974612466,0.07452511324166236,0.8543669823562778,COMPLETE
914,1808357.1999665077,2026-05-07 06:40:44.689221,2026-05-07 06:41:00.329397,0 days 00:00:15.640176,7.832403718458391,53.4312635736152,0.009897755535345856,0.04834028240197846,52.73078429956339,942.5230981032245,2183.048885007603,239.45433027842955,0.4262775805320176,0.039426440170414204,0.9592134208004658,COMPLETE
915,1000000000.0,2026-05-07 06:41:00.330896,2026-05-07 06:41:07.708358,0 days 00:00:07.377462,11.070590421342395,69.36330145160892,0.004553122695468295,0.005364516711158559,75.59374438099218,308.3538796630346,2890.8344327141963,466.0245332359783,0.291502271114329,0.005750372430510676,1.0808004028833251,COMPLETE
916,1000000000.0,2026-05-07 06:41:07.709929,2026-05-07 06:41:14.927291,0 days 00:00:07.217362,10.645993214873773,37.01728582791323,0.0019748433451350273,0.0027517878736130832,22.014721612880926,1302.4457817876118,1758.8494138756353,303.1923277751477,0.18624055359204994,0.07959770897403876,1.034447098077908,COMPLETE
917,1418670.885523434,2026-05-07 06:41:14.928837,2026-05-07 06:41:30.481586,0 days 00:00:15.552749,40.301028990024555,94.09297323403472,0.0039149360869249845,0.004355940343515418,32.494958661989365,865.8982576171452,2785.364048815779,482.89003040952747,0.46945786970096404,0.04741919636662699,1.037228595725392,COMPLETE
918,1701783.4473918143,2026-05-07 06:41:30.482397,2026-05-07 06:41:46.222213,0 days 00:00:15.739816,46.618102857971934,20.354062139631267,0.006655533307602371,0.04960868513428178,117.3563466687873,1871.7794652546681,1024.5424656159526,334.64287654569097,0.4651584363323798,0.08174735712093503,1.0656430840706168,COMPLETE
919,1412515.6167798648,2026-05-07 06:41:46.224070,2026-05-07 06:42:04.913068,0 days 00:00:18.688998,23.2429081303993,71.06746266837288,0.0033602293531640533,0.005410291658157646,11.600827323800281,531.7772454135583,2983.4017663267896,358.6302789096746,0.413320373997898,0.05187536088259671,1.065712970069954,COMPLETE
920,1318009.0083679166,2026-05-07 06:42:04.914588,2026-05-07 06:42:20.573841,0 days 00:00:15.659253,41.38279398569184,90.06286758077769,0.001991414066033104,0.006136399351968856,24.82937353086101,409.1909669842001,2888.6230214821753,353.37762540678955,0.4826838978636334,0.0024381307081924944,0.9358339285614174,COMPLETE
921,1560883.7129373034,2026-05-07 06:42:20.575460,2026-05-07 06:42:36.121080,0 days 00:00:15.545620,6.166593041583798,87.93384358924469,0.006104792984249482,0.04001767384404204,21.703229571651164,366.16107749836635,1309.0730122362565,281.49068546553764,0.2828773607074491,0.038127827929335764,0.5415778852774171,COMPLETE
922,1398101.7924828255,2026-05-07 06:42:36.122577,2026-05-07 06:42:51.763765,0 days 00:00:15.641188,7.983341082244211,67.47859848543992,0.00026168602023268403,0.0022412843643813555,62.30301268979332,1083.5054735853748,2087.373048556682,420.21651264255684,0.32522749203720625,0.02803187299397944,0.8208349811993044,COMPLETE
923,1437108.717185568,2026-05-07 06:42:51.765223,2026-05-07 06:43:07.483642,0 days 00:00:15.718419,30.44818657898209,64.18965086924662,0.0012948698176736047,0.01023978775503296,41.099079142467005,433.2764300483644,1437.571723832934,452.43953552833744,0.328899693546583,0.05265139362554796,0.7189673537099756,COMPLETE
924,1599587.7335829223,2026-05-07 06:43:07.485269,2026-05-07 06:43:26.105520,0 days 00:00:18.620251,14.511073580808752,68.52828770332044,0.0007053745957147099,0.005416096047424377,24.982882361389617,1054.6221875498939,1939.4528193616295,446.7083858165234,0.4215928962671604,0.018756629542016255,0.7334818255584341,COMPLETE
925,1583428.754964202,2026-05-07 06:43:26.107150,2026-05-07 06:43:41.745441,0 days 00:00:15.638291,13.176764370604147,28.859140609843386,0.00476288257907231,0.030406738788553843,23.282883219480645,1854.2773243297006,1136.0606048906986,104.36432304496071,0.19222359917688625,0.07976231183622662,1.003691651768512,COMPLETE
926,1000000000.0,2026-05-07 06:43:41.746991,2026-05-07 06:43:53.092727,0 days 00:00:11.345736,35.03349532443907,38.39181182689423,0.00029681790000541265,0.044102482617543515,99.97351992302895,858.456519963017,1023.8126684950009,402.4560401536305,0.25592043597987946,0.0753124276549206,0.5015036531222132,COMPLETE
927,1147238.552101081,2026-05-07 06:43:53.094316,2026-05-07 06:44:08.729069,0 days 00:00:15.634753,18.99537065700852,71.04545025331487,0.005949665400364363,0.0020169420682446147,29.151390847579336,398.51025659427256,1698.283852800928,462.2597305505919,0.3591721198654792,0.022807421057655233,0.6946353664545302,COMPLETE
928,1653606.263918456,2026-05-07 06:44:08.730676,2026-05-07 06:44:24.380592,0 days 00:00:15.649916,18.330051052534195,84.22058570063543,0.0015718553471635944,0.025667208876599498,116.12583013547643,1620.0297691536944,2129.6639551594412,462.26085701876946,0.4441976058177907,0.04904536041253492,0.9507209744339731,COMPLETE
929,1237992.4148376507,2026-05-07 06:44:24.382188,2026-05-07 06:44:39.996792,0 days 00:00:15.614604,26.480445432540673,53.94780682305368,0.003056239977400151,0.003774846301890087,45.85540798886761,382.2908427540777,2902.9486802147962,346.7563836513181,0.45856616676908946,0.027553759157157177,1.0742826571617072,COMPLETE
930,1000000000.0,2026-05-07 06:44:39.998409,2026-05-07 06:44:51.644529,0 days 00:00:11.646120,8.297992210153197,10.018675452706134,0.004880491762442525,0.024817438632099294,64.7896896155633,1961.0362633075565,2943.88949597167,282.7714812760108,0.34004249521971247,0.0369449233171827,0.5107012216445552,COMPLETE
931,1544493.7567448036,2026-05-07 06:44:51.645562,2026-05-07 06:45:08.149693,0 days 00:00:16.504131,22.523165194742482,75.17197880902452,0.009349315457709468,0.01753609592721069,64.66571840387911,1135.0165598864644,1086.913473846229,238.68530749769698,0.20871094266812723,0.08881530045887903,0.6753893631115584,COMPLETE
932,1329596.635104296,2026-05-07 06:45:08.151301,2026-05-07 06:45:26.806044,0 days 00:00:18.654743,19.47470286010731,70.46247596345043,0.007816209006922665,0.0038005123193149857,33.49578570888535,424.30575924832493,1695.1522676745758,448.89097138682814,0.3283860441005446,0.008587049129754902,0.5519921023902681,COMPLETE
933,1480297.7969345278,2026-05-07 06:45:26.807687,2026-05-07 06:45:42.367910,0 days 00:00:15.560223,39.62640347847017,57.53352425070862,0.003814323581060215,0.0022997890436042973,100.78048730063475,887.1258565679865,1700.4933911733706,362.6186741804757,0.376607380412856,0.02027628998670088,0.6924788260166082,COMPLETE
934,1236706.1980561598,2026-05-07 06:45:42.369542,2026-05-07 06:45:58.013661,0 days 00:00:15.644119,33.7528327751897,95.96751567458385,0.006706012354237354,0.004811044850148765,50.29109919257905,322.59701667185516,2938.891874982957,481.3064209282733,0.3007560570776444,0.06523380237865103,0.9765569929232054,COMPLETE
935,1250666.109257356,2026-05-07 06:45:58.015188,2026-05-07 06:46:18.473225,0 days 00:00:20.458037,26.446452416449592,52.17920326861936,0.00678443553007723,0.002227853402945125,87.83045443853595,800.5302636331812,2107.5380468162043,490.4745939657994,0.4473164234795634,0.03509284380817808,0.915196300961899,COMPLETE
936,1473965.1156778606,2026-05-07 06:46:18.474764,2026-05-07 06:46:34.723579,0 days 00:00:16.248815,6.228228048100187,79.24905378296772,0.006201197637381396,0.00866810342590476,11.189706918297745,346.6063469305077,1781.276669267727,442.95687692696606,0.3964228442335488,0.011749933593578706,0.6239759204165019,COMPLETE
937,1431663.8917918245,2026-05-07 06:46:34.725252,2026-05-07 06:46:50.317741,0 days 00:00:15.592489,12.661790257231804,91.74264793726576,0.0063773041828918435,0.014576813548967917,43.696795363329954,319.77947945459414,1554.3195218063463,474.66405268633406,0.43294938406339034,0.026153844537095794,0.6571918353909991,COMPLETE
938,1447236.2527166584,2026-05-07 06:46:50.319402,2026-05-07 06:47:06.890770,0 days 00:00:16.571368,25.785210315110703,14.347438125703327,0.006865085893192017,0.041460583790295005,112.15071258645119,1131.8474362658906,2964.476415100056,477.93816071280753,0.1658240360479241,0.011147543242857896,0.7016030020952857,COMPLETE
939,1000000000.0,2026-05-07 06:47:06.892461,2026-05-07 06:47:14.333766,0 days 00:00:07.441305,12.687178136040291,52.125939608964416,0.007791275090267084,0.035241041317636605,54.78104825668246,749.7628506658206,2651.4240431483117,337.521979390996,0.1974845310575853,0.007766082495823959,1.0305184525601252,COMPLETE
940,1500221.1338647113,2026-05-07 06:47:14.335269,2026-05-07 06:47:29.967383,0 days 00:00:15.632114,15.236096142103278,54.67384854486729,0.006648276857468095,0.006885243051677413,38.67330240263512,549.9942897675783,1995.6452417847854,492.4589848841342,0.3557783122703456,0.009468130261529609,0.7220623626141649,COMPLETE
941,1451237.3734796774,2026-05-07 06:47:29.969008,2026-05-07 06:47:45.681197,0 days 00:00:15.712189,45.672213092764636,64.1945282357727,0.0012943152169661693,0.007124294094513244,30.511618646420857,630.7490758567501,2908.210511658974,497.05602179024623,0.4328863133847375,0.01967001403966239,0.8650691870399816,COMPLETE
942,1726319.6791433264,2026-05-07 06:47:45.681870,2026-05-07 06:48:01.338392,0 days 00:00:15.656522,17.56670697032803,72.97723831402479,0.009657185311645404,0.012214934290250822,71.80351737022461,526.9518072691869,1754.7352086770966,499.36764630621275,0.40361888332805546,0.0792519305566957,1.1231085446816902,COMPLETE
943,1199482.7154203122,2026-05-07 06:48:01.340083,2026-05-07 06:48:16.972469,0 days 00:00:15.632386,28.785794309448725,92.3173088583462,0.006121019262418375,0.003129045121135787,43.52463517337247,361.4184634797962,1191.9304036034036,492.8466120957082,0.2660206535924245,0.05256957198586746,0.6524119358925693,COMPLETE
944,1157893.5462581147,2026-05-07 06:48:16.973996,2026-05-07 06:48:32.525031,0 days 00:00:15.551035,28.82151864966092,68.08964766365914,0.008322503812541349,0.002691410762650808,109.10069042735144,411.04044955007714,2789.2605504719972,484.2638033528853,0.414189683854578,0.03270498863839232,0.9791348316910387,COMPLETE
945,1210537.5639583175,2026-05-07 06:48:32.526592,2026-05-07 06:48:48.263468,0 days 00:00:15.736876,40.00941150518206,60.272694457854655,0.009111165335248087,0.004169287215735223,112.63572568738557,339.0543747671934,2432.5821527706,435.24964062286136,0.47795784746811576,0.07200175885300593,1.1741361999233695,COMPLETE
946,1593429.8715499386,2026-05-07 06:48:48.265022,2026-05-07 06:49:03.964764,0 days 00:00:15.699742,35.39039262423619,51.276355555574256,0.005533233162469476,0.025682884698900663,84.58194424594436,1769.4180716045669,1430.0654691251548,213.8299676820264,0.10307225414665794,0.052686359577336285,1.0779318281273773,COMPLETE
947,1587865.8247993246,2026-05-07 06:49:03.966380,2026-05-07 06:49:19.623376,0 days 00:00:15.656996,28.728739915313746,81.31717213954208,0.009788795077142514,0.029804122879418953,101.14748013879644,1132.0452695208132,1885.6160731787274,317.9631989323424,0.3781791304090205,0.08116335049708101,0.677891560137503,COMPLETE
948,1873798.4123071106,2026-05-07 06:49:19.624958,2026-05-07 06:49:36.174686,0 days 00:00:16.549728,21.703990590295092,56.82190075632027,0.0043110721582247415,0.03890357564986241,40.180926252483474,595.9988918927872,1330.569747737279,384.69227250706456,0.4755144567163925,0.04049982509031388,1.1196588751517886,COMPLETE
949,1376631.3029605614,2026-05-07 06:49:36.176348,2026-05-07 06:49:52.030519,0 days 00:00:15.854171,35.22787556937511,58.34112295448561,0.00410281902803129,0.004113487641336436,26.722308219044713,777.6504814972782,2963.989465990359,449.0428929030323,0.401300683665839,0.033848877728709245,1.062616265904259,COMPLETE
950,1552438.1592661429,2026-05-07 06:49:52.032050,2026-05-07 06:50:07.994436,0 days 00:00:15.962386,21.69500314918333,98.83565128102197,0.009977529196299056,0.003361565614844037,105.33545786840196,1555.6173746872191,1355.9203116133976,384.64617815770936,0.32845305354038057,0.02695310667798059,0.6074688935861611,COMPLETE
951,1511667.4922263457,2026-05-07 06:50:07.995939,2026-05-07 06:50:23.561008,0 days 00:00:15.565069,20.464887126149485,33.2973734906287,0.00838101795005068,0.01060467969082067,107.65468209904549,320.72500504280384,1551.989245877582,483.543121724734,0.46530274599511423,0.058576655727994156,0.9869954656124712,COMPLETE
952,1507918.1834443144,2026-05-07 06:50:23.562679,2026-05-07 06:50:39.103791,0 days 00:00:15.541112,11.61129414664983,46.05825392684629,0.00023670381104602244,0.04150015037933508,29.28826138743598,562.447455072356,2370.6202562599965,296.25821373839744,0.19345411342460178,0.06173075155030966,0.5265799945576977,COMPLETE
953,1459116.7055660856,2026-05-07 06:50:39.105358,2026-05-07 06:50:57.670902,0 days 00:00:18.565544,11.491435070130366,73.83582664632175,0.00035856204169225527,0.004670542638550953,32.950907405445804,671.5865870099553,2574.18581707596,483.1658270591633,0.34755958743137705,0.09444202935972079,0.7788658736415756,COMPLETE
954,1253255.6648975557,2026-05-07 06:50:57.672548,2026-05-07 06:51:14.221855,0 days 00:00:16.549307,27.379889442371557,63.32147220940446,0.0030456554920407866,0.003859529988189881,28.330211353897845,339.4563057354363,1229.5292798640164,416.5326463197604,0.2768633062224148,0.026289969248345108,0.7352002642071582,COMPLETE
955,1234530.1807631736,2026-05-07 06:51:14.223330,2026-05-07 06:51:32.874435,0 days 00:00:18.651105,22.85136323741159,74.14893745209638,0.008285382487797229,0.0028895413808673275,100.76768735244325,462.64120330034336,1903.02988015646,493.84267655665695,0.34171192836111386,0.08574050483697614,1.1502058431551363,COMPLETE
956,1226161.7644729118,2026-05-07 06:51:32.876086,2026-05-07 06:51:49.581743,0 days 00:00:16.705657,33.18204609938651,64.27857386639924,0.008153125541192869,0.004612727220288189,112.63130398864897,347.76294733801706,2342.273375675657,469.03782203928864,0.4974151006124531,0.027853788265468433,1.1697576546192274,COMPLETE
957,1546439.42550898,2026-05-07 06:51:49.583218,2026-05-07 06:52:08.276767,0 days 00:00:18.693549,20.56561695348604,72.04974152487559,0.007467617501148513,0.005270432403700893,22.220677048849574,667.0335415351258,2125.852804382835,371.07956645877096,0.3330049065644619,0.004505215217045833,0.9067644898743663,COMPLETE
958,1528867.0010790038,2026-05-07 06:52:08.278259,2026-05-07 06:52:26.901775,0 days 00:00:18.623516,10.225629412000341,61.474458757931,0.002406578520722378,0.03667737576148088,115.02620412153018,1624.0242377136935,1380.0275314449455,146.21683408674323,0.1305168555753077,0.05175131950337635,0.7235878067527765,COMPLETE
959,2089925.9848929148,2026-05-07 06:52:26.903450,2026-05-07 06:52:46.467635,0 days 00:00:19.564185,9.680002739623468,67.29415515477326,0.0017226432932581992,0.03764153022906499,73.38552418686045,599.7686638465434,1777.5742979732038,277.7949307020668,0.2750355222262003,0.08076706986193315,1.11157447342928,COMPLETE
960,1000000000.0,2026-05-07 06:52:46.469141,2026-05-07 06:52:53.738771,0 days 00:00:07.269630,47.29195076608197,67.95722417357723,0.003564873526534927,0.004565235999229431,17.35348972148467,400.7330827750379,2516.779239270582,441.6911313842577,0.4667614325368538,0.05745848754011135,0.8586571843721038,COMPLETE
961,1600929.4700119745,2026-05-07 06:52:53.740305,2026-05-07 06:53:09.443123,0 days 00:00:15.702818,18.91434699587184,72.12014977846195,0.0030148531993056827,0.006314507943083119,115.62256935968146,1435.6140790660938,2298.176877891169,475.3479112057256,0.2000096632089007,0.030370103557146554,1.1021581078564755,COMPLETE
962,1547755.3270873444,2026-05-07 06:53:09.444671,2026-05-07 06:53:28.398920,0 days 00:00:18.954249,35.41676867232853,27.90686861739003,0.005781748471484492,0.00905439504898756,112.54727490372419,515.5795352814895,2408.0914534575218,453.2723549228213,0.4414435879451479,0.0432040397787278,1.198235590781287,COMPLETE
963,12224716.704521421,2026-05-07 06:53:28.400579,2026-05-07 06:53:44.025775,0 days 00:00:15.625196,12.659656821879022,38.9282350279229,0.0073649652827361516,0.02827726577048159,115.40439702301299,1337.985174807462,2987.666048794994,386.072335465781,0.20248614788774547,0.009355746329406264,1.127862752941963,COMPLETE
964,1520153.9123948305,2026-05-07 06:53:44.027265,2026-05-07 06:53:59.553244,0 days 00:00:15.525979,24.44451096534538,77.13731061360815,0.005075069533732495,0.0051641857470659455,12.309515220635253,912.2209737941141,2124.3822387410455,483.08329946456,0.2351655254651173,0.00871033008985837,0.7672931329440742,COMPLETE
965,1593201.853885224,2026-05-07 06:53:59.554741,2026-05-07 06:54:15.952644,0 days 00:00:16.397903,40.04731536266665,98.8783770595922,0.004348696247127016,0.02119395419014906,72.8347356762616,1181.982413525006,2008.2083576101295,136.84469718125422,0.13728410912087807,0.07518686934118782,0.7282161132097604,COMPLETE
966,1673010.0368928947,2026-05-07 06:54:15.954198,2026-05-07 06:54:31.452965,0 days 00:00:15.498767,17.54230691135055,92.782619796793,0.0036234963701425914,0.026791781303868986,64.92838257581734,725.3945335355777,1504.04864318958,116.06517126211048,0.28703360727658356,0.016763865951938697,1.0533600641781828,COMPLETE
967,1463982.2441396199,2026-05-07 06:54:31.454577,2026-05-07 06:54:47.001310,0 days 00:00:15.546733,31.70321408874466,40.12339657814134,0.00697574826303235,0.023932488070191018,119.06361934492217,333.82180667272723,2536.3095106283863,440.4255006199682,0.39023953980193704,0.014008951380613994,1.0854604562230878,COMPLETE
968,1369731.9793673677,2026-05-07 06:54:47.002772,2026-05-07 06:55:05.740766,0 days 00:00:18.737994,38.95040383524608,38.06638082756299,0.009059812862786213,0.003940000274536574,103.1527687006687,846.0859639078917,2576.5320745128956,469.88237550927244,0.4356600945893792,0.011138282549296614,1.1741170645121481,COMPLETE
969,1000000000.0,2026-05-07 06:55:05.742413,2026-05-07 06:55:12.889057,0 days 00:00:07.146644,35.00368319715901,84.05873042089738,0.0037198025051899727,0.014417881055601866,85.05133964130874,371.33114768935565,2212.954036298601,440.4533461755852,0.40211728051314066,0.046260977029359544,0.9099227020350384,COMPLETE
970,1689022.0688625476,2026-05-07 06:55:12.890684,2026-05-07 06:55:31.447508,0 days 00:00:18.556824,27.67589253186986,85.07499351231009,0.00863938552493725,0.04379619526433218,91.46739332095122,1703.684711409749,1355.9413806541256,474.6359056482974,0.29420735076482785,0.09883880716693022,1.1818723514250866,COMPLETE
971,1377510.0277551813,2026-05-07 06:55:31.449051,2026-05-07 06:55:50.229789,0 days 00:00:18.780738,27.929427023388293,34.315075708469394,0.008854579610276303,0.004802536022479379,91.5157940168274,415.30354059039723,1056.4900875630974,466.77468449315904,0.384362971519361,0.01156139896548989,0.5433517527828637,COMPLETE
972,1437526.4960267744,2026-05-07 06:55:50.231274,2026-05-07 06:56:05.745462,0 days 00:00:15.514188,46.320240384434456,38.983927118993115,0.005610503213306515,0.02574726238756019,62.13693364232238,596.1828548292204,1822.3349392747707,488.2583047443347,0.194619945400347,0.0899392845739074,0.6827696930484946,COMPLETE
973,1602251.1336767764,2026-05-07 06:56:05.747022,2026-05-07 06:56:21.613664,0 days 00:00:15.866642,29.575140456063,70.09461709157547,0.004200578572723548,0.011449187918855908,32.87152457529692,580.9593226583777,2990.9972308470683,498.4925851486855,0.49473723149359283,0.03990622511867127,1.1168826888892611,COMPLETE
974,1524693.2611685165,2026-05-07 06:56:21.615295,2026-05-07 06:56:37.289988,0 days 00:00:15.674693,38.74785187023876,39.36136087332921,0.005448649076527795,0.04940673065903482,94.09060061364917,1155.4472981874842,1700.6484266865575,313.92569779390305,0.3587073368627641,0.04263894326112971,0.8187555953862558,COMPLETE
975,8623769.062716072,2026-05-07 06:56:37.291582,2026-05-07 06:56:53.021491,0 days 00:00:15.729909,31.984333044787217,58.10990417928908,0.007463707403464903,0.01367702683038444,48.56217216380376,450.5686449305223,1213.2235342271601,487.39885767576374,0.30686406326238075,0.04743743303737027,0.7998896068891829,COMPLETE
976,1501060.2286899565,2026-05-07 06:56:53.022758,2026-05-07 06:57:08.528818,0 days 00:00:15.506060,49.04365059213511,12.64832243892242,0.0017513320891124262,0.0031217930792619905,95.3575990718227,1274.7919790165388,1154.4294458870247,113.36810433922949,0.17504010285464294,0.0646749111887826,0.8175836074771142,COMPLETE
977,1234397.7024579165,2026-05-07 06:57:08.530322,2026-05-07 06:57:27.331560,0 days 00:00:18.801238,23.252247138938444,98.57865198616018,0.004278528043962721,0.002077001936683811,28.011898692140903,659.2016526391753,2642.649055747623,401.61781459842194,0.4566547237894464,0.0919057878376597,0.7023073340948245,COMPLETE
978,1223763.0893326083,2026-05-07 06:57:27.333110,2026-05-07 06:57:42.937658,0 days 00:00:15.604548,21.178540772727686,81.48950113510924,0.009741153975398813,0.003587572372510296,68.86423317935275,334.9087445389213,1817.9161374479359,375.0457824083971,0.46706488659430273,0.06428749407686034,0.9949295528845155,COMPLETE
979,1642142.2097769994,2026-05-07 06:57:42.939136,2026-05-07 06:57:58.602802,0 days 00:00:15.663666,12.58769303858552,10.91768022411727,0.005790832093373053,0.00547996172779594,86.99699045356782,546.5956128595974,2310.566619010312,133.12318127412956,0.13126094997049428,0.05467695544076451,1.1752597862186636,COMPLETE
980,1281537.2165648593,2026-05-07 06:57:58.604275,2026-05-07 06:58:17.479780,0 days 00:00:18.875505,27.024561158760534,56.17702258415736,0.006443616287017097,0.005082850544614579,25.92949463361727,315.4018408533631,2929.2503967542416,371.40300518192515,0.4403999413049349,0.08422398790076957,0.5910667233437834,COMPLETE
981,1253306.493822044,2026-05-07 06:58:17.481332,2026-05-07 06:58:33.021790,0 days 00:00:15.540458,31.94182753340334,96.29770843940247,0.0025041458345151134,0.004245464322983347,31.008142723585053,413.133831976162,2984.4018647659627,406.6243620871943,0.4624794620885292,0.07130225049268799,0.8293508489612702,COMPLETE
982,1444749.5921642496,2026-05-07 06:58:33.023365,2026-05-07 06:58:48.755932,0 days 00:00:15.732567,37.32456563558472,54.89202256983537,0.0015601692840483334,0.0056091454210068,37.506819293190134,370.82614262874097,1117.8929061941863,384.6317000182456,0.26167625850533455,0.062375522079285886,0.7159303354744242,COMPLETE
983,1562995.1088213963,2026-05-07 06:58:48.757503,2026-05-07 06:59:04.346178,0 days 00:00:15.588675,21.828200179067938,52.90733303772209,0.00021271705539495535,0.00531951491045807,15.421279701152814,669.5886057290293,2111.701439271884,375.2869545516164,0.2992302407348523,0.09981679885981712,0.8580743639232852,COMPLETE
984,1628587.3767506906,2026-05-07 06:59:04.347831,2026-05-07 06:59:19.948127,0 days 00:00:15.600296,38.25886566865778,94.25615935550164,0.006324446270133193,0.009115333474081066,29.315621944758618,696.534396198138,1073.5924400190133,487.67726694251564,0.32631412840635915,0.09035384559814977,0.9350780729831334,COMPLETE
985,1394976.590742308,2026-05-07 06:59:19.949684,2026-05-07 06:59:35.672453,0 days 00:00:15.722769,30.09416622327819,88.71806857473806,0.002564142521388248,0.018248860609294815,30.842987988849128,320.330907383934,2211.5338990833307,393.3949810198475,0.4637801328695533,0.09612334983527855,0.7231546819314298,COMPLETE
986,1372463.7260823795,2026-05-07 06:59:35.673635,2026-05-07 06:59:52.124786,0 days 00:00:16.451151,39.41556980915346,85.33973919281748,0.0010499269007863622,0.009068075808757181,10.488631557915392,415.57427142267966,2977.1023007607632,431.07985852819337,0.47739679652915756,0.07140061747789941,0.8141160551059701,COMPLETE
987,1555194.3237981652,2026-05-07 06:59:52.126303,2026-05-07 07:00:07.628991,0 days 00:00:15.502688,26.374904878699176,35.83934422825439,0.008434516376297664,0.02905099112970127,88.40637295742837,1073.625997964947,1969.225820633661,152.03116665144387,0.38160754887059334,0.09158760040645063,0.676781698248857,COMPLETE
988,1640573.641966908,2026-05-07 07:00:07.630403,2026-05-07 07:00:23.243255,0 days 00:00:15.612852,39.09201650829025,20.34986246254546,0.0014080142785756222,0.020850547211273645,93.17841023475101,1924.5558065643213,2905.4027977710884,441.820430283601,0.48977250658268356,0.010536878361037755,1.137241240822863,COMPLETE
989,1861838.7134461708,2026-05-07 07:00:23.244885,2026-05-07 07:00:38.894783,0 days 00:00:15.649898,13.961354435993886,18.652590965617286,0.009902946890117911,0.029981705453814553,29.409628722636107,799.5972938420616,1250.490610353661,156.9704076783415,0.4576864060652847,0.06296200385806583,0.9838349831192335,COMPLETE
990,1544327.5964978237,2026-05-07 07:00:38.896461,2026-05-07 07:01:04.382034,0 days 00:00:25.485573,20.198711886939748,64.19098007998603,0.005486537644111458,0.008431238619187384,29.351350429827285,907.492788347898,2176.6305181359007,430.29367421228613,0.3554445142503864,0.05550100602125152,0.7402481607475369,COMPLETE
991,1000000000.0,2026-05-07 07:01:04.383545,2026-05-07 07:01:11.575412,0 days 00:00:07.191867,17.444770317199513,51.72703965587556,0.004803139047089526,0.006539257684298466,18.605895812600053,339.21952774304793,2684.745165698426,406.4033615141874,0.4812505418087304,0.05211403212788373,0.6502097654632413,COMPLETE
992,1251472.8725484828,2026-05-07 07:01:11.576936,2026-05-07 07:01:27.160064,0 days 00:00:15.583128,13.782379616189521,97.7883310223255,0.003753227836884253,0.004224652646333507,13.065651236524497,384.23567008479847,2342.773145887382,483.79271312734306,0.4970346383991723,0.040650532833912435,0.8955565263580771,COMPLETE
993,1517437.2984819904,2026-05-07 07:01:27.161556,2026-05-07 07:01:42.828206,0 days 00:00:15.666650,34.48677267968423,75.68174855958276,0.0067943329835885875,0.027765339217690536,70.32979095091306,1194.6106020723812,1837.6361781112648,479.4883620881093,0.32016764997945746,0.034232233859964344,0.8071927463794767,COMPLETE
994,1264111.724658534,2026-05-07 07:01:42.829753,2026-05-07 07:01:58.424711,0 days 00:00:15.594958,23.059082763794017,59.031436553623735,0.007710753609430905,0.004397528841207836,66.03572400388687,349.90813944256837,2335.4239432920813,378.91080022906505,0.391400125354776,0.049429888139274396,1.1164022691992015,COMPLETE
995,1505918.830595516,2026-05-07 07:01:58.426209,2026-05-07 07:02:14.167847,0 days 00:00:15.741638,30.14775372822664,58.37521149014775,0.005473468616325506,0.009925685514879275,45.00565737640353,651.4190855374386,1664.420393154967,448.0364489385448,0.3537035913828856,0.014457017852503055,0.5885089972079907,COMPLETE
996,1376680.835234553,2026-05-07 07:02:14.169358,2026-05-07 07:02:29.883612,0 days 00:00:15.714254,24.83192337056548,73.42075055647946,0.004548029127185299,0.02110021509417983,18.879688156503608,330.8675198995222,2898.1278913246124,494.9134301871724,0.3969515966223984,0.02070893879528754,0.9077369415575827,COMPLETE
997,1491085.0122484912,2026-05-07 07:02:29.885111,2026-05-07 07:02:45.471876,0 days 00:00:15.586765,48.65694607685178,40.72425432551988,0.004287793442177736,0.0491561028128187,114.92889824280584,474.20767281420365,2806.5309876897045,297.94560130896326,0.41819581686853957,0.00784132726970671,1.0159284180469368,COMPLETE
998,1632454.7735641918,2026-05-07 07:02:45.473378,2026-05-07 07:03:01.178989,0 days 00:00:15.705611,26.555567735707875,49.503591322310896,0.0038562284238517867,0.033350512609550374,106.97790621155028,1550.466408553389,1501.789503975702,277.4562644239549,0.4990047291904214,0.05168524573277057,0.8134273432750115,COMPLETE
999,1263252.1776841746,2026-05-07 07:03:01.180659,2026-05-07 07:03:17.282690,0 days 00:00:16.102031,19.013021533750994,58.32803353037327,0.009506916801887975,0.0022216096548073397,53.98333752943256,761.4323910069879,1490.7949478773587,472.58699003791304,0.4703642523584308,0.02762962736270514,0.7951723891631814,COMPLETE
