trial,m_pos_min,m_pos_max,k_pos_min,k_pos_max,zeta_pos,adaptive_lambda,adaptive_alpha_pos,i_gain_pos,i_gain_ori,i_clamp_pos,i_clamp_ori
0,0.055332536888805156,0.3860757465489678,341.1053504286575,2089.7663659937934,0.7965583595372332,68.13047017599905,24.691424506821164,1816.0141013295356,116.00290365511322,0.020405192903637327,0.007958905373210113
1,0.05336059705553755,0.32721782443757297,470.2386553170644,1142.072116395774,0.5609905097910785,11.819655769629314,42.46789304965721,1622.8664766147458,105.70133630715011,0.04897368042717268,0.008031753929323891
2,0.04668645686304026,0.4122116705145822,147.3097703475733,2279.8420426550474,0.6003473011863325,95.02020253446256,28.483174478753224,1004.9252979838901,39.101117331508966,0.0391632170928424,0.004670273255722175
3,0.05727496093799621,0.10751592017454206,347.05419883035086,2224.191445444843,0.9318537978123298,94.93732706631617,35.681913459656755,911.1634309754362,58.07351491792756,0.03548629740450872,0.0007902096219668443
4,0.0670099048291211,0.36825514784726376,184.15302442953634,1257.8525953097067,0.7207998456469287,42.73396938483604,30.658854668804583,1045.6225728859445,118.72112218651488,0.006898150915905348,0.00224699220972938
5,0.01696964227061463,0.3612433301861594,201.31664101591286,1932.6215457126127,0.6710979144011219,24.307262528096775,9.966881352393731,1415.7603020909648,25.20012464834752,0.011435953360642568,0.0038135066724774482
6,0.08227832975494558,0.13884051031722452,435.1779629995216,1192.1968157879262,1.183521625509377,52.178608148293144,48.954248968565174,1328.237383566578,91.31899373381319,0.0038810140282073925,0.002971508233248814
7,0.012899459560103722,0.218456079008858,147.49108758169763,1635.966358787952,0.7899840961602689,15.773274671390592,36.16124537165089,1263.2224721511777,39.192844003339,0.027115906566401587,0.0011206170054327285
8,0.05801870306006175,0.4717184790304857,227.42758098052946,2334.8207599273633,0.5922585036830745,74.4694483706709,18.02327418262405,611.4253154120986,74.51642282910915,0.0029651622169996907,0.008323612286330159
9,0.0014648521430621596,0.37112661471849206,208.00318927686595,2470.38804424519,1.1735319815822067,32.387782916796226,30.92708004880266,1306.4712831621264,72.94770963699608,0.01270791836674968,0.009536940312866454
10,0.059248964731139594,0.40329041330275783,262.65886987018405,2865.47795835782,0.6136264781066042,45.902459385011866,17.156287090821575,1050.1387806775974,77.21604972939555,0.01896635807073859,0.007526768607166116
11,0.033572496239117594,0.37686397179360565,208.56377383760505,2092.4659983310744,0.6344119112632477,68.11022349537035,29.896145459237538,804.8907787801138,29.242123687956486,0.03375175903634868,0.004487343835926377
12,0.06510457158848906,0.46437636302786517,157.22308395540085,2231.972818931746,0.6539782177681525,94.71971807070985,23.916157099869707,757.389232239512,70.30695326744659,0.003654453190935895,0.00704846104702057
13,0.07163882599231947,0.4905642007816088,133.42910962944276,2911.561632452136,0.6301690870732923,69.40767101328325,42.55001122335295,1440.9940787354408,11.016427145687775,0.030600714583217163,0.0034600873777905043
14,0.03915310691663156,0.3916365913554555,260.1709962718634,2788.1731672098103,0.5853877876223408,93.3668583268789,24.716380992162005,1638.1293855582812,55.221139950275905,0.043419008578725445,0.0038844741495022267
15,0.03201136327512298,0.45283836020909546,228.90156981088288,1708.8727470223753,0.5667599341607491,55.54432406563414,19.09834968925852,979.0577170285679,88.11942865053058,0.012225477199848745,0.008684858656532686
16,0.02871210492147605,0.41984449289481707,436.5586065363807,2335.757651758863,0.7874622509148178,84.29474203485725,14.065234240662718,1099.473544329509,66.64656353979355,0.006898339486524388,0.007837523639103974
17,0.04974445827415793,0.3366208682758233,193.54194948602193,2389.129863246303,0.7131365982833964,90.4306668224098,44.17979869046422,1431.9047351649006,46.45415075576063,0.044451838428775196,0.008399679291692422
18,0.05734640690159705,0.47793591880079567,278.22546649870253,2415.865753373819,0.9637579680681668,61.62804467613327,13.029618530609396,637.7656975871232,70.72354027065221,0.011845205116242605,0.008852122862048459
19,0.09996937371653289,0.4961853867487867,276.40865926052584,2355.2716793237137,0.65544904842446,85.9451587612265,7.663479908814555,541.1441068672593,49.77113756157762,0.03556149800615505,0.006568454848442987
20,0.02355814767236784,0.3835016674509035,135.85266590746667,2530.493841767542,0.7057999344090461,88.61818507348049,8.835820718582411,725.719636658954,51.70021233806783,0.04130732170686144,0.00769637175997436
21,0.07051231182545001,0.3962988580493273,163.31498773999164,1997.8238487747035,0.6294064816476368,79.90565726763496,44.6029945311162,1261.0685579285941,78.37335772544124,0.045175755740462245,0.007324148453950539
22,0.0605193500713353,0.4204865942239285,147.39015448679984,2446.5346903868653,0.6846104666739421,92.03773331239843,30.24098438217711,737.439387939782,21.107009624617834,0.04655750078290239,0.006279934541296599
23,0.026443817756699597,0.34613739722761305,213.0286088229275,2696.5439178414845,0.7605760668761876,69.43520143822425,47.36810635530645,1263.0202840173827,53.82606524439732,0.036795515703199916,0.009724565614277772
24,0.011574648678231953,0.3630088998878018,273.4544057943095,2307.827757227218,0.7758410371481608,28.39534701465334,42.7165562524654,1449.287710480319,58.13517038043848,0.04422813687542401,0.007488904971734088
25,0.0025815821290738825,0.3541478298106697,130.08105072175627,2768.572897233704,0.808037547841005,65.06491609440002,43.42043958755423,1223.4401410530934,63.428672185641794,0.017757102760118056,0.009138060369352923
26,0.033423998846765696,0.19573353938427213,276.08238425659374,2818.616258176047,1.122161188795951,71.52300399047702,49.492103397021225,1162.4857623557623,76.46154409344561,0.03703769643622382,0.008909547699785036
27,0.015462620803492201,0.22133897698105504,316.31475954263567,2169.080567806352,0.6009624940872186,78.67932503023253,38.183123700359275,1433.9347663847661,72.06297342260547,0.026057382372840297,0.00950503422982071
28,0.0728543593102082,0.279549042096294,129.46188430841772,1822.3653170110586,0.5130555984927325,69.24684526313854,10.123912987385394,357.7370300876038,49.40542005619908,0.007340173237714289,0.008596798283035806
29,0.02400416338848451,0.2768320292963403,236.8589007679636,2893.5298617901326,0.5987898565714574,90.24363508133695,38.671805763445136,710.1433606142093,90.99703383904827,0.042078432781507566,0.009374855870426416
30,0.06114507641911724,0.3639839120845728,368.3922722336097,2013.9710675808028,0.5990698772316149,75.27595876202145,25.76007873170197,533.0089089478081,50.799519511371315,0.006888409748412202,0.009052353790701118
31,0.07858812623186968,0.4169202997578295,386.4845618309012,2004.531184504142,0.5459004226886454,80.88908775565615,24.759677894843335,340.93918084629024,46.8089687757852,0.002281455008608788,0.007768477387183389
32,0.07504965927016724,0.42371921634353105,391.6122859618515,1994.5601391608704,0.5671652840044238,82.18313035902776,25.022561989077538,342.12405327051465,64.02244741511154,0.0032150860529087995,0.006476491605286827
33,0.08873557046498223,0.41718073276840434,497.5566592649625,1826.5462006569528,0.6170769809222916,88.99877331233637,46.706896227144284,469.6324250270819,71.54641338380152,0.004137158074555598,0.008535482422109913
34,0.056970748528169995,0.3576897242044602,332.11430049872536,1457.554379418727,0.5049960875080022,74.06051475306677,19.23152725012382,353.1429437456696,58.401327944083704,0.015146501255169816,0.004151960844967712
35,0.06618203251251767,0.435718430052484,416.97482666258844,2323.6214230122373,0.5656271238286336,99.13428573264088,14.008558447334496,530.571188987355,76.0422584746928,0.015239961686452898,0.004544867935253646
36,0.06885431810513519,0.4885467875381639,286.2133289642053,1972.2442776839987,0.5489900408321157,87.89485019283741,36.97347535747517,488.19362985386215,22.69082631751607,0.003440622153833683,0.005090886071813945
37,0.09658062125083358,0.4352070333396669,223.018029551168,2035.176245557342,0.5806048674122959,88.2451678927853,41.80112253746341,836.1125745087861,26.211364664923433,0.007982744477463083,0.004306590521936009
38,0.08990703768985835,0.25401931785780585,443.59084531037144,2212.2536255266064,0.5839034923294916,68.94062633945325,10.132215162313841,301.088152151722,46.58423311353616,0.011338086119928162,0.006834492379680714
39,0.08527774647532761,0.2896439646661144,435.23756046712606,2436.731898418682,0.7511163222363935,61.695843423285,5.855898071519364,345.59543146120643,29.880560326028768,0.021457948110954625,0.004665327891607273
40,0.09188383570799431,0.38209147554530387,442.28790203778794,1923.3028199662306,0.5519973676054931,97.11969450836484,24.50164983991441,372.1013063135699,28.54520695251888,0.003813773830188315,0.005782591775541305
41,0.09848428379223535,0.233140731795017,418.72913149165583,1743.3027838376352,0.6569206959586027,83.70648681179208,5.903307483204941,343.12656845625304,41.97478348334493,0.005047755913864512,0.008797519914564896
42,0.09808807986063409,0.32032956486092334,424.2117406178021,1779.5831537396089,0.7109849898241127,87.2275504698379,29.43342033680097,493.07180637998147,54.68890551134814,0.017148379338771377,0.005218756013145275
43,0.043066126149752665,0.4506697803782784,393.4100986703177,1957.8002140364683,0.63759553177995,76.00291366692859,41.55215184905554,433.29345498824375,34.53864722405523,0.007612076824125893,0.004908738158721187
44,0.08860397954137585,0.4015955389925306,358.951419531864,2822.8170038762964,0.5575121907509845,91.44363578834823,29.985654063109756,313.50935950080327,28.192541266459518,0.004084216380801636,0.00739602060759348
45,0.09471901557418269,0.4348201740664508,341.70665976941564,2641.965790198825,0.729642087568948,94.16140059268643,25.220751154740007,313.6423658387094,22.177922552922933,0.010734445829899018,0.006891581738521901
46,0.07137227247608809,0.4327825391559197,446.8630420277029,1742.3204358781268,0.5941972252791969,95.80632128132022,22.582963426736562,403.4903566808341,26.53897867776704,0.007423557143330973,0.005560067630227182
47,0.07081906199018725,0.4727877282501164,365.2269889661888,2299.075712937163,0.573935071711964,68.1724656228305,29.977223494046733,368.5433626952424,72.80337393754735,0.006423208006704015,0.005160831768665674
48,0.04708380298842452,0.4617783625304806,147.19164910942516,1769.2266963772538,0.5470664814738787,69.03751293788068,32.56138891687217,341.63777680745983,36.7567037838588,0.003925511196663748,0.0030425348476947364
49,0.04188401161523428,0.44121042945091254,188.60117408828268,2656.655861248706,0.5279519130352093,96.78211716413504,37.24709486909502,567.0927806204969,10.978471503432548,0.01285016451489816,0.007912311342977107
50,0.09548730429605254,0.43591398589360475,354.5425033276599,1973.6300461907388,0.550048608797005,68.18220951291796,33.330131543772495,375.54946221737765,29.339836668579732,0.0051645616115765045,0.008294863695398846
51,0.06611586735760482,0.2263053929849735,424.32141015998644,2692.0380272775205,0.5272425650559975,61.736535456101905,9.716129293719279,497.3740052371647,34.17630771810006,0.010214300086511249,0.007903745064390441
52,0.06969969020882939,0.22981213989107643,471.76413064256406,2033.001056441054,0.7268752201608735,75.94029947168232,8.098277466188183,454.1762268148586,51.41667747386305,0.004761162818970034,0.004536325408011183
53,0.06241907536886435,0.42074930786717096,251.33287000423564,2056.371832440432,0.619102193453209,94.49600785318977,44.749717175591776,526.3822361501259,19.321561869549434,0.008670692804598513,0.005835097111388855
54,0.06750389388151368,0.2953767067035883,424.7901999008362,2557.9286761389367,0.5171844373280207,96.35725686493853,34.01026565324961,441.962084266004,52.859448610401714,0.009114456719199035,0.007252869450395482
55,0.07481485021204082,0.38565131021172744,449.3217444489959,2725.921716529637,0.5400660512419903,44.76239921455076,26.78704926950654,698.1905156746404,13.712655502466122,0.0021584554847351887,0.007251072369676672
56,0.03505931781221329,0.3599045197992748,334.41589993927624,2425.169759129474,0.6250574752343003,36.91508594690381,33.65894629997722,891.5258081583527,35.054967853176784,0.006234851460506475,0.006807464934378836
57,0.0759859226761079,0.43815090339346585,491.0758121285618,2912.8890525941306,0.5438057234429541,67.39222112092837,28.693387462380905,832.0439820729324,13.43879567020768,0.010227601695486806,0.007558283809235995
58,0.08696671647397061,0.45436606111179906,368.0074691583004,2864.5268499973786,0.5235057808607407,98.13253228203976,47.15468739051363,342.5137843037273,38.05790773665798,0.003632975170889512,0.007547313501671934
59,0.08719411243240296,0.4539674400452495,380.46477847527694,2955.245933566892,0.5230499367622885,97.67037482801288,15.91664960334017,881.1438462296849,53.843951482641884,0.007406569579449978,0.008464759076295543
60,0.08028239332526797,0.40345548806021403,451.3386331427526,2629.3195164416993,0.6550503666817495,29.360525594670985,27.56693887758002,1101.3118799125805,27.53215555110524,0.0031828858834047815,0.005849061681035926
61,0.07430024382264862,0.4815137374946583,253.33596417686738,1904.765272436612,0.5688780729065223,86.45493378436079,14.00832002950047,643.5965038805165,12.96256833430147,0.0026406052922320843,0.005070031405021462
62,0.09889719460042222,0.408001521591406,431.15610365371697,2254.702827233395,0.5973330053766924,79.96505413332993,26.420028219399896,657.6746458728906,86.99133827511106,0.00265273567267626,0.008832307123519978
63,0.08647055220209338,0.25664086327253893,364.7694031317556,1420.0663282843198,0.6100309677974142,28.56380296426144,20.778600743749315,752.7658687513508,64.60521601773681,0.005126533880468839,0.0068988534880357446
64,0.08242290170031329,0.32805992379083265,495.20528776125883,2375.286634067302,0.5350654780546288,42.95469915068738,31.47791085633508,426.711069293578,12.78221434407941,0.012281843476456437,0.006775472500784395
65,0.09592536423808135,0.33789264812763964,343.5821705610449,2984.597677275261,0.5749700063916809,86.84647765546507,24.920154994923305,526.5049654324771,38.51482744590293,0.0024833413376109574,0.007385717386700793
66,0.0798209813760155,0.2685618879399265,328.2201111381154,2986.603597053814,0.6812332264852107,47.43640233463402,30.80357233653498,474.05030348853006,51.29396282544306,0.015026703838299627,0.00641462526184594
67,0.09724224566676351,0.39696688545328906,480.20585410739704,1910.4203103214336,0.6798275465050694,91.1558638665964,20.577897216896407,694.5463617200714,20.46922676727583,0.002143704712550643,0.005162010956968088
68,0.09797875694059131,0.4365806828590255,412.97616436915035,2700.8567809051706,0.6120333282002415,87.36423269405736,31.48259215122023,463.7596497431425,48.0518118683896,0.0040399413552463835,0.0036315870859929002
69,0.06139640843167482,0.483884547002399,335.0112611941143,2908.231536310519,0.6258612552716004,27.526023941558492,33.428105757686566,610.237466047381,17.219980038521708,0.004887383235479369,0.0071624192253736925
70,0.09807923032248425,0.34747355170942834,436.33436417863595,2281.6399010615773,0.5214739126611655,97.40658835171303,32.493885511255975,300.37126426461055,25.14664674581844,0.012831042233035602,0.006230156270213291
71,0.09972755789868729,0.46883659368419583,383.5309737941654,2558.728809086456,0.539124214459784,96.61864873977237,24.673125829049432,683.3919565666743,52.88727336403764,0.01848205125304445,0.0009579343541444166
72,0.09926960637248869,0.30294498203835374,340.82043775278635,1832.3042595148165,0.5107152723460647,91.08995783046775,19.034271127742173,592.671155693746,26.762294854241667,0.0023238666764073376,0.0031379196661457096
73,0.09874302441541435,0.3587236347319098,470.4669053492704,2997.1596630555255,0.640611557674641,90.93964221484678,36.07277848918519,558.0369511068016,31.455871179981315,0.012973509520527927,0.00450964105968792
74,0.09715266745131743,0.25963169890564586,294.2002690121738,2982.587162511045,0.6028214253188021,62.487052736358464,20.173329115284417,489.78287621357504,55.73981173667643,0.00475130909279035,0.003706427372757247
75,0.0959290710510842,0.38976188128133976,440.70875910857455,2542.8852463688677,0.513312778709401,56.532923826683216,49.20644309307028,488.5905228195171,56.33270332525649,0.004602053044466863,0.002466759053630128
76,0.0845260690517257,0.2883435982670197,214.31084489995067,2795.1040781132115,0.5001555859572769,90.14906854962577,33.2844903819508,364.57695083961625,49.041730936482736,0.008457475622669006,0.009053844839526466
77,0.0842809668946549,0.3429949117102214,394.62371812123786,2880.9646589778026,0.5722124512843307,73.35557742280717,32.404409172048304,525.7782733980092,32.15140883255265,0.004304845715305889,0.007341274181447514
78,0.099468378652292,0.3226365169639394,318.15443538314355,2503.7208268556324,0.5981520283552579,81.17149181176211,17.88770870275889,780.8204488339554,38.46291216416404,0.0044518137184796315,0.008267362798736445
79,0.09939771136225119,0.4382492068957284,420.3217852271074,2038.9132754373768,0.5747534270112679,93.93000862559622,36.90444020235307,356.8489565628112,60.35699881934612,0.007123900601335605,0.0036280702198764865
80,0.09787539426434878,0.36248697384026113,311.70528331128986,2636.2485769544555,0.5080439728060344,97.72036581940071,25.775923333324965,340.6867756779812,34.72709146362272,0.0034876365228764736,0.0073656384799675265
81,0.07778806595028744,0.46959250617467563,361.15005880653644,1521.7497715674986,0.6219068954644182,86.96033958698719,23.58830557060109,307.01532460114606,73.72702078377685,0.019168014610170307,0.008105057401139112
82,0.09211107659766167,0.4074180764294646,378.7447128252546,1448.3540155640403,0.5114320543895748,83.40803904223874,15.509206544189093,783.7346163344621,51.02396229235093,0.002423864156207954,0.00935978124313347
83,0.07254280477699249,0.3834617451055218,246.96854399361192,2650.0169365434417,0.6151309906940317,73.95355088173096,22.73562116336535,530.2065777912205,45.72110884386628,0.015019671765261583,0.007170467027680798
84,0.09134779541695605,0.30866079772490707,463.77759167305055,1704.252287196327,0.5454936274502344,97.73207587837312,33.33253486167331,430.26103513216253,39.47911078449353,0.020278550879219585,0.00842650716156086
85,0.09770908862745646,0.3731674645363865,299.43829272627517,2651.329502622626,0.5292612509930306,96.48738450238639,15.022464659854817,456.58150937549755,56.64539615381898,0.01505454030298636,0.005661494106598096
86,0.0950499960991828,0.352266425980846,487.6722024049506,2402.7045729124625,0.6563386676466869,86.66737957532015,34.378650779969604,382.39350106885456,16.069845843764806,0.01030579136155645,0.007907041686469735
87,0.09228349426613706,0.42427863432192003,419.6099222107625,1752.253421418328,0.5640472681992112,90.92539575904111,20.756230260478844,339.7211821593618,51.25823823741824,0.0020293382423745327,0.0055706434537991685
88,0.07534504773301384,0.18147758600367342,414.7448753011814,2417.5892601394344,0.7579033006385486,74.13038866637535,46.210959729165964,344.4219647445099,22.324297523523136,0.012362158627382049,0.006765432478447404
89,0.07094264278715323,0.4130250542849194,452.3181614639542,2979.739914887277,0.6827213368380073,96.97976188386595,21.427571674405687,417.01465586725425,25.58468367691388,0.0038420874486663694,0.0036479519703789855
90,0.05523735300388467,0.409575719707904,422.9276485668742,2585.3535581088163,0.5611939482591596,82.95249837728458,22.9346312908976,399.9598876739429,35.30347164222282,0.007911165911219962,0.003172881570604682
91,0.0993945223875886,0.46075632118365273,431.4947862888033,2416.8541419170742,0.5599175303338758,61.03057752114215,17.871530258731816,391.3104070534727,39.09365149029703,0.005356089305676411,0.007964310445715005
92,0.08377710135719522,0.21317513914609104,399.4851577370259,2632.0250457723455,0.586259660950378,93.7598928204376,22.567078146526224,301.5563225421528,12.964680828564234,0.008676254658016767,0.007566904795844241
93,0.0845325160304419,0.4573176072508183,413.7556848663701,2820.784600695125,0.7060798275583416,60.04963462327464,32.315379686503114,335.30044247906585,50.00712552661143,0.003910945307349436,0.0025207163761454088
94,0.08945844338031432,0.47482954351012835,288.41784537277306,2642.312419798092,0.6533014640549362,45.249708405788056,29.347783358521546,569.3055913211451,65.70848148346819,0.005693475337337037,0.0019068020756329547
95,0.07655692813556372,0.4634613172181434,386.8471962201446,2360.3580117883243,0.840699343786592,72.65536052467873,16.795588403041002,764.5196908665073,56.78652367119241,0.0037151876035769003,0.0019843633324417784
96,0.09175415710275452,0.44837304709982817,446.88862063357544,2529.9206580833884,0.7815926468829302,62.669492905137034,48.35697675901239,524.7698983090006,19.822048706540635,0.011515941885930912,0.008965086820182835
97,0.09542799175504511,0.39859832833437286,491.34390366358934,2455.635733157935,0.6340898340057579,96.75010367311414,38.102072417034236,323.02387716814906,10.488554149662574,0.02063291255778655,0.009165882960874859
98,0.07679137820108557,0.3988587990199871,403.2997614463953,2888.16086135472,0.5343014610776279,46.572754393638135,19.44113152220728,616.4708123463234,10.428449155983753,0.007030299613829094,0.006641463706598345
99,0.0880144944434628,0.4233424167656342,417.486757936385,2318.2924810861473,0.8506736410298095,67.24888393401494,28.41385534881748,306.5819478711308,33.734307207164754,0.008336373606845481,0.0012940903613302295
100,0.08764145066548633,0.4362880475357201,421.24037176166854,2369.3167146302476,0.6842279932059747,91.37912729359259,32.354085036008144,655.526127341175,32.66298010399865,0.017639305959474966,0.009707300803931512
101,0.09089890618287089,0.48198302068230636,478.31771500361884,2783.8130193689717,0.6243810988045982,65.46513912288064,33.4814993805579,324.86609291160863,49.18537833366137,0.012826327647178632,0.001228303892807093
102,0.0669594094935701,0.34320361382908393,370.8139475405142,2923.7837964026685,0.7599462744632987,91.18764233008686,30.037958185074892,414.101301415934,62.31305752900627,0.009938776078833447,0.004050797638257088
103,0.05928302974685641,0.440751014250087,388.249266648161,2900.8898807063943,0.6873918582724546,60.97405540421647,40.92022019862513,624.8049081394308,21.939358350129446,0.011996313872845436,0.003821190360812491
104,0.04968440390261595,0.3276568347419596,412.0945915470237,2936.996582281463,0.675832051658987,93.03646797080206,23.62489430975204,911.8588840007385,25.358982197358085,0.009895981852720894,0.0004500857340509275
105,0.07421481368525618,0.40122402458712764,366.0747039330321,2641.578895975481,0.9730967149440422,93.78272994150537,14.665270677378391,359.70242254180556,23.53237803755001,0.0026471270880366674,0.003948202097613299
106,0.04892157901583928,0.3641905457275012,442.25383183757447,2952.101967767464,1.0280274175548814,91.62253982549649,8.141124191178312,786.9584196694493,10.136346514619616,0.010227612146491797,0.0019814121991585864
107,0.0997191295194322,0.448255194171683,473.1790313185502,2965.4733532393707,0.5880153689585534,86.7631974837001,45.14667842886987,324.9291759324062,35.26687051501,0.033281519431169186,0.006642272213603048
108,0.0824220312126453,0.4974853021422652,431.6279292919573,2829.0123737539348,0.5410471567458124,84.53406777730584,39.410729540852024,520.8289457008756,41.47719611630244,0.03895330845638774,0.005375275752298866
109,0.07274222103573985,0.44841147323020836,473.3161911371868,2901.777003308189,0.5364354973905711,94.42536494351623,21.88709561688202,592.8009433303827,18.38666486139907,0.002044435434462299,0.00408687092631342
110,0.0735029090008998,0.44548678394080515,464.46651811276786,2942.6453994361286,0.5713084670195594,89.38685771190144,21.69153467761759,442.39602227300054,24.889079416314786,0.010997437549597906,0.002073554393929456
111,0.070276508711434,0.49665360110940293,300.2182966232659,2302.808332847402,1.1261004672704311,92.69661470479234,15.408120448967612,496.97601502371765,47.96372546115032,0.014449205507048505,0.0060716337586380585
112,0.09576530849738461,0.38270709105420886,467.0576859203828,2375.6754729976547,0.7307552490821534,99.88050683162349,43.31227400524252,384.77526878199086,22.840881290018935,0.02727748081135966,0.008360632539563258
113,0.09309654786274478,0.40040373632395754,476.0420067286239,2454.590405144833,0.6046708690397132,87.3327945880628,35.99846472523849,353.02128344613476,33.480595740790406,0.025041415153019827,0.009961748539687253
114,0.07860514702901172,0.4074070317146269,469.787638863902,2919.7073618837812,0.722339239714113,76.56920504731036,42.125837530500746,318.5343489282693,47.65631105204429,0.03509067287166694,0.00730347503012975
115,0.07598878456858064,0.409187995509915,344.7062200522896,2518.1483572881402,1.0847479693964066,99.56812887539793,26.206630468088655,482.49797670517535,28.960383331842795,0.01027233500318394,0.002139378168322009
116,0.07935574690824193,0.45986129172615214,377.3269646210215,2560.75874102865,0.8539298639897892,84.0348952279366,19.459723949332492,650.0728973336986,23.98888346229501,0.0026312103674332264,0.004261612399162536
117,0.09576659036918916,0.46231770651645804,455.04254725902285,2850.483648441757,0.7269139095059406,59.6558768177304,46.32903410740287,471.81193280005334,26.97493192631586,0.026268935382701288,0.004808866933148421
118,0.06403778689762184,0.3251228714001368,356.99765604204975,2571.6945063274484,0.8550973158877304,98.66049198537866,12.506426758181318,321.9446849579669,16.48120974261238,0.021901336045214558,0.005004946400239472
119,0.07508937652567789,0.422392187380678,479.51163799673355,2696.113799855931,0.6598102787018879,73.03025515380678,41.393559800604336,526.4280490779984,49.9775890646724,0.04578878670944103,0.008244899221305054
120,0.07072829594019084,0.35707353893532007,449.918064519376,2764.3799346775204,0.5516058211658407,78.60924991724697,19.055835660470233,813.7022617202059,20.607126391867375,0.002360258981551706,0.004080324185382721
121,0.07458945862901342,0.4788834087168039,398.21614017073756,2966.0892694418394,0.7197342778767782,22.59761446943203,32.33014682963408,477.0373911315155,43.885016116088295,0.008865210601245916,0.001246983751193072
122,0.0672194001428313,0.2567883965027531,464.654450130261,2972.8296337617376,0.8484500128218739,82.77981482764388,45.17439512278037,871.5402548795948,56.90598502992375,0.032794970445953836,0.004910209321514213
123,0.050980937612762345,0.2687917309637649,412.16214701055566,2953.8557346133434,0.5153857156665327,76.70743171989656,47.53356691723371,326.3063038448876,59.03248771045177,0.03099460210735873,0.007467340147122311
124,0.09328215203032705,0.47221106311715966,481.4344767000856,2667.212302792399,0.5824542974711681,91.31731668141529,46.98692147415364,323.6149217240353,44.872220497188636,0.035828675116739886,0.007044488750683033
125,0.06592380988994778,0.48991820129474895,463.196573183034,2892.422593671965,0.5085080275639151,70.19197225078375,9.601635715023876,530.4531644410241,46.02074537626606,0.003174305468611257,0.003700971905594482
126,0.05048990961523314,0.39731906432471054,480.2152412564079,1990.4350457235726,0.628760263437521,65.66058469598237,19.112431549854406,330.39133724470406,66.71521242907617,0.006277127097030544,0.006648724334677564
127,0.055286354412931615,0.45128454105865323,480.7635556382732,2665.0343546261424,0.7609230636768306,96.30022244408833,24.71674015111506,440.7360232784663,16.549562391069195,0.0021965293363205305,0.004805916742450903
128,0.061928793710154056,0.4395830943039902,434.45342373114613,2509.4655833754105,0.6775488854906174,96.65074018256375,26.092960012042873,378.0057896136537,29.066336099711087,0.007810785534612164,0.00568973196213919
129,0.05919292384725211,0.34748921644085146,415.49513958708286,2949.9875817889083,0.9940446017857765,95.9075412023819,10.990806525017184,392.34938257450244,31.367235721823747,0.003670155249822912,0.00811615999844697
130,0.04153082480220792,0.48738828375602394,479.86025931142507,2288.8339538969426,0.7327998717260086,86.80365190544701,17.079141426453234,957.9174714273513,32.619957866199556,0.0029608772676752385,0.002688815228436267
131,0.05153908913542533,0.3876901869944154,334.152669626899,2712.0475771189485,0.9803852370144186,76.5446190771163,7.535286663712611,351.449055317337,50.42384631782005,0.007503904950187842,0.007971405306103336
132,0.06394262127933016,0.24910862473032516,462.51584354139374,2660.756430858056,0.956107218467102,98.50249516382908,12.823494771378817,649.3183759120493,51.985267942582624,0.007796656615551175,0.00975921595804508
133,0.05995390317236984,0.30076404925051836,383.30622735245583,2959.628898220625,1.0092450572416805,99.40362703611626,9.342008783736155,482.9209225769322,18.3490856766389,0.003883467871377372,0.006829806673129669
134,0.042044843958681244,0.4402058749510329,496.4006137048561,2613.3051714847184,0.6484571562050145,80.14227483069435,19.094448122474244,328.1468384834146,17.809914190706372,0.0021548123405359066,0.004765918301819444
135,0.08121485780283606,0.4275316537912915,381.0975759705822,2451.503970178723,1.0477010600975343,91.82144620209384,13.50397034227877,483.7045241052813,15.579859651247455,0.006071628929433116,0.003937410433000692
136,0.0437584028352971,0.4654724340723519,419.89794886752907,2526.1482209177834,0.7264039569047815,72.21278645889119,23.43149541874762,728.7118855452206,20.80397665103851,0.007167493865291818,0.005964369058237842
137,0.08474897975500921,0.45884990362701406,278.18020584036526,2921.837777363133,0.7978594047506972,64.85495480403094,32.88879845220304,361.3175706256859,52.08931460623646,0.013778906383871085,0.0039923009925571275
138,0.033589477992969935,0.4168870155366614,420.0028109366395,2817.2130204586683,0.8067339985833806,83.32594221156718,28.984138564585393,433.4638526139154,30.85794915266292,0.005142528017500996,0.004652408064364988
139,0.03169851548406248,0.47656054231694905,484.84401859843655,2627.709815518068,0.60804819457808,88.59913678058084,9.67868976642069,516.5890049003212,29.258039273934173,0.015726981454059485,0.005698153885267834
140,0.06798255208855988,0.31732476520281505,403.7796315983071,1782.4040769364365,0.5301659720693246,67.43671811265762,34.22804736826289,664.6802833028455,63.98110259349234,0.004924841022915788,0.006673077091301753
141,0.09296171853982525,0.38799985794686603,385.2618718589965,2575.2721846725603,0.7990205092377675,67.92555806898201,45.3334835428718,512.6043196623392,46.95366456148179,0.03871295072618637,0.006317132358837828
142,0.09766964792123849,0.44396681240896363,412.63331009110243,2999.381127516111,0.5702190474323684,82.2077548797528,22.31227998693945,471.81860849350255,14.382882464423624,0.003197473596099941,0.005929534311489407
143,0.06807120185050622,0.42724626026573986,480.3884206904592,2944.370251174558,0.7283829349878708,93.73655376065204,11.54033410821043,353.3939788624853,21.266183466350647,0.003970116006477381,0.004723831627447007
144,0.07817350181317066,0.48541151248503656,491.7191674871511,2827.954579397223,0.7121591318017515,97.57604627740827,7.807731035872727,329.43537483764425,20.829578006761928,0.01020682972975984,0.004027947306636377
145,0.03942667374675034,0.4233033552912672,473.30538439607665,2384.9428374943736,0.5993528383002427,57.82763498475322,21.909407328238892,656.0964055162408,17.73576580624467,0.0026620586823516215,0.0029352302248953567
146,0.06176857355450655,0.44276401757014394,366.0604647096477,2705.3794294184722,0.9406414029818404,83.65672677511918,16.70538803924391,368.5081652586507,24.07101257482197,0.006087326915921844,0.008417220750905646
147,0.08027024491780389,0.4222593951075141,482.5677244739192,1968.3962278171587,0.6721032651355727,94.00086170514213,20.860857525388287,338.574266712294,51.38025888535821,0.004097489459723484,0.009209472815500715
148,0.047606562122006583,0.495725563489587,490.47232373296424,2943.378103808232,0.8197446586171003,90.80139603147646,30.83818878297018,759.1362341798591,36.4121360150669,0.01000961721744057,0.0047781337715650865
149,0.08518254104271976,0.32534377491877264,448.76618288305787,2230.0583777593747,0.5416720337228185,99.78225381241558,23.996905519802905,765.4318599346191,36.76556468160669,0.002572515848475963,0.006108324161196296
150,0.02375417924842655,0.43432253323145226,492.5236976874945,2728.792228882387,0.6319850520689517,82.45403146215023,21.6219389928551,394.81903653662005,17.480147858233746,0.007458139742020758,0.0038560253488604123
151,0.06703891923080632,0.43654233280844235,465.787128346696,2898.6040027731096,0.7058314825574025,91.57001717456626,18.22052517214523,663.8826772090517,17.438285354382174,0.0022266319916709847,0.0018463235354527574
152,0.07450643002957423,0.3488199844856694,425.01316187606994,1580.6435334599876,0.6272527094584968,83.50678842555847,23.715559637563956,396.4956232025953,42.04975738795896,0.00951695416805434,0.009182005992559179
153,0.05919427054592791,0.395546216337184,419.3200547921931,2803.131234874426,0.8009451575162079,99.47762538876063,17.586586445833866,855.0481294683802,25.459659120002364,0.00631760045280394,0.0043596776686276074
154,0.07544558791793932,0.4960508593461953,465.4545363334175,2723.7692744420624,0.832545685112688,90.36972825625139,32.89515693143556,356.0927161659499,13.412715979460135,0.00236904178835688,0.0021239045412691083
155,0.038302560726064305,0.358388271511933,383.0558640624767,2770.3135912539174,1.120852103833861,80.2217042960291,14.10966909107533,741.8489463978033,24.886835328843706,0.0024774572494968778,0.008934529354766426
156,0.04115185525461024,0.451342539274141,222.39660601516223,2999.9367131101153,0.9282428868644118,93.38868904176724,18.605160657048373,411.3419908351834,11.856042032202868,0.0058034555249013315,0.002817475139376216
157,0.0601091592393034,0.3855812731802325,471.144778728456,2969.877970946675,0.750763663369894,81.10169755835946,16.2358143464596,310.7961898667936,10.989891994562132,0.015411776231082218,0.004191811812631612
158,0.0550642128233346,0.44620026539631175,472.9006574940453,2583.4595837446473,0.7424023762090808,84.93280255278026,33.07871794727515,480.0035842978052,27.32123966529737,0.00391548560765988,0.000477559889081399
159,0.05739204410197284,0.43355030091530183,463.4515061108066,2626.607836979877,0.6970015834151206,92.24887396882767,36.69612369301106,542.5354109189093,33.232525720369736,0.007243973140378083,0.0012781739137522191
160,0.051743061630555504,0.3451149459080039,483.37782384349833,2811.1552894311935,0.7007204385890505,79.29257173333649,14.347367455708568,472.99962245022994,42.51743293856522,0.0030682874576533625,0.006469303928818518
161,0.04574596114735074,0.31214489429894376,453.1423702814902,2096.828490201793,0.7015017523458317,74.15067745019013,8.001502815638581,322.78048394043736,11.546936615350267,0.00333597663984836,0.005577813690992677
162,0.0193190179902192,0.3114375501434487,411.06778945715854,2577.11613059344,0.5942808079223537,53.93137525496404,18.08405213342101,328.3426231925759,19.79125370606827,0.011455274141873695,0.0069837765186641105
163,0.06925180124009281,0.40327303225538214,495.9416909700585,1841.2195954684314,0.7386863323823105,95.19711073944406,12.5834012686438,810.8776586928611,39.03568488396239,0.015970598902579344,0.00844667970263804
164,0.0359602847569081,0.3657978921965477,495.52303114035294,2306.256385092259,0.5968652691774642,73.35442735108187,8.515283450958249,464.0788870099419,25.09573221158297,0.0028282847682354535,0.005264419177659378
165,0.010112977872383959,0.22348427451241576,484.02208535889275,1575.1123777899065,0.8567716421892722,88.6834147460177,12.91057516373452,578.4562343179712,44.38939290130889,0.008197564107965686,0.006199751514822677
166,0.061896495704364125,0.29718938694019864,372.1244866335762,1472.5150109689616,0.7121877902449907,80.41097415549737,6.249453286809038,336.6400020081629,24.78378101849073,0.011155579930226901,0.004324115735741799
167,0.06440706014564582,0.3577208826660522,330.4213310682481,2442.1338993477098,0.8424515295823413,53.98580447212629,13.41363526381148,369.41504763076654,17.646669573691955,0.004617698694588536,0.005898630508009275
168,0.06018276870984085,0.4815797942561719,349.827975141085,2183.2626654895903,0.5468424095903432,87.6431787185691,9.229808526772011,321.2067200475569,69.39334628936594,0.0059921834699402324,0.007877267569901366
169,0.08715795987144323,0.3398835047641313,473.2137511503695,2809.8125485091678,0.7805556018067834,93.31449181166043,10.566987661589067,320.1082322285091,41.81760893308017,0.005871497266610786,0.007220357493675914
170,0.07187022448329052,0.49655363392828544,438.5165772608286,2397.3543728623654,0.8408070525368379,97.74956532844243,40.2751130767294,638.8390335711006,21.960595725415384,0.017790000619806526,0.0037212093483203123
171,0.0805831385711957,0.39475165447550487,479.58600995995704,2840.581212331775,0.9042642532145428,97.07847014877922,24.61067395631527,492.74057413587525,32.065709989142235,0.0030422667126568633,0.003949603264729342
172,0.07689580243933256,0.3019620880576708,492.0961728403221,2850.0140171956436,0.9136573547354759,83.96455374880651,18.24247279698428,503.3852376307997,24.5870428185826,0.003830829844599469,0.005006191063023623
173,0.0583304250382307,0.25827891946295,493.16378451847874,2716.2137674771693,0.6203944435840272,81.10418102395712,20.088616134691385,383.0059167731986,59.34702014317426,0.005828070339734215,0.0075597862729301114
174,0.080593394449512,0.4358031967092508,484.9299626434893,2759.928602325387,0.9011138459238685,91.04215156144623,24.070790309071345,781.9585771057596,39.17433767902951,0.014112865984031223,0.0030627749492206863
175,0.03871844190377413,0.24840200627708386,373.4109112231258,2041.9487765172428,0.6603946563533167,73.51605950278638,8.083177147787174,853.6426258200406,24.619787098791008,0.005589609006568323,0.005448835062091606
176,0.0574904560959361,0.32971530413032146,446.6975283516669,2929.938494343057,0.5498588782965534,91.88506211862824,9.64256447339114,357.5225958971497,25.014872061986598,0.0024527922851090974,0.003631287827303319
177,0.05431332437314365,0.20532581709061976,401.0932023565168,2771.925127872759,0.5461534742461388,96.60056396166486,10.450390577275074,486.83021361307027,43.350994113817876,0.013951975361501598,0.0035637781171739217
178,0.09194668977683383,0.4898330857247268,372.54820129421967,2799.2745427965724,0.8191881693262024,53.42271180367145,38.541729133997364,822.1964523718049,35.73482185822975,0.0025980751428933743,0.00269256522743452
179,0.02828530787562232,0.3553200467949512,484.62605826540414,2835.190134564148,0.7884405926724808,84.62553034123637,14.174680222330966,501.16841532237936,25.07320422185021,0.0032384101344884336,0.006222018484622738
180,0.04750145371476104,0.24282454842213844,474.56061034412073,1964.5647926480488,0.6185548968718002,83.97962796865714,5.773948382564408,322.4602005396787,19.213202984140825,0.005852400923535849,0.002772243794993433
181,0.06378595211540822,0.46063977158797714,462.297464591248,2920.3968187939254,0.7903893302773731,89.1167995134464,37.8755322412461,505.4970986954016,21.122716002027403,0.005207443400693223,0.004222700802281267
182,0.07884452841334225,0.48151795957802795,373.07209562631317,2856.7056557613273,0.7994721152752529,80.22708250841423,28.158112906161122,454.686119664502,12.522720039791372,0.004874217805705805,0.0030576376114322236
183,0.06375246193663503,0.3765914787110692,499.42101816798674,2595.0361961241374,0.5948442256718425,90.09824806910089,13.429213390457086,316.1892648854192,50.203604975978266,0.004352350942749173,0.0045622931979849716
184,0.07583735612885774,0.40542509229319645,493.828943873845,2432.2390563036133,0.9166567663841403,98.80743191024513,26.562861865001715,423.1550271766504,29.62948352680059,0.0022852140748829963,0.0030178840779359296
185,0.08046934348484182,0.35555329154549625,433.0536804430153,2754.9134405136806,0.8576070674747724,98.57884211035851,6.479218161089182,475.02960322144025,65.50149601585625,0.006139896957345959,0.0006856813462164427
186,0.08961567990605626,0.47336583793484677,477.40219853037485,1739.7240799545225,0.7073437446537542,89.92939165095885,22.36556707848703,454.370705628754,44.91703324426424,0.007884945980936668,0.008434294768796254
187,0.0796450044586754,0.40702061298980513,483.7795152339069,2252.4754092002545,0.8415797551664593,96.09790538893874,32.706711546864454,642.5697525520874,72.85094054057683,0.003776412545321831,0.005137379935864933
188,0.05244146792516574,0.27056785875431444,463.7686282897908,2009.1524410569102,0.7990497710769887,68.52435175189832,9.91587029409889,388.9817155781811,11.10268114094764,0.007205871054814378,0.008106886595853463
189,0.08732307753813737,0.33227086480873075,474.48111826770867,2612.4293671985115,1.0340967396414469,77.78817496934508,30.328519487648556,340.1874717428324,59.00915806622011,0.0027113154627148566,0.003075613751346016
190,0.0804400006349533,0.4562765002027393,483.2637841161625,2087.074996814811,0.5771895789556317,81.89109048845374,17.60001604638242,1025.1150184182832,18.233285122427805,0.0029721600771166414,0.0010729203194253158
191,0.09812720291927843,0.36144952591025886,452.41047907160134,2291.903318576263,1.1306374062733962,73.96556342709357,30.383321652954812,802.8854481398552,56.9445005579377,0.006928720976565028,0.002177935772903886
192,0.07059695693611254,0.4846826349735617,488.9883676083559,2966.792956928089,0.6490766910745791,74.25614057028218,16.128549255189444,751.9685617436063,13.647005847739024,0.0036984421243428977,0.002569694116718254
193,0.07151802111373395,0.3826402241294206,485.3909066852153,2807.5640099658967,1.0267368564595063,76.83736913930142,23.536649977743828,551.7359856960061,73.71706088528886,0.0023243226230658665,0.0037450089034224013
194,0.09892488710612307,0.340201416895835,488.79322025957873,2529.527368501843,0.9773532990651752,94.5038591009465,38.372449279731576,367.3882611419378,104.66678286188566,0.005165243823306157,0.0012304066098234629
195,0.077502114403396,0.2343713815203446,456.122188203919,2720.3096979669835,0.9792971005676582,74.34668798003683,43.34026603308153,370.1287746769392,40.89482467359464,0.006609989536457715,0.003980292775312537
196,0.07178673091771128,0.361732398395015,441.1513401551943,2429.4262276535956,1.1631242813541287,77.39321311831583,24.020447971750148,710.2914464911362,62.179015079816374,0.008784041791285151,0.005463202267406535
197,0.07030884600811238,0.3930923532039899,431.7580503752212,2994.1311445182464,0.807444116584493,51.60577105977124,22.733969699772153,586.5458929067477,55.01137785021366,0.004999979227911989,0.004455275492890846
198,0.06800205738498355,0.41416136929305913,456.4455257152047,2766.947336225031,0.8900380831112974,88.13501175137034,23.606514574151948,364.2262265218495,40.76624713291039,0.00405168061475676,0.003283444244199161
199,0.09423534704066545,0.4156587983613495,465.9028213634115,2891.817201299756,1.122793413018018,99.08738598242017,34.98986259791254,895.3611439874319,24.824648599862925,0.002325481747595985,0.0031912472565714953
200,0.06325262284541222,0.32416291698910604,450.7006623869808,2799.1227624730464,1.031795720594974,71.10691541873307,12.158544712682847,831.5468594021145,65.67879813736086,0.003009110931503496,0.004251941857564261
201,0.0631607569318423,0.3884702703408341,485.59253553578105,2826.230970167285,0.6539392596850188,99.55801418598575,8.15953734418654,656.7775374153766,49.23821151584568,0.002453165183900788,0.004980992209652867
202,0.07801181968051275,0.3226547252549205,427.95469327325367,2490.729426674324,1.1181231592130942,60.777807932764325,39.27823430037468,332.6831188217926,82.66607905347522,0.004815042177301209,0.004061987691082532
203,0.06686615647953266,0.29522785114281375,405.8845193667151,2745.761988288822,0.6071981351682672,78.15946477063585,12.416815482355638,401.2453994116268,33.12079240343854,0.003127579623302141,0.004330364937238902
204,0.0761289070581996,0.33952831701059966,492.16808038479707,2836.8818302130985,0.9976235657218302,74.72560437219335,27.30677013269719,817.7212055644825,79.92185283950093,0.004987474368608405,0.003461206457625375
205,0.07882683681699032,0.34411388372534246,458.40518084900845,2124.8987788674985,0.8436687566740391,90.47039777739542,22.56305822498318,357.13135107268704,15.688475921772612,0.00321747548727493,0.003958267615373571
206,0.06552496187924083,0.43424298436951675,488.6925551056735,2455.9191914564453,0.979161995529934,85.78353933880555,20.574725384459683,487.0896448790574,48.12825083692826,0.005377804774579144,0.0035965349205433423
207,0.09068663732966153,0.25119292609912064,463.8296996222028,2870.4521392470974,1.182896529005951,83.1657266313454,31.356594477019236,492.29567824153884,43.48658173914148,0.0063886631968219755,0.0011534789617542375
208,0.07867109736758648,0.4710524542874372,485.3106406345149,1960.3403410585686,0.8461470253474457,97.97814841365138,30.209184607984767,385.2518589706338,45.0045022372708,0.0034479748792959706,0.003248018842974199
209,0.08531001175965736,0.4263106685350021,472.35423018344056,1502.3888291363141,0.8011015700035116,88.20213886550516,31.81735108884552,331.3843734413132,48.15666863303283,0.01155017070625966,0.00393856131855757
210,0.06892582320956481,0.3389454667028276,488.03275308326266,2150.0516331071212,1.0135126096445053,96.16087701070597,25.074380128775474,320.54677154345086,39.28725965978913,0.010163056572763118,0.0016138248321175628
211,0.03646307172336963,0.3211364586254838,418.77944349747827,2941.4248348405054,0.5385696515014106,88.36217313216572,5.772619249930147,645.5913042833208,27.98538774455806,0.01204391711950616,0.002321306765022862
212,0.08324042706194107,0.4808444399677462,426.3522751476559,2593.6498383219787,0.8883561689743361,62.97122247955822,38.60955605274084,370.8633705888393,81.04297628314681,0.0027637542318213926,0.0025616629511845445
213,0.07217632740861009,0.3055654168535039,368.86375793384445,2350.138412223274,0.7242994656926482,91.53641403789683,12.774898427731985,434.70280934437983,38.81681653553017,0.003079781312949168,0.003802905413914886
214,0.08660493050791,0.2102643629572494,425.74985466225854,2663.5721420815594,0.5013347473916454,76.9335926557045,5.803697549669913,574.7187215851766,20.04092777104701,0.013319677657081894,0.004055025302088327
215,0.09696666828557264,0.3689996068338855,483.5953060208716,2399.611406895188,1.0834575677355145,73.71219084344668,31.359035125816295,333.99548547445465,57.24410870410979,0.004648078396117358,0.005057127289920495
216,0.06735965268590557,0.4538993726850785,494.4515450500962,2235.178301134004,0.6996805607150463,74.52212123542569,29.689540968456114,401.2253602631246,66.46742551217099,0.009054859780021336,0.0098396441847478
217,0.03786336825799215,0.3364771669321446,464.75073364759277,2987.7295633962717,1.10564290859398,83.60891990121645,31.203615154365714,317.4878946369389,74.78545616876269,0.00714671051828393,0.003219106234609915
218,0.05256800495707848,0.353902405168665,488.2947346740331,2575.6897132956115,0.7855106550030831,94.99107187976996,18.130958843622015,337.1884711486425,38.07728369981014,0.009433321665727018,0.0031879769503875286
219,0.07760478745381216,0.33358527855616604,445.29433500413154,2993.894137739327,0.5498972718866554,94.91910927776499,10.448804578883673,401.22671977533173,29.442560910934304,0.010058977512358635,0.003534516249907342
220,0.05050793251064404,0.40964484458113515,497.45794177331743,2150.2556442628347,0.7535522771741515,90.94014775930158,24.43078066752426,460.2100047296611,17.246138952749135,0.0040114417015410676,0.0063254170944848885
221,0.06321430957679064,0.3200956935309968,370.0740226749627,2961.538588426998,0.5643903159101853,75.88297572508945,16.829630183118432,316.8431542673247,22.937062926650242,0.005424064797117937,0.005055258886317774
222,0.06298094791717355,0.3797779873500322,371.29458605054594,2723.911573201808,0.8930919348390756,97.36689391029338,35.53055170670869,472.33950932758745,19.25824673672431,0.0031459781115886183,0.0023081795942462994
223,0.09700283539108337,0.2952627957766346,488.91448742402315,2418.350969504566,1.1070595786038129,83.62495001685691,36.71477082809805,373.32510371375554,37.564270834782384,0.017282029792679704,0.005970598323051755
224,0.04992819737579389,0.46774385431954313,344.9288224535229,2914.5812893070197,1.1137066852210713,98.91367958651426,46.66987476869024,681.0160571146354,12.479924681048477,0.008060192134196197,0.0007274369537505617
225,0.06873376170490306,0.4733389840574967,447.82831971739034,2881.2469475490466,0.5216420144901744,96.46882038741819,24.55780834945372,327.3925300495894,19.13171689560968,0.002736143665673328,0.005008794117124342
226,0.07522450181270852,0.4814060703295568,309.60853884051704,2187.9507371693253,0.6917963403147793,55.744891911009915,21.354569354982168,316.05406454810935,55.21922687629362,0.0035723941809384496,0.006947227347785444
227,0.08142443001107284,0.4588665767478238,479.6433000310567,2868.337960169474,0.8019757717434077,86.99180784081705,21.127600266443178,496.26252717512557,71.11726297813445,0.004266608518624118,0.005313268236697128
228,0.06690493030991065,0.4680903454926739,465.0863546033674,2364.0061227974315,0.574593332647837,73.31671565272259,19.96078836496735,308.4260604219641,14.545089540142019,0.003676827668546553,0.006903683249240572
229,0.06488392501728023,0.4060294799052958,322.00740888045937,2314.5623222932118,0.8801860952736524,87.87970142668566,42.8028022595285,463.8125691740694,20.322544561126996,0.003705511191274006,0.0015332913900115656
230,0.06743304695682634,0.44336767782027214,458.4240232884336,2626.4220842005407,0.5776007254371375,87.8439237976311,24.093453256406193,901.5263984801834,22.643207352658692,0.003174330973195757,0.007085351111653496
231,0.04146696209806412,0.46208945475715607,496.18224648143035,2456.954146448749,0.6165222083289627,60.32821629652275,28.105182226376705,427.9224313001936,16.872815851043057,0.0023293977048471524,0.009795061413526646
232,0.0595928938316679,0.38829206083945517,468.43032667771274,2266.115792388974,0.5623217568083363,63.07408737795659,23.32525253180127,305.89098683172733,15.382982956814672,0.008703017140941294,0.005773511326847385
233,0.06419569520828196,0.4129552158027077,416.2664031837119,2860.1814048954407,0.9087221947941316,97.86232093758692,21.0413447504527,467.3094407780829,19.56384296235984,0.002936875908711376,0.001268758393774801
234,0.07702967080208858,0.49774331028087654,413.43071427102655,1534.0435191279503,0.5996589914936867,69.79058467195236,21.86325188403109,1267.4203412481163,83.9810311789379,0.011643448058609618,0.004024991107147056
235,0.06160999617263022,0.49109161685853425,489.5640765618637,2492.7837695955754,0.5699438927305431,61.850192429689805,35.065628798941006,611.1025029287357,13.971158833594972,0.0026517765406085837,0.008182966916089721
236,0.041670443312773225,0.4608776040532963,455.2551746927613,2270.1025604426613,0.6542575519449019,52.802769903789525,25.307435882760988,316.6127096661771,10.466142097553092,0.005638050994450033,0.008407682837984612
237,0.05418435845623516,0.44595947257031127,465.9012962927683,2933.1813961670323,1.0863564970901851,85.28391882713632,24.982935450922703,575.4466138978371,24.440596378872034,0.005714895938833595,0.0023371042133091373
238,0.051260846930453914,0.3990247221211181,312.7709818553295,1867.6795687336603,0.645512670736676,97.05126125276435,27.309647256785784,319.3856918414818,57.03766524175909,0.004308547243779969,0.005047339203851272
239,0.0763573512702063,0.33129590183210905,494.4226003172719,2793.1887611662564,0.9236740565347791,83.71148560505256,35.17775870391869,545.2409365864792,12.348547949085004,0.008620515647046858,0.0017816747679906381
240,0.06350016930916456,0.48537553515436843,478.5142351001861,1889.831736744514,0.7150268428466744,98.69694291473361,24.258526097210442,513.2810573992901,24.856694791531098,0.007760178310519512,0.0025429619544316572
241,0.07704507964937415,0.4865907175360237,460.75358978378176,2348.718949218161,0.5913966259099865,83.92890263114563,20.58428965875705,609.9297170477562,41.29547521817623,0.0031777187152490834,0.009859465260875116
242,0.0810806819322427,0.4056111455359853,454.3566886731576,2452.5631154023636,1.0590145887499585,94.18522084503809,30.364623296678513,311.11999729650114,30.549545608217556,0.005888387974458759,0.00252542088404259
243,0.09355264125230905,0.4919872963918064,422.76829027951464,2891.8085510945066,0.7241010972227269,94.57137393669142,32.996391343924344,1231.7918420957944,34.456919628991514,0.002914490485951803,0.002149902106835553
244,0.03347582589708696,0.4224842618957116,417.47862857087654,2863.7536234041736,0.5088535747073417,96.65398853565127,28.217233459482618,512.9756902484754,12.414546979832956,0.00223010403056135,0.00485953785054988
245,0.07838999768257532,0.4242696835401644,379.3324816046652,1786.0419634213342,0.5728525619472911,70.64880773893552,26.1892721057496,684.2041276975797,76.11465279447651,0.009767743643985576,0.005896133163616
246,0.06222562023756792,0.4381597896992093,404.98854637749866,2512.571989961417,0.8597624621538206,91.53020972875584,33.749566497450914,443.98639362092297,13.376440468386116,0.002805551883303178,0.0015581380098488515
247,0.06746130220975308,0.4061416493331773,358.8269232852783,2429.247683703077,0.9244886240759638,97.16578343350557,22.88418554389948,765.133713402461,11.225123021960949,0.015007983155840832,0.000748655496881377
248,0.07637008930045618,0.29602958953226743,247.20867369321508,2475.1175199609434,0.8153612500910404,92.7320405068507,32.22684866788279,773.2476259596883,27.976219724534616,0.009440668219881388,0.004237345352087381
249,0.025226375058953584,0.3899856549414306,490.2113803977739,2276.6855294191305,0.5058348236098291,72.3828161467006,25.655207909458422,441.9471192351374,30.955191694140737,0.008392011706982104,0.009188811746577315
250,0.07315476334450875,0.45341891695741154,469.31628619607375,2295.3167071896287,0.5326364590436422,87.32265738466778,32.04000507770732,348.7114315935454,14.538803349340036,0.005456824645100718,0.004840877376270948
251,0.04446983516902109,0.47969870689836624,480.01310478066944,2103.271804676191,0.521257861078962,96.3014209120383,18.205821647302624,320.6216820380894,26.599122276469917,0.0034716097500825565,0.004260734284970385
252,0.0390474009588052,0.4894595262313636,445.71320905322295,2143.5957558668188,0.5978405692231783,91.20279378483666,21.69569419515319,306.4643995808661,22.09037036918275,0.0066027534351463,0.005061282681091481
253,0.05323309006188293,0.4855282717287346,445.2819535496316,2728.8169916677844,0.9361888164438894,89.69289171597094,23.20870019612984,604.7082390246801,11.99779241038477,0.0021096946219800487,0.002873167175136561
254,0.03354277135905121,0.40808320466925757,407.8545915468512,1931.8433952030102,0.5459910435662144,99.37999466324064,16.482469299283867,542.4367826065128,41.31175950594463,0.003508503519633879,0.002623107124521639
255,0.06594384197071322,0.49552760481233565,446.00098567433605,2869.6625263450874,0.5145413215415373,86.22199551168872,29.751906783873224,423.88768361558056,20.64159402842218,0.017621839252480054,0.006454775652323321
256,0.06305350824002752,0.3480415816951322,373.36995739761187,2895.594585324255,1.0685908255581542,99.81326132717507,31.82676580316373,530.2892198898464,12.337987289432203,0.008736577707537945,0.0004526190646918452
257,0.05983914179317111,0.43319079970759183,457.7469137199051,2842.417478905832,0.9036746934237139,91.16743397968229,26.48459106390024,432.9089614489371,15.391672599471278,0.004757389858134646,0.005375988786769356
258,0.07742225726049135,0.3533193307428476,481.3705859213623,1345.3860855144092,0.9327357501039034,85.38446093948262,25.188299532579443,379.6319604818347,64.8507462446682,0.0022876430587525716,0.009899904845856969
259,0.07835031401719296,0.4916805335515358,427.57265745316965,1802.740489771815,0.852355031776475,95.86290168929791,30.4974844993216,509.29208219807964,57.22112611342992,0.011980695296011036,0.0025139031166425034
260,0.06966602626472897,0.4876478745038139,417.95825240904713,2626.549421500122,0.8469627053659071,96.61142761841788,32.5647151107315,628.02089810388,14.260764355655445,0.0037306432923239884,0.0015196059733312878
261,0.029409072828109506,0.4770642684494665,382.4219191457767,2054.1979787022287,1.0599714138481544,79.64158768263187,29.733510091103042,475.86828758033107,18.407018099545166,0.010688388880524622,0.004107469705220447
262,0.044061513611882784,0.4153772853760256,407.78705920902866,2924.59805953822,0.8272194329159676,84.75336409075149,11.562130788767908,395.84387526906863,29.103679620413995,0.010858921852892655,0.0015167769022354275
263,0.08943524623030441,0.4052731428960584,432.01239863722145,1368.422187842219,0.8394441783443127,95.29830948372833,27.65781201215193,358.4076952201313,90.48430125721764,0.004586435664321623,0.009933687303139425
264,0.05621533004092896,0.2159969083439826,431.2780985114997,1535.9371616517903,0.9984681766283043,79.39906852335622,28.995400071369943,406.23789418606725,75.03340797657921,0.018394388530530815,0.009809837134597155
265,0.09723794281732687,0.12424185083700132,103.18997294099873,2322.874039916874,0.7192179300867134,27.42599796499186,19.333964352137762,1487.5785320281475,91.1738464052366,0.006784508351509705,0.0017035147386654619
266,0.09868779675069636,0.36802383059018023,483.7237986484597,1162.9913826480952,0.9600463737542209,91.46138753801543,23.33913985478635,388.28147468491085,60.97207048819162,0.009845126523916958,0.007492235275255902
267,0.06530103307216822,0.460554317666906,499.04706088466656,2658.005897150628,0.5532377436938061,94.19783985072536,28.129553192011052,528.6401874036268,42.7346055988178,0.004382251819658372,0.00419524062829499
268,0.05941448512274904,0.40735096342553234,442.32748864429715,1084.8744421208273,1.1288455071399541,83.97342513779917,23.58812723845355,1003.3367888817938,60.88381782307478,0.0042707490316737495,0.008363262260824442
269,0.07693475582727036,0.2917055566876549,414.50820476996444,2441.558301468941,1.1355211734786737,65.61107749417359,14.597289482032142,318.5528557858046,117.49538377406444,0.0067481637046359014,0.004397658849156345
270,0.09235861239214349,0.3717341743672789,450.8704103616956,2818.4668660306684,0.9220436187297915,80.61649620822467,17.66331456333363,309.20755178945785,17.47556827332685,0.0024198935245365364,0.0006240195114515699
271,0.0609688066812306,0.3888897891075059,485.6180809703312,1765.943799474179,0.7869757339177417,91.82001688730193,17.23321074008895,307.9660458593835,68.95926653000033,0.01326221617470338,0.007800715344177797
272,0.09099422471415242,0.39515289080949545,397.66446989184635,2970.291870748297,0.679669113700166,69.544294638444,37.78440438467454,427.7302559164783,48.07971834655408,0.006964795182308886,0.002608954806485429
273,0.056847422603023126,0.2901276977940963,442.8271765567172,1684.499132976527,1.0349873801791767,94.65950820249407,28.770323566515255,382.5061747728339,62.68579552433801,0.0020016882238154073,0.009243148744754305
274,0.06301666396613123,0.23701109453468905,442.42817222804007,1198.5201623919888,0.9108449856405876,92.95645744133842,24.71693415585037,408.8226797331638,48.41477071076717,0.00716951373395382,0.0070747207198901116
275,0.06443236024261942,0.43888806384775036,456.9138381861894,2170.4187203955253,0.5406169301851612,88.60790940462171,13.827862352728246,401.05680678446254,13.548035356195669,0.006288640067988108,0.004267019281154322
276,0.049988633799321794,0.31927256423304645,482.84200939731204,1575.6782479971741,0.9320598834541096,96.85160351667143,30.039412087225813,582.0803515330123,51.32278375157444,0.0027364621737174964,0.009569291402342877
277,0.04449877166635048,0.35115255205074836,381.4630390777523,1619.0800314037888,1.0578859425773621,66.39198570383469,31.26461639499828,386.71438028250367,99.95585050139528,0.003961864928516154,0.00833963452244755
278,0.09175044319351609,0.35687229791685743,485.84026680008486,2710.0108101615865,1.0292672599793362,91.33574089758905,17.0531193813525,461.50042726343423,81.81713106706236,0.013476054375369138,0.0025503386316857854
279,0.07531732097082433,0.37438133004496016,465.56242616229724,1457.5658777882302,1.0982738525158937,70.45317173132896,20.8049639678865,566.3235825408686,29.468950817954806,0.003786644737908253,0.009960286541647332
280,0.09564029761662501,0.3758852746085386,405.70188076071133,2749.712921830352,0.9689158563795751,58.86992848409463,12.73003785073604,391.40286927859955,22.46141543311394,0.005756552717375242,0.0028727986436664693
281,0.06712176148880772,0.36966880249915246,355.49741581099335,2696.953706727875,0.8991228270978778,69.66600934099267,16.87450325326649,516.0908995605598,38.36702415521664,0.006978616226275923,0.001467584188746371
282,0.07361652240590214,0.37625188568491597,382.1660038415843,1797.012732870171,0.9531111292420993,81.72306615010487,29.50634498265841,634.6868883148157,66.273097763189,0.011800124265485391,0.00955283194134473
283,0.07820417188640671,0.34879274941189015,419.21741282918754,2815.6566925466022,0.8634874931148152,89.65405225361684,26.96288666826739,646.8388949400965,51.58997797070743,0.0035271773731561894,0.0030373651910382002
284,0.035931542103241995,0.4970638023192499,472.8824801531351,2527.6796750440053,0.9966352392081657,86.54257368783941,20.481302682729883,347.135126087743,16.0821605942161,0.008120331243715775,0.002114622483833648
285,0.06274884819833207,0.191957908892525,322.9472511522225,2146.6419083753535,1.0939523204199675,90.78460804353669,29.1382281880123,355.89794359225647,40.68130829584631,0.007320234228688553,0.00801766784462242
286,0.07034001489007366,0.47831912737878335,457.1478015898997,2929.640168571728,0.6674445385904507,84.89783929221969,24.480788531844397,376.1579831848831,20.386293490532797,0.0022341352698883998,0.005920476582520645
287,0.04040292724643667,0.2868425182815365,475.9512132090666,2340.9317220704793,0.939245929118142,92.3133099420003,28.33103825618704,872.4769350380819,11.601786723940263,0.0023122291692278278,0.0033259803862664855
288,0.07455852310849141,0.4964112414601106,406.4145128112351,2358.9340519479056,0.6913784115425298,47.5518652537711,25.529330737038553,354.40137984067223,43.51688886136397,0.002633989586527637,0.0012571909216352532
289,0.056883121748696835,0.3284912950007377,382.2482400575867,2395.22278735913,1.013945041630083,80.07445415548612,12.532507064993599,314.86237334593875,10.955411679232082,0.004526100193065667,0.002596045020578132
290,0.07968052773443741,0.3679815217258501,474.25406139733315,1499.6653360618732,0.9544369056455106,49.043784090331066,30.21962611440685,425.4160228054874,85.91555988859089,0.006527416808134685,0.008979041132189815
291,0.056557174972954996,0.4714637235158256,467.47358338688673,2782.712316667621,0.8896488789445902,95.82606559801376,27.794377518775434,319.65543473890034,13.41209882486277,0.004675895845893482,0.0025145555604184893
292,0.04831596391973357,0.4991466988849786,432.1419599493594,2464.9972976759095,0.8965618480179678,94.72366478117621,28.48597349733668,1010.9954639323623,19.467700108720752,0.011051325810566962,0.0031038411846998457
293,0.0026841245397131036,0.14605419225861865,374.1364580016995,1719.6958502824325,0.590851093945103,46.99408153740262,25.937509837526342,1838.1938488768144,10.326409094753352,0.0306011488734176,0.00842338069998172
294,0.09306256644599707,0.45363521025317394,459.41970566818173,2904.80243635377,1.187549479806128,83.34728278764277,16.407673159115575,350.4870632303351,30.232438742230887,0.011029646404621766,0.0004981720734139302
295,0.03153439925342428,0.3045506084002265,422.39096624082345,1639.2841362207225,0.7911939395811335,68.65226078096256,14.637760309415832,355.1196413698895,24.346983738554428,0.0020108795398340795,0.0038357440087470667
296,0.09117247371951315,0.31254241215901013,487.8088004652803,1832.2311274918604,1.011102586336299,88.17416840871667,33.08450780955662,495.5166862717174,54.544125000408734,0.0065464222403653766,0.00839189719831395
297,0.019124149394977783,0.32579126791290564,306.4382011301502,1702.3588705902632,0.6988039986472102,63.90308771835649,18.9027203326179,410.64440246153197,51.895906052860155,0.0032194620418832527,0.005917128209319084
298,0.04086035030591961,0.30911061119621,448.44156571463657,1917.1654620963752,0.7614706355331796,62.29944136459773,6.4053432564340484,318.62265384212196,27.797990341605804,0.00773885310644471,0.005367154242255936
299,0.03573572047542041,0.435107460729686,495.7338114266726,2585.312193988694,0.8904948655299211,95.65164034589239,39.77996734789899,374.07522613541704,14.137199100681816,0.01144157699377054,0.0021892058511087
300,0.028603736617004903,0.2882550163972137,378.67449268912094,1729.2802373218763,0.6420807529777591,70.65131033653402,24.59825720686372,624.7062632383081,26.487086927884167,0.007576516238406323,0.0033292631258190404
301,0.023478257990671735,0.18505397907686255,463.52975247301924,1834.698083384281,1.1838898039097459,82.22440810054411,22.31784955978212,576.7147122595574,59.332595962982396,0.004551636337709639,0.008583687520523027
302,0.05033812491744391,0.46181859252300544,383.3007880736466,2915.7716360594754,0.6630491491522563,97.10100360725238,29.439062144412922,404.98521231021306,17.024685931935,0.00217337754515425,0.008491580318591797
303,0.018408932457560236,0.3335464324940189,353.4013730459719,1425.132858533342,0.8922732203332865,55.40048695596151,12.834346903310012,894.3119205642324,42.2166860971939,0.0054592825477738985,0.004686007169453609
304,0.033095726730519213,0.47957159456342474,432.5767358725986,2702.7696038191693,0.579537916967678,48.671199389408876,31.66487449430431,553.2231023882082,14.17195069063622,0.0077425532818052945,0.009702686090192076
305,0.07482424325871295,0.33464920605331083,492.41958978727587,2691.1876590859288,1.1442130177633048,65.57408770127181,22.695724878165763,395.3620441750535,68.62691754779992,0.006795607959858181,0.003352690284873838
306,0.023399985346309743,0.4114376758777602,312.74662857900745,2524.9423557085993,0.7806734104702374,98.03323568812665,27.61831014142709,908.8731546089964,28.697906698797254,0.020624635587753792,0.009813166496174936
307,0.025267323026376028,0.3307106258581809,453.0938864254243,1519.2483424759994,0.785333840889316,80.32663264070383,7.089658485542195,1080.8816675901192,10.15807470988976,0.010785760463624096,0.004134766115477763
308,0.02604126702789415,0.47633021494452626,442.8767374806039,2621.326825493772,0.6391136218274538,88.78414184535862,31.637611071658764,379.56444609103124,30.986797387967556,0.0035857605427671016,0.00832003942502089
309,0.04265167097335705,0.37928978639658306,444.8966321376242,2868.2747141235595,0.6384424793794322,85.11581594462706,33.864173726648005,718.5389413819834,39.970675195446866,0.011291542846535885,0.00962725668746051
310,0.005910931546244655,0.462933367421136,480.0072814605151,2662.5663816144124,0.6962782486908368,87.70192560345129,19.764576840110383,997.8264540118407,19.79656253505692,0.01060420172031631,0.009949066831298743
311,0.036986833640023704,0.4341930883514644,296.95951417814297,2830.297308292007,0.633485393948202,85.57690238586113,17.638526706589076,316.9545983451257,34.28383228637041,0.006200053876205671,0.009196967550037793
312,0.05372503562941013,0.28900487777123074,393.933034590162,1887.3194026829838,0.74787344114902,45.69530794814544,10.749219717817647,556.0958735325889,33.688386859560964,0.0030506182647650295,0.0010541401717925948
313,0.0690227211657095,0.3870992675539227,481.453245822261,1144.1484015007943,1.0410441703065199,73.3856319999511,20.97861641617193,440.4126097592716,84.63238470847999,0.008625102827220841,0.008991136847267364
314,0.028962822713183317,0.3251909463653107,360.0114805367584,1944.1245523266493,0.7903161853426293,80.3508009597902,10.631638462273571,563.2970885421669,26.826977029964116,0.0068583224815608615,0.0022433782216480344
315,0.038342290405778974,0.31432348753492945,387.6924908511546,2035.7710363348801,0.8025031673818882,99.5239660194692,9.784388549908842,318.18721981152106,15.546632407383502,0.0078621961097247,0.006339750477975923
316,0.05591494456620223,0.4899899466526004,454.1968194219097,2876.016118301361,0.5091245475390126,86.65314008963718,8.60726996912271,334.9491617382127,13.222231992596988,0.0028421258280040707,0.006351899629280377
317,0.009727695999163965,0.45784641731731357,404.26693758182984,2086.4699188405775,0.7857945445690899,85.66339746576536,28.78147518155011,562.8506998022931,22.585409342517025,0.005476007790425895,0.0072067839909016815
318,0.09417297255135103,0.306051492305942,422.13612588497415,2566.7855235403836,1.0344673966180327,87.03516349712969,15.31487121411109,303.01384393445517,27.34438156607389,0.012677961860229762,0.0007163187858049858
319,0.06989524387912004,0.48125697520453736,329.1223176605783,2797.0184859156416,0.8189708931476605,92.30754423622497,28.64138413036232,836.9941143429733,22.472333140897987,0.009544454458712286,0.007732354461246451
320,0.04327428091058562,0.45913863852507614,443.9195991475707,2878.842735823143,0.6436312018007662,99.48368080222076,35.41906630312102,526.1455839616175,12.488676524031241,0.004877207736614935,0.007632290404695747
321,0.09143741825618817,0.3363007138934123,465.39249339056505,2987.672323900773,0.8899891600942179,74.66639802484049,18.572193331154107,320.08436809353617,26.352877556835548,0.008863157109047119,0.00046616881697516795
322,0.07527167307599629,0.3844757637538639,466.22476825121254,2470.6716882280366,0.7541748256152723,63.916229978680875,25.006408665111394,329.7925475381451,23.80758111994,0.00815060024168848,0.008918124063785681
323,0.02779720196853091,0.48671665783201834,357.5076470381449,2386.6647985332875,0.6662905345601584,95.06527310435915,25.96016787745783,593.5839771447354,65.29504309788283,0.003150401774356459,0.00829066768319296
324,0.012432137300998394,0.4876502697875304,395.93261729441696,2632.2586264742786,0.5275353306614615,82.40516218664126,25.054197244620358,486.8631816105526,39.395578655169196,0.004168298983684445,0.00826244071189397
325,0.021169404052355886,0.4558094170742033,491.398679668798,2917.009314129129,0.71428761067757,68.63905060027268,34.74139248487629,459.23796340901436,44.124294009343316,0.004961013000589646,0.008616320256399287
326,0.08910257455603637,0.31889133637725203,359.88719667807254,1661.5599640573444,0.9049929899266417,99.63452077491459,20.46051961600895,389.68290951715966,53.82094581768558,0.0023928012657889494,0.009816217045868086
327,0.049985823424265566,0.40595481330455735,337.2977333583483,2856.3648460821523,0.5954254075042938,98.84170493918005,24.94473188391894,512.7684587787879,19.216046564185937,0.010450729206703766,0.00833008349455495
328,0.003321456390821882,0.14591000242867427,330.1754407856029,1914.8086891912087,0.8821075915947515,67.00560449062318,15.827644856099443,1788.2088794319232,38.4354740021115,0.04281536722544288,0.002711362063329114
329,0.03908259421904771,0.45232476545493766,476.7985592894196,2842.258343200018,1.0042241267184324,70.2876879827088,31.80168852848109,455.0972268027049,13.943648917143006,0.002298392709021875,0.0035360200075475736
330,0.05982705211717684,0.49041561266465267,369.31308723593946,2766.6179349742224,0.9703421939351076,96.39688158371746,28.162504380943417,708.0537454796594,11.610392851253355,0.008886437849609456,0.003430125990340815
331,0.03865092309219265,0.3531098388916638,351.3159050224513,2123.8733442230578,1.1969898839113948,90.05879657633918,31.686427777663052,322.28814379852895,35.75158922571046,0.004058724453690602,0.008410176065466667
332,0.018868354724688223,0.45209399963227487,451.9891664552727,2758.908195104111,0.8956798374397898,71.97226940893918,34.80103286244302,634.3526803437055,17.470655067081985,0.0049764513400238075,0.0046133064849344495
333,0.03904219927720096,0.27241667329998287,426.4993117799,1051.231853819812,0.9232480997699137,58.756767486944405,21.21463097992673,336.9465689007764,18.3166195431154,0.018255879743417726,0.0030690030152101494
334,0.06325487644593898,0.29415480523103354,460.06634042432137,1630.905848252225,0.8673064500603802,73.5808445510475,23.311740161977173,300.5345669561382,65.41646215523807,0.005454414288261353,0.008916806137921725
335,0.05823816297887018,0.4933738821925627,351.31394168692105,2703.3638062113628,1.0228512089688175,68.04619679059515,37.34851166332387,452.7986013731674,17.990216289973446,0.002486514207936484,0.0011432929692494704
336,0.05780128006226937,0.487806341034558,275.21594987431257,2765.831313135882,1.0137584101382073,75.77261210066912,26.43308798102489,380.2368163607265,28.439117550466122,0.0021547659422646347,0.0020072475572519622
337,0.06042492104585117,0.40588749590238915,244.08946488351975,2651.702009267402,1.064604494137015,79.19198130230225,28.512889041963035,867.4678892418832,38.89970694913273,0.002894059038115629,0.0005341682782755493
338,0.05403888731320799,0.4908504670507611,241.03891259697718,2517.055787419429,0.9985856310083543,60.838556973383426,18.36694277116828,339.4036058404205,47.617289816348006,0.012344104408765388,0.00040514822268301
339,0.03506224629657775,0.4887454734880779,230.22096330592473,2986.4871474786573,1.0427117341072478,61.44782226189193,28.129005400256744,528.1021194735359,23.798318151650193,0.002283413349145771,0.0025675057302077457
340,0.06740431389891037,0.49647233875327346,287.84487653657686,2470.710013031176,1.0341378990086842,63.11510389533647,41.773644415931145,545.0896417901664,25.104705988982968,0.006515443185052969,0.0025025614391685574
341,0.07040869865961155,0.4292860302157367,262.28219352658544,2192.215261778485,0.9312933332714436,87.91232703875743,22.147328448472006,325.70000808915864,41.580838356295494,0.00728321327987877,0.00511553583861335
342,0.05759807631185103,0.3682176822712672,348.7148931891368,2082.5784375236353,0.595934781382278,98.51383649589748,24.896688047004183,375.78658394012683,22.319891254645814,0.003094916493214267,0.009533226484182951
343,0.08856662782015405,0.4793421857268433,481.0127121566816,2478.7407708384308,0.9852203705109618,57.40063109912485,38.567007439313855,649.9220886814355,25.098087929351944,0.009531549168659866,0.0005628346551695276
344,0.0843955253259801,0.4846632308434235,450.88820729177473,2308.101024263633,0.8180735099154411,93.53317349711213,41.07198523483111,318.25334247027604,33.00961948726905,0.0062370712057814035,0.0016942262061471042
345,0.04714321452389898,0.43617222330611466,425.1513419739658,2443.671780840815,0.9155571268438307,44.38694041158418,29.31655073114503,488.91851310009895,12.32693807280057,0.004620482152647378,0.000887874004437047
346,0.06293755325499065,0.45395465128170914,479.72350709705927,2026.683869015679,0.9253519780832986,89.38028591839036,35.04456692323715,494.3141146328634,39.819126559368954,0.010547616005779758,0.003862426822003732
347,0.06752031033785202,0.37488181924640357,358.43355759783935,2577.5636697754467,1.0536593351688799,98.6461328537417,10.857518245640165,318.8633042129546,43.547625345170516,0.004737727280381125,0.004447429175456389
348,0.05343612904197067,0.4300009154260282,343.4911919897377,2903.529684477083,0.960451307232813,54.68389144361068,38.885806071640765,334.5470660509879,26.096921482941095,0.010665565910613758,0.002137477930269008
349,0.04793246689812879,0.23366478285048678,390.90885318640505,1699.2380238570497,1.0988711157337747,93.55442222551942,26.66596634036147,567.3892879426771,68.53501333216535,0.005588703569283832,0.0056725982627892635
350,0.03908809543495046,0.4062843623096762,482.6166934589302,2584.3308880992395,1.0133797130261992,54.59639752669504,29.74892284202399,694.6787679978345,20.827813164417822,0.00550384917589478,0.004095148185271692
351,0.04765253592474185,0.4826022623366487,436.9197823029782,2146.006925608477,0.6766560840430548,59.662124111847355,15.764707454501718,1049.2159693453682,19.169157547803344,0.002828846257579457,0.009133856418346993
352,0.03337367022146204,0.4329922538887997,479.0576270350789,2956.6735311922716,1.0593395700769601,60.31747232777151,31.486422885125627,307.326802334457,11.050012998468768,0.0060432789570799995,0.004107300756827071
353,0.06482575528390924,0.451001622579459,499.70012518465984,2919.4710404421044,0.6349052656762793,96.37816783914998,27.90584517803101,311.4349986572992,48.46249868440927,0.0046402950235031985,0.007093019476498586
354,0.06146834840885346,0.46511775608596423,436.15739211803776,2710.934209775142,0.7157540356497861,66.02392961212652,24.930338179115573,314.0106170048666,11.049992392102677,0.00273792873590002,0.004983155759220898
355,0.05213782492517463,0.47850925620499857,425.1189280889063,2801.845748406098,0.9940205436979799,68.89976531342455,40.19935253014359,703.00127896851,16.243393061782363,0.006987937871704895,0.0002681019877608516
356,0.019377092384008848,0.18408381680429403,434.7132110862568,1320.7484100727927,0.9737429459539054,52.07680290189439,45.986608009466046,1895.3333746605772,55.890055071462264,0.013257988139931775,0.0007119160835725724
357,0.06809069704967868,0.45813538905783063,395.30112820466707,2660.0719576947617,0.7694099001113727,56.30568105760291,21.272916797929206,363.8339343918845,17.935298194324826,0.00513486714002402,0.0044256533479005425
358,0.0032880085491265552,0.3378071398245458,408.709913548318,1239.4939483807862,0.6738681258123651,74.46763270322604,17.310250825367945,370.14023606419636,20.029392499476664,0.008994271957001528,0.0050684285217163505
359,0.09682004997446753,0.4009804161602481,491.3555650390619,2606.9393473270006,0.8834620132122509,86.60028509641175,23.78770560795937,447.98881608295676,12.01992939861296,0.003459124586556124,0.0004490869495172567
360,0.04090583423732701,0.495364550257055,453.4587225687266,2701.7302145350977,0.7901496027733248,91.5878654992177,27.36096362410541,668.7953026754664,15.343564252321709,0.0024378855921237045,0.0034622645521927954
361,0.015394023204839295,0.42801195292283317,451.20559548831835,1942.9072660938255,0.684749765574862,62.593257703186005,40.497440564442584,896.008397380085,22.191485570933928,0.005720085835275099,0.00976721897573724
362,0.05648287797293793,0.3414462166245516,485.55929529709834,2955.7312358006297,0.5739983081324828,77.74663542222261,8.483791594274095,349.72584115657094,35.921352686890536,0.007731713724583982,0.0018642161003715153
363,0.08172246194937088,0.4894119749138775,334.52609469214576,2977.4737670515533,1.0754580909685043,75.21353100250839,34.444850961258076,331.4523818316294,22.22482973489932,0.004217240616169703,0.0004243221869191698
364,0.07333155955530787,0.36552536428145244,447.7191648071237,1105.1157260992338,1.0342550128670502,93.89580175525515,27.905721217343025,469.7603162582433,54.21268830096395,0.002459710735219565,0.009594855422086226
365,0.07792040262745323,0.411821139354653,365.1039608305733,2953.9163065765392,0.5669335605815313,98.6651988996096,31.66209236938484,386.12504650340213,11.841058348741925,0.009188486682456098,0.0024405343142453037
366,0.06309246887020165,0.48662937425491243,488.8969397345557,2796.0833445533676,0.7292406079925051,90.29043793275055,27.64675125884604,507.01657272891055,11.263431987443319,0.00815069858110194,0.004192729910046046
367,0.05011686415396794,0.4706837118414041,370.68862345188285,2199.9778644325265,1.0956936355146274,75.7452223201422,29.754869457441803,408.7538922299349,14.218751761775884,0.006714396059750707,0.0003260699285050427
368,0.02797980114940022,0.11017057398432437,223.80671143132483,2673.1804027367134,1.0805686092940612,31.50530305311792,26.9278043768241,1874.0221764305902,15.542972437010732,0.03126763550402328,0.0036655501466704705
369,0.045311046778986175,0.43776382306722716,231.65760281363288,2439.9365509718136,1.1110721119629265,74.12686893874665,28.946389503969865,489.4441634685822,15.537374586240087,0.012158609208756402,0.0029562750236318902
370,0.037002016051829595,0.38024725146920024,491.5742568358388,1416.3250582468372,0.8686046264056817,77.5821238831445,23.314142499559026,410.6076394146944,21.065257599099947,0.0035444533234314088,0.0004224737703341611
371,0.07932432417329503,0.4850670711750169,434.7945189056512,1567.1859597561559,0.9377696181849826,96.72509230825196,20.412734405002595,498.6489464489036,53.155992296483,0.003882623987916059,0.009142295023281915
372,0.09317775075199239,0.45061784936242005,495.8274796407,1016.3562462181501,1.1043972484412736,70.42249405656267,27.76199656657976,514.4493538406495,61.95460893008797,0.004146242499986432,0.00905823910035153
373,0.057649486620145754,0.38704845370063634,479.92802806467114,1412.6876194544002,1.1550684444543036,94.99870092302854,21.724009558507436,455.00495678638936,64.97565964810032,0.0051605399745576685,0.007163064684229718
374,0.05372037746687926,0.30687665365443384,345.34103383391437,1450.6659662497377,1.127027026202845,71.15406099199146,27.836514471596693,421.1470444510031,47.88546991328232,0.011874533249130884,0.009822706027105763
375,0.049193201882482246,0.23282381138704428,459.1210718197974,1268.1336000217975,0.6749665965492896,61.22213353741809,19.60445861108123,323.049232579378,31.64546345866815,0.0037720279841261177,0.0059539285776615426
376,0.07536638765392695,0.24294104166812683,397.448351287226,1489.6971285026004,1.0045644385046306,92.65465662405644,34.60128922529364,426.0608925173024,77.42532078697138,0.010647763730267858,0.007769333372725688
377,0.04904147479036541,0.41942165540052223,489.778867332379,2505.1818778386723,0.8580081841210894,79.8423445109824,18.711199400891807,911.4472076089272,99.78963914339906,0.0034928632347771245,0.005011667123069837
378,0.08403001746713876,0.34928016211930146,460.67267850170015,1266.7524181546391,1.0735155747254777,99.8795403736732,33.6336613784839,393.3497298925482,66.32283767159294,0.0061736131992298,0.009611522069849299
379,0.07584775879998461,0.4819510741534826,421.4757769025248,2903.1958446538943,0.6125252865105263,78.53536429932468,18.578025003597997,477.9131860805083,31.829978422913754,0.004933424695673771,0.005504781165782014
380,0.06143360999364008,0.3249718301597057,430.1921139199534,1196.96954521057,0.9646427335515982,79.76982513948788,26.54750829659032,761.1274326355408,46.820483475166995,0.004631949658315426,0.009940881306539103
381,0.05989890691429585,0.3403438220769902,194.5276747778318,1437.5723203717778,1.146006465536387,91.13537797499774,23.289149657310336,1684.8658503713075,87.21695987101258,0.04570706886755539,0.0022687691811084
382,0.04353989340943831,0.40632828895579537,340.60615506824416,2895.0551427555993,1.0499182914874223,71.40525652723994,24.700761858724174,317.27040546904857,23.63772238995523,0.0020988142113089114,0.0018995203687251232
383,0.08160124782806244,0.49674349982456234,471.92065317070677,2705.764482833199,0.9245352292358051,80.61743473001602,35.15860882492649,519.5140317020213,15.123027647773519,0.004757404350134597,0.0022806414170532547
384,0.027562038816133054,0.459974139332374,335.86231529685773,2613.8802266779535,1.1978288900869454,99.47590402311126,15.978757112939466,330.14039820254766,45.478471511338114,0.011347216888251018,0.0018754140274482621
385,0.07355981357316532,0.47174870718663736,224.79111149405549,2683.9890177820266,1.1782075459793497,99.02554914975316,21.943260749561546,448.9084597853681,20.70759684671897,0.0039704881382246916,0.0032630575898369395
386,0.0422401504587698,0.3914393181080396,385.81491829156533,1551.3068639602652,0.6785800438193211,52.64988453158733,20.88487588226,357.7968320013461,28.32507925043172,0.005773444576100276,0.0027097813055166624
387,0.03844515480381431,0.363300372905627,298.5926077902466,2967.1186277332777,0.9462509207321348,79.03996135348179,29.969933941758402,495.00424363151967,51.05387992528937,0.014846293098031343,0.0036368868914182966
388,0.052000840859555,0.4474843177104135,244.39557611721,2311.4375229345887,0.7898918521681727,30.5136933133154,16.402387392714573,952.7998374133102,43.79286808296042,0.03808457741875072,0.0024765115877422163
389,0.09915280033549381,0.3070029073060706,178.1314124421304,2053.91187211963,0.6557307218342256,98.9471429473222,31.18606884062046,1470.2217628741573,31.613342028224217,0.031736452875635326,0.0007224633840745495
390,0.03141990438564334,0.22500161105684996,349.03253516621953,1747.0020934435868,1.0058545483889174,88.99423439294914,31.41899546809014,779.0934651920511,91.8702315696016,0.003011364061359491,0.009583317042364141
391,0.05117996206183237,0.49903922860761746,457.8053073049596,1144.3956217621867,0.9876696210652677,71.18337838291322,35.755770171119316,372.3434084082465,44.16535042406744,0.0034538214487862414,0.00908878938024991
392,0.031152476624691734,0.3705366776265491,371.53442416195617,2483.4992530631303,1.1185613018924059,55.162736079515795,24.164879933038293,459.45003276348035,68.02594769446662,0.012328336762053463,0.002409798083037277
393,0.05703736591486885,0.45085144301905894,427.6234120943443,2964.0562674146204,0.7344002727424285,66.60718887998117,17.283661376912917,512.1311936617236,10.213613659037815,0.004264473345918377,0.00817967268380566
394,0.042601081784220216,0.25264100059353806,449.226899277779,2204.6768490297773,1.131083628001017,97.68473394363716,31.953111768114432,1199.348695029249,58.367418297061434,0.004404302922098438,0.009063754904629764
395,0.044941355197821796,0.4634650487920312,355.4745650061565,2541.0356782801728,0.8770742309566651,74.68372442126947,30.18032655417063,775.7689638835254,29.066471394895977,0.003139200177300289,0.0017551561013891587
396,0.06837109559958301,0.41954828337921135,402.63086081954447,2836.3017294173706,0.9745337628458113,57.847522801796686,23.669860231115848,847.4529566472581,85.05873604167768,0.003376320984914376,0.0015834235259607546
397,0.09996044755712902,0.2941459803443616,430.6439342145241,2614.274729406175,1.0526310884334524,86.87968891294891,24.37218681271306,318.7581850971732,70.09907437522145,0.004393424105686175,0.004090981251981931
398,0.015541136760816452,0.4420168572446669,440.73318821076134,1601.9651160261656,0.8838658789458812,55.75393234416491,6.785868278521922,483.95453279226797,48.96830093593262,0.005372417034287178,0.002782670426071638
399,0.05966646407235814,0.4702714262065031,427.0204172832721,2980.122238972743,1.1167979012345433,61.782203683497016,26.990488292861993,419.92306005749913,44.84647841729941,0.011796091420514007,0.0024976361214381596
400,0.060056130669183395,0.16060798371834847,127.42285921245096,2870.328400075413,0.636083863232404,89.29706476163695,18.149458243453157,467.59039018459134,73.3138194494912,0.030521633222369494,0.00439957367551335
401,0.013653659887338594,0.33882901049208275,439.8592306206185,2695.3299019400356,1.033828943500585,82.10594047674005,15.594463816740872,304.2907767833471,42.20697604046054,0.0021073522888080147,0.001692171992698243
402,0.018767178663956628,0.3608976968626649,495.62771811642017,2419.644350762635,1.1548840586103337,90.3829247503307,7.084009312488925,652.4932998781517,38.87682818177887,0.005155115056047868,0.0013321529293266708
403,0.029642689486332054,0.21664771519969084,428.5460265481664,2470.242194392265,0.9927114023304332,68.24979607515718,19.001793058481116,576.3657362517772,58.482747944343735,0.009168864448939966,0.0021984560656977794
404,0.055175721802178106,0.39397837258701984,491.8706492800957,2905.858191832438,0.7800216782872402,53.95443514216142,34.10954492402893,330.55216561154776,10.37783930460547,0.008532024206941725,0.005737792323526102
405,0.06887580612150701,0.2995687373688883,447.9199455078154,1481.1199462459626,1.049725875438408,85.65968594451115,14.326490830555882,1225.4264043378173,14.6303511791536,0.03773933150756786,0.0058621409499098245
406,0.06406531788845249,0.4805914731570916,398.66650559514477,2536.4286182779015,0.7334409348366988,80.92213642144117,28.486900980235482,347.1621895291307,24.447379516704217,0.007523271030713163,0.008341158761799134
407,0.026832498757569642,0.3487027416702909,423.0078790313221,2897.32478191871,0.8692412975168845,81.88508481447718,14.637612106202843,705.4325007502302,69.29026669704936,0.010237870811978456,0.00189298760140757
408,0.025480651307808626,0.3671631825425841,423.4428303479053,2772.1612244273424,1.03726222255884,58.23612344971015,20.510247821307598,353.1786039555651,49.946075377441716,0.007589216666504484,0.0015990868255635535
409,0.06605716150980635,0.4454745460318972,466.3864726468065,2924.426687262067,1.0584162038704166,68.6846065224749,22.27787141399435,377.8530838983165,77.16192741805312,0.0032292058591382325,0.005234869392099715
410,0.04953005059695939,0.4755618186889015,273.4592624759766,2341.124847786871,0.9796301081679608,74.67135220910154,31.74810436445783,480.21671822442715,58.38907440825294,0.0020177590896780042,0.002729013097143973
411,0.06305633490287188,0.1850517373529915,472.03280365509056,2085.7575229140575,1.128157302867836,89.30441437584368,19.86363427263794,512.7915814073726,76.95542314703167,0.009031058567709175,0.009393901926380352
412,0.08694444117862536,0.4019774265181972,488.95573813465046,2668.1763332084984,0.9941292326739066,81.4278222438615,20.894681034336823,854.4061806316345,81.54145841481613,0.004813573266034526,0.008073047235835854
413,0.030394691540456643,0.19559706384212555,134.6322719035861,1758.3706803788054,0.804655323294793,49.786285777874944,18.578246689933284,636.4788306987242,66.52230653873887,0.010488081967807624,0.009626454502562661
414,0.06467495706955734,0.4428901325402601,487.0072788002726,2910.096026391478,0.9455955762965429,65.58104033880704,22.134403414624014,414.4351947373358,74.8611667339787,0.0029066080092764717,0.0033308147504210986
415,0.052722034401281814,0.4712161034338715,342.19309890321415,2902.6139390398753,0.64606764525295,92.43227187037758,33.4050404730245,301.1918572977743,47.092950233566974,0.005423273652973842,0.008912669601348115
416,0.03349936872123979,0.38935616158834807,408.2170092477962,2338.5553454924957,0.6680906411083428,58.24136167651338,28.211794090117817,345.0260707486276,22.025659691465776,0.00205838454206809,0.009881521594966173
417,0.07717231723745335,0.32253989884845385,420.2989792976797,2679.0562663083238,0.8968347218793231,65.98221929702193,28.989470306296855,311.5788935930667,59.56832375085031,0.0064544257744503526,0.0014420164981822127
418,0.08274406994541421,0.45787856161681634,456.33749531545556,2899.995664427626,1.1565788778650046,41.156914538450074,26.87547402049875,328.0947560008025,93.40944905845635,0.009348919611410298,0.004782653532454179
419,0.03355503729572067,0.3906510459982813,358.85128594392074,2848.7941575365103,0.9166885363249874,45.78748070846473,22.351047820930194,301.2598578168109,68.80793212585651,0.0044398455162210585,0.005730232562366862
420,0.006691640907050851,0.2618361910039838,428.36324925366466,2460.088591312433,0.9553864221323133,96.04745763349676,16.814766226537007,321.50867699775324,69.11102350144381,0.013600041363197111,0.001043404628380557
421,0.05714741520566631,0.4770587680388998,407.28839950399197,2581.5055355058257,1.0104218230668258,71.09253367054207,16.214730864151836,445.69754977652474,67.1463682246891,0.008497894972930024,0.005111472250828704
422,0.09199981528881074,0.3662308934698868,466.7253465845638,2440.748673451261,0.8715501365926445,67.7327048429254,24.573008527576622,600.596628856435,46.604536080002326,0.002348081161142806,0.00292811661026671
423,0.013341794956193259,0.2409956970719734,339.8975533234304,2691.469341351986,1.152801234145539,93.74005370816035,7.411769678047223,470.9447964802428,25.624981889546063,0.002629355548852746,0.002362706836302031
424,0.003434479577676123,0.3367726793082929,469.09090666386896,2344.8993870774284,1.0749309732637076,93.77626920905217,12.417228066132854,508.6309224725024,61.244537893481876,0.0037162490436646748,0.005560525466369378
425,0.030076800214236372,0.2628524518543678,296.2662238777358,1353.2129420320143,0.9556158407763202,77.32141156636128,10.304889421487921,323.9974008333951,29.955078113332757,0.00607476891755476,0.0029255373221769086
426,0.06081423019936043,0.45142888160906375,498.5845684788989,2417.51338440057,1.024197143443225,55.62930894213928,19.377137663912194,420.96984189848683,113.8718125148458,0.009105577077516521,0.005829816801806602
427,0.07720582827479418,0.48146690426322036,454.81815653728245,2993.5687973326167,1.1665955930381715,66.95321329234037,26.30751198905132,993.1355083789532,92.01335124185847,0.004147317873286066,0.007512363699683404
428,0.021901836408041976,0.31697289378061433,345.8779886191684,2373.7336827866434,1.1528641679397378,77.10352527602288,22.84543167859997,348.5414271873673,48.709895428218466,0.0036367504909119806,0.001821669516781459
429,0.04901827058161197,0.4121319777642307,467.23407762611623,2806.945490528218,1.1906714973781936,95.09485511652035,10.948764142448278,660.5815548088783,76.4028441621864,0.008955873258952037,0.006887010624709917
430,0.06153361167865742,0.417017840587173,494.684351357474,2505.831790330989,0.9698828292416469,58.2629318190089,12.795393483299497,387.78360865364294,79.71735085461756,0.0033830955068359617,0.004853050316259272
431,0.03766503218451453,0.4674217026153977,468.2271248656993,2791.6506112458965,1.185034983858744,70.66274592438826,27.662346649279424,310.7866324475187,110.56582057942663,0.0020405881965757425,0.007976374953397258
432,0.009588132727127344,0.4971389732657372,472.87605077456624,2620.8113843032947,1.1548439890081053,51.29562726107635,25.324550091842458,638.0334011987935,107.29015952293264,0.007163134829083574,0.009643609577552462
433,0.03892083065414823,0.45976527855023047,495.07727899489254,2706.0327059082547,1.0810968397854106,77.5803139886342,35.08208662274625,356.24071954842674,94.13356948887932,0.0045537873745215484,0.008608865664759248
434,0.048005168599913044,0.3975802469996868,321.5490540677961,2992.0816832639193,1.1072073417614605,53.99913579799759,17.423854354306965,378.0557947078309,28.30541528207269,0.003599267192692276,0.0007460885419277145
435,0.036864108820328596,0.35926150197936474,451.9204258920019,2366.044197082055,1.0277882178497881,82.33205671926169,20.110927312187062,329.4948250321542,94.060980745808,0.0022334191013239865,0.006402590779562155
436,0.04134168596791096,0.4131838306385739,386.17624655541505,1954.0149971971846,0.9371101539916941,76.12728589414708,26.348470953702016,382.0301464491279,89.08413716332605,0.006198253741609318,0.006330028693093671
437,0.040877083970058986,0.4290711404372858,448.07402914573487,2726.8731956932947,1.0734629609567958,74.07657483753002,20.201891518273364,804.6363946550825,107.36730278588138,0.004237900826062994,0.00891952174915013
438,0.0635979052541641,0.24765159780574025,492.43504569695335,1693.3161285413773,1.0907336453121257,92.9830921641143,19.821161208535866,352.3436615409223,37.87057385746293,0.01274222239534576,0.009855808295885383
439,0.051012881260749904,0.24874182713298482,378.2438307443031,2693.786388755781,1.1870929873743299,78.73204475263458,17.340900817044016,1207.7511849157431,104.73201585943335,0.031937631752277165,0.005227418218024911
440,0.078570098447184,0.3849103706034603,382.30423688360696,2694.0678252777184,1.0205077139702872,64.92951971993422,19.804385187839895,553.0547074725871,96.31970087627064,0.002977590120124416,0.005058949854422205
441,0.005035429740233854,0.3783132074218774,380.80873594934394,2814.0039671734494,1.109953057577219,87.1624647941473,7.178202154710194,471.25519505488137,110.74208129126458,0.009129719020272863,0.0032948258387991945
442,0.056237638021187177,0.4315180683989152,495.393536967216,2716.169722863632,1.1936486961524184,67.47622282073048,19.392829789352717,390.0834091918881,95.37001666271667,0.00811677150329821,0.009753971025007174
443,0.012758499294977826,0.3402670077660906,380.8591446369693,2738.6183464961236,1.0828871971161549,79.3748616009959,26.68283874120877,597.6347411925522,111.25863432111164,0.011462713018336712,0.008542371419711698
444,0.012118953713562503,0.3981842902367658,487.9973351112937,2377.0009762824684,0.9380183821409485,70.42185529864715,10.198164822871085,467.24611279636963,83.53254510774742,0.014513914098429077,0.007645980547703657
445,0.03224668895403679,0.47895757170305997,385.4346899264037,2695.5687418962525,1.179474203513532,82.3307115504409,26.366478845678497,479.67540230164326,101.9744617065606,0.009825020553736387,0.00760873957302225
446,0.02802216052796065,0.33865601170366894,494.1566828631755,2151.82082004221,1.0235838113773235,86.00882437385174,21.278660982665198,443.0168736919249,94.19332181246061,0.01234551252202581,0.00763627621958461
447,0.043630706440960024,0.42742177950679566,433.53725722471546,2788.6328678022514,1.108653734486776,91.9632167352054,34.87893780990921,390.26387289333314,118.64215001844363,0.0032595999323743454,0.0052498970155399356
448,0.0862404394664747,0.3285720292738227,287.00719708604043,1829.156836307283,0.5069505581913243,70.70080906641098,19.317880209505823,508.85256088229403,60.666303686547266,0.005880091361254087,0.00908258249735664
449,0.025406915528212233,0.3420335833502466,394.8258039085157,2997.214926100065,0.9920486218553648,82.84960797714882,16.95625754025995,380.8239292699452,33.59421085021317,0.002196228466141978,0.002868973645183801
450,0.027718862036315076,0.25287788998512994,310.48086479594554,2978.104147142321,0.8762953360506406,95.68656958832375,28.485411322842452,541.4354770520342,32.51269633218052,0.006229225967064347,0.002049869818994848
451,0.015110804584732485,0.3532286489296655,452.2135726907599,2917.893314422478,1.0477341774304274,82.04482628212095,21.39164238639488,302.1996964821431,14.816182388283408,0.003601870607561147,0.0006393928942065783
452,0.021972147108327147,0.2791644646903845,381.1229529847035,2322.181613929384,1.0036334498957857,81.71316852494773,15.55747961581506,389.0492194547163,14.910605262910076,0.0025113599393085263,0.0005495033732122466
453,0.05254363501803931,0.1827598757928816,471.70593456847445,2014.0310599324926,0.8814193396595317,57.633273795246474,23.68166546002754,307.708138128347,21.940585839304564,0.0027242800633056584,0.0031400896194592643
454,0.003745739477370072,0.3481351750954197,464.46259596269584,2898.191258718851,1.1554806164274296,82.14026532926766,25.341780165285698,559.9217240940618,16.38251402660287,0.0029390493655464768,0.00048553472700448534
455,0.014405745210152657,0.39231434073263816,354.1807966963536,2659.824541947164,1.0081240462908636,79.1135267373684,22.82966673916929,304.52677901033246,17.727237490837155,0.011059233060722241,0.0014559827867333876
456,0.025814681827512728,0.42252010368593207,267.0068544730234,2618.5113698498103,0.9939657859614167,69.32759470371836,8.024142068414754,695.9631208131851,34.732921165458606,0.0032608184788315785,0.003306428501525214
457,0.03156626412186842,0.38497716155906914,430.52266198160714,2854.589836093313,0.9399489750661565,83.8171366374714,22.64396178170798,386.1811699140241,24.809832611685962,0.007674007012908201,0.002134850952312085
458,0.024813598730368074,0.2062302480837478,127.62387223475352,1033.0350181611325,0.5704779557186297,63.479232906320206,46.90474893127706,1604.3984176833178,46.1233738968555,0.003968660755430627,0.0051036751685820895
459,0.0875362742691991,0.42210681403991746,179.79388702164658,2625.354594436649,1.0569587805174543,59.420879541853765,20.15447973084428,305.6576362266621,40.82654465800814,0.002346754395903594,0.0031181639578910392
460,0.00983563582383347,0.23030286653144977,482.2958688377304,2964.631183480442,0.9713673900151744,67.4717929728341,6.508155816414996,498.36789651981064,37.98997694124255,0.007375731745591095,0.0017490425346850926
461,0.028097538867729234,0.4232702156976621,479.7034887438979,2486.6000710227017,1.175969064652191,62.62314525728401,22.899052519638573,457.4627616584372,101.09456223288437,0.011091087605010954,0.006605390812271338
462,0.03319923206769765,0.27129895816416505,473.8087026222539,1518.5087884349032,0.8797474669361129,62.739036776424236,14.265833120075582,497.6032251143482,31.026987340930024,0.004160440908670168,0.0031914351326004613
463,0.09012415406955379,0.14400112222611816,258.5298158982342,2794.0293810762987,0.5682868279590623,68.19815846175675,32.95735420917215,1422.168457029639,104.04725319382631,0.03816992623308828,0.00957549049838539
464,0.0751972109292938,0.2923410652624697,366.4487412366216,2845.7356801923506,0.8894079977814547,83.45055225551377,8.571956963097634,834.3052233441747,15.454782597211674,0.004720363686421642,0.0003056414128307578
465,0.07569969790964866,0.45701881983597786,494.2973873025137,2949.7707887304855,1.0031032494895342,88.2399069066726,33.408768425023176,398.5177777673282,83.54794484325748,0.011753625042860835,0.0017864178263469976
466,0.08962654588881416,0.4888565316456386,489.0468428439432,2892.0631940137973,0.9671033194829345,70.03956522097292,24.368344708737357,539.4263683917882,79.58905437756627,0.007021361887696286,0.003728415003122962
467,0.03347282566381271,0.36793140931047885,341.8226560151347,1412.23273682721,0.5169417814753476,53.78476793258286,29.629087145745764,692.204026314344,110.09178780426629,0.033757148457633335,0.00807551999114785
468,0.02216794601865775,0.37932430123017497,365.2941817874551,2574.524412710395,1.045759118971109,84.40452639247553,14.284757479265151,434.8745129800563,24.791482104354376,0.0038404008693734503,0.003751303305800734
469,0.041302931715671745,0.4730664748526354,417.11677048269553,2985.1139823317044,0.9588766338496281,65.54872290863032,35.25899377064755,533.8760578725377,12.037148511423817,0.006635508139146046,0.002946049489194435
470,0.07739560447141683,0.44080105430526095,375.4759272933664,2232.425857728712,1.1579177072160691,56.49544364953843,6.6630277258309185,1864.2983708351098,108.79572538978313,0.03330570230706287,0.003545927074855175
471,0.008650265893244745,0.3390330359925431,431.5647708308111,2279.202789648307,1.0019229484708667,47.078773849787865,17.32262911375642,515.7116729655602,15.96506415244124,0.0020910830560940267,0.002873265395456792
472,0.0039389150250006425,0.4684186859565257,338.0420301350541,2041.61312133186,0.8120052929258712,39.37790363288384,17.35990430294531,374.89232309537374,22.353938190438463,0.011758500575558675,0.0029878401249523404
473,0.029121772271093464,0.48230085216508706,371.3994190976912,2705.660367663703,1.1697435210058178,61.34100748869368,39.87026033184447,1072.0417683115431,30.55572888412482,0.0033380800858262183,0.002553591719720185
474,0.021671410838670642,0.4543344515860904,474.74184020702813,2518.8782736382423,0.8886015915217385,48.35364333024084,14.823685839414239,589.2441343725391,10.106908348074121,0.009932936151790597,0.004458949617560917
475,0.004675639724946386,0.3339414685865053,427.570558753711,1756.7843228828656,0.9231507336256661,30.914734690687673,8.887316022751326,873.9750386002595,39.342709807451655,0.0030362981222157833,0.0030709484783333404
476,0.04794078766185214,0.4895274122974651,429.0385543110436,2951.8939783571122,0.9940105162729274,67.50477239673467,17.551501854090738,524.6328611633297,65.58426778953555,0.0032618529749755295,0.0029829528458795275
477,0.06743437199875262,0.4187981793052499,259.02203004839214,2706.478442458627,0.9907039273996362,85.6274312554756,21.078324221804507,419.37315663653385,29.182667526237363,0.004091006057259485,0.0002614680542622908
478,0.04448039697182236,0.30970576513320547,498.79129243578024,2731.5034651527258,0.8439287910910787,70.83576536569356,30.97343274686962,560.1720570768284,116.58820896214642,0.00991041738813067,0.006945289452671061
479,0.03677527865210395,0.4097726228679929,446.874600953861,2134.9109575182456,1.0940126168450275,85.341803206359,17.72552977601053,392.7680912538659,86.06209510090368,0.010418647257240522,0.0026568648854694466
480,0.004292885527861371,0.28999134869792553,352.46907864484325,2972.0090494259534,0.8847635369754654,86.15471867945757,13.055224612077769,453.8287879179719,27.786595717144543,0.0026160735329024236,0.0010343430329206658
481,0.0520806815818922,0.4602893901253806,456.87238707645537,2197.483508057656,0.6766082037404808,68.69783592773399,25.678173998853545,591.8665824036946,10.814844644745602,0.0036571772751917376,0.009976927533566386
482,0.013715274568483173,0.30428335427446895,348.05691946357877,2449.0780864511016,1.1083595980630598,29.32117025884968,17.712656564405158,691.634697014659,34.73089716270326,0.011741070978004104,0.002816157913167076
483,0.027991110408716977,0.3282965048797403,444.3645593323306,2392.8810956840725,1.007509965256042,30.975402008499934,17.33951720998686,364.94473445290566,12.230432077930022,0.002953199883003745,0.0028044508616196207
484,0.015085953533357966,0.3593712413113773,413.05804112243555,2407.3119160821107,1.0421770521017117,52.476366002314826,11.580122613821905,732.481201771921,11.444835648803092,0.006164209189977005,0.0027891169322205567
485,0.016985529920361335,0.21515559877933055,365.2653929715117,2651.2755001278265,1.1286544721850822,83.79391487190912,45.923147034762124,1941.5829548523252,43.249119165701245,0.045793065022107754,0.009989332200664378
486,0.007978132054644153,0.29132109570074166,384.1056714815105,1701.7942690308548,0.8351756924923428,59.825579362957896,14.420232666542233,333.5897929757669,42.83060420803503,0.00483524214656151,0.003808996065679936
487,0.006242944099829559,0.2536036735428415,375.6084345195959,2526.9872494742167,0.8694703501212345,39.665559746765354,17.219896372118082,798.9701247439575,14.258470221393704,0.004685205796593537,0.00020099242898959568
488,0.046698181843148674,0.43435487126236827,327.41803136926967,2814.4356831985365,0.9911417734991599,81.03510705031961,26.14690648714838,406.6854872272992,25.609067436258005,0.002178974435859311,0.0016368835226818253
489,0.02018852978503583,0.33760619042834455,394.65784007620084,1803.0251057986538,1.0210837530972596,41.61237681466291,28.508571861807823,1152.0350024031454,13.380863274642739,0.008363520938305662,0.0023319504034107234
490,0.03396782251691942,0.2639711201002809,400.4411037860695,1970.2560776193927,1.0620783925356592,89.34991385161032,14.04792700902443,449.9187194368176,105.44599403458284,0.007636289457015017,0.005141930137334091
491,0.010561657643128636,0.36820996406250656,464.8478839748731,2524.6903790792735,1.033591978944752,92.1140141093138,30.90746059810955,487.46108776553103,53.405837020901195,0.00952612079203583,0.0011695702862313303
492,0.025347402364783854,0.46186748335186567,309.60082122637635,2996.3614452735783,1.0416487554537268,91.37284602920423,33.352162348844956,390.18107801277847,28.370922464515793,0.002040135175712571,0.0017810681490529156
493,0.017448935034600398,0.4571965616487837,389.7553720893455,2586.5401376110594,1.0392841645164173,91.90944474950591,36.62457622206669,612.7905363393423,24.14254039645196,0.002112389661491481,0.0034326341445339798
494,0.051548966431806766,0.4220318273417687,408.90530285897574,1857.8152626763454,0.7018467347917319,30.23446157193243,38.56748532555083,830.3094435373472,49.41438047202372,0.03620590984982211,0.006690909831889825
495,0.01648299165131418,0.39063781435905665,246.44163960784573,2373.5014872403185,1.0878456462182757,95.23619306318929,43.08147132289489,387.13771650130514,56.00091001001596,0.002670133333738453,0.0016290333578195804
496,0.045185394045787905,0.33679722520171,333.68641663091927,2854.1610433746414,1.0090059953991115,79.32685062741818,23.679227303913724,762.8170284652421,19.935602672447008,0.005309761075250309,0.002161668813373081
497,0.01326707716133162,0.292009671146304,425.2979061458229,2944.290530136416,0.9596991081899873,70.05285046734569,24.78556546210514,541.2707621757852,20.881872327284373,0.007420727695153619,0.0019722842856503076
498,0.0455704045055339,0.4176527084036127,454.94736940202984,2831.0227831900856,0.8960398551463834,68.47449591096469,30.627897929646707,320.16968866039696,77.20869715087632,0.002214450880445316,0.005325475918434984
499,0.04021561337539782,0.3773736860738147,441.14384405629914,2903.209737826131,0.7410897961197715,52.27363796560431,20.078757224862663,425.32654132976523,84.47430210071111,0.003824259855253563,0.0018572386351815454
500,0.05648445266323629,0.4420082218040123,386.225776230545,2850.1740815971834,0.6828276874714123,69.91693004980519,31.283525297239215,351.4021249083357,42.92352098516717,0.007215328161768406,0.005294454230927233
501,0.0374009665437736,0.46767661997867627,285.5272117351814,2859.1556679187147,0.9883315007998519,99.05414368364447,33.50510890191085,387.29104242078813,51.93437315048923,0.005992333360554388,0.0013000294971749502
502,0.09159455468418286,0.25682230996675554,453.57832552084307,1117.0644859030178,0.8022533244429626,78.73189195942768,18.177833693209923,572.0988919736571,68.3939530520142,0.010566607332594768,0.009659168688239846
503,0.008703193812865717,0.4837337218150632,278.7291607667478,2969.3322828806645,1.022173225992038,98.0576526636767,24.567950302592102,334.5314014823903,38.43349019011089,0.005502248016031304,0.0033988053604045495
504,0.041146875552210554,0.4269244650370427,250.26887520033233,2752.83373871434,1.0611705734651906,86.89138547371876,35.65076780544305,414.97170802510055,13.164975322933664,0.009713097087283197,0.0016490894028885106
505,0.0014528065211891431,0.3874824279666639,489.3089087097506,2967.523036374752,0.871765124934336,98.52963061412002,12.257187379285059,747.3884184497299,43.76667246525799,0.00954473189594247,0.003452190745209565
506,0.022354084818146977,0.33126387657806317,346.9597028715055,2521.753612939894,1.0786158905807794,77.33553298919159,16.822656936611104,340.69171339815784,73.54997771911694,0.006496521012220176,0.006692894363687581
507,0.07424156435397279,0.27149677942717126,492.8786670146315,2249.0036095501205,0.9241131910443642,84.1692212897471,36.451240117252325,483.85905768666237,54.154375787901635,0.0027784171362284626,0.0037743098112653518
508,0.06797810316243075,0.4770331701303687,495.834761133383,2649.361588682683,1.0565223552282772,35.65893678862925,32.728997057663896,803.3518710952809,52.27126813805818,0.005034093376968028,0.00505718899484517
509,0.03797190199286403,0.42712898270886285,396.3532773741773,2470.7485307485636,1.012554038728152,95.71456620436872,14.721746291923463,382.14806629507876,97.24616785241821,0.009395140281437977,0.007830643025713506
510,0.031539381646116284,0.36651803980569625,470.07262241767864,2786.034823147089,1.1270332298344123,98.55198073943956,14.344775193347317,300.74364643617946,51.93125013855394,0.009422701551696461,0.002476302974698137
511,0.05811038160586916,0.418162308551822,487.654610758638,2850.9497625830763,1.1210507954687532,55.33674167557677,23.593404350593303,674.9046968218627,79.98214380161271,0.0061533696879388575,0.005209148472755978
512,0.051129637597386576,0.18561359992755347,284.5136200401945,2979.362355964828,0.5139682946814095,95.64798903742592,35.734582378845026,1462.623133666612,42.61742886046779,0.021776878792913214,0.0026117519711358786
513,0.0654722041417188,0.40336081504793303,187.03160429593882,1085.9566669830347,0.947737429058563,57.33336691102024,28.187828042216086,818.398395596824,18.17254104632695,0.030750814178237725,0.0029098373092360436
514,0.007106143939237358,0.3595807155096351,394.93766867311024,2974.6804625984796,1.1730854843986562,73.12473781496169,21.01422578860001,308.08520018702023,42.8546073885701,0.00579496601817488,0.003186483031220866
515,0.03064225198446674,0.34031522316770335,378.7902087869931,1461.5156201411792,1.1112668764325262,80.95483399435591,33.434965621892424,1880.3242505211822,96.69524229154308,0.009358424396317084,0.004981704674209621
516,0.09389925810634686,0.4080584612427915,222.90939445803508,2523.216765931501,1.0273911830275755,23.492580758915732,40.57308542874235,1031.4120774162463,63.206044313240604,0.03918172075512987,0.0013689630876262404
517,0.03762194303241796,0.3204894290834404,457.54557102321627,2893.2072209293633,0.9596144175426176,75.13498855593399,13.558775388531132,323.08398100187225,17.702050603133134,0.01956498235694842,0.0005558185585740463
518,0.038788772908707546,0.4079342261498604,390.4247579424501,2595.574309226294,1.1320988664267193,48.057924558993676,32.561184869581474,527.5493512067818,95.97692166276252,0.0035913033504015096,0.009224321122923087
519,0.037620940283355615,0.23927426739852786,484.5872453356361,2721.878349367857,0.9157307920776153,60.659414877053216,17.059177944365707,423.67645853663396,88.49686128004461,0.004377712365476771,0.007115522548461013
520,0.04729658562208197,0.18603644457286872,369.8949336547936,1553.9691552162726,1.0079774985351662,30.799376467602,9.615228035043906,1957.5208017165958,103.94528234137337,0.033649238010662635,0.008614896831797314
521,0.0355601786967494,0.45393998619973486,298.3995533943512,2989.9647915961846,1.1004343709262296,76.62943874282276,27.669641165461027,770.4290230737682,35.956588068421084,0.0061080706178414605,0.001094313884658873
522,0.06736914802610286,0.4003766195617099,368.32229761485445,1274.3160455559744,1.179190215680269,20.90677299464405,35.262989389206375,1159.4369451068321,51.22464020052351,0.019129778087370364,0.0081102235334428
523,0.028666446048264668,0.4602760650493781,488.50200374819514,2510.388740709334,0.6761694482054569,77.01536941896224,15.777993771858462,471.6039040794498,27.918361764144336,0.007856837602199837,0.009673719959096615
524,0.06425832919374805,0.40329351158726745,366.2219607057874,2972.6436237834396,1.1061864292751524,76.87543550002961,22.081047271258846,492.0137116880815,72.4499540174941,0.005035032080468252,0.005718160576594724
525,0.036271329395245806,0.39718985613125346,430.8163867322357,2595.6963341426504,0.6053362483739058,76.88311877713883,21.15160437884182,326.3324619605387,21.537745187934302,0.0025611753385449314,0.0039781505639072505
526,0.012252780685209198,0.4990941911752631,359.33658718655954,2920.618343639825,1.153262807212245,96.1983222285916,33.22227693817219,408.1668490633687,17.850512915772676,0.009997224942609212,0.001624368237187626
527,0.049758304177212984,0.4802445018863431,343.33786189478747,2813.50399682083,0.6684667426280633,94.93641793295431,26.216595638828984,481.0742105816469,13.667677873646472,0.00248781427382188,0.009248263758608705
528,0.03425555532454622,0.4428589703545343,492.42000903704655,2898.3001346204824,0.5023920256006069,52.979284277387265,21.604521394912766,432.30750102493784,55.73194794720918,0.0050209372606398895,0.009426773530374997
529,0.08546618276099717,0.3542229952212427,435.03605363714405,2614.757961392247,0.9895014284685327,77.2380040432823,10.47609110756581,380.16285428732783,23.689244965546656,0.0023653013704268326,0.0013203523275692255
530,0.04617693436349177,0.3007491679762617,474.11930258820115,1763.439873467917,1.0681240401223977,99.56351220045765,30.00386404984858,559.3382119560404,73.8526826562576,0.003156170190735958,0.007279629372595454
531,0.022530405581714576,0.3879224028851145,352.54372661824107,2419.222344767387,0.5588525465916242,62.488269447568186,9.436386937111353,384.0572500760737,41.37405090279772,0.016400758675037604,0.00427496306308077
532,0.07882442383507979,0.4659956515593312,212.08555145536576,2398.805711709853,0.641744610506864,11.867227224913876,13.658979044732568,1476.1260377215644,80.55897994569511,0.04946288010595117,0.006408380122781688
533,0.01443573377026719,0.3382652535521203,475.4666158770334,2977.683868983773,1.104956564576795,66.76992214426612,24.952810646147924,359.4572700025178,101.90331487178673,0.008105356162710029,0.008189944372462675
534,0.03953038188695242,0.28247059648149314,410.5174098680057,1470.372712158571,1.1581187188260151,94.72544784893266,29.298139192065676,345.191287911047,60.95556212972456,0.009578499073501404,0.008974973665169169
535,0.049100973475749536,0.414151640721271,467.870229886229,1799.2093205154233,0.9228570638748121,14.47008767313094,42.58695212740295,643.4349402180638,113.14010677781656,0.047016168921233226,0.009618212100925045
536,0.011982001897664341,0.2909500048642322,482.64373196352415,2941.171935160415,1.0212218509967552,92.25758697401542,22.167104858837128,443.45741210986523,21.694663489633065,0.006488918399040929,0.004357841971641199
537,0.03402040634622691,0.42453470013599487,479.5863623843935,2896.314232016448,0.700235616071007,81.45158935593292,20.87474321418639,313.26018344753624,29.544094766299004,0.007948306750052902,0.004557847580243747
538,0.03793818714650425,0.27519637930043517,462.88576646326766,2695.1422577487365,1.0328651508867157,85.39885793634103,31.801927854815276,343.4737982380517,32.22612735984701,0.00961354646076125,0.002232019496255318
539,0.031328610565963845,0.29562297053307884,406.3634058821726,2582.2433886921344,0.5215237714168575,83.63863546577589,30.307928082795698,302.0143105393786,40.51293509624041,0.00863405868734667,0.001992518156379983
540,0.037910921937671156,0.4262498556026109,438.56214226207663,2270.9802828698635,1.112990781997777,96.53274097231511,38.19995961419701,1812.8865914183898,73.97490680616828,0.027161401407441325,0.0064518962846722115
541,0.07597682373659403,0.41273932400812136,248.5065198987101,2009.2430015583589,1.0966815933636775,46.32970731317014,47.705429918946315,1249.3812955516976,113.17027047272884,0.04138902596385309,0.0055758962402291615
542,0.08732259380951761,0.37197751415152674,417.55467969199674,2861.0202321557294,0.8969409291486121,80.61568625603402,18.9042653934088,391.8746917647897,14.804504581695795,0.0024615056338677848,0.002372666735858928
543,0.03607251093087995,0.11726853558230801,457.7140568461049,2030.1177477007166,1.0076245532810935,99.0421551400292,31.383805099024393,1594.5436521829427,109.28077536991204,0.0316279056232544,0.000715492565967913
544,0.09073426733279497,0.3377787950238553,416.0182675751533,2778.5208168609806,0.792052167516544,76.68909309018578,16.16236744298643,524.1543662581834,19.506619850515957,0.010512855028790631,0.0033799490319056597
545,0.04168591359837723,0.3939058448824522,446.50440317109053,2501.6818750346315,0.6463285505837836,75.49927094647865,22.58171755163706,369.5978905673286,19.019983636162337,0.00585999845167034,0.0027129856263179756
546,0.03769132565422036,0.4867837655861739,374.3884468600793,2817.628992428736,1.1801920386765365,68.56384970215069,23.628124788479756,381.48344426044815,117.0743912345063,0.003973784446126588,0.007000316584056855
547,0.044513907028973954,0.45492452272423395,335.37196610038393,2901.469807920713,0.9632343454720381,75.78836744418068,26.7306709213388,501.74420524341633,22.816405663339257,0.019151741231100503,0.00247420419934813
548,0.03232432066645677,0.41297877656434956,444.1995088901409,2887.0480919759457,0.7866265526735398,47.753524767627745,24.612689472464105,1693.7054200191033,27.515952109000096,0.04086969701006181,0.006859843705180419
549,0.04098366330215622,0.4935591109386692,322.8053756102933,2717.4172860483586,0.9346889182328219,75.3236747743935,23.692126849678164,655.9332809420056,19.906845823243568,0.008402935766388075,0.001770446643094264
550,0.0024114886942381564,0.37305383514946056,476.3949949421992,2662.268702263887,1.0303181186511257,91.92849439642337,16.967115819156646,341.0293096763535,22.438899378345667,0.011362757343618215,0.0009257024007438769
551,0.02254515991964389,0.47674407764755566,260.1413030290375,2671.2609541220627,0.8917369950071176,97.12464359362886,41.37106550924429,530.4680217749859,15.434905231118035,0.004181773831011439,0.001981625389140718
552,0.06850574285869918,0.40891453462060245,391.128719026236,2732.2194006644813,0.7197525859238756,70.80725805617908,23.79963503971129,629.2865789449145,11.243446132643065,0.006711057900996709,0.0057323906818293885
553,0.0950869897545456,0.26137619235856036,352.8994359119262,2864.6690698246566,0.9418353537272642,95.98530091741395,21.165787527572604,371.44727827514316,13.35864996696258,0.010397121905376248,0.0028566720330362246
554,0.003936183028633723,0.11070544479475425,364.7091189853388,1548.2002967826854,0.5520399708947228,52.32555279672251,42.901757291547945,875.8680848056224,38.10172091886834,0.006753943203437293,0.0019461489239482443
555,0.05333278230083824,0.4589881173778871,449.2230077310749,2375.601719508728,0.7220197178192332,75.9467738351069,28.532163095323902,313.75921940494146,31.775971606789405,0.006104225939901777,0.005599544138398056
556,0.0282430755654589,0.2323623092715548,149.80618710555845,2324.3415202309934,1.1076047363169186,33.85574581337887,29.624322261816545,1552.0862938418766,104.73895361721,0.044152695952671774,0.007676711044371052
557,0.027911812549301,0.3609370132077962,450.9679234861985,2310.7460707657915,0.9225181898423002,62.224270803772114,25.600632993832065,474.18008311897523,97.85559723406094,0.002933890053368873,0.004102132564586443
558,0.09038256913618509,0.11792079710000358,373.53054815493095,1681.002555054732,0.663621501601575,24.270465404411286,15.529468025381801,1007.1754843259896,108.06585813666858,0.029605888608178844,0.003942256450458083
559,0.04595530504654868,0.44362310408432604,495.24611225541935,2095.0542788837433,0.9079708995231042,32.63489590922556,49.789534098941424,1494.7179137147334,33.06003984021837,0.026652316617698932,0.007904896859705269
560,0.07971162307664575,0.3924214995538849,141.64356028095662,1044.1654561225018,1.0717132811951469,84.87759738365955,40.09127053882094,1963.2424967302009,82.21827569933629,0.03186118009361952,0.006849753247578439
561,0.03453614201779063,0.4314648944729177,483.2018767919501,2499.690541079508,1.1826845266526202,44.88835096964781,25.779815482018517,354.47432230264394,118.96399959140064,0.002631804497673486,0.007322816804885241
562,0.03761700377795694,0.4916563879664201,479.65446713498534,2772.1480317348655,1.1947362560109278,58.7540479016609,34.11716571687423,312.01724417177064,116.13320315204122,0.008660423729183084,0.007766063210954936
563,0.09412675007187724,0.4117981906135496,271.0843430149484,1967.9086762140992,1.0728667076894953,68.49348613918514,11.665502885489994,1699.3697940388147,76.91621094004087,0.008788100653744309,0.006076842526196752
564,0.08635005393037062,0.15052033166655482,434.0060899518139,2079.005447262526,0.9884377218993086,50.41520005197595,11.527743518789011,1793.0939233390866,64.61628925987372,0.02722074434805735,0.004080990060717349
565,0.09650627540355262,0.35467828404141083,380.0713777813905,2630.9037866509257,1.0014125476559137,82.79230487061243,27.211371144661893,400.7470505449611,28.348326656819435,0.002758626822516253,0.0010798538500700545
566,0.030136793074952525,0.3971818686953803,439.3188093602073,2673.122961169323,1.1486563811146195,41.89999697394599,19.24835905198823,448.54124855276166,106.15931875382857,0.013044383777905727,0.007067052820134273
567,0.08327972183892503,0.4659474859332512,493.5099887318548,2993.0993957180267,0.5687745102663797,85.60051122419137,37.028574013185064,321.9345676591008,11.300194180166136,0.003943740797821518,0.0008740779900794692
568,0.036940357922487885,0.3889162753464439,334.3855167843216,2998.904587791573,1.0480866822550565,79.09114188827321,12.990526986117375,700.8793224691796,61.663820422492094,0.005979331749592656,0.0020156212439101824
569,0.03881805817152371,0.424149768533061,471.61834370713785,2171.6309358917742,1.193510707066292,32.269213913257765,34.60627000285324,575.234862854237,113.06151171835278,0.004861033898955396,0.008498384065846605
570,0.006520221000602532,0.37689376839605765,445.34397922132194,1997.5504452748467,1.130478547779922,63.334613260001206,13.752310513025353,426.9244419876227,116.05100695325552,0.006162717275833904,0.007822053132816146
571,0.03757121663369101,0.4845475715886908,430.84620778655506,2669.9490884816437,0.5112348186371306,63.14031354757358,25.232725626327667,404.1049604819906,31.403119374691105,0.0039721868392775935,0.004706297263747395
572,0.04140376160742951,0.39646703551375956,340.96849195804134,2815.8006455138743,0.9375722139506857,80.35560425403362,26.094264113558715,455.0548836332599,32.519214038479824,0.002328284154157026,0.0018276351122253405
573,0.04384053892261365,0.3806043743991351,452.7544568598361,2186.5040726016855,1.0577547844763888,51.71345668225433,33.88708945558472,473.54538185300163,99.08159148290444,0.009998506786910883,0.005916608005921748
574,0.04493672454406892,0.13963609921466508,181.1917682333021,1007.2558541923089,0.5852096512304618,68.5830110864452,30.825286835841244,669.0846367170445,79.81186037511883,0.011526454205039963,0.0028071185885448747
575,0.08748756309033157,0.20861649248877745,216.85476176622154,1970.2938640389063,1.0751091035903007,53.65826951179247,31.482659517140604,1122.1006977471598,101.48679475043957,0.018516398647170702,0.0007867801414503505
576,0.05303199414562409,0.38571431240534354,490.970106201725,2744.8461425354726,0.6392851561578596,62.37996094043904,28.368917417704445,739.6987241280132,18.1794504886962,0.0028887555205847192,0.009504811867976144
577,0.024199609899399295,0.37414856854494627,358.4674373687585,2596.6554410463855,1.1115123149405788,70.34921455524733,31.14670512262364,435.1600749960317,20.358134568078285,0.002898871636421954,0.0029627390031636658
578,0.017862820166599912,0.3708628847469592,444.54560314757236,2419.3407928541365,1.1931247480166591,56.63615480293755,39.10773239341431,307.0844836003336,118.77563308094304,0.0032285612793083885,0.006961580548801052
579,0.08414952514457165,0.3775223484396467,479.4746145366476,2344.289339257298,0.9878222930823616,96.06118505597141,27.66943644980472,551.4226048237044,23.856162259096973,0.003641426307292311,0.0034434108419717497
580,0.09323848532082094,0.49303938893075855,470.54626658818256,2590.3185828697187,0.8694273813265031,96.92160905467343,31.676321596621644,674.3813705605614,31.964301254378086,0.006966428324588186,0.0031117241144831146
581,0.048567614019227434,0.4087988249130681,484.3269901447605,2265.9280826202894,1.1404383979086494,72.42881599284557,35.69493498155042,569.8886676827373,30.60717848841741,0.005446695357605778,0.003186710514264206
582,0.0510954519832523,0.46229264434471323,351.4090332772811,2860.631167168149,1.0252262785227424,85.50061255263286,24.747044810864782,356.1729606314691,45.49754203374433,0.003244508642089596,0.0028567357050536717
583,0.03433697726779741,0.37323344670282543,476.878190195788,2622.2102718425176,1.174309903548514,34.04369836208927,31.252184139391705,624.9726496970164,104.49292793409839,0.002945557198402293,0.0029906813453959213
584,0.09281999781418136,0.45390201681608483,387.99146587937474,2585.6604070700214,1.0247419272246217,99.31428878949995,14.645285071074005,331.8140617700885,29.63679763152088,0.0035668503427652206,0.0007706573799152125
585,0.08919023349212134,0.28463834214729034,379.77246842116796,2096.697859294884,1.1272441500961141,65.93474530773217,33.19268803554013,429.87777807440284,49.85137102893715,0.017726084659447156,0.003331542023555521
586,0.05396040666639999,0.326402878754927,432.9652024174185,2457.3024080055898,0.8452725518918496,98.5323798279871,31.486441289586335,501.2757896851762,17.45542314640783,0.008374653197219766,0.00888164897581643
587,0.08552551742669556,0.40825532501937484,403.05391951331086,2363.3507999964368,0.8363802240392683,61.24912615680148,11.710300992820036,1302.8553397460992,74.80613939339128,0.03805691734787765,0.007535204407701723
588,0.018755432864655478,0.3305696420799832,358.25056180510217,2981.6762109991923,1.0317266373183969,93.57774787484198,48.72284940343272,909.5029411893036,54.58123064039914,0.0035558237447501848,0.0020663015347007563
589,0.06178541568725571,0.4350962763019055,479.29201625850584,2769.9300217804957,0.8035090071604865,65.67997095649886,28.814297468156653,490.72360644178576,32.21172762420646,0.003541079432137499,0.0035004420009302865
590,0.05843924396044306,0.4446538169684684,196.37805330780117,2813.3569784696974,0.8956878757022668,61.96721764761075,33.85336296216786,543.3117853384645,31.69018378446408,0.002312739734244063,0.006152825586280901
591,0.05523827131583763,0.4082040789669019,367.3181337741797,2891.8127738319777,0.8008796080386702,78.94545432590579,37.73588856732184,459.08080434028847,14.495313580527485,0.0028501031190856715,0.009065586700122724
592,0.035968048565032114,0.4687397909838424,498.71664608812387,2169.1508094881515,1.0566270093747172,50.993855105645565,23.05155498640014,445.73011832757993,95.27658558963569,0.0020767495305930852,0.007027184104178371
593,0.0032556147574142047,0.3704891582279563,127.22035458085833,2712.0725313672847,0.779447202235059,66.26180960936564,28.639040689319053,1610.2897619676507,94.50080456952415,0.0475314925284459,0.0005588417477099348
594,0.010395807076905524,0.36429248258874325,230.69016052644452,2940.9837592253757,0.8010963302151184,75.01638965963184,42.30041764785135,318.98956762662493,45.19173373442047,0.0044891549443422316,0.002033643218908345
595,0.00860812985488979,0.47146088917990925,491.6426513917399,1925.540744146296,0.9583781510892289,25.012426146084863,35.60579678606001,605.5385360019034,88.93163789626868,0.0073656898456532305,0.006940369291410015
596,0.03685469261411876,0.4080767871927561,469.39211155390274,2344.0827414195855,0.9883494194025998,40.181460581034194,24.10449843671244,406.14002490837186,112.7669170512872,0.007914229253685356,0.006329066390305029
597,0.04523020772775519,0.4541076711163677,456.09468756408984,2693.991226497111,0.7573233041028357,96.64800385381689,14.973065634038393,304.5597859808381,19.141982450069186,0.002190801867347779,0.004478735169601993
598,0.05600532662082649,0.302430193989467,364.8450302664993,2611.900521011208,1.0940518328042963,96.21548903571139,7.73683954624898,371.62932007585505,89.86650927237217,0.040153761431476115,0.0004273636921801917
599,0.08351367783404857,0.11736277526936628,374.7464031562031,1027.3472992387515,1.0145442155736255,52.16983485133291,44.914662137355776,604.6874577350675,95.87321583973662,0.04726434581598018,0.0054771299435116315
600,0.07693834689638196,0.47984654586702125,497.5057931801909,2777.6983695809868,0.6923620625904052,80.95723272052801,24.77346612268077,410.4759520483176,23.053735500016213,0.010333506652714881,0.006797926480658192
601,0.04172613053038646,0.4880816022684749,445.0932701856148,2254.1157271548227,1.0403187166197865,66.53932547629859,21.83264134789936,426.2463200640902,85.47686777384469,0.011542781845803166,0.00797385377586134
602,0.030568589216019366,0.4127382619440309,373.8871980435034,2550.525635840528,0.7184701807430091,92.39814668164523,14.183637173776756,313.0516632226566,41.04719611258635,0.0056417066022342,0.005105196851743699
603,0.0474764014222522,0.4864771242238987,431.5857161783943,2851.5801793841592,0.8465463421403481,96.4838313359948,11.809200848646764,343.0212130432762,27.871817348336,0.006693920318977925,0.003045636371222267
604,0.03347296884447981,0.4005751145830018,480.9004916742826,1470.5621692644652,1.053848511893987,54.72258946044726,18.79204347709975,543.3108446718824,79.32225643845872,0.014423178718800368,0.005734254808913994
605,0.04780327670314851,0.3577704265971581,430.7471231620211,2914.0622228916427,1.0386136367480683,35.21437619753428,27.11961749456919,336.5861640075049,105.24843367656007,0.0029550517730805685,0.006644887893320805
606,0.023935338974691973,0.3485800943255715,387.8140011747508,2262.6003622603043,0.5286675868086579,63.61194464762864,34.832330891782604,810.5579552229299,16.35265517985126,0.004236785071263186,0.004756621847518628
607,0.03844927930099493,0.42943928598433917,413.79443379453437,2039.0596683215078,1.197187094401662,59.064209003030015,25.1608462369722,793.588053470362,98.11603347620753,0.006577566029966954,0.007420143381478401
608,0.06483608613862223,0.48171150348995295,448.26191401203255,2626.186910683514,0.6683456213476495,62.834025027899074,25.581827829763903,612.4317699804099,13.404954792611733,0.006418974174307343,0.0041293422938887435
609,0.09253774307447193,0.37557390514112754,364.1734609849247,2915.808781897529,0.8189164847228034,69.54617178989731,8.170963332425861,358.90249604100364,15.734348675362952,0.006748337934160315,0.0010751820150588902
610,0.027694706939903835,0.48920678384051497,374.27803957550344,1676.455398973587,1.0116330564771685,35.83130732283714,25.785266260925127,339.99906013372583,80.02098720079512,0.00608286908812251,0.007086216326982889
611,0.0270348455737329,0.3083107793700387,490.2330820812462,2792.74846814021,0.9745502549319442,83.79759781282677,16.64883217168588,358.52698396430236,40.345370272584375,0.0044609472262179106,0.0037757064727627397
612,0.09281422782864396,0.4692503533817065,445.3541770575309,2653.778499618409,0.7690829873587646,74.25957044718398,18.272030397880144,343.1196163031514,16.818471052042636,0.004153314108798692,0.0017579191390377261
613,0.05665489375670573,0.4943284254193656,109.63758067806083,2263.9985353731627,0.937336035735165,12.914173788245556,49.467370473102164,815.7785583318156,15.045414683248431,0.0034624546333322306,0.0017788049786620175
614,0.03333280872686215,0.30618187201605895,382.9233717339655,2914.342089073772,0.6859415360747796,32.96454078909008,31.154830323007467,1623.1325123905942,75.26571328928317,0.020342698297407015,0.009733070630091177
615,0.07145045609042974,0.24470389465871148,380.73633674061136,1700.981584925465,0.9050845395787854,99.16327275331915,34.58005172475761,412.48772402585865,60.84580587753299,0.002501709221306874,0.009797975910487157
616,0.0337896605773095,0.4894791969177409,442.51063398796106,2656.5720096471114,1.1893423545189177,65.33552243191579,31.49566516992723,486.87086397252517,50.64976127467228,0.010875327927256925,0.006727145549021204
617,0.02622294174449486,0.46506362150779085,481.9858935914427,2097.9750070392533,1.0735765883928012,61.280886289926244,16.805755678655597,443.446730942441,107.26854626258549,0.0042991830195838205,0.008579384134346479
618,0.036379368374434846,0.4685896257306781,470.5223994418533,2559.402498822298,0.7485318703607118,86.74094966203938,15.240667116869375,775.0576828726512,12.606530408873088,0.003572692150597418,0.0040451012815218715
619,0.08078015367962751,0.3490602312901512,277.2956330027284,2461.1061480988815,0.6203283797289814,68.3546587206414,41.67437560814574,468.31716691179986,55.85555359273762,0.04934851449630369,0.0004436733845532602
620,0.007857937241226742,0.4549249699811303,405.0200390082432,2706.0506666434867,1.1178374522525085,96.424013789069,40.41749802495245,1742.2942316332144,13.450027613000067,0.009739967747685638,0.009825861970061963
621,0.023689931861351078,0.37951080950543237,411.78537629539375,2107.3138348965686,0.8351212588882083,99.59274238823521,19.75725025586921,500.6213657397003,12.766252117317467,0.004893868789566958,0.0031764474433300643
622,0.0931845981994803,0.2953258711971141,421.41821436969,2000.5438630457688,0.9513602314493996,21.011126708278255,36.63778531013974,1698.7751286224086,15.26080557076913,0.004245075137589097,0.0024011531465622047
623,0.0671130773326129,0.44372141970711104,103.62034380829968,2894.242413495145,0.9547731165423227,59.84103212284945,15.858509882718787,615.5415906763126,91.92102946196583,0.04516358315475935,0.005717887936318063
624,0.0037564523122215893,0.3859134181783944,356.7356627980885,2448.3950270747428,0.7974374441666732,31.259414570489252,37.38926711315675,1478.6635568595245,44.71174980500921,0.044591591468473295,0.002352687248140217
625,0.05839764494804402,0.4772391468000293,377.793456553609,2458.2587378948133,0.7682748645669005,84.54311521983341,24.081022276544143,676.0541944765342,11.685929394524106,0.0026112761993886163,0.006217764284649071
626,0.06986188468882663,0.18989606925895736,148.15006546679058,2226.5522719263254,0.92253801195445,49.7513986344656,31.200211622897683,1204.3975589488389,69.99391730992085,0.010762027991097814,0.007327776970578923
627,0.08305356158695641,0.3783910315845774,439.1487531020716,1370.495692513118,0.8671300410391164,75.25703513442906,18.608396807127114,417.1422114112714,59.703016183825035,0.005378419471399836,0.009616920365159315
628,0.0661247236804097,0.42075791574262256,492.0433900357259,2310.8577287791913,0.8121775882494494,88.54167776133554,32.381189565181074,378.9914277968875,10.908670994921712,0.007934499400560437,0.004101192791616628
629,0.035730555814343555,0.46752472172795956,405.87365061633596,2202.0962178983887,1.1816288964159607,41.742861527294,21.23658630482399,539.4968569397741,99.8718920999036,0.011307274407913546,0.005854792426910363
630,0.043223502971784455,0.4730905816056007,490.56577420158055,2616.83989536464,0.9576402020309435,40.71131882627243,23.000417682058753,835.4311824009599,115.05140874806827,0.00242477738711386,0.009847914228828785
631,0.0535210146215474,0.4590454132511319,499.6806268672635,2426.2450905100677,0.9137023376707518,94.12133497257258,14.675091042971761,397.17914674626417,37.640269131105384,0.014542654290946866,0.006882749252632022
632,0.03486658724569992,0.2100497349672199,375.76422554686786,1758.9648535996268,0.7379810038404999,98.05318197081715,19.242468644157515,707.6794526015271,34.04743746835452,0.0042649397209790635,0.0034266684694699923
633,0.03431166609500054,0.433968664796766,350.1823759054701,2496.0661050804697,0.5839727362566431,18.174561461388656,12.366148070952024,813.9241512687258,97.00841820249744,0.039237319941628886,0.004839343958406015
634,0.02290172292636626,0.2560498807279889,414.8258644967218,2635.891169466322,1.0690649023805379,96.81152885678998,25.401898461774394,458.3259072879572,94.01945949501426,0.01829890646436778,0.005278918279764397
635,0.0014668946187646886,0.3332211359620208,467.6692154824969,2662.3063060421396,0.8793283754054597,95.82625153769291,23.28548790940539,478.48385735251355,95.93406401035865,0.0020354478210783925,0.005573343531017821
636,0.034972232286007106,0.49926731583793016,495.6047040504885,2715.447992849986,0.6398261104130288,81.61592581573575,14.322943403929923,320.76079760170626,21.60801633071009,0.002886133569657551,0.00027653042896733093
637,0.04220893289308393,0.47340192748605264,379.99913206446706,2332.3373288887497,0.6551200085146892,92.19755653759438,19.886499058866463,589.7954332652041,26.862011263786574,0.002497845934755132,0.0005675797426876654
638,0.01391519404633237,0.42066803441535106,439.5974186387875,2809.1195310001854,0.5500720883708664,62.3912090298409,13.567173632715715,392.34906477945367,28.903019313020412,0.004605880796036148,0.0022643154556795907
639,0.08127531690896037,0.38359944761575016,488.3429008917045,1958.760627081603,0.949697145614284,84.72431154182625,21.68114894768314,568.9627495707895,77.84270102059178,0.009277292298891937,0.009791781701135259
640,0.05321387625748525,0.49791957834845924,472.3357768422987,2574.4910988136216,1.1156388448912784,81.44749136018518,29.789563709443442,567.7680319965018,15.27118537651325,0.019399579719978646,0.004429246693972828
641,0.02509413815298398,0.42240476037577,418.63933481561605,2742.628812451369,0.7200605058467944,73.39011968885316,10.329517974886464,440.1961657048013,11.891831952957768,0.0024562118901336172,0.0015127505181983208
642,0.05145388538425574,0.4966365098500536,487.6602204341401,2544.8641169904104,0.6878571636864776,97.47314864260787,8.365310027333333,411.239985172997,44.030763252558785,0.0028033558046774935,0.0008098663852110839
643,0.011194956169482802,0.2805500448933805,342.83683413352327,2035.8841246542534,1.1502030482465584,50.806449009779506,20.578005696752264,1816.3411193222641,89.39187392489592,0.023757311068541443,0.004080841943163765
644,0.06374652763742708,0.4201584456561048,444.408172448017,2446.4643943931596,0.7174737883644509,86.73926368310978,12.500723961459506,330.71384395624597,11.047588545499067,0.01098934083659821,0.003608832666006598
645,0.0699097815112221,0.3630812911446701,411.23304193467106,1123.3590158670022,1.1531611845665326,43.97373109274348,33.7902148475843,1805.9464990160118,90.27400327608402,0.035991994428045564,0.0004838873555170365
646,0.018693593976950373,0.46535128550592747,467.2769032058466,2937.2479486605275,0.550241307218634,85.05546706951728,15.711789636086097,326.60462513084553,10.769024167445039,0.004065198207953596,0.0020922200104637164
647,0.03907352898032513,0.4222044794996738,432.52728997982274,2975.5696668156274,0.8260343089812684,98.31400652444879,21.243548920177023,385.03953407662317,14.317201989561756,0.00663673665030511,0.006506204137070837
648,0.054087547120153144,0.14117678962490854,361.4913637624367,2980.739735036648,1.1819796945814944,17.279918489380705,36.54242596941107,701.1351640712293,87.61326780859773,0.02605064317491817,0.009552300092582473
649,0.07364740158132846,0.34666349615316233,487.65590719698525,1107.4685474485973,0.807067474301468,80.9043234979652,31.664457737204092,657.2019592183101,83.81278053516482,0.006626230742439718,0.008615850881637549
650,0.02547380353198349,0.4806266310374412,461.2055067834217,1949.2278354433115,1.119461554221291,37.85782738045833,25.63642655604987,550.3159078415454,104.82539229020986,0.005459143257111736,0.005857610964825366
651,0.04407546249575736,0.4340248780208826,490.9631588511807,2432.303990304723,1.0142622135472825,39.10231899006077,11.362128897888132,563.2109853919889,77.74930496351844,0.006878696376503718,0.008189991347438077
652,0.041544317780649376,0.4807211505989396,468.74893942374035,2282.7285308137953,0.5828823480271709,84.980945650888,11.883233559555247,445.8493446089601,20.7256722400958,0.004142919851671291,0.0012622013355923227
653,0.053253617757720806,0.46893784800262034,408.8243698592243,2990.5762496585003,0.5823702039864085,67.38311008323176,17.331921610114346,346.94562286668577,23.59426394987768,0.01172647600248426,0.0007179873950470829
654,0.043503805736658976,0.38520405727731183,380.42882178396667,1373.1051950960589,0.8689803579601436,66.77788986508918,15.853759530198655,514.619830504804,26.498020699170795,0.007829326305021984,0.0029705323784108067
655,0.01352961325560139,0.3017424455893867,474.9051007758436,2942.8616837291656,0.9262710041257198,53.3760189372403,32.08008729324433,1175.881411339496,111.5158183758335,0.02846108463480756,0.0002907402004674398
656,0.03994293906120495,0.4614830997469492,450.96428707550257,2756.4609678369834,0.7112662068416342,98.55663162197705,10.726512524254101,379.0329889579093,10.776271232192444,0.002637566839683862,0.005348423112634466
657,0.014450777354867404,0.4256337646809485,100.40204638575227,2283.793110785837,0.679409526989225,75.51631044551121,7.718208552511637,1945.4253970803336,43.842552544038696,0.004840157609622867,0.004740176812157749
658,0.029760358020599065,0.44551549562490655,487.7878125312602,2807.761867787121,0.7575104576689673,68.31190249484773,8.998862935704736,702.4580210020061,42.800700274577615,0.009017760129236123,0.0006398855293577109
659,0.04140893424487442,0.2919601693008757,408.67641120271065,2350.021054941012,0.9053768734086144,92.5188017130927,32.49197537286164,429.15039560119953,67.30528823673856,0.0025952801604723023,0.00925534150747249
660,0.053311740997495465,0.48789519914860446,498.8071715307046,2868.3851390332165,0.5793695733850466,63.034328134802976,5.119635642447387,356.3588299983689,42.69398716333606,0.005767743176929999,0.000501742899143817
661,0.029719495299455417,0.47420886469141915,498.58329041439447,2772.233442684693,1.199498648379129,36.86204334871892,16.365645696334774,515.6425250678167,103.10630613962428,0.008224977435060853,0.0058792394747823745
662,0.06327601076731416,0.10942699685055357,477.4859538556398,2332.892223750841,0.6492953634604598,30.229716696940024,49.53165394918453,1188.079375894395,55.60049246866763,0.047717470421694566,0.001249157882202037
663,0.04955380283308375,0.44658925830469504,366.41607032023387,2544.3873024517684,0.5675783894005182,80.19546473838507,36.11711607983753,306.1054203384277,10.415865896131717,0.003219458369002585,0.00610585632165995
664,0.003894733312781482,0.289471283515872,394.7103793067533,2184.9893908021263,1.1514979745264629,59.660680302992084,8.506946663751584,326.9370039021242,56.03175174889519,0.016780000184053352,0.002747359678660446
665,0.08466983379809892,0.4365710217354647,156.5119261826272,2848.229279854496,0.5066105451167537,88.65033344088157,46.45340979332197,1117.4813824736348,69.65749628029039,0.005378234538862072,0.0009895856319265981
666,0.09157809963482512,0.39223518745048525,435.58064488304973,2829.952918193435,0.8358052133099223,51.96497154711048,26.10135844649544,476.7252814071222,13.736958253439115,0.014212911998620209,0.003629496328270196
667,0.03606722826787255,0.22978039175707243,348.2923272364094,1492.9090540589166,0.6973026138032626,54.52594514223163,10.23467287658173,581.7582665968018,20.178323877091987,0.018904667032682107,0.004304790434579987
668,0.03538589263103798,0.3332348318052843,392.55736149776465,2266.3775000154897,1.0856346901777134,78.39104434189377,24.855171935811573,662.709899983547,108.92892000808102,0.002439016016295656,0.00685038060826297
669,0.03887525336732847,0.45442974160187477,494.8849522333471,2756.7228201177854,0.5881725147812815,77.4290786074378,22.475967987753343,368.0768071630741,10.16571407312971,0.007934635710143367,0.004676309103091741
670,0.06297892293458109,0.4548559592066139,211.21644102632945,1107.1017707806755,0.5590290835017977,65.41216784179827,37.33253344810899,759.0259024623587,49.49462269115528,0.042304338865818907,0.006980596009885595
671,0.04949620526487961,0.38943030179607,446.23303763950594,2328.7171235565474,1.1973371986155512,54.07461746490196,25.29879036052858,578.8414708695518,119.81990109541191,0.005110171265048693,0.008097996639029967
672,0.031138220248222517,0.3377906662096869,421.02833686662564,1891.7811169921035,0.7344461473820847,74.77917365831637,11.06613449278657,335.6445780867321,21.205778207899098,0.004902291433817898,0.0023604431608107304
673,0.019862203833436842,0.4025167147581622,273.6512585995224,2999.8540811406733,1.0764140390563883,90.12423719786558,43.18593290541784,672.1567492071978,17.188896169834365,0.008063997905297925,0.0007391349174439928
674,0.07120486851688639,0.46075349681995315,437.6109505332921,2890.7606065980717,0.6436999213651987,87.51954193124887,33.15307253582719,407.9603241072598,27.015895532347677,0.0022713622885411223,0.005644541509035222
675,0.03467743760598345,0.4041735942364768,497.7265175327466,2916.678260400301,1.1494183859394334,76.38412331592325,25.205560448168413,553.5278064723368,110.20056862371598,0.002147988832834559,0.005794706214165115
676,0.031066078829624387,0.4394205951855671,492.3655056988008,2891.8077458450252,1.1244115522742808,83.77445523189034,18.55314158220393,312.7175400826995,116.53433361446666,0.016704697655673603,0.008722847719637838
677,0.040633615660656666,0.26399026026020467,280.50832211076766,1939.346240979345,1.0095702603297134,22.73608570760979,35.02781903716489,1524.2912961535144,96.55243863595571,0.00834202157169318,0.0006009661510844129
678,0.06884332349493358,0.43361962731250936,403.6223314743309,2536.937676329144,0.7097867527072043,93.94883373045666,18.665989606508575,309.2303207003093,28.27575813503152,0.0066700696569190815,0.005904507357917153
679,0.09060596258050607,0.4216266163030326,454.1136317518692,2836.114939821981,1.0640400751896386,65.21629402207499,14.31692605664908,866.0346037933725,16.960366648778415,0.008666562092620955,0.0021205244198503896
680,0.015187162816199994,0.4842246809818162,488.15380507890444,2430.07225660696,0.6250181787746197,75.49770076817573,12.614286527053038,335.8570605340105,46.73755774169655,0.002675057708811655,0.0014070914796154648
681,0.008224463956208003,0.3604270419834778,492.1507499462767,2478.967297553407,0.7613550380492932,63.09509136257347,18.07792789366043,733.1689066448737,46.408763022063724,0.003436712263841902,0.003348389087055069
682,0.004790777957943701,0.49772446825335426,435.2875075058341,2972.211728513078,0.7094223229771641,87.31969728171411,18.661759793450845,628.057001878796,49.25216568993047,0.0030953013582918597,0.00043418201374437594
683,0.027603462202329336,0.47154457140571915,469.8185601038064,2496.6287908412205,0.5975151975606834,82.87185224726258,20.636298013625428,819.9422246270874,67.89958312376027,0.0020243674909083153,0.003156764431657557
684,0.011655521027627815,0.3285096204771438,403.56103273899873,2538.6241122438996,1.0174829392486808,65.79592482173891,14.11486216547474,519.1595581052026,54.69916585129405,0.007423661579276277,0.0013582193768356394
685,0.03926066814352629,0.46204687194109806,490.61961679225857,2507.0087327836927,0.7019089725655626,81.64295464128041,17.992214296905917,524.8461211875746,45.02036614839278,0.014256415147526399,0.0018809593109232468
686,0.02156516606444105,0.44780091999526334,453.0899731447323,2842.6314115861264,1.1754036167066013,80.40470596575403,30.40002570054913,312.97084140022463,98.89441771402699,0.006161058330655495,0.008407348631530606
687,0.039123439069543596,0.3493544868199089,369.9339490722233,2866.256465351112,0.8689001287123403,88.7173551548076,9.151259125096239,361.355032722715,43.64212936531343,0.002341938824076791,0.00020417119126291778
688,0.041516047628970904,0.3467275933254307,423.0043933316199,2547.584059349859,1.1793671008903022,52.82873608224438,21.681362544912425,318.37194767218534,112.85690486391829,0.0033953269341661127,0.005755342256576673
689,0.09380609768209192,0.2074849060968988,278.919241408453,1799.396720702176,1.1435194414868972,16.104862054903393,9.957922582945312,1332.1494039749807,31.322426042728132,0.03353987835660911,0.0025790599665554124
690,0.04252249990974857,0.45298017332599716,499.96568915212595,2424.123564582205,1.0500984558007278,31.598835457589125,26.33298720087386,337.4024755121295,113.55753071731613,0.010761507129614847,0.00789050599900209
691,0.029808244768022612,0.30525456638557164,408.5549724182375,2334.2733014009987,0.9182412388871475,80.32248545294563,12.655500097847932,531.6321996642223,86.30166778298404,0.0037623043535174694,0.005977176714244873
692,0.014221707886391384,0.46519606176641043,473.9768529170552,2573.982731216607,0.6063509339947325,80.38416808214777,10.424933464092739,438.70321506566927,65.02820002095072,0.00790220000865937,0.004877562394076243
693,0.08285102803053054,0.46822028559188333,233.20272926832297,1001.6811525221553,1.1046711429185263,64.59930076510521,16.9555856320606,331.2838606270252,24.13117905626644,0.033137607446190195,0.008076128851002324
694,0.03354132423201217,0.29307802605626226,378.69058604659205,2861.9621255018824,0.7872002134115256,79.79621936987331,14.58463130841994,417.76818263702285,18.03386558963762,0.002757376459121736,0.0037821377938107147
695,0.04772712088146672,0.3066940075452162,294.8965167147932,2862.629473993433,0.9544743634652539,87.8478171954215,18.444269672994313,364.04192262337887,26.316760483979536,0.005475991404487025,0.0023990139356832533
696,0.01039902146409663,0.4598043641928303,432.23493984089777,2821.410676311167,0.749547076589801,84.24856052154287,10.36240285398558,351.9499041772984,32.957226013085645,0.018425934739224034,0.0014144731054078596
697,0.017009404083635,0.49858662815548405,426.7938099271267,2224.5830404759026,0.5898363120204839,93.63428267647294,5.519802690325749,310.2629865044799,39.066998438386975,0.008693237648468952,0.0007716711417679389
698,0.0318847310325412,0.46231963927255304,485.76926191884337,2867.2643919767324,0.7530977916167854,78.43237110317625,17.668031426879416,497.1042942619713,20.195687310634405,0.0027756092288436724,0.0017534592550148744
699,0.057527443824030855,0.3363711777820598,438.9599484200262,2903.6785039349456,0.9897958996338371,56.89000656694094,21.072420555600498,375.87283170880943,23.190140115654707,0.0077962370431643785,0.00209932156410839
700,0.05060811005451015,0.20804296018506996,436.6935915719686,1383.37129782085,1.0692435109371676,97.60749508934686,29.08336704047028,812.6640984652147,43.17082980862152,0.003290925336512137,0.00922743443967382
701,0.039009745881672594,0.49644815090493216,472.9971621167195,2115.968326246991,0.781952122392809,32.18860267581497,20.94291273692901,604.5421339541617,96.98171375787265,0.005541433697288689,0.0047699183750808
702,0.007218228714687653,0.3728325602191814,437.9847405609478,2277.307345172413,1.1705943991234886,20.436374828050845,17.612207198001848,431.29438571437595,119.12903344034852,0.004097793539599147,0.006325887985459578
703,0.08268058467448858,0.17854924389781135,320.72288047936433,2677.7477474338516,0.6319487929794816,12.392393789467384,49.04786895814992,948.0745888026062,101.53570865275925,0.024922974649851132,0.009755929685998964
704,0.038421000632038876,0.2886565387773885,220.81029839637688,2681.3552578046706,0.5672684071378274,23.843734990125572,32.24183661130467,915.3072142149508,48.357093047872176,0.030447785866632437,0.00048794878217094453
705,0.009594882910224832,0.4637842672439769,290.4049688467935,2792.6091353263832,0.913137660455641,68.0005934848333,32.012355441562924,317.31864916030975,47.3092991604274,0.012184233630188866,0.0017780852700477832
706,0.04819696703212483,0.3352863643156179,445.30695479032096,1654.2445961901497,0.9651835404367208,95.43093988038747,7.522864780598443,345.61324643494044,75.99551706523846,0.003301745453206611,0.008064191686778457
707,0.09326091467506324,0.16565557454098082,214.41060358088447,2746.318587617756,1.1234313040386532,34.1006137543839,7.253221295952258,1307.9324519311099,111.04174530346694,0.012403757729269197,0.00938429286560255
708,0.07093676634247018,0.1667134928930999,353.282423152275,2435.644405195419,1.0563433618997986,41.53990737178558,41.27046602622623,1506.9064774543017,73.48716958318043,0.04005806192284012,0.0032494317650398692
709,0.033705364396954485,0.35684505370681585,233.03761807289305,1717.1726235367173,0.742693372629095,83.69339885568246,18.30904621197793,1441.3867519206178,32.38441183718178,0.024275892619106162,0.005988737551784478
710,0.03687126916948114,0.2447885272188929,142.4383313945353,2578.0063559751634,0.9630038134392116,27.26640666504202,27.44731143917421,392.89114389629515,24.454726576100825,0.03200903137436724,0.009340417525537015
711,0.047517068739705244,0.39400793479284113,372.0925310314194,2903.330044652108,1.06984669322816,80.59054108955759,18.540259639499656,372.5231749432368,31.558436935883606,0.013813394122489279,0.0020553286918015127
712,0.044173408644143757,0.12863673407368453,317.90590223804196,1678.2153827785685,0.7839956965032809,39.99373015798782,14.181416720374484,1582.6387084121095,73.20941207709365,0.0020062313059884054,0.0011449446501238612
713,0.06144610972698481,0.4390252966217621,368.45195368687723,2466.144980920159,1.1942491062356624,22.714245194806878,15.277749810206078,386.7184972038089,117.28451277027541,0.00255178542573525,0.006866285550122913
714,0.038898142547876303,0.28440809506586956,336.74709072323697,1502.9292522173769,0.7540216919701054,65.50259147807225,11.753689536957042,607.4327755076844,20.270847937616388,0.0029089699207594166,0.003953545501882739
715,0.0854625236321857,0.2951780437342257,241.59225106984903,2690.469780611367,0.5309442122849628,31.711261758857745,48.245575755036484,1233.3040266017515,14.73119689806397,0.022032511248667064,0.0021008411829414385
716,0.00970614050732307,0.48364458005603156,478.37404595042193,2842.144259920151,0.8120609619809799,55.55273551484348,6.11102007447164,345.55703990075,60.112830302504406,0.008145100614183536,0.003979470971319206
717,0.09644489964618323,0.46673925849970815,481.39183774109995,1489.2567448630175,0.911409337502906,53.66164075491508,16.8254109503606,1687.2824601561724,83.12412597002167,0.018514259887330443,0.009412241074498427
718,0.0043369789948774565,0.427354572263584,438.5798891368329,2021.4703912039843,0.949815852396524,87.93038296050361,13.408172372170956,399.1940362024312,50.916431267188706,0.0021574757166418295,0.0008237382640593212
719,0.06283034662626347,0.48449244434024535,426.47407781261353,2865.621515116866,0.7592006013455914,79.922908982645,25.788233088165207,316.32102188637305,13.342388783848524,0.003275939989391344,0.0031889945029217365
720,0.019704232635412558,0.3886040242016921,389.07533517917955,2015.7727555273689,1.1270286192636663,79.03470088723599,16.02031371407467,469.6762116939344,54.57949389444009,0.006050304003071596,0.0003251730625365393
721,0.041874650118092945,0.38653272947312145,482.9148091554598,2522.1997142790924,0.9750883116681469,89.3992978069807,23.270525380157988,316.1941993927693,87.08002165453658,0.0025422451409792164,0.005531527716061463
722,0.014748712954359153,0.4726433749199673,494.8610823699952,1921.0604334900688,1.0401296788863195,72.77356666343823,16.87819605535333,656.9138688167814,65.58258290769294,0.009418510667576183,0.0003141131249256704
723,0.01954000141057101,0.47620407056735936,423.43237763057414,2314.6731634486077,0.6626102887345539,47.0272985690418,14.192242990238373,459.8480783158143,43.02125668357688,0.010184814875957836,0.001381796888259796
724,0.0319799030113336,0.32070918185997854,301.58987158102536,1079.1622439835542,0.6404952043220375,23.208281516909672,44.28420452915208,1939.1966742911645,29.84829625120482,0.03674395416928226,0.0013557729138804334
725,0.04517627253628641,0.2961349848047816,450.0001205994806,1816.3132026754356,1.058456856183463,99.45708113368114,48.811671139233006,705.8239706372241,43.903307754769244,0.008580035799113372,0.00843528308997726
726,0.006586927984563309,0.3993071685607018,465.5104786710753,1788.640814371384,0.925736637440472,79.40869730637638,12.35272505690345,407.80958365749774,42.26501000901328,0.0020802265474164664,0.0005423618650018299
727,0.0479332896051833,0.3308935224586892,409.97447307256243,2370.6275012766623,0.9799982608617526,99.40026928963162,24.985844044072454,697.5103562044642,83.00058887268503,0.009768502484062927,0.005616159045021614
728,0.008653520449484406,0.35383190994860236,484.32246587735733,1449.2723193460188,1.0598004042090712,81.63336463406795,14.097532607348818,676.639178181063,51.88537948889133,0.013784229026000211,0.0009992786674685571
729,0.007296078831188221,0.4049975079977804,383.26115296454157,2263.441681959976,0.8533937007331428,89.44892941144958,25.890790248895613,805.5678968747102,81.07117401829773,0.015670934723620036,0.000542317674469469
730,0.011780408567799584,0.48924676641497866,453.280996979403,2080.246498852296,1.0787539861901154,74.85008110681284,14.533844733410604,539.2370849590056,29.0303568328122,0.0070930999318189365,0.002643304491483351
731,0.01932355467630478,0.30957434184817917,323.20441928963123,1145.1100376991335,0.5169971419247512,22.150003578279374,6.171210967846044,1481.9623872486925,99.79049805102471,0.048659071162808806,0.0047080402672962885
732,0.011042904457834967,0.3842243725127393,449.44510329838795,2234.406118657679,0.8807885482125664,72.80725017858387,11.305436902765129,522.6433733009583,45.51758915981819,0.014955280595966017,0.0009838037874246146
733,0.02453995272530974,0.34860338365533483,362.8180647382721,1598.1626751295344,0.8930383850758358,79.32856172813717,14.881829222642251,405.4325516992617,82.63139381927711,0.012677728656647116,0.0016718531929354771
734,0.001453606355113319,0.46162389324563025,403.92297267987453,1538.5233968331768,0.8949602292889254,97.18040232194981,21.77082890526102,432.3927766253154,50.48970296077116,0.0023634528113214864,0.0015513163530522615
735,0.029235130206816045,0.4038839568614171,490.8483783321928,1340.2138652392973,0.8932509219899355,74.70540988440105,6.4004499379874265,545.2868919626111,18.87551456188334,0.013278662839618156,0.001161924258697801
736,0.024979844058010514,0.3655781173488051,490.71260075995053,2487.6716159555813,0.8308841758685525,77.94626396416277,24.69987460263062,319.7734497411268,83.80557921853618,0.009028739859869322,0.006602861965350072
737,0.035068232400572934,0.30065942915601873,449.67741229164665,2335.9029715021197,0.7285782644846835,50.43639783673124,14.013901285623604,562.319191779465,59.441952986619995,0.038344951679911206,0.009974374549741167
738,0.08803020476319795,0.2897847755846892,421.56284046499195,1406.4918483042316,1.0413651369280912,76.23297635927361,22.19659007186553,447.1873562773928,77.56798898244217,0.008965488989117528,0.0077337090098656405
739,0.04469748339110563,0.3932028991952439,441.2044051737118,2854.4217302008838,1.1066745189437197,75.53119602830556,29.095607320515352,739.6427429820604,14.472166309529172,0.006083511161860258,0.007234482946912898
740,0.05317181759660034,0.3553402021488557,491.17180607876253,2725.3127722133495,0.9214116626404362,79.8482153627146,15.931349283529853,305.80631048045205,86.49936358520411,0.004187206444358143,0.007740181680834381
741,0.0026624622361955085,0.3052977587566468,472.5001691723199,1418.4302052329183,0.9098776585984281,76.68987536492777,7.320692151091498,457.18309019948896,25.82222783492219,0.004346625029566346,0.0008229011109867487
742,0.03578392131208806,0.49216138346167515,274.63966424584964,2835.1162692767925,0.6322810289681646,71.18263031551102,17.805374584059773,396.03198345320266,11.02378800046066,0.00835195846417244,0.004231535509725246
743,0.04028889365253727,0.3925901871102964,481.87805354910006,2471.8823777976822,0.7571657888390652,78.36190898132348,16.0890810897558,429.3810202958841,37.2327340763994,0.003923896738901821,0.0048331787398156415
744,0.04240223618874819,0.2811795239920727,452.04430174626185,1434.7431333481852,0.7585863983706574,65.46416593642053,29.992679213800024,310.6308411440552,32.833979652646875,0.0024049806839912093,0.002413336883449316
745,0.058602048033686266,0.38017121410393917,367.61235389392317,1505.8621320825391,0.7512050261651726,58.40687146865166,35.398475567438155,736.1761078220782,22.985309645250354,0.015273159959215112,0.005898880091816635
746,0.053023858319014384,0.4360987729467846,401.3964806977192,2530.0628938160635,1.1516090266660266,89.7097861291052,26.065904490356726,440.0352764170374,119.24216332042253,0.007840113358033736,0.009755723201342492
747,0.03319492869255871,0.2663562416673551,417.4539748933032,1158.2337210862072,0.7383998614764574,50.3293279783667,32.65976527638287,648.1534434620125,33.74263481541662,0.01254838590034352,0.0034848212095322448
748,0.009463468217722903,0.39033834353368163,327.1179081730239,1696.7354698167487,0.9949186899930772,85.44901742477626,12.702775737352207,596.0355936915148,31.622385419557443,0.0036287989612856725,0.00021943388634399592
749,0.08846805471102144,0.4856125552661826,169.54209909115156,2174.6982854464977,0.5410945014192226,44.62750625867858,25.37796844754311,774.9050059331818,58.37246642502807,0.035174195744535085,0.0019646954984920417
750,0.01683908595062384,0.38681599609204587,447.65712745662717,2158.973538874667,0.7456483691992833,95.7661534081291,17.100629033861704,427.5293661464531,57.043942082696454,0.008238238740848764,0.0021437438959078254
751,0.022552492137799803,0.15916019107966273,426.90420195213034,1862.7036572250724,0.7767835866654245,73.17344568796122,31.851238158854393,377.55757360285907,21.80322894172815,0.006528110483491393,0.0005507005687851721
752,0.045436217938851574,0.3484068012646848,430.58301773004206,1337.2756424790816,0.8502192462289865,87.58308911341717,37.28796153732024,358.20523536212403,43.176897378192464,0.010793086252098821,0.0006281016614727575
753,0.09887997967333295,0.20549338492108774,481.0611750627383,1513.1689274136002,1.1156562252334619,38.82373540983427,42.82465034411493,762.6299025029052,35.146938061644946,0.04099081693502233,0.007696931784175772
754,0.004479329445287639,0.4522866989313365,472.82508808419504,1346.245806132492,0.8600749674834056,80.39191009568329,8.51794687692076,615.835746997191,58.621235523539895,0.0023038759531530686,0.0008226979473398277
755,0.006635579028949682,0.33044833010018787,449.2673646464163,1384.4824375636372,0.8870325860635186,71.12675566140825,23.027275442726648,467.51443096838096,66.30513138950829,0.0037129036181836645,0.0030594831786409427
756,0.03008204376030444,0.3012169731643089,497.46673658635257,1388.5812650440566,0.8294430181246097,57.08043379014427,27.062784020277615,556.3498340977753,43.56445718934665,0.006262757201179855,0.0012271117607150276
757,0.03184346307741204,0.37386490288096336,460.78120217177434,2534.1757185902907,0.93592254480018,93.26148344087694,29.249359941209683,434.933084548266,96.05230171572774,0.0034093720734714493,0.005394638510560225
758,0.03333223375565408,0.2247213420702982,477.36844610174603,1715.1531228998977,0.8435970956194012,57.44129572331572,39.635437222463345,375.311935551186,63.330023668925946,0.017534838964676832,0.0048739779027299444
759,0.025636582790223416,0.47595828426910286,308.885253111194,2891.458193575401,1.050856761575972,71.5580649605123,35.975575152810784,345.8845169000657,15.028763057018343,0.002838491928516778,0.0010251877094335877
760,0.03704709945073094,0.17316583181450707,360.43426859665396,2294.5305452620114,0.8279820080430054,74.24147726346713,10.091574074129749,1923.6071515902995,50.414446318384826,0.014164976409630579,0.007706125373668601
761,0.09792270523910873,0.10930896789751263,277.37428444940065,2494.2204806607942,0.7612328543385092,75.80354327288711,47.325832701103785,1376.5495989242315,118.31932519016613,0.015032371496448066,0.0021216488622276945
762,0.0541906781491164,0.4759172210816654,496.1833624634717,2498.6273917468193,0.7226750504800703,75.63191016986585,15.079470548981957,443.7555182591179,28.88722035209345,0.0020313383828563726,0.006070999127815307
763,0.008245476609748285,0.49055176497421044,414.4582028517949,1773.82699619908,0.9074558827242698,75.87210949173586,12.071514452376293,587.6350993377432,45.563277732946254,0.013962371551841683,0.0018890055998581731
764,0.05699749180808861,0.3059737510631351,481.79544622142737,1300.611216453166,0.9193638798309379,97.65512938919665,25.76297002722222,363.96531027657863,92.68469577649903,0.008127500759896843,0.008649466106244804
765,0.03628611698830364,0.46062461102999663,170.08003259629473,1149.3213901541114,0.6871455445985732,44.049951579216284,34.40436047094843,548.8424727137364,91.3384295428008,0.02931631387434317,0.0011122045284404835
766,0.011711893978755473,0.4180893989097793,440.31240139371977,1983.4051223830238,0.5737419085492816,92.89605080791031,41.8636624389047,1096.9631752048745,64.64075392537666,0.042773313394530575,0.0029078093085283863
767,0.0575176223658014,0.16903972436934783,234.27220973372624,2847.1498774020074,0.9006918404121553,19.152306065213182,33.60179209303138,1440.5170535145453,97.3450345411535,0.0061900706529251955,0.004466726913932035
768,0.03172165236975315,0.48685277640526997,435.8722528911281,2125.836765993104,0.9514094493047132,55.145041145047045,20.53458864168088,986.1368108617476,71.91906753858021,0.01320814506016224,0.007377975957727814
769,0.049229032981649275,0.31357779522660395,398.02149755824126,1333.101971150456,0.5347011195706917,11.128813681695775,27.917125974976454,1828.5562437522512,60.81766356539399,0.022589720386344922,0.00916488729592118
770,0.052316664922632976,0.3814375060417074,482.51283689171674,2621.203075694642,0.7547632727024786,61.43520485307577,9.83964749438162,330.4139920471412,19.556796386234826,0.011219227906509517,0.006938142900541303
771,0.007377200601593143,0.4348304498152578,445.88278510016266,2783.105429387708,1.0099857400114522,81.72953201088374,13.483967551211895,418.5532444532247,55.593371320345724,0.007913719941811724,0.0024213388503870528
772,0.05898352339303803,0.10764485129743886,487.42545499321426,2470.5220073504265,1.0436705071487775,86.12451405898162,20.81391580171483,1291.0165431747862,68.19833559784033,0.04528707928151212,0.007941872713651396
773,0.022394293004025883,0.38148471872251,338.03546072758894,2924.012526497634,1.114510253759311,94.00385027151385,31.065652649298936,458.36312051996515,34.871754113916424,0.005500073263326007,0.001751779281986469
774,0.03657409415047675,0.4457156334871365,449.4734992114419,2156.574002171319,0.9604956297815097,87.61338905196584,15.96709253567564,334.46358299491186,105.30342513652877,0.003529025729579431,0.004671387804381371
775,0.018140040097879062,0.45402015328486867,464.5198851307813,1925.5769085213674,1.009958499005499,94.05068197847305,13.671746455684092,365.81020555545234,51.629952920671926,0.004953913181691397,0.0006283489076583746
776,0.025934594383538612,0.4249241606575069,499.88325103456987,2306.198589324841,1.0784936219972774,52.38530355283759,31.577660556834623,368.35906704411366,103.79062436774268,0.0022419005101445614,0.008047250784299145
777,0.034016562922404854,0.36773985140671495,453.1456526749594,2205.798500097165,1.1738616221317018,42.153167236374664,44.35171235505747,336.3209873097341,76.55250545624686,0.007409991515802957,0.007070750973909031
778,0.08519130745212367,0.16580172942465957,495.21227085316616,2575.0938099971227,0.7959387296096077,12.357467036279452,27.006067280462428,807.6005730068321,89.39564599700249,0.013462122907446172,0.0008710382379670612
779,0.029317077131795002,0.280250160110673,462.55505056577294,1581.5509742097233,0.5284093971881344,65.77911839971598,28.567949161540128,323.06055073267555,38.66293806458542,0.005857002423344324,0.002413728374941786
780,0.03958837244974824,0.4262502315989072,438.0345922961309,1929.6487623573603,1.090916697275559,65.56083368633847,40.517445524467405,561.2974522791509,81.9399599353412,0.005223251044307233,0.009612482564054356
781,0.04200426041206635,0.4415251003672087,494.7318410059883,2317.4903420522405,0.9604200817921288,86.19936619098294,27.9113951757673,394.1079922631489,93.76248313613357,0.005351710212482398,0.006814648704585539
782,0.04897704982516414,0.48752075452259636,489.7777532501277,2157.1768272859945,1.132634754466159,38.934354090859095,26.006312235913537,640.8806996855512,85.40136030287485,0.004773921193332693,0.006885517567135414
783,0.064322026010336,0.425208607343212,493.3842249097489,2784.5289655570823,0.5310803960405671,57.268751266733766,47.67040987016482,1846.832657416764,35.46950998873828,0.02314336873816465,0.007681676540982282
784,0.02428161259699022,0.45260030104638416,314.02118109269475,2429.3489277538642,0.5641530103822119,32.063556495830014,48.4861452666195,1657.106758387461,84.9379624405673,0.005247190202687345,0.007179057665027049
785,0.046271785096710476,0.41850178350025696,448.31877878698737,1237.965929820754,1.0721058845008788,76.77750278241278,42.47736144140247,1825.0632119469888,60.78255410648047,0.02192969915447792,0.009736083730240014
786,0.07685176620201466,0.239182367066109,121.0408839755278,1167.2987070575937,0.9214234121887015,10.869771436974105,11.715698932410257,1601.461475513083,96.14599671603013,0.013406569648626455,0.008420799123407884
787,0.09270463287324496,0.27430159296865453,155.46344225630216,1612.5778004774804,1.0074220254764024,45.70258185480509,5.986825359523721,744.984168582506,56.90139537381006,0.029843136740062066,0.008393557462409782
788,0.021879024648051283,0.4188657646642763,467.62180884943456,2284.4260238371357,0.9749906216760637,40.611148267326634,31.448895246951956,339.9029437411517,96.42061736398225,0.006768393118175884,0.008599957190420835
789,0.04375813609353672,0.28914509710042563,478.4638175806026,2073.5137333156645,0.7116683430586824,52.26228938177264,37.31616615390821,519.3187715456218,32.930012347532795,0.004130653340085743,0.0007380370089587591
790,0.07117272338483047,0.4575447155714215,476.9453448531429,2210.153814568877,0.9209434235203124,82.54231600432942,17.095013567026417,598.7912965848445,16.53808872576491,0.00679971090267331,0.0022599751238945335
791,0.07638673576334418,0.35617626857958234,481.5380468502743,1728.0647079062792,1.0340653548801755,76.39306024768675,26.640738013920846,319.5373837755464,77.92535110062114,0.002466594785660851,0.009657695038699123
792,0.04373747494771091,0.2405478632272006,493.56701145022447,1009.7278665310644,0.6801299110471546,73.4812946934117,23.213148354861822,670.3593183697947,40.89577379779709,0.009187768484475802,0.0007443739205248393
793,0.05053248920777032,0.26608511465402995,498.15188992729566,1456.7337084340024,0.7641287327591603,69.46537223002368,28.051202967575488,447.24540194761346,17.22696143915085,0.004956350343509321,0.0035711112845999587
794,0.06512408648923672,0.1966333541267936,468.81975803833234,1669.3175563637049,0.9591758352884404,77.50487938654416,34.81149269510781,880.5530881900302,94.81418743049738,0.008821699140322152,0.009770968509583913
795,0.056667690249260674,0.27005923865019704,498.1792252146525,2138.7170660724664,1.0506654457462703,72.49869283568704,31.075484175547263,443.0640021316807,63.15629710207564,0.0030832914716670185,0.00694712486451473
796,0.06546174039200753,0.4138625655675353,157.41677968313275,2023.5229654324996,1.1912401244377446,29.529821126819673,45.62513162153265,839.1194121016695,117.15714283518572,0.008592854636138323,0.005457771850406041
797,0.059443800776869324,0.34690517983040337,450.73595539003634,1512.318151401864,1.067454477198196,73.84488016501648,28.231435837443417,351.376415409768,85.28103460832655,0.0030155985433519047,0.008129778446162536
798,0.06792654843132613,0.49116353889643727,438.20700201536147,2767.9610687472114,0.7641059615353438,58.12035383882879,7.690727656715979,513.8298589336996,43.37815981767969,0.0049963026453544385,0.006963331855573043
799,0.010073309706793883,0.46478208672491095,127.08209447719446,1900.1988344164804,0.5616136268266483,38.86512015727965,37.580021771936444,1180.8996942814902,12.224682321512446,0.03519405067340885,0.006722291806842828
800,0.08082335629695328,0.20561577782067106,278.9418248774474,1982.402303172063,0.7886669686841227,24.977939834720743,6.2873811681965,1926.2170820241708,106.56931914813775,0.04977334144898725,0.001035493603718185
801,0.0458237489801518,0.2526887056812921,284.52905172914944,2840.7704431377115,1.1097195596155667,46.30265771363269,33.10605931914157,436.0269293356804,29.96734026016309,0.004486067747857404,0.0015489441040644116
802,0.055925818221636184,0.48105398395881216,460.61944739184713,2773.8427551238674,1.1157194496256382,39.25496035781808,32.584094464304805,924.220285892233,110.19808654442045,0.0045584687106125215,0.006535011007313234
803,0.038146513408630144,0.4022004409426559,404.9944848038854,1575.775220271976,0.8756003786564135,84.48935261570514,11.781476081487902,555.0803922006705,33.716386470742805,0.0024597766096181974,0.005001950840556512
804,0.061100877150927144,0.4751158668135632,493.635836078251,2722.741766842962,0.7811846002623519,62.62590368649055,26.81024661905427,638.6792662825537,25.47471249416117,0.0037155544035277492,0.006702857711348013
805,0.07372475760456804,0.26420936557900654,371.2666797274559,2181.5166264096238,0.8956046259936281,72.54182849072956,27.02169182975913,342.95007386297453,98.78351783845913,0.003475658978883231,0.008665960756370257
806,0.06902881848251478,0.3115808648879854,477.88352784905913,1223.65851279309,0.7762526927015605,81.21013868422683,29.3526866039057,316.74474560453353,46.646091395540694,0.0020979721833821316,0.008131562739502066
807,0.04435659885800307,0.47461042255875,447.1093843474618,2206.2775113594435,0.7012552966400094,89.90991546369196,11.213625770663974,783.091728886056,54.66912300426155,0.0048648880865289,0.0059210600310669395
808,0.07426929254907452,0.2573850088136567,308.5555935681108,1177.6204404174919,0.7367225273686931,84.26861617504062,32.840320504378056,556.529484213429,25.705116693705385,0.005107788978020206,0.006769928072265462
809,0.07848210301484149,0.3047745671300099,136.81654685620055,2006.2178309497513,0.7584818744575216,62.09806817898104,49.47629453216682,617.3479279709402,86.00717119317761,0.0335509530946891,0.009862397051496725
810,0.08361309204323425,0.2704712672550743,499.9653171172479,1580.8531216195806,0.9935744252134485,46.75131126637622,23.117359099411594,615.6337288017447,53.911772776918404,0.014393205733060818,0.008942492713072092
811,0.07006793262118345,0.2687004709819301,476.69974864270375,2116.912628345551,1.1354962764117091,71.68374895700074,34.587563960288065,414.90380407046945,77.53481370460652,0.010907684783351813,0.00937957697836359
812,0.01488713177974698,0.3322848501315109,109.85399224306369,1555.8935181498787,0.8366857891973043,19.372437941840133,22.776774893571055,1024.1031707310308,40.63874034097823,0.00996486662117144,0.0024385768225058274
813,0.061347748690786866,0.42952963192184596,450.88661946711375,2597.786407018831,0.9050182242100343,67.71788234398801,31.087970018486352,733.6292996838772,15.958443654080046,0.005307420306505148,0.0037823143261836987
814,0.07777573470320842,0.27383676904826404,433.6820257386464,1276.5335412506115,0.6164303900674613,78.45862511193366,34.972188555811805,426.98285503288577,46.010660765557475,0.003942319915511441,0.00671157874518163
815,0.08213833669180834,0.12001851565315172,176.11239621585977,1198.0683356649365,0.5857344680101666,98.45125492086117,30.620629129559784,524.7913037740946,45.73035443489242,0.04733466181182269,0.004255986775001635
816,0.08650242251294381,0.30426033569686217,491.35914937915015,1516.0219669560645,0.9154272022249346,79.95029660899947,26.88484350714172,347.43047943301696,86.27666664821639,0.011619082031329041,0.00867062736415925
817,0.0472199669859535,0.32671274632940356,189.18067538784786,2763.319922227138,0.6171030665411187,96.00849563772594,29.860073469428045,1830.405512713448,77.29776538157297,0.015712504305264528,0.008612057798741878
818,0.07675777442921976,0.32339024193190596,474.2112541399872,1061.9585122418634,0.7743145873271093,92.00912125207213,31.422934507172016,411.06925364708593,67.67468140973224,0.0021465469292488095,0.007913407108642283
819,0.0749076433304321,0.28889930789194723,429.10862863333773,1630.3153796483173,0.8070867308881634,70.67570252678328,34.81017511813918,586.2895446737259,15.096708284758076,0.0029141365736950484,0.008260222369167394
820,0.00403546280168187,0.3710644054998924,336.5398767921543,2664.985813280274,1.1340217848678678,62.56093668476643,13.413811344027405,1357.5426671748264,45.69572885295129,0.0487348791092192,0.004673079497241109
821,0.07258380299322979,0.32661260921354107,472.29209328874873,1279.6361297584115,0.7754221811445015,88.81278856620503,23.909272294873464,330.9477935669161,31.12268572695004,0.013448878284547681,0.008731356894136748
822,0.068197677364046,0.26232330532895554,394.10402109822934,2988.9151790460464,1.1133034405241768,85.56827304093022,24.57936733926272,1832.3724488884109,87.97606468144711,0.0060212312997662484,0.003034469154544065
823,0.011743547035835685,0.287878559008721,431.4620879327723,1325.3592932094011,0.8282962694065112,49.981247225323074,19.739683564592916,372.35257967282945,14.562153684375168,0.004389235433410734,0.006743519820525894
824,0.024080007086983417,0.3924126749399571,450.3842216143442,1767.2116843009687,1.116228832564553,59.85001535021925,28.348462249616496,374.76246589971834,104.99912460115284,0.0065641452746432755,0.00876589273813559
825,0.0314772765248804,0.4893137555312202,428.20547241914835,2967.973305726598,1.0027969660215057,57.21234557319451,37.56295444975225,386.29876756060287,101.20862796541255,0.0032913109906023983,0.006120491580423679
826,0.025910610808653815,0.4867408652900585,259.28938240725716,2917.390589692096,1.1813520804435367,85.31827404208867,43.57583316878632,302.08750071990875,27.161460465751347,0.006512073485786323,0.003508104152206504
827,0.06788776656123248,0.20460428636357514,416.9783066582838,1212.5575526522784,0.8780465931404705,71.10710157637922,30.688720112263578,669.2760370381903,48.016657396780474,0.002678284428568564,0.007521286699013287
828,0.08668571460613295,0.333457104622111,484.75287856891623,1819.2487358301478,0.508641804777409,16.52387982709422,40.05811285318373,1517.795755349293,80.03602732275276,0.04874652071330993,0.009142399866843568
829,0.015934895605762632,0.20480012148152998,405.7777299824113,2681.2324618461034,0.743068313578015,99.72081686508884,12.618218838314867,1286.016002343617,33.162777122025346,0.026354587380930005,0.002527452279301062
830,0.05100436114251413,0.3660221238429249,460.59537265538665,2412.893729579358,1.1161049243885204,78.73361060443287,20.377158495964004,316.9001545045573,94.90367318282514,0.008668714536194857,0.0062486873348422045
831,0.059966041106434546,0.23943486400151687,433.2443752354697,1304.8315217974236,0.7416706743464357,85.75819391774097,38.01953833653522,486.45832285372865,39.498724594245544,0.0031420372013616204,0.00972759830753189
832,0.04278894769656928,0.3620429435807262,476.91444210115054,2355.4326124485506,1.0440817395403843,52.246839413890285,23.123591279012338,900.2194611407967,85.04803645004769,0.005499150383280078,0.007742096150831587
833,0.07460862493049607,0.37528560760511753,385.19962444681113,1891.3638827963441,1.1964589395692269,78.5941543393687,28.04073023730073,337.397768374275,74.03739981548297,0.0034611324388192756,0.008313985897559493
834,0.06431731739625866,0.4829508850457477,412.1564145558988,2758.34297785402,0.695229988680204,97.72498480972493,12.25674317166352,1531.5407609541771,82.91535617266416,0.022157808663638572,0.007442398075260313
835,0.09254894822303342,0.35969245622891094,495.7752964940146,1541.2956385618184,1.0956448022856204,74.20739487826083,41.38480896255099,552.4844388483082,100.02450983751123,0.0033020489895226415,0.009911288210777733
836,0.016532930200494227,0.38110056765933886,438.45240508335223,2781.8459694054795,1.109928282387843,32.169470635191075,22.73404392354639,518.8917590997887,118.20307567450281,0.005750050303823901,0.008800249088096306
837,0.029766140016983605,0.4701158764075733,490.77731220058473,2382.1832879935814,0.6016848503713524,52.82839972695212,11.051348533153927,401.2913928214213,29.686095470999966,0.003584346511228951,0.0067826019375558655
838,0.036102141914940857,0.33826067300536694,425.68707882689176,1077.3574923325577,0.8058893188809133,66.7201049151294,48.49527274573939,356.74740622398804,21.255166040400162,0.0030041996300668437,0.004631647759689633
839,0.05692417819774369,0.49749963912929174,422.4153719407501,2061.109934932308,0.9571553398731547,86.335756500056,8.425151778807631,367.50397180648247,16.419321788897946,0.0028172872768172713,0.006715215718373779
840,0.03539633028629112,0.47462431742575006,456.7433243120358,2527.7478928702026,1.0423737800321995,61.83248040266392,24.249452331113726,573.1132551597548,81.90084961336777,0.002776759089391325,0.008910706514563159
841,0.09716519272252956,0.12482100574376603,463.36847996695644,1892.985835601927,0.996262282434437,15.564724358726814,40.653700045100024,1887.2646760483522,64.38353525999356,0.023291070352930782,0.0010972476728967487
842,0.03251574308258344,0.24631233684015896,459.61922037052346,1240.5601512453588,0.8337645149219641,97.49562048332729,33.89315899255755,510.3053683141445,39.096637337848136,0.00986412914452204,0.003983658496238179
843,0.06902902190610888,0.3283280659353574,472.11582859690947,1757.1576998750859,0.9574780939476703,68.02775561804046,29.342240003367895,395.5671048969379,45.67085607359781,0.007173112622076188,0.009605497294297126
844,0.08959822130918421,0.39431391670255367,414.5405926867385,1662.0169488207214,1.1655621714751827,64.12935639996728,18.71897975805394,495.57059631980496,114.12191224471285,0.004339805145321172,0.009565851534389914
845,0.058088562920079814,0.3729951504064874,440.5659215282347,1059.5720724579248,0.7119475156495894,97.78276702998316,29.322564843285388,399.86309594536783,21.301850413158316,0.008243954365239208,0.0054864455176706645
846,0.062478630623659985,0.23931483248087357,457.4309861130473,1474.975626776301,1.0474722320004886,85.17578895907563,30.862412829032298,300.66586678499755,52.80822214765877,0.003011715346276057,0.008047887999499136
847,0.03400278322914088,0.2807373570135318,431.28085202892714,1351.8169324572368,0.8553705996116404,74.64565949462606,33.21520626808204,640.1086867997774,16.49666803013955,0.003288737208882249,0.002032138355896429
848,0.06233556190888792,0.3134964946705125,474.2101226726015,1520.4000115599447,0.7759616295996975,72.66634480820898,28.57260572091959,733.317429432567,46.963610283022795,0.0032431178364332428,0.007167234057145996
849,0.003334501990577547,0.48721513214117607,441.13720372095275,1362.1134057751378,0.5999278128137725,19.433906048534347,8.12786230544971,1612.3383432646892,34.67716865988198,0.04664941994338198,0.007573754948066808
850,0.04137078632352478,0.24346263225046372,484.5218546344125,2794.452149472752,1.0795447136944618,85.40461985170363,12.881838250993708,460.96979138818483,119.63499923166421,0.012073321907645361,0.007087944883878888
851,0.04729897749453679,0.2423212225653993,396.28473619623486,1504.4748344098402,0.8470809083773635,83.80979939650152,17.386937741358,407.90580167965203,26.388457010889177,0.005335224485235276,0.003424328770196984
852,0.038100278562483984,0.23579754127439972,426.51859836914684,1763.4146172948595,0.8088494668117128,53.784318258871934,14.8998299308543,351.02132627686956,24.31885365564823,0.00639280270240166,0.004215776286995679
853,0.07529578039543952,0.4660929266445886,127.57482673219693,2343.9083520476206,0.8666419783252717,70.48443031987662,30.29170190273866,1339.2906065852897,67.66258090939056,0.03840380410712717,0.0008999299280100913
854,0.047183326416399954,0.49410765446446525,478.1327757701447,2625.1973512904688,1.0783714616569107,48.92008717088147,23.486755006582186,349.3276647483578,101.89665161331277,0.005358099772840871,0.007315226803034655
855,0.08446329012219823,0.3497404314669547,482.5534709709248,1232.1428967664,0.9500867690910918,79.33225515441944,25.623684170106596,350.9704726750907,40.593885276830356,0.003081496119949915,0.009153658622829049
856,0.027208506447250355,0.47115646694377844,427.6900807629644,2764.009978918831,1.1489347119102744,73.58960245515917,40.69227051452075,1092.100033056569,117.87768184485842,0.0032706288116730493,0.009210062590301167
857,0.0799600888856413,0.3695266861169684,492.18987835110386,2341.6154492631254,0.7917325762723286,89.04314175328038,15.337982878568702,626.0327489663442,32.349013742309516,0.002129841625033244,0.0037402900383301614
858,0.023801614760026367,0.48258897712081383,498.41180637708095,1955.8411201125941,1.177117768917386,56.111063030947754,31.50149804654421,467.3302400147791,109.28318226459972,0.0033886368078715687,0.005943869908101912
859,0.005270388317060129,0.3008393007757151,137.65572200562357,2501.6749461976283,0.6993282042052689,99.53503234983549,37.47517131264788,731.4071667046621,86.8485153792633,0.01092137268267647,0.00875589184367146
860,0.051375633531240986,0.45075488300524863,254.92323801995252,2226.6609547136622,0.5423598733123689,17.628570346766928,17.158873114571698,739.0809468183129,106.65988541764001,0.005772624994855754,0.007451835558020016
861,0.012201603484664963,0.30769523346411387,448.15730632005983,1708.8583916562447,0.968254996005678,62.086615275002,21.58947870100088,356.7063048080615,45.290435657026,0.00249771314661788,0.000323502988116586
862,0.059949410053290186,0.17760495265140758,467.97987307821643,1543.975355310104,0.8662966492539639,60.474183111326525,27.434263739260608,618.7737796861791,34.730835418602126,0.008204948942895371,0.0006098518787403407
863,0.011909777108270257,0.4408224658448977,237.54679838519772,2053.8440711099825,1.1689417348058486,56.56738528786389,39.51250134560744,1914.8653457302746,41.15150904044933,0.03844647787092979,0.001815528494923206
864,0.08604252709601658,0.39872405978149944,329.28026941835213,1006.4700707478704,0.9105859898453175,10.244851820544696,45.84928684483933,589.8792301914987,52.63432459688998,0.03615529443796929,0.0015386006477260514
865,0.007430098315093747,0.38089528930875804,456.94802532524307,1775.3991084741385,0.9088442663686517,79.88580549269909,19.325211252855503,394.07102868903223,29.13625082766553,0.0024270545331112003,0.0006385552545001595
866,0.04457004352542804,0.25394234613654526,450.44211288750864,1310.4267808365248,0.6235391311739507,71.55390220164512,40.3514216897067,557.6696176744515,58.70060662833961,0.006484667403720301,0.002415944021380896
867,0.0603711625994545,0.28616664404122305,459.57255824332856,1127.7116560322102,0.6894785705851312,73.32163769297321,17.15940157849289,622.4093093958064,68.08432595407257,0.00477285636571085,0.009908081194454202
868,0.024258184513498506,0.46597690710996026,473.94452292122804,2405.339761177533,0.9783821512285827,97.36575705170904,16.088828815160753,450.11570662156345,76.03704294912248,0.00459470554314596,0.00527950151890755
869,0.08808432152278382,0.34335215414615133,418.0614115194469,1586.2714928674577,1.0352558367390414,86.9800102928301,25.19556168152769,561.9291535400404,65.2535353863279,0.004516983358088323,0.009877783795764815
870,0.030539225055249294,0.28991852191754025,452.40660480311874,1620.1499116173463,0.6913197238160099,77.17124898794899,12.302926988246924,418.7120428423623,62.335267043520005,0.00729488325622713,0.003260828040050754
871,0.028046650382808406,0.3094559994240793,479.1208217609052,2242.3892060832663,0.9936996042717815,47.79931858713434,39.694185950301716,693.5964658445212,87.38080066612906,0.008139492230170813,0.008537492457760422
872,0.07364016417959732,0.40725623521000204,108.06100743980176,1007.8630044767561,0.8806670450505535,69.04935133628454,39.10343155337074,669.6297631612223,106.70872886076592,0.04164410246834325,0.0006078358648320056
873,0.03692857151602192,0.18375638457076504,130.24745816554076,1228.8999010422826,0.9613740370365835,60.686697398522966,15.918706037236856,1391.7451186982912,65.81675889935408,0.002114209777171829,0.005066872069093931
874,0.09498710171376236,0.29238667013426534,488.40430872792064,2651.0778711163666,0.9003621839479021,81.61640931724288,17.204713253765203,383.76134812418024,14.545546600258174,0.0029061176467638575,0.002086529393457163
875,0.06327622671936198,0.2551167249473926,381.2942112308585,1811.002743469937,0.8347556238862658,65.99079206839204,44.9633176506361,582.4140857027438,104.88861106435799,0.03818547935678346,0.001467513657153648
876,0.02511573861530855,0.3663545804894041,398.3955602937669,2163.541858689509,0.5310945213567935,20.670620605312884,19.823389884738422,1469.950759698784,98.92523176004404,0.009012248354217111,0.005341264000427028
877,0.07875375772146245,0.35024636852475177,465.20201328965777,1457.1434101913123,0.764178401256527,50.24577945884703,22.93247055163029,396.55630117858254,29.908688874539948,0.0022884105952610356,0.007202513217932143
878,0.05442654100362901,0.4024379880371056,491.9768822164645,2558.3877843473015,0.9588074875213848,75.39887465488462,23.150255801626173,537.0771580364541,15.385020620751707,0.00345618601128487,0.000371568247511785
879,0.02678103432885462,0.41601970841920427,423.0998170293893,1647.5686874617559,0.951466813257946,31.009489513306512,14.070459622399317,581.0661404511366,115.89246042571688,0.003028251291155492,0.007445416962449517
880,0.020776501650438768,0.41286376539932396,499.8506023459058,2554.5187839603395,1.1687223053795037,46.139204878001586,22.443602373837585,361.3186593137976,108.17526693498495,0.0035979687367294413,0.006847393873747397
881,0.08769474352803205,0.17088618538560077,499.59368724993965,2962.0037793628794,0.8673813646757605,83.79893132162968,22.486265170533596,1170.8872649888012,36.593281115931134,0.02991053827400438,0.0027593177590072805
882,0.055848949188157006,0.477688131376149,498.74320582037944,2806.134265923377,0.7811236935676588,70.94693959994896,10.000149395675008,476.2117390192131,21.102064845137793,0.007097468552725359,0.004245440705499153
883,0.041830609615247705,0.37356257687847594,343.03774378650576,1720.319418494839,1.085673746861918,97.0715639331572,27.7977824706782,712.0116971516368,58.32215429204089,0.008987408317130378,0.009444965436135133
884,0.05730955086947785,0.20288102311441047,173.17341695165828,2053.4132956936646,0.5911300430529736,28.24782607421993,49.30005752252454,354.5337655036509,119.72943699617801,0.04684936754451592,0.0024633739157973577
885,0.03653154795043723,0.3263246557029526,352.93909017767487,1786.8323349552331,0.7833756021855286,77.9966516394589,27.25886272990956,311.899873015907,30.472661858125036,0.0069206340004882615,0.005052698462821402
886,0.07188441383700377,0.27704248995426417,385.6980299586515,1879.0834362606759,1.1548286611422434,95.11053339600069,27.06513260561941,397.43636840119166,58.748765129610774,0.002549050143959937,0.00900331760532125
887,0.03535577736428115,0.4266620229144019,440.89737487414106,2534.09068025515,0.9062519262450641,82.66687750617945,48.51528344292666,385.02650883199,17.875523333473108,0.009362920938962387,0.005468111941302148
888,0.05864678715989652,0.4491779060769919,453.8516041774776,2757.357807396525,0.7028487760934116,77.62120700190574,11.921661627625804,596.0693448224033,32.589639581941796,0.004400017630865406,0.007074681379491101
889,0.051800487877832195,0.23014076992221646,229.42308335925605,2838.745665912042,0.9144810726228387,15.806835698722665,9.660311555766487,1987.7712514568923,62.80909322056182,0.015662290174072377,0.005164067344032552
890,0.08510494743434197,0.38955484536522794,426.39519562682585,2149.8458039137536,0.6861170261317618,66.35843849985838,44.60802595702815,712.114428010911,15.562948774535228,0.0030611483381012884,0.0026998961419660242
891,0.05535656726090441,0.49381279476677575,443.2030140335932,2452.4923691209774,0.7718490456701759,76.75204013209915,18.52216272351228,416.0865304215749,37.76470220122508,0.005132841236729722,0.004163625291480601
892,0.04097663490762122,0.4342705848935574,492.6115724605965,2246.560678365004,1.0180499814921873,55.738548054036144,32.90872446852649,333.78788996102634,100.52974354937368,0.003109454716840045,0.007818555101728207
893,0.09716888212102243,0.3576588951730867,287.6742665824301,1413.3991393583533,0.7859645611578611,53.431938567734036,20.070035339973884,1645.728601148874,68.70874397846235,0.04824278598741444,0.008378542669712174
894,0.051162980431723376,0.49220764392362176,497.2703808604336,2155.431514938513,0.8108529330974646,72.86436745636898,19.5039937523948,343.7157146811383,24.93121989584378,0.005532633514434275,0.007132592127255064
895,0.0628026822699228,0.30404462793871584,486.6664385813826,2591.0997803952987,0.7344657916929533,95.39084373044491,33.31815299843467,648.578670473097,31.27485509418262,0.0036518103839989634,0.0035489588395239044
896,0.07831147665245375,0.3365309769611676,447.21423606850965,2816.5478408918284,0.9106636612658736,96.39984852137677,23.259404467967293,336.7328390701252,39.62970731630912,0.012881915974686083,0.0006528825733777511
897,0.06666755329460992,0.2867571955449467,482.8588957973536,1643.2891028275924,1.0404473277068325,75.10818048711153,26.53308374658196,453.31958888653577,65.91588717720497,0.004032384965144777,0.009316588644334736
898,0.05656993139090766,0.10362459958827192,168.34686879326938,1721.0993271676693,0.7075714994637394,20.838220601060613,19.166979992369996,1613.217720245157,15.308801645482639,0.02462916521322456,0.003870337153417971
899,0.08337686819774125,0.22387105247940903,206.23737884190302,2172.352080990583,1.1624456384183792,72.29103949515647,45.78000702663968,476.38703723231345,97.78371857893534,0.03483445096452552,0.0013181276640999492
900,0.035359692230865554,0.2571238619726646,206.93811492198407,2503.7417072217577,1.155686192119096,93.86197851532421,30.27625098938281,1200.3581638828964,81.15394205215037,0.01043093099365283,0.005836503698233051
901,0.08042859736551873,0.42504942217572783,461.50603423521943,2536.308147109538,0.7506583261156645,82.40414928061773,30.059800826773067,627.410280742854,14.088676394475222,0.0021463280163809954,0.002118858238167141
902,0.06906627502145052,0.21462969449986763,343.0247072223078,1447.376287676581,1.1332518776986515,15.552155177934196,46.92418860948399,1566.365265293453,46.97562217945017,0.03270768699765228,0.0037718768560005803
903,0.02094950919248425,0.1040543909151386,179.58608519196122,2151.459928332411,0.5212437754945146,52.580880691182735,28.411661888438054,1472.8264252786798,84.3070652091519,0.020506192324954615,0.006990454413848672
904,0.04704416405884521,0.23986686644385696,447.93019658675274,1070.0457345100158,0.7555686396842202,60.51628618145971,41.9225862864095,1398.7726326265142,47.23718756631096,0.04474319842591337,0.004019194705424278
905,0.0436785910197382,0.14809798753214087,387.93142401071043,1214.3453964835048,0.7564251993775073,48.02756459442405,29.258198438702134,1240.6075559683106,99.47525578857818,0.019750410280090485,0.004722841329846227
906,0.08847115145869872,0.20923782245359784,266.280729137112,1327.5394461777637,0.8217228355350872,35.563429058290254,42.91599839806521,1879.9283174455713,97.02332357045321,0.006714593715997478,0.005921500756059393
907,0.07722056472611076,0.45310115084349367,426.56939781995766,2266.932906703136,0.6857564584568202,39.38765103450328,12.445735308805144,450.6138808030144,12.56731879860594,0.003299917995646261,0.004858982108483147
908,0.06274547588925326,0.14211943008130307,155.36299516686717,2781.3511442677927,0.6873362324854881,14.789741234724936,12.271396646918168,529.549648388111,52.81602652883661,0.0485167508442335,0.009262436205512339
909,0.014006171163479644,0.2682623230464184,451.9806811450706,2111.6701209994567,1.0583465671333576,76.45816248832729,12.841999543967187,317.1691068866916,44.70736872878893,0.00609166781275702,0.0027617688521844605
910,0.025695027023259338,0.29703304838053735,278.049431817319,2132.057781613176,0.9766266517651986,85.3570465680383,45.54548322793195,1565.1917425121305,21.07412518170687,0.008551292699640972,0.005984459915427089
911,0.03928593470258959,0.2922983622031988,423.40947270486225,1596.311580024992,1.0027827268911407,87.61291719521074,31.03286450631122,457.6434460527917,62.42789664292209,0.0045181963538167185,0.00994747343474464
912,0.05439878122909413,0.3294649617242262,423.5185254360951,1192.2244466229408,0.6294397227091145,93.46904929454935,20.320725246352602,354.13651503217034,60.48798508512562,0.010892014026894326,0.006711713534353989
913,0.07452511324166236,0.4455323974612466,453.41638693144387,1502.2554334307574,0.8543669823562778,93.1435277573185,38.15880896790206,367.70746960317365,50.9564252164617,0.00395503971949839,0.007818861062177225
914,0.039426440170414204,0.4262775805320176,239.45433027842955,2183.048885007603,0.9592134208004658,53.4312635736152,7.832403718458391,942.5230981032245,52.73078429956339,0.04834028240197846,0.009897755535345856
915,0.005750372430510676,0.291502271114329,466.0245332359783,2890.8344327141963,1.0808004028833251,69.36330145160892,11.070590421342395,308.3538796630346,75.59374438099218,0.005364516711158559,0.004553122695468295
916,0.07959770897403876,0.18624055359204994,303.1923277751477,1758.8494138756353,1.034447098077908,37.01728582791323,10.645993214873773,1302.4457817876118,22.014721612880926,0.0027517878736130832,0.0019748433451350273
917,0.04741919636662699,0.46945786970096404,482.89003040952747,2785.364048815779,1.037228595725392,94.09297323403472,40.301028990024555,865.8982576171452,32.494958661989365,0.004355940343515418,0.0039149360869249845
918,0.08174735712093503,0.4651584363323798,334.64287654569097,1024.5424656159526,1.0656430840706168,20.354062139631267,46.618102857971934,1871.7794652546681,117.3563466687873,0.04960868513428178,0.006655533307602371
919,0.05187536088259671,0.413320373997898,358.6302789096746,2983.4017663267896,1.065712970069954,71.06746266837288,23.2429081303993,531.7772454135583,11.600827323800281,0.005410291658157646,0.0033602293531640533
920,0.0024381307081924944,0.4826838978636334,353.37762540678955,2888.6230214821753,0.9358339285614174,90.06286758077769,41.38279398569184,409.1909669842001,24.82937353086101,0.006136399351968856,0.001991414066033104
921,0.038127827929335764,0.2828773607074491,281.49068546553764,1309.0730122362565,0.5415778852774171,87.93384358924469,6.166593041583798,366.16107749836635,21.703229571651164,0.04001767384404204,0.006104792984249482
922,0.02803187299397944,0.32522749203720625,420.21651264255684,2087.373048556682,0.8208349811993044,67.47859848543992,7.983341082244211,1083.5054735853748,62.30301268979332,0.0022412843643813555,0.00026168602023268403
923,0.05265139362554796,0.328899693546583,452.43953552833744,1437.571723832934,0.7189673537099756,64.18965086924662,30.44818657898209,433.2764300483644,41.099079142467005,0.01023978775503296,0.0012948698176736047
924,0.018756629542016255,0.4215928962671604,446.7083858165234,1939.4528193616295,0.7334818255584341,68.52828770332044,14.511073580808752,1054.6221875498939,24.982882361389617,0.005416096047424377,0.0007053745957147099
925,0.07976231183622662,0.19222359917688625,104.36432304496071,1136.0606048906986,1.003691651768512,28.859140609843386,13.176764370604147,1854.2773243297006,23.282883219480645,0.030406738788553843,0.00476288257907231
926,0.0753124276549206,0.25592043597987946,402.4560401536305,1023.8126684950009,0.5015036531222132,38.39181182689423,35.03349532443907,858.456519963017,99.97351992302895,0.044102482617543515,0.00029681790000541265
927,0.022807421057655233,0.3591721198654792,462.2597305505919,1698.283852800928,0.6946353664545302,71.04545025331487,18.99537065700852,398.51025659427256,29.151390847579336,0.0020169420682446147,0.005949665400364363
928,0.04904536041253492,0.4441976058177907,462.26085701876946,2129.6639551594412,0.9507209744339731,84.22058570063543,18.330051052534195,1620.0297691536944,116.12583013547643,0.025667208876599498,0.0015718553471635944
929,0.027553759157157177,0.45856616676908946,346.7563836513181,2902.9486802147962,1.0742826571617072,53.94780682305368,26.480445432540673,382.2908427540777,45.85540798886761,0.003774846301890087,0.003056239977400151
930,0.0369449233171827,0.34004249521971247,282.7714812760108,2943.88949597167,0.5107012216445552,10.018675452706134,8.297992210153197,1961.0362633075565,64.7896896155633,0.024817438632099294,0.004880491762442525
931,0.08881530045887903,0.20871094266812723,238.68530749769698,1086.913473846229,0.6753893631115584,75.17197880902452,22.523165194742482,1135.0165598864644,64.66571840387911,0.01753609592721069,0.009349315457709468
932,0.008587049129754902,0.3283860441005446,448.89097138682814,1695.1522676745758,0.5519921023902681,70.46247596345043,19.47470286010731,424.30575924832493,33.49578570888535,0.0038005123193149857,0.007816209006922665
933,0.02027628998670088,0.376607380412856,362.6186741804757,1700.4933911733706,0.6924788260166082,57.53352425070862,39.62640347847017,887.1258565679865,100.78048730063475,0.0022997890436042973,0.003814323581060215
934,0.06523380237865103,0.3007560570776444,481.3064209282733,2938.891874982957,0.9765569929232054,95.96751567458385,33.7528327751897,322.59701667185516,50.29109919257905,0.004811044850148765,0.006706012354237354
935,0.03509284380817808,0.4473164234795634,490.4745939657994,2107.5380468162043,0.915196300961899,52.17920326861936,26.446452416449592,800.5302636331812,87.83045443853595,0.002227853402945125,0.00678443553007723
936,0.011749933593578706,0.3964228442335488,442.95687692696606,1781.276669267727,0.6239759204165019,79.24905378296772,6.228228048100187,346.6063469305077,11.189706918297745,0.00866810342590476,0.006201197637381396
937,0.026153844537095794,0.43294938406339034,474.66405268633406,1554.3195218063463,0.6571918353909991,91.74264793726576,12.661790257231804,319.77947945459414,43.696795363329954,0.014576813548967917,0.0063773041828918435
938,0.011147543242857896,0.1658240360479241,477.93816071280753,2964.476415100056,0.7016030020952857,14.347438125703327,25.785210315110703,1131.8474362658906,112.15071258645119,0.041460583790295005,0.006865085893192017
939,0.007766082495823959,0.1974845310575853,337.521979390996,2651.4240431483117,1.0305184525601252,52.125939608964416,12.687178136040291,749.7628506658206,54.78104825668246,0.035241041317636605,0.007791275090267084
940,0.009468130261529609,0.3557783122703456,492.4589848841342,1995.6452417847854,0.7220623626141649,54.67384854486729,15.236096142103278,549.9942897675783,38.67330240263512,0.006885243051677413,0.006648276857468095
941,0.01967001403966239,0.4328863133847375,497.05602179024623,2908.210511658974,0.8650691870399816,64.1945282357727,45.672213092764636,630.7490758567501,30.511618646420857,0.007124294094513244,0.0012943152169661693
942,0.0792519305566957,0.40361888332805546,499.36764630621275,1754.7352086770966,1.1231085446816902,72.97723831402479,17.56670697032803,526.9518072691869,71.80351737022461,0.012214934290250822,0.009657185311645404
943,0.05256957198586746,0.2660206535924245,492.8466120957082,1191.9304036034036,0.6524119358925693,92.3173088583462,28.785794309448725,361.4184634797962,43.52463517337247,0.003129045121135787,0.006121019262418375
944,0.03270498863839232,0.414189683854578,484.2638033528853,2789.2605504719972,0.9791348316910387,68.08964766365914,28.82151864966092,411.04044955007714,109.10069042735144,0.002691410762650808,0.008322503812541349
945,0.07200175885300593,0.47795784746811576,435.24964062286136,2432.5821527706,1.1741361999233695,60.272694457854655,40.00941150518206,339.0543747671934,112.63572568738557,0.004169287215735223,0.009111165335248087
946,0.052686359577336285,0.10307225414665794,213.8299676820264,1430.0654691251548,1.0779318281273773,51.276355555574256,35.39039262423619,1769.4180716045669,84.58194424594436,0.025682884698900663,0.005533233162469476
947,0.08116335049708101,0.3781791304090205,317.9631989323424,1885.6160731787274,0.677891560137503,81.31717213954208,28.728739915313746,1132.0452695208132,101.14748013879644,0.029804122879418953,0.009788795077142514
948,0.04049982509031388,0.4755144567163925,384.69227250706456,1330.569747737279,1.1196588751517886,56.82190075632027,21.703990590295092,595.9988918927872,40.180926252483474,0.03890357564986241,0.0043110721582247415
949,0.033848877728709245,0.401300683665839,449.0428929030323,2963.989465990359,1.062616265904259,58.34112295448561,35.22787556937511,777.6504814972782,26.722308219044713,0.004113487641336436,0.00410281902803129
950,0.02695310667798059,0.32845305354038057,384.64617815770936,1355.9203116133976,0.6074688935861611,98.83565128102197,21.69500314918333,1555.6173746872191,105.33545786840196,0.003361565614844037,0.009977529196299056
951,0.058576655727994156,0.46530274599511423,483.543121724734,1551.989245877582,0.9869954656124712,33.2973734906287,20.464887126149485,320.72500504280384,107.65468209904549,0.01060467969082067,0.00838101795005068
952,0.06173075155030966,0.19345411342460178,296.25821373839744,2370.6202562599965,0.5265799945576977,46.05825392684629,11.61129414664983,562.447455072356,29.28826138743598,0.04150015037933508,0.00023670381104602244
953,0.09444202935972079,0.34755958743137705,483.1658270591633,2574.18581707596,0.7788658736415756,73.83582664632175,11.491435070130366,671.5865870099553,32.950907405445804,0.004670542638550953,0.00035856204169225527
954,0.026289969248345108,0.2768633062224148,416.5326463197604,1229.5292798640164,0.7352002642071582,63.32147220940446,27.379889442371557,339.4563057354363,28.330211353897845,0.003859529988189881,0.0030456554920407866
955,0.08574050483697614,0.34171192836111386,493.84267655665695,1903.02988015646,1.1502058431551363,74.14893745209638,22.85136323741159,462.64120330034336,100.76768735244325,0.0028895413808673275,0.008285382487797229
956,0.027853788265468433,0.4974151006124531,469.03782203928864,2342.273375675657,1.1697576546192274,64.27857386639924,33.18204609938651,347.76294733801706,112.63130398864897,0.004612727220288189,0.008153125541192869
957,0.004505215217045833,0.3330049065644619,371.07956645877096,2125.852804382835,0.9067644898743663,72.04974152487559,20.56561695348604,667.0335415351258,22.220677048849574,0.005270432403700893,0.007467617501148513
958,0.05175131950337635,0.1305168555753077,146.21683408674323,1380.0275314449455,0.7235878067527765,61.474458757931,10.225629412000341,1624.0242377136935,115.02620412153018,0.03667737576148088,0.002406578520722378
959,0.08076706986193315,0.2750355222262003,277.7949307020668,1777.5742979732038,1.11157447342928,67.29415515477326,9.680002739623468,599.7686638465434,73.38552418686045,0.03764153022906499,0.0017226432932581992
960,0.05745848754011135,0.4667614325368538,441.6911313842577,2516.779239270582,0.8586571843721038,67.95722417357723,47.29195076608197,400.7330827750379,17.35348972148467,0.004565235999229431,0.003564873526534927
961,0.030370103557146554,0.2000096632089007,475.3479112057256,2298.176877891169,1.1021581078564755,72.12014977846195,18.91434699587184,1435.6140790660938,115.62256935968146,0.006314507943083119,0.0030148531993056827
962,0.0432040397787278,0.4414435879451479,453.2723549228213,2408.0914534575218,1.198235590781287,27.90686861739003,35.41676867232853,515.5795352814895,112.54727490372419,0.00905439504898756,0.005781748471484492
963,0.009355746329406264,0.20248614788774547,386.072335465781,2987.666048794994,1.127862752941963,38.9282350279229,12.659656821879022,1337.985174807462,115.40439702301299,0.02827726577048159,0.0073649652827361516
964,0.00871033008985837,0.2351655254651173,483.08329946456,2124.3822387410455,0.7672931329440742,77.13731061360815,24.44451096534538,912.2209737941141,12.309515220635253,0.0051641857470659455,0.005075069533732495
965,0.07518686934118782,0.13728410912087807,136.84469718125422,2008.2083576101295,0.7282161132097604,98.8783770595922,40.04731536266665,1181.982413525006,72.8347356762616,0.02119395419014906,0.004348696247127016
966,0.016763865951938697,0.28703360727658356,116.06517126211048,1504.04864318958,1.0533600641781828,92.782619796793,17.54230691135055,725.3945335355777,64.92838257581734,0.026791781303868986,0.0036234963701425914
967,0.014008951380613994,0.39023953980193704,440.4255006199682,2536.3095106283863,1.0854604562230878,40.12339657814134,31.70321408874466,333.82180667272723,119.06361934492217,0.023932488070191018,0.00697574826303235
968,0.011138282549296614,0.4356600945893792,469.88237550927244,2576.5320745128956,1.1741170645121481,38.06638082756299,38.95040383524608,846.0859639078917,103.1527687006687,0.003940000274536574,0.009059812862786213
969,0.046260977029359544,0.40211728051314066,440.4533461755852,2212.954036298601,0.9099227020350384,84.05873042089738,35.00368319715901,371.33114768935565,85.05133964130874,0.014417881055601866,0.0037198025051899727
970,0.09883880716693022,0.29420735076482785,474.6359056482974,1355.9413806541256,1.1818723514250866,85.07499351231009,27.67589253186986,1703.684711409749,91.46739332095122,0.04379619526433218,0.00863938552493725
971,0.01156139896548989,0.384362971519361,466.77468449315904,1056.4900875630974,0.5433517527828637,34.315075708469394,27.929427023388293,415.30354059039723,91.5157940168274,0.004802536022479379,0.008854579610276303
972,0.0899392845739074,0.194619945400347,488.2583047443347,1822.3349392747707,0.6827696930484946,38.983927118993115,46.320240384434456,596.1828548292204,62.13693364232238,0.02574726238756019,0.005610503213306515
973,0.03990622511867127,0.49473723149359283,498.4925851486855,2990.9972308470683,1.1168826888892611,70.09461709157547,29.575140456063,580.9593226583777,32.87152457529692,0.011449187918855908,0.004200578572723548
974,0.04263894326112971,0.3587073368627641,313.92569779390305,1700.6484266865575,0.8187555953862558,39.36136087332921,38.74785187023876,1155.4472981874842,94.09060061364917,0.04940673065903482,0.005448649076527795
975,0.04743743303737027,0.30686406326238075,487.39885767576374,1213.2235342271601,0.7998896068891829,58.10990417928908,31.984333044787217,450.5686449305223,48.56217216380376,0.01367702683038444,0.007463707403464903
976,0.0646749111887826,0.17504010285464294,113.36810433922949,1154.4294458870247,0.8175836074771142,12.64832243892242,49.04365059213511,1274.7919790165388,95.3575990718227,0.0031217930792619905,0.0017513320891124262
977,0.0919057878376597,0.4566547237894464,401.61781459842194,2642.649055747623,0.7023073340948245,98.57865198616018,23.252247138938444,659.2016526391753,28.011898692140903,0.002077001936683811,0.004278528043962721
978,0.06428749407686034,0.46706488659430273,375.0457824083971,1817.9161374479359,0.9949295528845155,81.48950113510924,21.178540772727686,334.9087445389213,68.86423317935275,0.003587572372510296,0.009741153975398813
979,0.05467695544076451,0.13126094997049428,133.12318127412956,2310.566619010312,1.1752597862186636,10.91768022411727,12.58769303858552,546.5956128595974,86.99699045356782,0.00547996172779594,0.005790832093373053
980,0.08422398790076957,0.4403999413049349,371.40300518192515,2929.2503967542416,0.5910667233437834,56.17702258415736,27.024561158760534,315.4018408533631,25.92949463361727,0.005082850544614579,0.006443616287017097
981,0.07130225049268799,0.4624794620885292,406.6243620871943,2984.4018647659627,0.8293508489612702,96.29770843940247,31.94182753340334,413.133831976162,31.008142723585053,0.004245464322983347,0.0025041458345151134
982,0.062375522079285886,0.26167625850533455,384.6317000182456,1117.8929061941863,0.7159303354744242,54.89202256983537,37.32456563558472,370.82614262874097,37.506819293190134,0.0056091454210068,0.0015601692840483334
983,0.09981679885981712,0.2992302407348523,375.2869545516164,2111.701439271884,0.8580743639232852,52.90733303772209,21.828200179067938,669.5886057290293,15.421279701152814,0.00531951491045807,0.00021271705539495535
984,0.09035384559814977,0.32631412840635915,487.67726694251564,1073.5924400190133,0.9350780729831334,94.25615935550164,38.25886566865778,696.534396198138,29.315621944758618,0.009115333474081066,0.006324446270133193
985,0.09612334983527855,0.4637801328695533,393.3949810198475,2211.5338990833307,0.7231546819314298,88.71806857473806,30.09416622327819,320.330907383934,30.842987988849128,0.018248860609294815,0.002564142521388248
986,0.07140061747789941,0.47739679652915756,431.07985852819337,2977.1023007607632,0.8141160551059701,85.33973919281748,39.41556980915346,415.57427142267966,10.488631557915392,0.009068075808757181,0.0010499269007863622
987,0.09158760040645063,0.38160754887059334,152.03116665144387,1969.225820633661,0.676781698248857,35.83934422825439,26.374904878699176,1073.625997964947,88.40637295742837,0.02905099112970127,0.008434516376297664
988,0.010536878361037755,0.48977250658268356,441.820430283601,2905.4027977710884,1.137241240822863,20.34986246254546,39.09201650829025,1924.5558065643213,93.17841023475101,0.020850547211273645,0.0014080142785756222
989,0.06296200385806583,0.4576864060652847,156.9704076783415,1250.490610353661,0.9838349831192335,18.652590965617286,13.961354435993886,799.5972938420616,29.409628722636107,0.029981705453814553,0.009902946890117911
990,0.05550100602125152,0.3554445142503864,430.29367421228613,2176.6305181359007,0.7402481607475369,64.19098007998603,20.198711886939748,907.492788347898,29.351350429827285,0.008431238619187384,0.005486537644111458
991,0.05211403212788373,0.4812505418087304,406.4033615141874,2684.745165698426,0.6502097654632413,51.72703965587556,17.444770317199513,339.21952774304793,18.605895812600053,0.006539257684298466,0.004803139047089526
992,0.040650532833912435,0.4970346383991723,483.79271312734306,2342.773145887382,0.8955565263580771,97.7883310223255,13.782379616189521,384.23567008479847,13.065651236524497,0.004224652646333507,0.003753227836884253
993,0.034232233859964344,0.32016764997945746,479.4883620881093,1837.6361781112648,0.8071927463794767,75.68174855958276,34.48677267968423,1194.6106020723812,70.32979095091306,0.027765339217690536,0.0067943329835885875
994,0.049429888139274396,0.391400125354776,378.91080022906505,2335.4239432920813,1.1164022691992015,59.031436553623735,23.059082763794017,349.90813944256837,66.03572400388687,0.004397528841207836,0.007710753609430905
995,0.014457017852503055,0.3537035913828856,448.0364489385448,1664.420393154967,0.5885089972079907,58.37521149014775,30.14775372822664,651.4190855374386,45.00565737640353,0.009925685514879275,0.005473468616325506
996,0.02070893879528754,0.3969515966223984,494.9134301871724,2898.1278913246124,0.9077369415575827,73.42075055647946,24.83192337056548,330.8675198995222,18.879688156503608,0.02110021509417983,0.004548029127185299
997,0.00784132726970671,0.41819581686853957,297.94560130896326,2806.5309876897045,1.0159284180469368,40.72425432551988,48.65694607685178,474.20767281420365,114.92889824280584,0.0491561028128187,0.004287793442177736
998,0.05168524573277057,0.4990047291904214,277.4562644239549,1501.789503975702,0.8134273432750115,49.503591322310896,26.555567735707875,1550.466408553389,106.97790621155028,0.033350512609550374,0.0038562284238517867
999,0.02762962736270514,0.4703642523584308,472.58699003791304,1490.7949478773587,0.7951723891631814,58.32803353037327,19.013021533750994,761.4323910069879,53.98333752943256,0.0022216096548073397,0.009506916801887975
